ISO-10303-21;
HEADER;
FILE_DESCRIPTION (( 'STEP AP214' ),
    '1' );
FILE_NAME ('61202021621.STEP',
    '2023-06-20T13:19:31',
    ( '' ),
    ( '' ),
    'SwSTEP 2.0',
    'SolidWorks 2021',
    '' );
FILE_SCHEMA (( 'AUTOMOTIVE_DESIGN' ));
ENDSEC;

DATA;
#1 = CARTESIAN_POINT ( 'NONE',  ( 4.129999999999999893, -32.81321928319991343, 1.589999999999997193 ) ) ;
#2 = DIRECTION ( 'NONE',  ( -2.220446049250312095E-16, 1.000000000000000000, 1.224646799147353207E-16 ) ) ;
#3 = EDGE_LOOP ( 'NONE', ( #10224, #11682, #8305, #661 ) ) ;
#4 = CARTESIAN_POINT ( 'NONE',  ( 7.214999999999999858, 2.799999999999997158, 1.590000000000001190 ) ) ;
#5 = VERTEX_POINT ( 'NONE', #7613 ) ;
#6 = DIRECTION ( 'NONE',  ( -7.850462293418888160E-17, 0.7071067811865462405, -0.7071067811865487940 ) ) ;
#7 = CARTESIAN_POINT ( 'NONE',  ( 4.674999999999995381, 8.100000000000001421, -0.9499999999999985123 ) ) ;
#8 = EDGE_LOOP ( 'NONE', ( #8443, #1684, #220, #625 ) ) ;
#9 = DIRECTION ( 'NONE',  ( 1.110223024625156294E-16, -1.224646799147353207E-16, 1.000000000000000000 ) ) ;
#10 = DIRECTION ( 'NONE',  ( -1.000000000000000000, 0.000000000000000000, 1.110223024625156294E-16 ) ) ;
#11 = EDGE_CURVE ( 'NONE', #13097, #6414, #6854, .T. ) ;
#12 = CARTESIAN_POINT ( 'NONE',  ( 11.54999999999999361, -3.000000000000003553, 1.590000000000000080 ) ) ;
#13 = CARTESIAN_POINT ( 'NONE',  ( 11.74999999999999645, 2.599999999999998312, 1.590000000000000746 ) ) ;
#15 = ORIENTED_EDGE ( 'NONE', *, *, #7542, .F. ) ;
#14 = EDGE_CURVE ( 'NONE', #50, #11836, #5769, .T. ) ;
#16 = PLANE ( 'NONE',  #9978 ) ;
#17 = CARTESIAN_POINT ( 'NONE',  ( -9.210000000000006182, -2.500000000000003109, -0.9499999999999982903 ) ) ;
#18 = EDGE_LOOP ( 'NONE', ( #4211, #6618, #4694, #8872 ) ) ;
#19 = VERTEX_POINT ( 'NONE', #10991 ) ;
#20 = PLANE ( 'NONE',  #7393 ) ;
#21 = CARTESIAN_POINT ( 'NONE',  ( -0.9500000000000035083, 8.100000000000001421, 1.590000000000002744 ) ) ;
#22 = DIRECTION ( 'NONE',  ( 2.220446049250312095E-16, -1.000000000000000000, -1.224646799147353207E-16 ) ) ;
#23 = EDGE_CURVE ( 'NONE', #285, #6091, #5833, .T. ) ;
#24 = PLANE ( 'NONE',  #2993 ) ;
#25 = VECTOR ( 'NONE', #5297, 1000.000000000000000 ) ;
#26 = EDGE_LOOP ( 'NONE', ( #9481, #1547, #10432, #565 ) ) ;
#27 = CARTESIAN_POINT ( 'NONE',  ( -15.48000000000000398, 6.649999999999999467, 1.650000000000003464 ) ) ;
#28 = EDGE_CURVE ( 'NONE', #4746, #6351, #6721, .T. ) ;
#29 = CARTESIAN_POINT ( 'NONE',  ( 3.490000000000001545, -32.81321928319991343, 1.589999999999997193 ) ) ;
#30 = EDGE_CURVE ( 'NONE', #1883, #7876, #8206, .T. ) ;
#31 = EDGE_LOOP ( 'NONE', ( #12620, #2173, #8994, #7807 ) ) ;
#32 = DIRECTION ( 'NONE',  ( 2.220446049250312095E-16, -1.000000000000000000, -1.224646799147353207E-16 ) ) ;
#33 = PLANE ( 'NONE',  #12325 ) ;
#34 = AXIS2_PLACEMENT_3D ( 'NONE', #6556, #12725, #7777 ) ;
#35 = DIRECTION ( 'NONE',  ( -0.3713906763541042766, 0.9284766908852590817, 1.549382487594995162E-16 ) ) ;
#36 = VERTEX_POINT ( 'NONE', #1459 ) ;
#37 = DIRECTION ( 'NONE',  ( 0.9284766908852596368, 0.3713906763541028888, -5.759937970183664956E-17 ) ) ;
#38 = DIRECTION ( 'NONE',  ( -2.220446049250312095E-16, 1.000000000000000000, 1.224646799147353207E-16 ) ) ;
#39 = CARTESIAN_POINT ( 'NONE',  ( 1.149999999999994138, 8.600000000000001421, 1.150000000000002798 ) ) ;
#40 = ORIENTED_EDGE ( 'NONE', *, *, #9689, .F. ) ;
#41 = VECTOR ( 'NONE', #11262, 1000.000000000000000 ) ;
#42 = FACE_OUTER_BOUND ( 'NONE', #1210, .T. ) ;
#43 = DIRECTION ( 'NONE',  ( -1.000000000000000000, 0.000000000000000000, 1.110223024625156294E-16 ) ) ;
#44 = EDGE_CURVE ( 'NONE', #12497, #4092, #5579, .T. ) ;
#45 = DIRECTION ( 'NONE',  ( -1.110223024625156294E-16, 1.224646799147353207E-16, -1.000000000000000000 ) ) ;
#46 = ORIENTED_EDGE ( 'NONE', *, *, #6893, .F. ) ;
#47 = ORIENTED_EDGE ( 'NONE', *, *, #1334, .F. ) ;
#48 = AXIS2_PLACEMENT_3D ( 'NONE', #1226, #5352, #12658 ) ;
#49 =( NAMED_UNIT ( * ) SI_UNIT ( $, .STERADIAN. ) SOLID_ANGLE_UNIT ( ) );
#50 = VERTEX_POINT ( 'NONE', #11799 ) ;
#51 = FILL_AREA_STYLE ('',( #8299 ) ) ;
#52 = LINE ( 'NONE', #11474, #3555 ) ;
#53 = CARTESIAN_POINT ( 'NONE',  ( 12.25000000000000711, 0.2499999999999950040, 2.090000000000000746 ) ) ;
#54 = DIRECTION ( 'NONE',  ( -1.000000000000000000, 0.000000000000000000, 1.110223024625156294E-16 ) ) ;
#55 = VERTEX_POINT ( 'NONE', #4628 ) ;
#56 = DIRECTION ( 'NONE',  ( -1.110223024625156294E-16, 1.224646799147353207E-16, -1.000000000000000000 ) ) ;
#57 = ADVANCED_FACE ( 'NONE', ( #8760 ), #12880, .T. ) ;
#58 = DIRECTION ( 'NONE',  ( 1.000000000000000000, 0.000000000000000000, -1.110223024625156294E-16 ) ) ;
#60 = AXIS2_PLACEMENT_3D ( 'NONE', #12446, #5273, #10351 ) ;
#59 = LINE ( 'NONE', #1201, #10505 ) ;
#61 =( GEOMETRIC_REPRESENTATION_CONTEXT ( 3 ) GLOBAL_UNCERTAINTY_ASSIGNED_CONTEXT ( ( #7608 ) ) GLOBAL_UNIT_ASSIGNED_CONTEXT ( ( #3235, #4315, #5126 ) ) REPRESENTATION_CONTEXT ( 'NONE', 'WORKASPACE' ) );
#62 = EDGE_CURVE ( 'NONE', #3293, #8024, #7058, .T. ) ;
#63 = ORIENTED_EDGE ( 'NONE', *, *, #13170, .T. ) ;
#64 = VECTOR ( 'NONE', #11161, 1000.000000000000000 ) ;
#65 = EDGE_CURVE ( 'NONE', #267, #13257, #6993, .T. ) ;
#66 = ORIENTED_EDGE ( 'NONE', *, *, #8171, .F. ) ;
#67 = DIRECTION ( 'NONE',  ( -1.110223024625156294E-16, 1.224646799147353207E-16, -1.000000000000000000 ) ) ;
#68 = LINE ( 'NONE', #10340, #5872 ) ;
#69 = CARTESIAN_POINT ( 'NONE',  ( 11.75000000000000000, 0.7499999999999972244, -1.589999999999999858 ) ) ;
#70 = PLANE ( 'NONE',  #7224 ) ;
#71 = DIRECTION ( 'NONE',  ( 0.9284766908852591927, -0.3713906763541040545, -1.485638603078812808E-16 ) ) ;
#72 = CIRCLE ( 'NONE', #5668, 0.4250000000000000444 ) ;
#73 = ORIENTED_EDGE ( 'NONE', *, *, #12994, .T. ) ;
#74 = DIRECTION ( 'NONE',  ( 1.110223024625156294E-16, -1.224646799147353207E-16, 1.000000000000000000 ) ) ;
#75 = ORIENTED_EDGE ( 'NONE', *, *, #10395, .T. ) ;
#76 = CARTESIAN_POINT ( 'NONE',  ( 9.709999999999997300, 0.2499999999999967526, 4.425000000000000711 ) ) ;
#77 = ORIENTED_EDGE ( 'NONE', *, *, #1601, .F. ) ;
#78 = LINE ( 'NONE', #8193, #6237 ) ;
#79 = VECTOR ( 'NONE', #5645, 1000.000000000000000 ) ;
#80 = LINE ( 'NONE', #9071, #4343 ) ;
#81 = CIRCLE ( 'NONE', #3529, 0.4250000000000000444 ) ;
#82 = CARTESIAN_POINT ( 'NONE',  ( 3.489999999999999325, 8.599999999999999645, -1.589999999999998082 ) ) ;
#83 = LINE ( 'NONE', #4128, #4339 ) ;
#84 = ORIENTED_EDGE ( 'NONE', *, *, #12104, .F. ) ;
#85 = DIRECTION ( 'NONE',  ( 2.220446049250312095E-16, -1.000000000000000000, -1.224646799147353207E-16 ) ) ;
#86 = SURFACE_STYLE_FILL_AREA ( #9272 ) ;
#87 = ORIENTED_EDGE ( 'NONE', *, *, #7462, .F. ) ;
#88 = VERTEX_POINT ( 'NONE', #2803 ) ;
#89 = DIRECTION ( 'NONE',  ( 1.110223024625156294E-16, -1.224646799147353207E-16, 1.000000000000000000 ) ) ;
#90 = DIRECTION ( 'NONE',  ( -1.000000000000000000, 0.000000000000000000, 1.110223024625156294E-16 ) ) ;
#91 = CARTESIAN_POINT ( 'NONE',  ( -2.250000000000004441, 2.599999999999996536, 4.425000000000002487 ) ) ;
#92 = EDGE_LOOP ( 'NONE', ( #11980, #8783, #8429, #2950 ) ) ;
#93 = DIRECTION ( 'NONE',  ( 2.220446049250312095E-16, -1.000000000000000000, -1.224646799147353207E-16 ) ) ;
#94 = EDGE_LOOP ( 'NONE', ( #11948, #11734, #1713, #1619 ) ) ;
#95 = VECTOR ( 'NONE', #9874, 1000.000000000000000 ) ;
#96 = LINE ( 'NONE', #5362, #13339 ) ;
#97 = DIRECTION ( 'NONE',  ( -2.220446049250312095E-16, 1.000000000000000000, 1.224646799147353207E-16 ) ) ;
#98 = ORIENTED_EDGE ( 'NONE', *, *, #2356, .T. ) ;
#99 = DIRECTION ( 'NONE',  ( 0.5773502691896260641, -0.5773502691896267303, 0.5773502691896243988 ) ) ;
#100 = DIRECTION ( 'NONE',  ( 1.000000000000000000, 0.000000000000000000, -1.110223024625156294E-16 ) ) ;
#101 = AXIS2_PLACEMENT_3D ( 'NONE', #6812, #5855, #2888 ) ;
#102 = CARTESIAN_POINT ( 'NONE',  ( 11.75000000000000711, -32.81321928319991343, -0.9500000000000041744 ) ) ;
#103 = ORIENTED_EDGE ( 'NONE', *, *, #12255, .F. ) ;
#104 = CARTESIAN_POINT ( 'NONE',  ( -15.48000000000000398, 2.599999999999997424, 3.175000000000003375 ) ) ;
#105 = LINE ( 'NONE', #8354, #12659 ) ;
#106 = CARTESIAN_POINT ( 'NONE',  ( -11.11000000000000654, 8.599999999999999645, -1.389999999999995905 ) ) ;
#107 = EDGE_LOOP ( 'NONE', ( #6529, #8078, #2924, #11602 ) ) ;
#108 = EDGE_CURVE ( 'NONE', #9131, #10353, #12068, .T. ) ;
#109 = AXIS2_PLACEMENT_3D ( 'NONE', #10190, #6948, #4918 ) ;
#110 = EDGE_CURVE ( 'NONE', #4786, #10529, #4891, .T. ) ;
#111 = CARTESIAN_POINT ( 'NONE',  ( 11.74999999999999467, 8.600000000000001421, -1.589999999999998970 ) ) ;
#112 = EDGE_CURVE ( 'NONE', #1980, #8794, #7189, .T. ) ;
#113 = PLANE ( 'NONE',  #4176 ) ;
#114 = LINE ( 'NONE', #10452, #5779 ) ;
#115 = ORIENTED_EDGE ( 'NONE', *, *, #10482, .T. ) ;
#116 = VERTEX_POINT ( 'NONE', #2932 ) ;
#117 = EDGE_CURVE ( 'NONE', #5728, #6015, #972, .T. ) ;
#118 = EDGE_CURVE ( 'NONE', #915, #7522, #4082, .T. ) ;
#119 = VECTOR ( 'NONE', #9423, 1000.000000000000000 ) ;
#120 = ORIENTED_EDGE ( 'NONE', *, *, #1211, .T. ) ;
#121 = LINE ( 'NONE', #12422, #7705 ) ;
#122 = FACE_OUTER_BOUND ( 'NONE', #6840, .T. ) ;
#123 = EDGE_CURVE ( 'NONE', #497, #861, #11320, .T. ) ;
#124 = DIRECTION ( 'NONE',  ( -1.000000000000000000, 0.000000000000000000, 0.000000000000000000 ) ) ;
#125 = DIRECTION ( 'NONE',  ( 1.000000000000000000, 0.000000000000000000, -1.110223024625156294E-16 ) ) ;
#126 = VERTEX_POINT ( 'NONE', #1919 ) ;
#127 = DIRECTION ( 'NONE',  ( 1.110223024625156294E-16, -1.224646799147353207E-16, 1.000000000000000000 ) ) ;
#128 = DIRECTION ( 'NONE',  ( -1.000000000000000000, -3.204747427460362211E-31, 2.821527733676277528E-15 ) ) ;
#129 = DIRECTION ( 'NONE',  ( -0.3481553119113935946, -0.8703882797784899816, 0.3481553119113957595 ) ) ;
#130 = ORIENTED_EDGE ( 'NONE', *, *, #10626, .F. ) ;
#131 = ORIENTED_EDGE ( 'NONE', *, *, #12980, .F. ) ;
#132 = VECTOR ( 'NONE', #5269, 1000.000000000000000 ) ;
#133 = FACE_OUTER_BOUND ( 'NONE', #4313, .T. ) ;
#134 = AXIS2_PLACEMENT_3D ( 'NONE', #12005, #7813, #13221 ) ;
#135 = ADVANCED_FACE ( 'NONE', ( #5905 ), #6927, .T. ) ;
#136 = PLANE ( 'NONE',  #13235 ) ;
#137 = CARTESIAN_POINT ( 'NONE',  ( -9.210000000000006182, 2.599999999999997868, -1.589999999999997415 ) ) ;
#138 = CARTESIAN_POINT ( 'NONE',  ( -8.569999999999998508, -32.81321928319991343, 1.589999999999998526 ) ) ;
#139 = ORIENTED_EDGE ( 'NONE', *, *, #2997, .F. ) ;
#140 = EDGE_CURVE ( 'NONE', #11387, #4310, #12330, .T. ) ;
#141 = CARTESIAN_POINT ( 'NONE',  ( 0.9499999999999954037, 8.100000000000001421, 1.590000000000002522 ) ) ;
#142 = EDGE_CURVE ( 'NONE', #7208, #12601, #708, .T. ) ;
#143 = ORIENTED_EDGE ( 'NONE', *, *, #11371, .T. ) ;
#144 = CARTESIAN_POINT ( 'NONE',  ( -6.030000000000004690, 8.599999999999999645, 1.590000000000003189 ) ) ;
#145 = VERTEX_POINT ( 'NONE', #11057 ) ;
#146 = EDGE_LOOP ( 'NONE', ( #9919, #8862, #9132, #7908 ) ) ;
#147 = CARTESIAN_POINT ( 'NONE',  ( -10.61000000000000476, 0.2499999999999967526, -0.4499999999999975131 ) ) ;
#148 = LINE ( 'NONE', #13, #4772 ) ;
#149 = ORIENTED_EDGE ( 'NONE', *, *, #7515, .T. ) ;
#150 = CARTESIAN_POINT ( 'NONE',  ( 8.569999999999998508, 0.7499999999999972244, 0.9500000000000006217 ) ) ;
#151 =( GEOMETRIC_REPRESENTATION_CONTEXT ( 3 ) GLOBAL_UNCERTAINTY_ASSIGNED_CONTEXT ( ( #441 ) ) GLOBAL_UNIT_ASSIGNED_CONTEXT ( ( #4035, #8167, #2007 ) ) REPRESENTATION_CONTEXT ( 'NONE', 'WORKASPACE' ) );
#152 = DIRECTION ( 'NONE',  ( 1.110223024625156294E-16, -1.224646799147353207E-16, 1.000000000000000000 ) ) ;
#153 = EDGE_LOOP ( 'NONE', ( #7076, #3117, #9397, #11157 ) ) ;
#154 = ORIENTED_EDGE ( 'NONE', *, *, #376, .T. ) ;
#155 = LINE ( 'NONE', #3387, #5224 ) ;
#156 = DIRECTION ( 'NONE',  ( -0.3481553119113961481, 0.8703882797784888714, 0.3481553119113960371 ) ) ;
#157 = VECTOR ( 'NONE', #8645, 1000.000000000000000 ) ;
#158 = EDGE_CURVE ( 'NONE', #1497, #1951, #4824, .T. ) ;
#159 = ORIENTED_EDGE ( 'NONE', *, *, #9599, .T. ) ;
#160 = CARTESIAN_POINT ( 'NONE',  ( -9.010000000000001563, 8.599999999999996092, 1.590000000000003411 ) ) ;
#161 = EDGE_LOOP ( 'NONE', ( #1254, #1172 ) ) ;
#162 = CARTESIAN_POINT ( 'NONE',  ( -15.48000000000000398, 2.599999999999998312, -3.174999999999996270 ) ) ;
#163 = VECTOR ( 'NONE', #5955, 999.9999999999998863 ) ;
#164 = FACE_OUTER_BOUND ( 'NONE', #4960, .T. ) ;
#165 = ORIENTED_EDGE ( 'NONE', *, *, #11594, .F. ) ;
#166 = FACE_BOUND ( 'NONE', #5465, .T. ) ;
#167 = DIRECTION ( 'NONE',  ( 1.110223024625150377E-16, 2.588040751299031853E-15, 1.000000000000000000 ) ) ;
#168 = PRESENTATION_LAYER_ASSIGNMENT (  '', '', ( #7934 ) ) ;
#169 = CARTESIAN_POINT ( 'NONE',  ( 11.11000000000000476, -32.81321928319991343, 0.9499999999999962919 ) ) ;
#170 = ORIENTED_EDGE ( 'NONE', *, *, #11344, .T. ) ;
#171 = PLANE ( 'NONE',  #10187 ) ;
#172 = CARTESIAN_POINT ( 'NONE',  ( -11.10999999999999766, -32.81321928319991343, 0.9499999999999987343 ) ) ;
#173 = CARTESIAN_POINT ( 'NONE',  ( 6.669999999999994600, 8.599999999999996092, -0.9499999999999987343 ) ) ;
#174 = CARTESIAN_POINT ( 'NONE',  ( -9.210000000000007958, 8.599999999999999645, 0.9500000000000035083 ) ) ;
#175 = VECTOR ( 'NONE', #2376, 1000.000000000000000 ) ;
#176 = LINE ( 'NONE', #241, #11528 ) ;
#177 = DIRECTION ( 'NONE',  ( 0.5773502691896273964, -0.5773502691896261751, 0.5773502691896236216 ) ) ;
#178 = PRODUCT ( '61202021621', '61202021621', '', ( #8139 ) ) ;
#179 = VERTEX_POINT ( 'NONE', #13081 ) ;
#180 = CIRCLE ( 'NONE', #4272, 0.4250000000000000444 ) ;
#181 = ORIENTED_EDGE ( 'NONE', *, *, #542, .T. ) ;
#182 = VERTEX_POINT ( 'NONE', #2867 ) ;
#183 = EDGE_CURVE ( 'NONE', #9420, #8417, #7943, .T. ) ;
#184 = PLANE ( 'NONE',  #4708 ) ;
#185 = ORIENTED_EDGE ( 'NONE', *, *, #2456, .T. ) ;
#186 = DIRECTION ( 'NONE',  ( 1.000000000000000000, 0.000000000000000000, -1.110223024625156294E-16 ) ) ;
#187 = EDGE_CURVE ( 'NONE', #2942, #2626, #7125, .T. ) ;
#188 = EDGE_CURVE ( 'NONE', #1962, #5183, #904, .T. ) ;
#189 = VECTOR ( 'NONE', #4101, 1000.000000000000114 ) ;
#190 = CARTESIAN_POINT ( 'NONE',  ( 3.690000000000000391, -3.000000000000005329, -1.389999999999998792 ) ) ;
#191 = DIRECTION ( 'NONE',  ( 1.000000000000000000, 0.000000000000000000, -1.110223024625156294E-16 ) ) ;
#192 = VECTOR ( 'NONE', #12081, 1000.000000000000000 ) ;
#193 = DIRECTION ( 'NONE',  ( 1.110223024625156294E-16, -1.224646799147353207E-16, 1.000000000000000000 ) ) ;
#194 = ORIENTED_EDGE ( 'NONE', *, *, #7870, .T. ) ;
#195 = DIRECTION ( 'NONE',  ( -1.000000000000000000, 0.000000000000000000, 1.110223024625156294E-16 ) ) ;
#196 = CARTESIAN_POINT ( 'NONE',  ( 9.209999999999995524, 2.599999999999998757, 0.9500000000000008438 ) ) ;
#197 = SURFACE_SIDE_STYLE ('',( #4308 ) ) ;
#198 = ADVANCED_FACE ( 'NONE', ( #778 ), #9025, .F. ) ;
#199 = VECTOR ( 'NONE', #3052, 1000.000000000000000 ) ;
#200 = VERTEX_POINT ( 'NONE', #5973 ) ;
#201 = ORIENTED_EDGE ( 'NONE', *, *, #140, .T. ) ;
#202 = CARTESIAN_POINT ( 'NONE',  ( 0.3249999999999959033, 0.2499999999999976130, -4.424999999999999822 ) ) ;
#203 = SURFACE_SIDE_STYLE ('',( #7227 ) ) ;
#204 = ADVANCED_FACE ( 'NONE', ( #8076 ), #12203, .F. ) ;
#205 = DIRECTION ( 'NONE',  ( -1.110223024625156294E-16, 1.224646799147353207E-16, -1.000000000000000000 ) ) ;
#206 = EDGE_CURVE ( 'NONE', #10024, #4739, #11455, .T. ) ;
#207 = FACE_OUTER_BOUND ( 'NONE', #7403, .T. ) ;
#208 = LINE ( 'NONE', #12368, #8943 ) ;
#209 = ORIENTED_EDGE ( 'NONE', *, *, #2908, .F. ) ;
#210 = CARTESIAN_POINT ( 'NONE',  ( -0.9500000000000021760, 0.7499999999999981126, -0.9499999999999987343 ) ) ;
#211 = ORIENTED_EDGE ( 'NONE', *, *, #6461, .T. ) ;
#212 = VECTOR ( 'NONE', #90, 1000.000000000000000 ) ;
#213 = LINE ( 'NONE', #2170, #5870 ) ;
#214 = VERTEX_POINT ( 'NONE', #1040 ) ;
#215 = ORIENTED_EDGE ( 'NONE', *, *, #4491, .T. ) ;
#216 = CARTESIAN_POINT ( 'NONE',  ( -3.489999999999995328, -32.81321928319991343, -1.590000000000002300 ) ) ;
#217 = DIRECTION ( 'NONE',  ( -2.220446049250312095E-16, 1.000000000000000000, 1.224646799147353207E-16 ) ) ;
#218 = PLANE ( 'NONE',  #696 ) ;
#219 = ORIENTED_EDGE ( 'NONE', *, *, #8339, .F. ) ;
#220 = ORIENTED_EDGE ( 'NONE', *, *, #6176, .T. ) ;
#221 = CARTESIAN_POINT ( 'NONE',  ( 4.129999999999996341, 0.7499999999999981126, -0.9499999999999992895 ) ) ;
#222 = DIRECTION ( 'NONE',  ( 2.821527733676277528E-15, -1.224646799147354193E-16, 1.000000000000000000 ) ) ;
#223 = PRESENTATION_STYLE_ASSIGNMENT (( #5355 ) ) ;
#224 = EDGE_CURVE ( 'NONE', #6239, #2995, #12539, .T. ) ;
#225 = ORIENTED_EDGE ( 'NONE', *, *, #13378, .F. ) ;
#226 = DIRECTION ( 'NONE',  ( 1.000000000000000000, 0.000000000000000000, -1.110223024625156294E-16 ) ) ;
#227 = ORIENTED_EDGE ( 'NONE', *, *, #9818, .F. ) ;
#228 = FACE_OUTER_BOUND ( 'NONE', #3981, .T. ) ;
#229 = EDGE_CURVE ( 'NONE', #7701, #12636, #11585, .T. ) ;
#230 = DIRECTION ( 'NONE',  ( 1.110223024625156294E-16, -1.224646799147352961E-16, 1.000000000000000000 ) ) ;
#231 = ORIENTED_EDGE ( 'NONE', *, *, #10510, .T. ) ;
#232 = FACE_BOUND ( 'NONE', #3, .T. ) ;
#233 = CARTESIAN_POINT ( 'NONE',  ( 4.129999999999999893, -32.81321928319991343, -1.590000000000003189 ) ) ;
#234 = LINE ( 'NONE', #6916, #11341 ) ;
#235 = EDGE_CURVE ( 'NONE', #2006, #8452, #7398, .T. ) ;
#236 = ORIENTED_EDGE ( 'NONE', *, *, #3581, .F. ) ;
#237 = LINE ( 'NONE', #6577, #2199 ) ;
#238 = CARTESIAN_POINT ( 'NONE',  ( -3.567575757575764062, -2.693939393939393412, 1.027575757575760695 ) ) ;
#239 = FACE_OUTER_BOUND ( 'NONE', #7437, .T. ) ;
#240 = PLANE ( 'NONE',  #7289 ) ;
#241 = CARTESIAN_POINT ( 'NONE',  ( 6.029999999999999361, 8.599999999999996092, -0.9499999999999986233 ) ) ;
#242 = CARTESIAN_POINT ( 'NONE',  ( 6.669999999999997264, -32.81321928319991343, 0.9499999999999967359 ) ) ;
#243 = ORIENTED_EDGE ( 'NONE', *, *, #12594, .F. ) ;
#244 = ORIENTED_EDGE ( 'NONE', *, *, #4900, .F. ) ;
#245 = VECTOR ( 'NONE', #1290, 1000.000000000000000 ) ;
#246 = VERTEX_POINT ( 'NONE', #3128 ) ;
#247 = ORIENTED_EDGE ( 'NONE', *, *, #65, .T. ) ;
#248 = DIRECTION ( 'NONE',  ( 1.110223024625156294E-16, -1.224646799147353207E-16, 1.000000000000000000 ) ) ;
#249 = AXIS2_PLACEMENT_3D ( 'NONE', #1083, #2032, #2979 ) ;
#250 = DIRECTION ( 'NONE',  ( 1.649305920077741323E-16, -0.9284766908852591927, -0.3713906763541040545 ) ) ;
#251 = CARTESIAN_POINT ( 'NONE',  ( -2.945000000000006501, 2.799999999999997602, -1.589999999999998082 ) ) ;
#252 = FACE_OUTER_BOUND ( 'NONE', #1320, .T. ) ;
#253 = LINE ( 'NONE', #9511, #79 ) ;
#254 = ORIENTED_EDGE ( 'NONE', *, *, #3705, .T. ) ;
#255 = CARTESIAN_POINT ( 'NONE',  ( -1.150000000000009237, 8.599999999999999645, 1.590000000000002744 ) ) ;
#256 = LINE ( 'NONE', #458, #5898 ) ;
#257 = EDGE_CURVE ( 'NONE', #11339, #6277, #3262, .T. ) ;
#258 = DIRECTION ( 'NONE',  ( 1.110223024625156294E-16, -1.224646799147353207E-16, 1.000000000000000000 ) ) ;
#259 = AXIS2_PLACEMENT_3D ( 'NONE', #3188, #2990, #11379 ) ;
#260 = ORIENTED_EDGE ( 'NONE', *, *, #10895, .F. ) ;
#261 = EDGE_LOOP ( 'NONE', ( #8870, #4889, #799, #6508 ) ) ;
#262 = DIRECTION ( 'NONE',  ( 1.110223024625156294E-16, -1.224646799147353207E-16, 1.000000000000000000 ) ) ;
#263 = AXIS2_PLACEMENT_3D ( 'NONE', #5149, #5411, #2177 ) ;
#264 = CARTESIAN_POINT ( 'NONE',  ( -7.170000000000004370, 0.2499999999999976130, 0.4500000000000018985 ) ) ;
#265 = CYLINDRICAL_SURFACE ( 'NONE', #11125, 0.4250000000000000444 ) ;
#266 = DIRECTION ( 'NONE',  ( -1.000000000000000000, 0.000000000000000000, 1.110223024625156294E-16 ) ) ;
#267 = VERTEX_POINT ( 'NONE', #5424 ) ;
#268 = LINE ( 'NONE', #6346, #10216 ) ;
#269 = ORIENTED_EDGE ( 'NONE', *, *, #5879, .T. ) ;
#270 = VECTOR ( 'NONE', #4223, 1000.000000000000000 ) ;
#271 =( GEOMETRIC_REPRESENTATION_CONTEXT ( 3 ) GLOBAL_UNCERTAINTY_ASSIGNED_CONTEXT ( ( #10986 ) ) GLOBAL_UNIT_ASSIGNED_CONTEXT ( ( #10806, #2489, #5656 ) ) REPRESENTATION_CONTEXT ( 'NONE', 'WORKASPACE' ) );
#272 = DIRECTION ( 'NONE',  ( 1.110223024625156294E-16, -1.224646799147353207E-16, 1.000000000000000000 ) ) ;
#273 = ADVANCED_FACE ( 'NONE', ( #12670 ), #12469, .F. ) ;
#274 = AXIS2_PLACEMENT_3D ( 'NONE', #4049, #7158, #11291 ) ;
#275 = EDGE_CURVE ( 'NONE', #5311, #12456, #297, .T. ) ;
#276 = ADVANCED_FACE ( 'NONE', ( #12398 ), #2259, .T. ) ;
#277 = ORIENTED_EDGE ( 'NONE', *, *, #1924, .F. ) ;
#278 = VERTEX_POINT ( 'NONE', #5294 ) ;
#279 = AXIS2_PLACEMENT_3D ( 'NONE', #8797, #1246, #4737 ) ;
#280 = LINE ( 'NONE', #11498, #4482 ) ;
#281 = DIRECTION ( 'NONE',  ( -0.3481553119113935946, -0.8703882797784899816, 0.3481553119113957595 ) ) ;
#282 = CARTESIAN_POINT ( 'NONE',  ( -7.170000000000004370, 0.2499999999999976130, -0.4499999999999978462 ) ) ;
#283 = DIRECTION ( 'NONE',  ( -1.000000000000000000, -3.204747427460362211E-31, 2.821527733676277528E-15 ) ) ;
#284 = ADVANCED_FACE ( 'NONE', ( #9419 ), #7260, .F. ) ;
#285 = VERTEX_POINT ( 'NONE', #11391 ) ;
#286 = ORIENTED_EDGE ( 'NONE', *, *, #1089, .T. ) ;
#287 = ADVANCED_FACE ( 'NONE', ( #164 ), #4279, .T. ) ;
#288 = DIRECTION ( 'NONE',  ( -1.110223024625156294E-16, 1.224646799147353207E-16, -1.000000000000000000 ) ) ;
#289 = CARTESIAN_POINT ( 'NONE',  ( -3.490000000000011315, 8.600000000000001421, -1.389999999999996794 ) ) ;
#290 = VECTOR ( 'NONE', #3170, 1000.000000000000000 ) ;
#291 = DIRECTION ( 'NONE',  ( 1.110223024625156294E-16, -1.224646799147353207E-16, 1.000000000000000000 ) ) ;
#292 = VERTEX_POINT ( 'NONE', #11649 ) ;
#293 = VECTOR ( 'NONE', #5986, 1000.000000000000000 ) ;
#294 = DIRECTION ( 'NONE',  ( 1.110223024625156294E-16, -1.224646799147352961E-16, 1.000000000000000000 ) ) ;
#295 = EDGE_LOOP ( 'NONE', ( #366, #6294, #5312, #7834 ) ) ;
#296 = DIRECTION ( 'NONE',  ( 2.821527733676277528E-15, -1.224646799147354193E-16, 1.000000000000000000 ) ) ;
#297 = LINE ( 'NONE', #8546, #6841 ) ;
#298 = AXIS2_PLACEMENT_3D ( 'NONE', #9908, #9845, #9975 ) ;
#299 = EDGE_LOOP ( 'NONE', ( #6307, #5701, #130, #10214 ) ) ;
#300 = CARTESIAN_POINT ( 'NONE',  ( -1.390000000000006564, 8.600000000000001421, 1.590000000000002744 ) ) ;
#301 = CARTESIAN_POINT ( 'NONE',  ( -6.670000000000007034, 8.600000000000003197, 1.590000000000003189 ) ) ;
#302 = EDGE_CURVE ( 'NONE', #7662, #7766, #1014, .T. ) ;
#303 = CARTESIAN_POINT ( 'NONE',  ( -10.61000000000000476, 0.2499999999999967526, -2.089999999999997637 ) ) ;
#304 = ORIENTED_EDGE ( 'NONE', *, *, #13075, .F. ) ;
#305 = CARTESIAN_POINT ( 'NONE',  ( -0.9500000000000039524, 8.100000000000001421, -1.589999999999997637 ) ) ;
#306 = ADVANCED_FACE ( 'NONE', ( #10498 ), #6171, .F. ) ;
#307 = CARTESIAN_POINT ( 'NONE',  ( 16.53000000000000114, 0.2499999999999967526, 2.090000000000000746 ) ) ;
#308 = DIRECTION ( 'NONE',  ( -1.110223024625156294E-16, 1.224646799147353207E-16, -1.000000000000000000 ) ) ;
#309 = DIRECTION ( 'NONE',  ( 1.855469160087460128E-16, -0.3713906763541040545, 0.9284766908852591927 ) ) ;
#310 = LINE ( 'NONE', #9568, #624 ) ;
#311 = VECTOR ( 'NONE', #4182, 1000.000000000000000 ) ;
#312 = ORIENTED_EDGE ( 'NONE', *, *, #12703, .F. ) ;
#313 = ORIENTED_EDGE ( 'NONE', *, *, #12361, .T. ) ;
#314 = ORIENTED_EDGE ( 'NONE', *, *, #966, .F. ) ;
#315 = ORIENTED_EDGE ( 'NONE', *, *, #2931, .F. ) ;
#316 = DIRECTION ( 'NONE',  ( -1.110223024625156294E-16, 1.224646799147353207E-16, -1.000000000000000000 ) ) ;
#317 = DIRECTION ( 'NONE',  ( -0.9284766908852590817, -0.3713906763541042766, 5.759937970183641537E-17 ) ) ;
#318 = LINE ( 'NONE', #7421, #3335 ) ;
#319 = VECTOR ( 'NONE', #7844, 1000.000000000000000 ) ;
#320 = PLANE ( 'NONE',  #8954 ) ;
#321 = PLANE ( 'NONE',  #5255 ) ;
#322 = ORIENTED_EDGE ( 'NONE', *, *, #12257, .T. ) ;
#323 = DIRECTION ( 'NONE',  ( 1.110223024625156294E-16, -1.224646799147353207E-16, 1.000000000000000000 ) ) ;
#324 = AXIS2_PLACEMENT_3D ( 'NONE', #5252, #1063, #124 ) ;
#325 = DIRECTION ( 'NONE',  ( 1.000000000000000000, 0.000000000000000000, -1.110223024625156294E-16 ) ) ;
#326 = ADVANCED_FACE ( 'NONE', ( #5229 ), #3331, .F. ) ;
#327 = AXIS2_PLACEMENT_3D ( 'NONE', #2973, #11237, #946 ) ;
#328 = PRESENTATION_STYLE_ASSIGNMENT (( #10728 ) ) ;
#329 = EDGE_LOOP ( 'NONE', ( #6836, #6978, #1286, #11971 ) ) ;
#330 = VECTOR ( 'NONE', #9859, 1000.000000000000000 ) ;
#331 = VERTEX_POINT ( 'NONE', #5163 ) ;
#332 = DIRECTION ( 'NONE',  ( -1.110223024625156294E-16, 1.224646799147353207E-16, -1.000000000000000000 ) ) ;
#333 = PLANE ( 'NONE',  #11921 ) ;
#334 = LINE ( 'NONE', #11752, #8016 ) ;
#335 = CARTESIAN_POINT ( 'NONE',  ( 9.209999999999999076, -2.500000000000003109, 1.590000000000000080 ) ) ;
#336 = DIRECTION ( 'NONE',  ( 1.649305920077741323E-16, -0.9284766908852591927, -0.3713906763541040545 ) ) ;
#337 = EDGE_CURVE ( 'NONE', #4344, #11444, #9288, .T. ) ;
#338 = VERTEX_POINT ( 'NONE', #11850 ) ;
#339 = DIRECTION ( 'NONE',  ( 0.5773502691896251759, 0.5773502691896271743, 0.5773502691896250649 ) ) ;
#340 = ORIENTED_EDGE ( 'NONE', *, *, #7119, .T. ) ;
#341 = VECTOR ( 'NONE', #6648, 1000.000000000000000 ) ;
#342 = CARTESIAN_POINT ( 'NONE',  ( 13.73000000000000220, 0.2499999999999976130, -4.425000000000001599 ) ) ;
#343 = VECTOR ( 'NONE', #7029, 1000.000000000000114 ) ;
#344 = ORIENTED_EDGE ( 'NONE', *, *, #6155, .T. ) ;
#345 = ORIENTED_EDGE ( 'NONE', *, *, #514, .T. ) ;
#346 = CARTESIAN_POINT ( 'NONE',  ( 11.75000000000000711, -2.500000000000004885, 1.590000000000000080 ) ) ;
#347 = DIRECTION ( 'NONE',  ( 1.359631073446890508E-32, 1.000000000000000000, 1.224646799147352961E-16 ) ) ;
#348 = CARTESIAN_POINT ( 'NONE',  ( -9.947598300641400393E-15, 2.599999999999997868, 2.347971003142134736E-15 ) ) ;
#349 = FACE_OUTER_BOUND ( 'NONE', #5525, .T. ) ;
#350 = ADVANCED_FACE ( 'NONE', ( #11717 ), #6503, .F. ) ;
#351 = ORIENTED_EDGE ( 'NONE', *, *, #1888, .F. ) ;
#352 = EDGE_CURVE ( 'NONE', #5405, #6612, #9825, .T. ) ;
#353 = EDGE_CURVE ( 'NONE', #3378, #11932, #2457, .T. ) ;
#354 = EDGE_LOOP ( 'NONE', ( #9999, #5147, #8475, #1552 ) ) ;
#355 = DIRECTION ( 'NONE',  ( -1.000000000000000000, 0.000000000000000000, 1.268196935725447699E-17 ) ) ;
#356 = LINE ( 'NONE', #3590, #9262 ) ;
#357 = CARTESIAN_POINT ( 'NONE',  ( -11.75000000000000000, -32.81321928319991343, -0.9500000000000017319 ) ) ;
#358 = ORIENTED_EDGE ( 'NONE', *, *, #5502, .T. ) ;
#359 = CARTESIAN_POINT ( 'NONE',  ( 14.83499999999999730, -2.500000000000003997, 1.589999999999999636 ) ) ;
#360 = EDGE_CURVE ( 'NONE', #6606, #4856, #12739, .T. ) ;
#361 = AXIS2_PLACEMENT_3D ( 'NONE', #11543, #1256, #10589 ) ;
#362 = EDGE_CURVE ( 'NONE', #5535, #3293, #4744, .T. ) ;
#363 = ORIENTED_EDGE ( 'NONE', *, *, #5709, .F. ) ;
#364 = CARTESIAN_POINT ( 'NONE',  ( 9.034242424242421521, 8.539393939393944422, 1.125757575757580620 ) ) ;
#365 = CARTESIAN_POINT ( 'NONE',  ( 1.401515151515155821, 9.228787878787880317, -1.401515151515146940 ) ) ;
#366 = ORIENTED_EDGE ( 'NONE', *, *, #12925, .T. ) ;
#367 = DIRECTION ( 'NONE',  ( -1.000000000000000000, -2.220446049250308890E-16, -2.599483128751243459E-15 ) ) ;
#368 = FACE_OUTER_BOUND ( 'NONE', #3282, .T. ) ;
#369 = ORIENTED_EDGE ( 'NONE', *, *, #10876, .F. ) ;
#370 = DIRECTION ( 'NONE',  ( 2.220446049250312095E-16, -1.000000000000000000, -1.224646799147353207E-16 ) ) ;
#371 = AXIS2_PLACEMENT_3D ( 'NONE', #13224, #8086, #1800 ) ;
#372 = VECTOR ( 'NONE', #10635, 999.9999999999998863 ) ;
#373 = CARTESIAN_POINT ( 'NONE',  ( 6.229999999999998650, 8.599999999999999645, -1.389999999999997904 ) ) ;
#374 = FACE_OUTER_BOUND ( 'NONE', #26, .T. ) ;
#375 = DIRECTION ( 'NONE',  ( 1.855469160087460128E-16, -0.3713906763541040545, 0.9284766908852591927 ) ) ;
#376 = EDGE_CURVE ( 'NONE', #2963, #214, #2391, .T. ) ;
#377 = ORIENTED_EDGE ( 'NONE', *, *, #3735, .F. ) ;
#378 = ORIENTED_EDGE ( 'NONE', *, *, #13336, .T. ) ;
#379 = ADVANCED_FACE ( 'NONE', ( #5563 ), #3463, .F. ) ;
#380 = VECTOR ( 'NONE', #12343, 1000.000000000000000 ) ;
#381 = CARTESIAN_POINT ( 'NONE',  ( -11.10999999999999766, -32.81321928319991343, -0.9500000000000017319 ) ) ;
#382 = EDGE_LOOP ( 'NONE', ( #10663, #6491, #225, #9354 ) ) ;
#383 = VECTOR ( 'NONE', #2851, 999.9999999999998863 ) ;
#384 = DIRECTION ( 'NONE',  ( 1.000000000000000000, 0.000000000000000000, -1.110223024625156294E-16 ) ) ;
#385 = LINE ( 'NONE', #8764, #3986 ) ;
#386 = AXIS2_PLACEMENT_3D ( 'NONE', #4212, #4413, #6372 ) ;
#387 = CARTESIAN_POINT ( 'NONE',  ( 7.043939393939388616, -1.565151515151522066, -0.5760606060606066059 ) ) ;
#388 = CARTESIAN_POINT ( 'NONE',  ( -11.11000000000000476, 2.599999999999998312, 0.9500000000000030642 ) ) ;
#389 = VERTEX_POINT ( 'NONE', #1509 ) ;
#390 = PLANE ( 'NONE',  #12250 ) ;
#392 = AXIS2_PLACEMENT_3D ( 'NONE', #7786, #13129, #2782 ) ;
#391 = CARTESIAN_POINT ( 'NONE',  ( 1.389999999999991243, 8.599999999999997868, 1.390000000000001679 ) ) ;
#393 = DIRECTION ( 'NONE',  ( -1.000000000000000000, -4.930380657631321594E-32, 5.043836348835594563E-16 ) ) ;
#394 = ADVANCED_FACE ( 'NONE', ( #8806 ), #12990, .T. ) ;
#395 = VERTEX_POINT ( 'NONE', #9693 ) ;
#396 = AXIS2_PLACEMENT_3D ( 'NONE', #2292, #3164, #10471 ) ;
#397 = ORIENTED_EDGE ( 'NONE', *, *, #10512, .F. ) ;
#398 = VECTOR ( 'NONE', #2202, 1000.000000000000000 ) ;
#399 = CARTESIAN_POINT ( 'NONE',  ( 6.669999999999994600, 8.599999999999996092, 0.9500000000000017319 ) ) ;
#400 = VERTEX_POINT ( 'NONE', #7731 ) ;
#401 = DIRECTION ( 'NONE',  ( -1.110223024625156294E-16, 1.224646799147353207E-16, -1.000000000000000000 ) ) ;
#402 = EDGE_CURVE ( 'NONE', #3939, #3940, #11781, .T. ) ;
#403 = CARTESIAN_POINT ( 'NONE',  ( -1.590000000000005187, 8.599999999999997868, 1.590000000000002744 ) ) ;
#404 = CARTESIAN_POINT ( 'NONE',  ( 1.149999999999993916, 8.600000000000001421, -0.9499999999999980682 ) ) ;
#405 = DIRECTION ( 'NONE',  ( -1.110223024625156294E-16, 1.224646799147353207E-16, -1.000000000000000000 ) ) ;
#406 = VERTEX_POINT ( 'NONE', #5493 ) ;
#407 = FACE_OUTER_BOUND ( 'NONE', #5546, .T. ) ;
#408 = ORIENTED_EDGE ( 'NONE', *, *, #402, .T. ) ;
#409 = EDGE_CURVE ( 'NONE', #2699, #7499, #10902, .T. ) ;
#410 = PLANE ( 'NONE',  #2648 ) ;
#411 = VECTOR ( 'NONE', #5823, 1000.000000000000000 ) ;
#412 = VECTOR ( 'NONE', #1706, 999.9999999999998863 ) ;
#413 = ORIENTED_EDGE ( 'NONE', *, *, #1244, .T. ) ;
#414 = ORIENTED_EDGE ( 'NONE', *, *, #3484, .F. ) ;
#415 = CARTESIAN_POINT ( 'NONE',  ( -8.570000000000005613, 8.599999999999999645, 1.590000000000003411 ) ) ;
#416 = FACE_BOUND ( 'NONE', #1723, .T. ) ;
#417 = CARTESIAN_POINT ( 'NONE',  ( 1.401515151515156266, 9.228787878787880317, 1.138484848484851764 ) ) ;
#418 = CIRCLE ( 'NONE', #4516, 0.4250000000000000444 ) ;
#419 = ORIENTED_EDGE ( 'NONE', *, *, #5598, .T. ) ;
#420 = EDGE_LOOP ( 'NONE', ( #11456, #5195, #2468, #12816 ) ) ;
#421 = CARTESIAN_POINT ( 'NONE',  ( -2.084443728733729669E-15, 0.2499999999999958922, 3.625000000000002220 ) ) ;
#422 = DIRECTION ( 'NONE',  ( -1.000000000000000000, 0.000000000000000000, 1.110223024625156294E-16 ) ) ;
#423 = FACE_OUTER_BOUND ( 'NONE', #13101, .T. ) ;
#424 = ORIENTED_EDGE ( 'NONE', *, *, #7866, .F. ) ;
#425 = EDGE_CURVE ( 'NONE', #3764, #285, #4483, .T. ) ;
#426 = LINE ( 'NONE', #5556, #7531 ) ;
#427 = EDGE_CURVE ( 'NONE', #12188, #2003, #10835, .T. ) ;
#428 = ADVANCED_FACE ( 'NONE', ( #431 ), #4547, .T. ) ;
#429 = ORIENTED_EDGE ( 'NONE', *, *, #2362, .F. ) ;
#430 = DIRECTION ( 'NONE',  ( -2.220446049250312095E-16, 1.000000000000000000, 1.224646799147353207E-16 ) ) ;
#431 = FACE_OUTER_BOUND ( 'NONE', #9476, .T. ) ;
#432 = DIRECTION ( 'NONE',  ( 1.649305920077741323E-16, -0.9284766908852591927, -0.3713906763541040545 ) ) ;
#433 = ORIENTED_EDGE ( 'NONE', *, *, #3393, .T. ) ;
#434 = CARTESIAN_POINT ( 'NONE',  ( -11.75000000000000711, -2.500000000000003997, 1.590000000000002744 ) ) ;
#435 = VECTOR ( 'NONE', #11129, 1000.000000000000000 ) ;
#436 = LINE ( 'NONE', #8551, #550 ) ;
#437 = ORIENTED_EDGE ( 'NONE', *, *, #8789, .T. ) ;
#438 = PLANE ( 'NONE',  #2632 ) ;
#439 = CARTESIAN_POINT ( 'NONE',  ( -3.490000000000002434, 0.7499999999999963363, 0.9500000000000020650 ) ) ;
#440 = DIRECTION ( 'NONE',  ( 1.110223024625156294E-16, -1.224646799147353207E-16, 1.000000000000000000 ) ) ;
#441 = UNCERTAINTY_MEASURE_WITH_UNIT (LENGTH_MEASURE( 1.000000000000000082E-05 ), #4035, 'distance_accuracy_value', 'NONE');
#442 = ADVANCED_FACE ( 'NONE', ( #10774 ), #3664, .T. ) ;
#443 = DIRECTION ( 'NONE',  ( -1.110223024625156294E-16, 1.224646799147353207E-16, -1.000000000000000000 ) ) ;
#444 = ADVANCED_FACE ( 'NONE', ( #4612 ), #1573, .F. ) ;
#445 = ORIENTED_EDGE ( 'NONE', *, *, #224, .F. ) ;
#446 = ORIENTED_EDGE ( 'NONE', *, *, #12581, .T. ) ;
#447 = DIRECTION ( 'NONE',  ( -0.9284766908852590817, -0.3713906763541042766, 5.759937970183641537E-17 ) ) ;
#448 = ORIENTED_EDGE ( 'NONE', *, *, #5693, .F. ) ;
#449 = VERTEX_POINT ( 'NONE', #2651 ) ;
#450 = PLANE ( 'NONE',  #12664 ) ;
#451 = CARTESIAN_POINT ( 'NONE',  ( 3.714999999999997193, -1.375000000000004663, 1.174999999999981615 ) ) ;
#452 = CARTESIAN_POINT ( 'NONE',  ( -3.690000000000007496, -3.000000000000005329, 1.390000000000001235 ) ) ;
#453 = DIRECTION ( 'NONE',  ( 0.9284766908852591927, -0.3713906763541040545, -1.485638603078812808E-16 ) ) ;
#454 = DIRECTION ( 'NONE',  ( -0.3481553119113956485, -0.8703882797784890935, 0.3481553119113957595 ) ) ;
#455 = EDGE_LOOP ( 'NONE', ( #9983, #3558, #7370, #13372 ) ) ;
#456 = EDGE_CURVE ( 'NONE', #2359, #482, #1637, .T. ) ;
#457 = CARTESIAN_POINT ( 'NONE',  ( -6.030000000000004690, 8.599999999999999645, 1.390000000000002567 ) ) ;
#458 = CARTESIAN_POINT ( 'NONE',  ( 1.364999999999996216, -1.375000000000002887, 1.175000000000000711 ) ) ;
#459 = LINE ( 'NONE', #3561, #10329 ) ;
#460 = ORIENTED_EDGE ( 'NONE', *, *, #7121, .T. ) ;
#461 = VECTOR ( 'NONE', #8419, 1000.000000000000000 ) ;
#462 = EDGE_LOOP ( 'NONE', ( #3772, #6405, #8580, #11664, #1627, #8074, #12252, #6327 ) ) ;
#463 = PLANE ( 'NONE',  #9021 ) ;
#464 = ORIENTED_EDGE ( 'NONE', *, *, #12118, .T. ) ;
#465 = CARTESIAN_POINT ( 'NONE',  ( -1.590000000000005409, 8.100000000000001421, -0.9499999999999977351 ) ) ;
#466 = DIRECTION ( 'NONE',  ( -0.5773502691896250649, -0.5773502691896273964, 0.5773502691896250649 ) ) ;
#467 = LINE ( 'NONE', #8780, #3141 ) ;
#468 = ORIENTED_EDGE ( 'NONE', *, *, #2615, .F. ) ;
#469 = ADVANCED_FACE ( 'NONE', ( #2921 ), #4809, .F. ) ;
#470 = CARTESIAN_POINT ( 'NONE',  ( -8.070000000000003837, 0.2499999999999967526, -0.4499999999999977907 ) ) ;
#471 = EDGE_LOOP ( 'NONE', ( #11166, #12013, #3169, #6687 ) ) ;
#472 = DIRECTION ( 'NONE',  ( 1.359631073446890508E-32, 1.000000000000000000, 1.224646799147352961E-16 ) ) ;
#473 = VECTOR ( 'NONE', #7539, 1000.000000000000114 ) ;
#474 = ORIENTED_EDGE ( 'NONE', *, *, #12593, .F. ) ;
#475 = ORIENTED_EDGE ( 'NONE', *, *, #5559, .T. ) ;
#476 = CARTESIAN_POINT ( 'NONE',  ( 1.174999999999965850, -1.375000000000002887, 1.174999999999981615 ) ) ;
#477 = DIRECTION ( 'NONE',  ( 1.030816200048588727E-16, 0.3713906763541041101, 0.9284766908852591927 ) ) ;
#478 = FACE_BOUND ( 'NONE', #7038, .T. ) ;
#479 = PLANE ( 'NONE',  #11546 ) ;
#480 = VECTOR ( 'NONE', #3789, 1000.000000000000000 ) ;
#481 = VERTEX_POINT ( 'NONE', #9007 ) ;
#482 = VERTEX_POINT ( 'NONE', #8130 ) ;
#483 = CARTESIAN_POINT ( 'NONE',  ( 3.690000000000000391, -3.000000000000005329, -1.149999999999999911 ) ) ;
#484 = CARTESIAN_POINT ( 'NONE',  ( 8.570000000000007390, -32.81321928319991343, -0.9500000000000039524 ) ) ;
#485 = DIRECTION ( 'NONE',  ( 1.110223024625156294E-16, -1.224646799147352961E-16, 1.000000000000000000 ) ) ;
#486 = FACE_OUTER_BOUND ( 'NONE', #2405, .T. ) ;
#487 = EDGE_LOOP ( 'NONE', ( #12835, #1502, #6619, #11045 ) ) ;
#488 = DIRECTION ( 'NONE',  ( -1.110223024625156294E-16, 1.224646799147353207E-16, -1.000000000000000000 ) ) ;
#489 = VECTOR ( 'NONE', #6281, 1000.000000000000000 ) ;
#490 = ORIENTED_EDGE ( 'NONE', *, *, #10933, .T. ) ;
#491 = DIRECTION ( 'NONE',  ( 1.649305920077741323E-16, -0.9284766908852591927, -0.3713906763541040545 ) ) ;
#492 = AXIS2_PLACEMENT_3D ( 'NONE', #5198, #10341, #13387 ) ;
#493 = DIRECTION ( 'NONE',  ( 2.220446049250312095E-16, -1.000000000000000000, -1.224646799147353207E-16 ) ) ;
#494 = DIRECTION ( 'NONE',  ( 1.855469160087460128E-16, -0.3713906763541040545, 0.9284766908852591927 ) ) ;
#495 = ORIENTED_EDGE ( 'NONE', *, *, #2143, .T. ) ;
#496 = CARTESIAN_POINT ( 'NONE',  ( 9.755000000000002558, 2.799999999999998046, -0.9499999999999997335 ) ) ;
#497 = VERTEX_POINT ( 'NONE', #9205 ) ;
#498 = LINE ( 'NONE', #11988, #4570 ) ;
#499 = PRODUCT_RELATED_PRODUCT_CATEGORY ( 'part', '', ( #178 ) ) ;
#500 = AXIS2_PLACEMENT_3D ( 'NONE', #9112, #3973, #12094 ) ;
#501 = PLANE ( 'NONE',  #9015 ) ;
#502 = DIRECTION ( 'NONE',  ( 2.220446049250311848E-16, -1.000000000000000000, -1.224646799147353454E-16 ) ) ;
#503 = CARTESIAN_POINT ( 'NONE',  ( -11.11000000000000476, 2.599999999999998757, -1.589999999999996971 ) ) ;
#504 = ORIENTED_EDGE ( 'NONE', *, *, #11840, .T. ) ;
#505 = ORIENTED_EDGE ( 'NONE', *, *, #10876, .T. ) ;
#506 = VECTOR ( 'NONE', #125, 1000.000000000000000 ) ;
#507 = DIRECTION ( 'NONE',  ( -1.000000000000000000, 0.000000000000000000, 1.110223024625156294E-16 ) ) ;
#508 = DIRECTION ( 'NONE',  ( 1.110223024625156294E-16, -1.224646799147353207E-16, 1.000000000000000000 ) ) ;
#509 = VECTOR ( 'NONE', #6671, 1000.000000000000000 ) ;
#510 = ORIENTED_EDGE ( 'NONE', *, *, #11761, .F. ) ;
#511 = DIRECTION ( 'NONE',  ( -2.220446049250312095E-16, 1.000000000000000000, 1.224646799147353207E-16 ) ) ;
#512 = LINE ( 'NONE', #8763, #8753 ) ;
#513 = LINE ( 'NONE', #12885, #5497 ) ;
#514 = EDGE_CURVE ( 'NONE', #3448, #4520, #12189, .T. ) ;
#515 = EDGE_CURVE ( 'NONE', #11071, #10127, #7112, .T. ) ;
#516 = ADVANCED_FACE ( 'NONE', ( #763 ), #13138, .F. ) ;
#517 = DIRECTION ( 'NONE',  ( -1.110223024625156294E-16, 1.224646799147353207E-16, -1.000000000000000000 ) ) ;
#518 = CARTESIAN_POINT ( 'NONE',  ( -15.48000000000000398, 2.599999999999998312, -1.649999999999995914 ) ) ;
#519 = ORIENTED_EDGE ( 'NONE', *, *, #5717, .F. ) ;
#520 = DIRECTION ( 'NONE',  ( 1.110223024625156294E-16, -1.224646799147353207E-16, 1.000000000000000000 ) ) ;
#521 = CARTESIAN_POINT ( 'NONE',  ( -0.9500000000000013989, -2.500000000000003997, -0.9499999999999991784 ) ) ;
#522 = FACE_OUTER_BOUND ( 'NONE', #12671, .T. ) ;
#523 = ADVANCED_FACE ( 'NONE', ( #12253 ), #5959, .T. ) ;
#524 = ORIENTED_EDGE ( 'NONE', *, *, #9806, .T. ) ;
#525 = EDGE_CURVE ( 'NONE', #3794, #4562, #12124, .T. ) ;
#526 = VERTEX_POINT ( 'NONE', #4067 ) ;
#527 = EDGE_CURVE ( 'NONE', #1000, #4741, #4952, .T. ) ;
#529 = PLANE ( 'NONE',  #12266 ) ;
#528 = VECTOR ( 'NONE', #1292, 1000.000000000000000 ) ;
#530 = ORIENTED_EDGE ( 'NONE', *, *, #11759, .F. ) ;
#531 = DIRECTION ( 'NONE',  ( -0.3713906763541042766, 0.9284766908852590817, 1.549382487594995162E-16 ) ) ;
#532 = DIRECTION ( 'NONE',  ( 0.5773502691896251759, 0.5773502691896271743, 0.5773502691896250649 ) ) ;
#533 = ORIENTED_EDGE ( 'NONE', *, *, #11134, .F. ) ;
#534 = DIRECTION ( 'NONE',  ( -1.110223024625156294E-16, 1.224646799147353207E-16, -1.000000000000000000 ) ) ;
#535 = VECTOR ( 'NONE', #13301, 1000.000000000000000 ) ;
#536 = ORIENTED_EDGE ( 'NONE', *, *, #12457, .T. ) ;
#537 = VECTOR ( 'NONE', #7267, 1000.000000000000000 ) ;
#538 = DIRECTION ( 'NONE',  ( 1.110223024625156294E-16, -1.224646799147353207E-16, 1.000000000000000000 ) ) ;
#539 = VECTOR ( 'NONE', #1258, 1000.000000000000000 ) ;
#540 = ORIENTED_EDGE ( 'NONE', *, *, #9019, .F. ) ;
#541 = ORIENTED_EDGE ( 'NONE', *, *, #7133, .T. ) ;
#542 = EDGE_CURVE ( 'NONE', #11568, #5169, #6089, .T. ) ;
#543 = EDGE_CURVE ( 'NONE', #3939, #4092, #957, .T. ) ;
#544 = PLANE ( 'NONE',  #3411 ) ;
#545 = LINE ( 'NONE', #9538, #1757 ) ;
#546 = FACE_BOUND ( 'NONE', #10151, .T. ) ;
#547 = EDGE_CURVE ( 'NONE', #5443, #2626, #11983, .T. ) ;
#548 = SURFACE_STYLE_USAGE ( .BOTH. , #2703 ) ;
#549 = ORIENTED_EDGE ( 'NONE', *, *, #2456, .F. ) ;
#550 = VECTOR ( 'NONE', #4551, 1000.000000000000000 ) ;
#551 = AXIS2_PLACEMENT_3D ( 'NONE', #2443, #2575, #3584 ) ;
#552 = ORIENTED_EDGE ( 'NONE', *, *, #6779, .T. ) ;
#553 = DIRECTION ( 'NONE',  ( -0.5773502691896250649, -0.5773502691896273964, 0.5773502691896250649 ) ) ;
#554 = FACE_OUTER_BOUND ( 'NONE', #9342, .T. ) ;
#555 = FILL_AREA_STYLE ('',( #11975 ) ) ;
#556 = ORIENTED_EDGE ( 'NONE', *, *, #8700, .F. ) ;
#557 = PLANE ( 'NONE',  #1270 ) ;
#558 = ORIENTED_EDGE ( 'NONE', *, *, #2577, .F. ) ;
#559 = DIRECTION ( 'NONE',  ( -1.110223024625156294E-16, 1.224646799147353207E-16, -1.000000000000000000 ) ) ;
#560 = DIRECTION ( 'NONE',  ( 1.000000000000000000, 0.000000000000000000, -1.110223024625156294E-16 ) ) ;
#561 = PLANE ( 'NONE',  #8615 ) ;
#562 = ORIENTED_EDGE ( 'NONE', *, *, #11940, .T. ) ;
#563 = VECTOR ( 'NONE', #11592, 1000.000000000000227 ) ;
#564 = DIRECTION ( 'NONE',  ( 1.110223024625156294E-16, -1.224646799147353207E-16, 1.000000000000000000 ) ) ;
#565 = ORIENTED_EDGE ( 'NONE', *, *, #9548, .F. ) ;
#566 = DIRECTION ( 'NONE',  ( 0.3481553119113962591, -0.8703882797784889824, 0.3481553119113957040 ) ) ;
#567 = EDGE_CURVE ( 'NONE', #13280, #6020, #3797, .T. ) ;
#568 = DIRECTION ( 'NONE',  ( 1.000000000000000000, 0.000000000000000000, 0.000000000000000000 ) ) ;
#569 = CARTESIAN_POINT ( 'NONE',  ( 6.669999999999997264, -32.81321928319991343, 0.9499999999999967359 ) ) ;
#570 = UNCERTAINTY_MEASURE_WITH_UNIT (LENGTH_MEASURE( 1.000000000000000082E-05 ), #9239, 'distance_accuracy_value', 'NONE');
#571 = CARTESIAN_POINT ( 'NONE',  ( 3.490000000000001101, 0.7499999999999981126, -1.589999999999998970 ) ) ;
#572 = ORIENTED_EDGE ( 'NONE', *, *, #8042, .T. ) ;
#573 = CARTESIAN_POINT ( 'NONE',  ( -11.11000000000000476, 2.599999999999998312, 0.9500000000000030642 ) ) ;
#574 = CARTESIAN_POINT ( 'NONE',  ( 9.209999999999995524, 2.599999999999999201, -0.9499999999999995115 ) ) ;
#575 = VERTEX_POINT ( 'NONE', #10157 ) ;
#576 = CARTESIAN_POINT ( 'NONE',  ( 3.929999999999995275, 8.599999999999999645, -1.389999999999997682 ) ) ;
#577 = AXIS2_PLACEMENT_3D ( 'NONE', #4376, #1134, #12635 ) ;
#578 = CARTESIAN_POINT ( 'NONE',  ( -9.710000000000006182, 0.2499999999999967526, -0.4499999999999976241 ) ) ;
#579 = DIRECTION ( 'NONE',  ( -1.110223024625156294E-16, 1.224646799147353207E-16, -1.000000000000000000 ) ) ;
#580 = PLANE ( 'NONE',  #134 ) ;
#581 = FACE_OUTER_BOUND ( 'NONE', #10735, .T. ) ;
#582 = ORIENTED_EDGE ( 'NONE', *, *, #2147, .F. ) ;
#583 = LINE ( 'NONE', #4702, #13329 ) ;
#584 = LINE ( 'NONE', #6867, #5682 ) ;
#585 = VECTOR ( 'NONE', #2190, 1000.000000000000000 ) ;
#586 = LINE ( 'NONE', #10800, #12707 ) ;
#587 = VECTOR ( 'NONE', #8375, 1000.000000000000000 ) ;
#588 = EDGE_CURVE ( 'NONE', #11295, #10403, #6981, .T. ) ;
#589 = ORIENTED_EDGE ( 'NONE', *, *, #4773, .T. ) ;
#590 = ADVANCED_FACE ( 'NONE', ( #10089 ), #10975, .T. ) ;
#591 = EDGE_CURVE ( 'NONE', #11574, #179, #7927, .T. ) ;
#592 = ORIENTED_EDGE ( 'NONE', *, *, #12986, .T. ) ;
#593 = DIRECTION ( 'NONE',  ( -1.000000000000000000, 0.000000000000000000, 1.110223024625156294E-16 ) ) ;
#594 = ORIENTED_EDGE ( 'NONE', *, *, #5072, .F. ) ;
#595 = VECTOR ( 'NONE', #559, 1000.000000000000000 ) ;
#596 = DIRECTION ( 'NONE',  ( 1.855469160087460128E-16, -0.3713906763541040545, 0.9284766908852591927 ) ) ;
#597 = CARTESIAN_POINT ( 'NONE',  ( 2.249999999999996003, 2.599999999999997868, 3.175000000000001155 ) ) ;
#598 = ORIENTED_EDGE ( 'NONE', *, *, #3927, .F. ) ;
#599 = CARTESIAN_POINT ( 'NONE',  ( -2.990000000000001990, 0.2499999999999967526, 4.424999999999951861 ) ) ;
#600 = VECTOR ( 'NONE', #1644, 1000.000000000000000 ) ;
#601 = DIRECTION ( 'NONE',  ( -2.220446049250312095E-16, 1.000000000000000000, 1.224646799147353207E-16 ) ) ;
#602 = ORIENTED_EDGE ( 'NONE', *, *, #8727, .T. ) ;
#603 = LINE ( 'NONE', #5664, #4464 ) ;
#604 = EDGE_CURVE ( 'NONE', #4441, #12810, #6913, .T. ) ;
#605 = VECTOR ( 'NONE', #9674, 1000.000000000000000 ) ;
#606 = ORIENTED_EDGE ( 'NONE', *, *, #5893, .F. ) ;
#607 = EDGE_LOOP ( 'NONE', ( #10649, #7317, #10981, #6805 ) ) ;
#608 = ADVANCED_FACE ( 'NONE', ( #830 ), #9075, .T. ) ;
#609 = AXIS2_PLACEMENT_3D ( 'NONE', #9281, #6032, #2991 ) ;
#610 = EDGE_CURVE ( 'NONE', #9302, #4759, #11571, .T. ) ;
#611 = CARTESIAN_POINT ( 'NONE',  ( -6.030000000000002025, -2.500000000000004885, -1.589999999999998526 ) ) ;
#612 = CARTESIAN_POINT ( 'NONE',  ( -4.130000000000003446, -32.81321928319991343, 1.589999999999998082 ) ) ;
#613 = DIRECTION ( 'NONE',  ( -1.110223024625156294E-16, 1.224646799147353207E-16, -1.000000000000000000 ) ) ;
#614 = CARTESIAN_POINT ( 'NONE',  ( -11.11000000000000654, 8.099999999999999645, 1.590000000000003855 ) ) ;
#615 = ORIENTED_EDGE ( 'NONE', *, *, #10923, .F. ) ;
#616 = COLOUR_RGB ( '',0.8705882352941176627, 0.6313725490196078205, 0.1725490196078431349 ) ;
#617 = ORIENTED_EDGE ( 'NONE', *, *, #5828, .T. ) ;
#618 = DIRECTION ( 'NONE',  ( 1.110223024625156294E-16, -1.224646799147352961E-16, 1.000000000000000000 ) ) ;
#619 = VECTOR ( 'NONE', #11210, 1000.000000000000000 ) ;
#620 = FACE_OUTER_BOUND ( 'NONE', #9851, .T. ) ;
#621 = PLANE ( 'NONE',  #4486 ) ;
#622 = ORIENTED_EDGE ( 'NONE', *, *, #7591, .F. ) ;
#623 = DIRECTION ( 'NONE',  ( -0.9284766908852590817, -0.3713906763541042766, 5.759937970183641537E-17 ) ) ;
#624 = VECTOR ( 'NONE', #3673, 1000.000000000000000 ) ;
#625 = ORIENTED_EDGE ( 'NONE', *, *, #7782, .T. ) ;
#626 = CARTESIAN_POINT ( 'NONE',  ( -1.150000000000007239, -3.000000000000004441, -1.389999999999998348 ) ) ;
#627 = CARTESIAN_POINT ( 'NONE',  ( 6.030000000000001137, 2.599999999999996980, -0.9499999999999992895 ) ) ;
#628 = LINE ( 'NONE', #3281, #10335 ) ;
#629 = ORIENTED_EDGE ( 'NONE', *, *, #3998, .F. ) ;
#630 = DIRECTION ( 'NONE',  ( -1.110223024625156294E-16, 1.224646799147353207E-16, -1.000000000000000000 ) ) ;
#631 = ORIENTED_EDGE ( 'NONE', *, *, #12327, .T. ) ;
#632 = DIRECTION ( 'NONE',  ( -0.7071067811865491270, 0.7071067811865459074, 1.651002285577380499E-16 ) ) ;
#633 = ADVANCED_FACE ( 'NONE', ( #3043 ), #2038, .T. ) ;
#634 = AXIS2_PLACEMENT_3D ( 'NONE', #5354, #6234, #3190 ) ;
#635 = LINE ( 'NONE', #10097, #600 ) ;
#636 = FACE_OUTER_BOUND ( 'NONE', #4930, .T. ) ;
#637 = DIRECTION ( 'NONE',  ( 1.000000000000000000, 0.000000000000000000, -1.110223024625156294E-16 ) ) ;
#638 = EDGE_CURVE ( 'NONE', #9085, #13153, #6425, .T. ) ;
#639 = VERTEX_POINT ( 'NONE', #9407 ) ;
#640 = CARTESIAN_POINT ( 'NONE',  ( -5.485000000000014531, 8.100000000000001421, -0.9499999999999972911 ) ) ;
#641 = ORIENTED_EDGE ( 'NONE', *, *, #9626, .T. ) ;
#642 = CLOSED_SHELL ( 'NONE', ( #7073, #11632, #8708, #5192, #13130, #7881, #12532, #2915, #13325, #516, #9322, #12822, #11890, #2378 ) ) ;
#643 = VERTEX_POINT ( 'NONE', #4199 ) ;
#644 = CARTESIAN_POINT ( 'NONE',  ( 3.490000000000000657, 2.599999999999998312, 0.9500000000000013989 ) ) ;
#645 = DIRECTION ( 'NONE',  ( -1.110223024625156294E-16, 1.224646799147353207E-16, -1.000000000000000000 ) ) ;
#646 = LINE ( 'NONE', #2872, #5935 ) ;
#647 = DIRECTION ( 'NONE',  ( -1.110223024625156294E-16, 1.224646799147353207E-16, -1.000000000000000000 ) ) ;
#648 = CARTESIAN_POINT ( 'NONE',  ( 1.203333333333338917, -3.133333333333335080, -1.336666666666668224 ) ) ;
#649 = DIRECTION ( 'NONE',  ( -1.110223024625156294E-16, 1.224646799147353207E-16, -1.000000000000000000 ) ) ;
#650 = ORIENTED_EDGE ( 'NONE', *, *, #1622, .F. ) ;
#651 = LINE ( 'NONE', #857, #7713 ) ;
#652 = LINE ( 'NONE', #2813, #6759 ) ;
#653 = CARTESIAN_POINT ( 'NONE',  ( -3.490000000000011315, 8.599999999999999645, 1.590000000000003189 ) ) ;
#654 = VERTEX_POINT ( 'NONE', #9539 ) ;
#655 = EDGE_LOOP ( 'NONE', ( #13270, #7794, #5189, #7330 ) ) ;
#656 = CARTESIAN_POINT ( 'NONE',  ( -0.9500000000000027311, 2.599999999999997424, -1.589999999999998304 ) ) ;
#657 = EDGE_LOOP ( 'NONE', ( #8985, #9114, #2525, #236 ) ) ;
#658 = DIRECTION ( 'NONE',  ( -1.110223024625156294E-16, 1.224646799147353207E-16, -1.000000000000000000 ) ) ;
#659 = FACE_OUTER_BOUND ( 'NONE', #6504, .T. ) ;
#660 = DIRECTION ( 'NONE',  ( -1.110223024625156294E-16, 1.224646799147353207E-16, -1.000000000000000000 ) ) ;
#661 = ORIENTED_EDGE ( 'NONE', *, *, #9939, .T. ) ;
#662 = CARTESIAN_POINT ( 'NONE',  ( -1.590000000000002967, -2.500000000000003997, 1.590000000000001412 ) ) ;
#663 = DIRECTION ( 'NONE',  ( 1.110223024625150377E-16, 2.588040751299051575E-15, 1.000000000000000000 ) ) ;
#664 = EDGE_LOOP ( 'NONE', ( #8955, #12070, #3467, #4749 ) ) ;
#665 = EDGE_CURVE ( 'NONE', #11276, #9770, #6081, .T. ) ;
#666 = LINE ( 'NONE', #4926, #2734 ) ;
#667 = EDGE_CURVE ( 'NONE', #10660, #19, #12587, .T. ) ;
#668 = CIRCLE ( 'NONE', #6067, 0.4250000000000001554 ) ;
#669 = ORIENTED_EDGE ( 'NONE', *, *, #10320, .T. ) ;
#670 = ORIENTED_EDGE ( 'NONE', *, *, #4595, .F. ) ;
#671 = CARTESIAN_POINT ( 'NONE',  ( 16.53000000000000114, 0.2499999999999967526, 2.090000000000000746 ) ) ;
#672 = DIRECTION ( 'NONE',  ( 2.220446049250312095E-16, -1.000000000000000000, -1.224646799147353207E-16 ) ) ;
#673 = AXIS2_PLACEMENT_3D ( 'NONE', #11832, #4398, #7650 ) ;
#674 = DIRECTION ( 'NONE',  ( 0.3481553119113958150, 0.8703882797784890935, 0.3481553119113959260 ) ) ;
#675 = LINE ( 'NONE', #3919, #8736 ) ;
#676 = CARTESIAN_POINT ( 'NONE',  ( 2.089999999999992308, 0.2499999999999967526, 4.425000000000001599 ) ) ;
#677 = EDGE_LOOP ( 'NONE', ( #13355, #6005, #8781, #530 ) ) ;
#678 = VERTEX_POINT ( 'NONE', #9340 ) ;
#679 = DIRECTION ( 'NONE',  ( 1.000000000000000000, 0.000000000000000000, -1.110223024625156294E-16 ) ) ;
#680 = VECTOR ( 'NONE', #13157, 1000.000000000000000 ) ;
#681 = ADVANCED_FACE ( 'NONE', ( #1221 ), #10289, .T. ) ;
#682 = EDGE_CURVE ( 'NONE', #13215, #7944, #10422, .T. ) ;
#683 = FACE_OUTER_BOUND ( 'NONE', #8820, .T. ) ;
#684 = ADVANCED_FACE ( 'NONE', ( #12453 ), #7319, .T. ) ;
#685 = CARTESIAN_POINT ( 'NONE',  ( 16.53000000000000114, 0.2499999999999967526, -2.090000000000000746 ) ) ;
#686 = VERTEX_POINT ( 'NONE', #1156 ) ;
#687 = CARTESIAN_POINT ( 'NONE',  ( -3.490000000000002878, 2.599999999999997868, 1.590000000000002522 ) ) ;
#688 = VECTOR ( 'NONE', #6429, 1000.000000000000000 ) ;
#689 = EDGE_LOOP ( 'NONE', ( #11180, #7202, #11126, #10196 ) ) ;
#690 = EDGE_CURVE ( 'NONE', #6437, #13036, #4330, .T. ) ;
#691 = PLANE ( 'NONE',  #10966 ) ;
#692 = VERTEX_POINT ( 'NONE', #282 ) ;
#693 = CARTESIAN_POINT ( 'NONE',  ( -3.116060606060626181, 7.165151515151511497, 1.963939393939392986 ) ) ;
#694 = ADVANCED_FACE ( 'NONE', ( #10485 ), #8201, .F. ) ;
#695 = VERTEX_POINT ( 'NONE', #12525 ) ;
#696 = AXIS2_PLACEMENT_3D ( 'NONE', #6160, #2111, #1024 ) ;
#697 = ADVANCED_FACE ( 'NONE', ( #7178 ), #7246, .F. ) ;
#698 = CARTESIAN_POINT ( 'NONE',  ( 11.74999999999999822, 8.100000000000001421, -1.589999999999998970 ) ) ;
#699 = VERTEX_POINT ( 'NONE', #3249 ) ;
#700 = FACE_OUTER_BOUND ( 'NONE', #8679, .T. ) ;
#701 = VECTOR ( 'NONE', #9321, 999.9999999999998863 ) ;
#702 =( NAMED_UNIT ( * ) SI_UNIT ( $, .STERADIAN. ) SOLID_ANGLE_UNIT ( ) );
#703 = LINE ( 'NONE', #571, #9250 ) ;
#704 = AXIS2_PLACEMENT_3D ( 'NONE', #6824, #8990, #13120 ) ;
#705 = VERTEX_POINT ( 'NONE', #9473 ) ;
#706 = DIRECTION ( 'NONE',  ( -0.3481553119113935946, -0.8703882797784899816, 0.3481553119113957595 ) ) ;
#707 = ADVANCED_FACE ( 'NONE', ( #9271 ), #218, .F. ) ;
#708 = LINE ( 'NONE', #8145, #5115 ) ;
#709 = VECTOR ( 'NONE', #6019, 1000.000000000000000 ) ;
#710 = ADVANCED_FACE ( 'NONE', ( #11375 ), #16, .F. ) ;
#711 = ORIENTED_EDGE ( 'NONE', *, *, #6549, .T. ) ;
#712 = CARTESIAN_POINT ( 'NONE',  ( 5.209999999999994635, -1.770000000000002460, 7.095000000000001528 ) ) ;
#713 = CARTESIAN_POINT ( 'NONE',  ( -6.030000000000004690, 8.599999999999999645, -0.9499999999999974021 ) ) ;
#714 = CARTESIAN_POINT ( 'NONE',  ( 12.29499999999999993, 2.799999999999998490, 1.590000000000000746 ) ) ;
#715 = LINE ( 'NONE', #7880, #8888 ) ;
#716 = FACE_OUTER_BOUND ( 'NONE', #6324, .T. ) ;
#717 = DIRECTION ( 'NONE',  ( 0.3481553119113958150, 0.8703882797784890935, 0.3481553119113959260 ) ) ;
#718 = ORIENTED_EDGE ( 'NONE', *, *, #6166, .T. ) ;
#719 = DIRECTION ( 'NONE',  ( 2.821527733676277528E-15, -1.224646799147354193E-16, 1.000000000000000000 ) ) ;
#720 = CARTESIAN_POINT ( 'NONE',  ( -8.967826481409701009E-15, -4.336808689942017736E-15, 3.625000000000002220 ) ) ;
#722 = VECTOR ( 'NONE', #10611, 1000.000000000000000 ) ;
#721 = CARTESIAN_POINT ( 'NONE',  ( -8.025000000000002132, 8.099999999999999645, -0.9499999999999971800 ) ) ;
#723 = AXIS2_PLACEMENT_3D ( 'NONE', #6583, #2400, #4357 ) ;
#724 = ORIENTED_EDGE ( 'NONE', *, *, #5058, .T. ) ;
#725 = EDGE_LOOP ( 'NONE', ( #3563, #7313, #10702, #8397 ) ) ;
#726 = CARTESIAN_POINT ( 'NONE',  ( 6.030000000000001137, 2.599999999999996536, 1.590000000000001190 ) ) ;
#727 = ORIENTED_EDGE ( 'NONE', *, *, #3706, .F. ) ;
#728 = CARTESIAN_POINT ( 'NONE',  ( 2.134999999999997122, 8.100000000000001421, -0.9499999999999981792 ) ) ;
#729 = DIRECTION ( 'NONE',  ( -1.000000000000000000, -2.220446049250308890E-16, -2.599483128751243459E-15 ) ) ;
#730 = DIRECTION ( 'NONE',  ( 2.220446049250311848E-16, -1.000000000000000000, -1.224646799147353454E-16 ) ) ;
#731 = ORIENTED_EDGE ( 'NONE', *, *, #5784, .F. ) ;
#732 = DIRECTION ( 'NONE',  ( 1.110223024625156294E-16, -1.224646799147353207E-16, 1.000000000000000000 ) ) ;
#733 = ADVANCED_FACE ( 'NONE', ( #10361 ), #4465, .F. ) ;
#734 = CARTESIAN_POINT ( 'NONE',  ( -0.9500000000000022871, 2.599999999999996980, 1.590000000000002078 ) ) ;
#735 = ORIENTED_EDGE ( 'NONE', *, *, #2168, .F. ) ;
#736 = CARTESIAN_POINT ( 'NONE',  ( -8.570000000000003837, 0.7499999999999981126, -1.589999999999997637 ) ) ;
#737 = CARTESIAN_POINT ( 'NONE',  ( 16.53000000000000114, 0.2499999999999967526, 2.090000000000000746 ) ) ;
#738 = ORIENTED_EDGE ( 'NONE', *, *, #11671, .F. ) ;
#739 = ORIENTED_EDGE ( 'NONE', *, *, #690, .T. ) ;
#740 = MECHANICAL_DESIGN_GEOMETRIC_PRESENTATION_REPRESENTATION (  '', ( #7441 ), #1820 ) ;
#741 = LINE ( 'NONE', #4933, #3186 ) ;
#742 = CARTESIAN_POINT ( 'NONE',  ( 9.209999999999995524, 2.599999999999998757, 1.590000000000000746 ) ) ;
#743 = AXIS2_PLACEMENT_3D ( 'NONE', #9062, #2526, #2970 ) ;
#744 = DIRECTION ( 'NONE',  ( -1.000000000000000000, 0.000000000000000000, 1.110223024625156294E-16 ) ) ;
#745 = CARTESIAN_POINT ( 'NONE',  ( 6.669999999999991935, 8.099999999999999645, -0.9499999999999987343 ) ) ;
#746 = LINE ( 'NONE', #2837, #343 ) ;
#747 = ORIENTED_EDGE ( 'NONE', *, *, #3326, .F. ) ;
#748 = ORIENTED_EDGE ( 'NONE', *, *, #8771, .F. ) ;
#749 = LINE ( 'NONE', #9747, #480 ) ;
#750 = VECTOR ( 'NONE', #10872, 1000.000000000000000 ) ;
#751 = DIRECTION ( 'NONE',  ( 1.000000000000000000, 0.000000000000000000, -1.110223024625156294E-16 ) ) ;
#752 = LINE ( 'NONE', #7430, #3189 ) ;
#753 = ORIENTED_EDGE ( 'NONE', *, *, #5059, .T. ) ;
#754 = VECTOR ( 'NONE', #6147, 1000.000000000000114 ) ;
#755 = CARTESIAN_POINT ( 'NONE',  ( -4.130000000000004334, 2.599999999999998757, 0.9500000000000022871 ) ) ;
#757 = ADVANCED_FACE ( 'NONE', ( #7651 ), #7778, .F. ) ;
#756 = ORIENTED_EDGE ( 'NONE', *, *, #10295, .F. ) ;
#758 = VECTOR ( 'NONE', #11061, 1000.000000000000114 ) ;
#759 = DIRECTION ( 'NONE',  ( 1.000000000000000000, 0.000000000000000000, -1.110223024625156294E-16 ) ) ;
#760 = ADVANCED_FACE ( 'NONE', ( #11895 ), #10682, .F. ) ;
#762 = ORIENTED_EDGE ( 'NONE', *, *, #3931, .F. ) ;
#761 = ADVANCED_FACE ( 'NONE', ( #10819 ), #11703, .F. ) ;
#763 = FACE_OUTER_BOUND ( 'NONE', #7737, .T. ) ;
#764 = LINE ( 'NONE', #5016, #4929 ) ;
#765 = ORIENTED_EDGE ( 'NONE', *, *, #427, .T. ) ;
#766 = LINE ( 'NONE', #7736, #3135 ) ;
#767 = EDGE_LOOP ( 'NONE', ( #1950, #3992, #2558, #9671 ) ) ;
#768 = DIRECTION ( 'NONE',  ( -1.000000000000000000, 0.000000000000000000, 1.110223024625156294E-16 ) ) ;
#769 = EDGE_CURVE ( 'NONE', #1479, #2495, #8527, .T. ) ;
#770 = VECTOR ( 'NONE', #630, 1000.000000000000000 ) ;
#771 = LINE ( 'NONE', #4882, #10096 ) ;
#772 = EDGE_CURVE ( 'NONE', #7766, #7662, #6804, .T. ) ;
#773 = CARTESIAN_POINT ( 'NONE',  ( -11.55000000000000071, -3.000000000000003553, -1.389999999999997238 ) ) ;
#774 = AXIS2_PLACEMENT_3D ( 'NONE', #9256, #71, #4183 ) ;
#775 = ORIENTED_EDGE ( 'NONE', *, *, #6298, .T. ) ;
#776 = CARTESIAN_POINT ( 'NONE',  ( -1.590000000000003411, 0.7499999999999981126, 1.590000000000001856 ) ) ;
#777 = VECTOR ( 'NONE', #4090, 1000.000000000000000 ) ;
#778 = FACE_OUTER_BOUND ( 'NONE', #8801, .T. ) ;
#779 = VERTEX_POINT ( 'NONE', #6557 ) ;
#780 = DIRECTION ( 'NONE',  ( -1.000000000000000000, 0.000000000000000000, 1.110223024625156294E-16 ) ) ;
#781 = FACE_OUTER_BOUND ( 'NONE', #3896, .T. ) ;
#782 = CARTESIAN_POINT ( 'NONE',  ( -1.590000000000003855, 0.7499999999999981126, -1.589999999999998526 ) ) ;
#783 = DIRECTION ( 'NONE',  ( -1.110223024625156294E-16, 1.224646799147353207E-16, -1.000000000000000000 ) ) ;
#784 = CARTESIAN_POINT ( 'NONE',  ( 3.690000000000000391, -3.000000000000005329, -0.9499999999999997335 ) ) ;
#785 = CARTESIAN_POINT ( 'NONE',  ( -1.512424242424243337, 8.293939393939393057, -1.512424242424236898 ) ) ;
#786 = EDGE_LOOP ( 'NONE', ( #1819, #490, #7011, #12734 ) ) ;
#787 = CARTESIAN_POINT ( 'NONE',  ( 16.53000000000000114, 9.100000000000003197, -4.424999999999999822 ) ) ;
#788 = FACE_OUTER_BOUND ( 'NONE', #8085, .T. ) ;
#789 = PLANE ( 'NONE',  #6436 ) ;
#790 = ORIENTED_EDGE ( 'NONE', *, *, #13105, .F. ) ;
#791 = ORIENTED_EDGE ( 'NONE', *, *, #11345, .T. ) ;
#792 = PLANE ( 'NONE',  #7309 ) ;
#793 = EDGE_LOOP ( 'NONE', ( #5638, #6034, #5430, #10588 ) ) ;
#794 = DIRECTION ( 'NONE',  ( 1.000000000000000000, 2.465190328815660797E-32, -2.370923225189695399E-16 ) ) ;
#795 = LINE ( 'NONE', #3838, #5923 ) ;
#796 = CARTESIAN_POINT ( 'NONE',  ( -3.490000000000002434, 0.7499999999999963363, 1.590000000000002300 ) ) ;
#797 = CARTESIAN_POINT ( 'NONE',  ( 16.53000000000000114, 0.2499999999999967526, -2.090000000000000746 ) ) ;
#798 = CARTESIAN_POINT ( 'NONE',  ( 9.754999999999997229, 8.100000000000003197, -0.9499999999999991784 ) ) ;
#799 = ORIENTED_EDGE ( 'NONE', *, *, #12680, .F. ) ;
#800 = DIRECTION ( 'NONE',  ( -0.7071067811865491270, 0.7071067811865459074, 1.651002285577380499E-16 ) ) ;
#801 = ADVANCED_FACE ( 'NONE', ( #10886 ), #1426, .F. ) ;
#803 = AXIS2_PLACEMENT_3D ( 'NONE', #5450, #5521, #9584 ) ;
#802 = CARTESIAN_POINT ( 'NONE',  ( 1.589999999999999414, -2.500000000000003997, 1.590000000000000968 ) ) ;
#804 = AXIS2_PLACEMENT_3D ( 'NONE', #12741, #10441, #9558 ) ;
#805 = ORIENTED_EDGE ( 'NONE', *, *, #682, .F. ) ;
#806 = VERTEX_POINT ( 'NONE', #4596 ) ;
#807 = ADVANCED_FACE ( 'NONE', ( #5542 ), #6489, .T. ) ;
#808 = AXIS2_PLACEMENT_3D ( 'NONE', #4874, #4807, #12187 ) ;
#809 = CARTESIAN_POINT ( 'NONE',  ( -0.9500000000000018430, 0.7499999999999981126, 1.590000000000001856 ) ) ;
#810 = CARTESIAN_POINT ( 'NONE',  ( 3.489999999999992220, 8.100000000000001421, 0.9500000000000020650 ) ) ;
#811 = VECTOR ( 'NONE', #2200, 1000.000000000000000 ) ;
#812 = LINE ( 'NONE', #11967, #8266 ) ;
#813 = EDGE_CURVE ( 'NONE', #8343, #11728, #7714, .T. ) ;
#814 = DIRECTION ( 'NONE',  ( 0.3481553119113958150, 0.8703882797784890935, 0.3481553119113959260 ) ) ;
#815 = DIRECTION ( 'NONE',  ( -0.3481553119113939831, 0.8703882797784897596, 0.3481553119113959816 ) ) ;
#816 = ORIENTED_EDGE ( 'NONE', *, *, #11582, .T. ) ;
#817 = ORIENTED_EDGE ( 'NONE', *, *, #10131, .T. ) ;
#818 = PLANE ( 'NONE',  #13056 ) ;
#819 = CARTESIAN_POINT ( 'NONE',  ( -16.23000000000000398, 9.249999999999998224, 3.925000000000004707 ) ) ;
#820 = VECTOR ( 'NONE', #3631, 1000.000000000000000 ) ;
#821 = CARTESIAN_POINT ( 'NONE',  ( 11.75000000000000711, -32.81321928319991343, -1.590000000000003855 ) ) ;
#822 = STYLED_ITEM ( 'NONE', ( #8861 ), #10945 ) ;
#823 = ORIENTED_EDGE ( 'NONE', *, *, #9564, .F. ) ;
#824 = LINE ( 'NONE', #10830, #412 ) ;
#825 = CARTESIAN_POINT ( 'NONE',  ( -8.570000000000005613, 8.599999999999999645, -0.9499999999999969580 ) ) ;
#826 = EDGE_LOOP ( 'NONE', ( #7348, #1271, #2150, #615 ) ) ;
#827 = LINE ( 'NONE', #9142, #12694 ) ;
#828 = ORIENTED_EDGE ( 'NONE', *, *, #3862, .F. ) ;
#829 = VECTOR ( 'NONE', #4980, 1000.000000000000000 ) ;
#830 = FACE_OUTER_BOUND ( 'NONE', #3278, .T. ) ;
#831 = SURFACE_STYLE_FILL_AREA ( #13203 ) ;
#832 = EDGE_LOOP ( 'NONE', ( #6452, #11718, #3187, #11144 ) ) ;
#833 = CARTESIAN_POINT ( 'NONE',  ( -9.772738174262939500E-15, -2.602085213965210642E-15, -3.624999999999997335 ) ) ;
#834 = ORIENTED_EDGE ( 'NONE', *, *, #5496, .F. ) ;
#835 = CARTESIAN_POINT ( 'NONE',  ( 12.12393939393939490, 7.165151515151513273, -0.5760606060606043854 ) ) ;
#836 = ADVANCED_FACE ( 'NONE', ( #416, #4399, #11768, #4535, #5476, #1556, #8666, #12653, #3383, #9609, #7518, #5671, #12788, #11637, #478, #546, #10754, #6623, #1493, #2379, #12913 ), #9807, .F. ) ;
#837 = CARTESIAN_POINT ( 'NONE',  ( 11.31000000000000405, -3.000000000000003553, 1.590000000000000080 ) ) ;
#838 = EDGE_CURVE ( 'NONE', #13049, #4856, #3987, .T. ) ;
#839 = AXIS2_PLACEMENT_3D ( 'NONE', #7928, #8202, #9008 ) ;
#840 = EDGE_CURVE ( 'NONE', #6534, #2185, #7027, .T. ) ;
#841 = VECTOR ( 'NONE', #6366, 1000.000000000000000 ) ;
#842 = CARTESIAN_POINT ( 'NONE',  ( -5.530000000000002025, 0.2499999999999967526, 2.090000000000002967 ) ) ;
#843 = ORIENTED_EDGE ( 'NONE', *, *, #11746, .F. ) ;
#844 = CARTESIAN_POINT ( 'NONE',  ( -11.75000000000000711, -3.000000000000003553, -0.9499999999999981792 ) ) ;
#845 = CARTESIAN_POINT ( 'NONE',  ( 6.903333333333327104, -4.563333333333343234, 6.903333333333329769 ) ) ;
#846 = ORIENTED_EDGE ( 'NONE', *, *, #5336, .T. ) ;
#847 = PLANE ( 'NONE',  #1449 ) ;
#848 = DIRECTION ( 'NONE',  ( 1.110223024625156294E-16, -1.224646799147352961E-16, 1.000000000000000000 ) ) ;
#849 = LINE ( 'NONE', #782, #3125 ) ;
#850 = CARTESIAN_POINT ( 'NONE',  ( -6.230000000000011084, 8.599999999999999645, 1.590000000000003189 ) ) ;
#851 = AXIS2_PLACEMENT_3D ( 'NONE', #9545, #10367, #7525 ) ;
#852 = CARTESIAN_POINT ( 'NONE',  ( -6.030000000000003801, 8.100000000000003197, -0.9499999999999974021 ) ) ;
#853 = CARTESIAN_POINT ( 'NONE',  ( -10.73606060606060630, -1.565151515151524508, 1.963939393939392986 ) ) ;
#854 = ORIENTED_EDGE ( 'NONE', *, *, #11296, .F. ) ;
#855 = EDGE_CURVE ( 'NONE', #3928, #9649, #13186, .T. ) ;
#856 = EDGE_CURVE ( 'NONE', #10185, #4224, #6011, .T. ) ;
#857 = CARTESIAN_POINT ( 'NONE',  ( -11.11000000000000476, -2.500000000000003109, -0.9499999999999980682 ) ) ;
#858 = FACE_OUTER_BOUND ( 'NONE', #5785, .T. ) ;
#859 = FACE_OUTER_BOUND ( 'NONE', #4892, .T. ) ;
#860 = VERTEX_POINT ( 'NONE', #1695 ) ;
#861 = VERTEX_POINT ( 'NONE', #1758 ) ;
#862 = CARTESIAN_POINT ( 'NONE',  ( -11.11000000000000654, 8.599999999999999645, 0.9500000000000037303 ) ) ;
#863 = EDGE_LOOP ( 'NONE', ( #10053, #5653, #1490, #3922 ) ) ;
#864 = SURFACE_STYLE_FILL_AREA ( #5993 ) ;
#865 = DIRECTION ( 'NONE',  ( 1.000000000000000000, 0.000000000000000000, -1.110223024625156294E-16 ) ) ;
#866 = EDGE_CURVE ( 'NONE', #11568, #8374, #8045, .T. ) ;
#867 = DIRECTION ( 'NONE',  ( -1.000000000000000000, -2.220446049250312341E-16, 1.110223024625156047E-16 ) ) ;
#868 = CARTESIAN_POINT ( 'NONE',  ( -9.210000000000006182, 2.599999999999997424, 0.9500000000000028422 ) ) ;
#869 = LINE ( 'NONE', #9863, #6736 ) ;
#870 = ORIENTED_EDGE ( 'NONE', *, *, #8068, .T. ) ;
#871 = LINE ( 'NONE', #4990, #12027 ) ;
#872 = LINE ( 'NONE', #9116, #1068 ) ;
#873 = ORIENTED_EDGE ( 'NONE', *, *, #2356, .F. ) ;
#874 = EDGE_LOOP ( 'NONE', ( #11903, #2645, #1318, #6678 ) ) ;
#875 = DIRECTION ( 'NONE',  ( 1.855469160087460128E-16, -0.3713906763541040545, 0.9284766908852591927 ) ) ;
#876 = CARTESIAN_POINT ( 'NONE',  ( 11.10999999999999766, 0.7499999999999963363, 0.9500000000000003997 ) ) ;
#877 = EDGE_CURVE ( 'NONE', #9988, #1709, #812, .T. ) ;
#878 = DIRECTION ( 'NONE',  ( -0.9284766908852596368, 0.3713906763541028333, 1.485638603078811822E-16 ) ) ;
#879 = CARTESIAN_POINT ( 'NONE',  ( 4.129999999999993676, 8.599999999999999645, -1.389999999999997682 ) ) ;
#880 = DIRECTION ( 'NONE',  ( 1.030816200048588727E-16, 0.3713906763541041101, 0.9284766908852591927 ) ) ;
#881 = EDGE_LOOP ( 'NONE', ( #12490, #8818, #2776, #170, #12183, #2860, #2971, #1421 ) ) ;
#882 = ORIENTED_EDGE ( 'NONE', *, *, #10709, .T. ) ;
#883 = FACE_OUTER_BOUND ( 'NONE', #6669, .T. ) ;
#884 = CARTESIAN_POINT ( 'NONE',  ( -6.030000000000002913, 2.599999999999997868, 1.590000000000002522 ) ) ;
#885 = ORIENTED_EDGE ( 'NONE', *, *, #6712, .T. ) ;
#886 = DIRECTION ( 'NONE',  ( 1.000000000000000000, 0.000000000000000000, -1.110223024625156294E-16 ) ) ;
#887 = CARTESIAN_POINT ( 'NONE',  ( -11.57424242424239935, -2.939393939393945665, -1.125757575757576845 ) ) ;
#888 = VECTOR ( 'NONE', #3583, 1000.000000000000000 ) ;
#889 = CARTESIAN_POINT ( 'NONE',  ( 3.941515151515153192, 9.228787878787882093, 1.138484848484851764 ) ) ;
#890 = AXIS2_PLACEMENT_3D ( 'NONE', #5094, #13285, #7062 ) ;
#891 = ORIENTED_EDGE ( 'NONE', *, *, #9691, .T. ) ;
#892 = CARTESIAN_POINT ( 'NONE',  ( -11.75000000000000711, 0.7499999999999981126, -0.9499999999999976241 ) ) ;
#893 = DIRECTION ( 'NONE',  ( 1.000000000000000000, 0.000000000000000000, -1.110223024625156294E-16 ) ) ;
#894 = EDGE_LOOP ( 'NONE', ( #2619, #10301, #6722, #4080 ) ) ;
#895 = VERTEX_POINT ( 'NONE', #11231 ) ;
#896 = DIRECTION ( 'NONE',  ( -1.110223024625156294E-16, 1.224646799147353207E-16, -1.000000000000000000 ) ) ;
#897 = EDGE_CURVE ( 'NONE', #8026, #10210, #2773, .T. ) ;
#898 = CARTESIAN_POINT ( 'NONE',  ( 8.570000000000000284, 8.100000000000003197, 1.590000000000001856 ) ) ;
#899 = VERTEX_POINT ( 'NONE', #10072 ) ;
#900 = VECTOR ( 'NONE', #11723, 1000.000000000000000 ) ;
#901 = CARTESIAN_POINT ( 'NONE',  ( 8.569999999999998508, 2.599999999999998312, -1.589999999999999192 ) ) ;
#902 = ORIENTED_EDGE ( 'NONE', *, *, #8456, .T. ) ;
#903 = LINE ( 'NONE', #6925, #10927 ) ;
#904 = LINE ( 'NONE', #10167, #3600 ) ;
#905 = EDGE_CURVE ( 'NONE', #699, #3577, #13252, .T. ) ;
#906 = ADVANCED_FACE ( 'NONE', ( #8918 ), #6073, .T. ) ;
#907 = ORIENTED_EDGE ( 'NONE', *, *, #7993, .T. ) ;
#908 = DIRECTION ( 'NONE',  ( 1.000000000000000000, 0.000000000000000000, -1.110223024625156294E-16 ) ) ;
#909 = CARTESIAN_POINT ( 'NONE',  ( -11.29848484848480616, 9.228787878787882093, 1.138484848484853540 ) ) ;
#911 = DIRECTION ( 'NONE',  ( 1.110223024625156294E-16, -1.224646799147353207E-16, 1.000000000000000000 ) ) ;
#910 = VECTOR ( 'NONE', #9227, 1000.000000000000000 ) ;
#912 = LINE ( 'NONE', #10311, #6511 ) ;
#913 = LINE ( 'NONE', #11529, #13276 ) ;
#914 = LINE ( 'NONE', #9164, #910 ) ;
#915 = VERTEX_POINT ( 'NONE', #3854 ) ;
#916 = PLANE ( 'NONE',  #1682 ) ;
#917 = CARTESIAN_POINT ( 'NONE',  ( -3.490000000000011315, 8.599999999999999645, 1.150000000000003686 ) ) ;
#918 = DIRECTION ( 'NONE',  ( -1.000000000000000000, 0.000000000000000000, 1.110223024625156294E-16 ) ) ;
#919 = ORIENTED_EDGE ( 'NONE', *, *, #6323, .T. ) ;
#920 = AXIS2_PLACEMENT_3D ( 'NONE', #6349, #1214, #3036 ) ;
#921 = ORIENTED_EDGE ( 'NONE', *, *, #515, .T. ) ;
#922 = EDGE_CURVE ( 'NONE', #8662, #7195, #12036, .T. ) ;
#923 = ORIENTED_EDGE ( 'NONE', *, *, #1102, .T. ) ;
#924 = EDGE_CURVE ( 'NONE', #5812, #13375, #9060, .T. ) ;
#925 = EDGE_CURVE ( 'NONE', #10310, #9792, #6963, .T. ) ;
#926 = CARTESIAN_POINT ( 'NONE',  ( 11.54999999999999361, -3.000000000000002665, -0.9500000000000007327 ) ) ;
#927 = DIRECTION ( 'NONE',  ( -0.9284766908852596368, 0.3713906763541028333, 1.485638603078811822E-16 ) ) ;
#928 = CARTESIAN_POINT ( 'NONE',  ( -6.030000000000002025, -2.500000000000004885, -0.9499999999999987343 ) ) ;
#929 = ORIENTED_EDGE ( 'NONE', *, *, #9673, .T. ) ;
#930 = VECTOR ( 'NONE', #1587, 1000.000000000000000 ) ;
#931 = LINE ( 'NONE', #8175, #5978 ) ;
#932 = CARTESIAN_POINT ( 'NONE',  ( -2.945000000000006501, 2.799999999999997602, -0.9499999999999982903 ) ) ;
#933 = EDGE_CURVE ( 'NONE', #2855, #678, #8852, .T. ) ;
#934 = ADVANCED_FACE ( 'NONE', ( #12107 ), #12977, .F. ) ;
#935 = ORIENTED_EDGE ( 'NONE', *, *, #6008, .T. ) ;
#936 = EDGE_CURVE ( 'NONE', #5752, #10757, #4998, .T. ) ;
#937 = ORIENTED_EDGE ( 'NONE', *, *, #1689, .F. ) ;
#938 = AXIS2_PLACEMENT_3D ( 'NONE', #798, #8034, #12159 ) ;
#939 = PLANE ( 'NONE',  #9886 ) ;
#940 = DIRECTION ( 'NONE',  ( 1.855469160087460128E-16, -0.3713906763541040545, 0.9284766908852591927 ) ) ;
#941 = CARTESIAN_POINT ( 'NONE',  ( -3.954242424242424558, -2.939393939393941224, -1.125757575757577733 ) ) ;
#942 = LINE ( 'NONE', #6074, #311 ) ;
#943 = CARTESIAN_POINT ( 'NONE',  ( -8.070000000000003837, 0.2499999999999958922, 4.425000000000071765 ) ) ;
#944 = ORIENTED_EDGE ( 'NONE', *, *, #9841, .T. ) ;
#945 = VERTEX_POINT ( 'NONE', #2835 ) ;
#946 = DIRECTION ( 'NONE',  ( 1.000000000000000000, 0.000000000000000000, 0.000000000000000000 ) ) ;
#947 = DIRECTION ( 'NONE',  ( -0.5773502691896271743, 0.5773502691896250649, 0.5773502691896251759 ) ) ;
#948 = EDGE_CURVE ( 'NONE', #3699, #6892, #11093, .T. ) ;
#949 = ORIENTED_EDGE ( 'NONE', *, *, #12668, .T. ) ;
#950 = DIRECTION ( 'NONE',  ( -2.220446049250312095E-16, 1.000000000000000000, 1.224646799147353207E-16 ) ) ;
#951 = LINE ( 'NONE', #6223, #6492 ) ;
#952 = EDGE_CURVE ( 'NONE', #10761, #4411, #8112, .T. ) ;
#953 = ADVANCED_FACE ( 'NONE', ( #13045 ), #3782, .F. ) ;
#954 = FACE_OUTER_BOUND ( 'NONE', #12527, .T. ) ;
#955 = DIRECTION ( 'NONE',  ( -1.110223024625156294E-16, 1.224646799147353207E-16, -1.000000000000000000 ) ) ;
#956 = ORIENTED_EDGE ( 'NONE', *, *, #9929, .T. ) ;
#957 = LINE ( 'NONE', #693, #383 ) ;
#958 = CARTESIAN_POINT ( 'NONE',  ( -6.230000000000011084, 8.599999999999999645, 1.390000000000002567 ) ) ;
#959 = VERTEX_POINT ( 'NONE', #6141 ) ;
#960 = AXIS2_PLACEMENT_3D ( 'NONE', #5063, #13315, #7983 ) ;
#961 = ORIENTED_EDGE ( 'NONE', *, *, #2931, .T. ) ;
#962 = DIRECTION ( 'NONE',  ( -2.220446049250312095E-16, 1.000000000000000000, 1.224646799147353207E-16 ) ) ;
#963 = AXIS2_PLACEMENT_3D ( 'NONE', #850, #9905, #6933 ) ;
#964 = VECTOR ( 'NONE', #1832, 1000.000000000000000 ) ;
#965 = FILL_AREA_STYLE_COLOUR ( '', #2761 ) ;
#966 = EDGE_CURVE ( 'NONE', #8935, #11932, #4113, .T. ) ;
#967 = CARTESIAN_POINT ( 'NONE',  ( -5.408333333333329662, -0.5283333333333424253, 2.868333333333331847 ) ) ;
#968 = VECTOR ( 'NONE', #8903, 1000.000000000000114 ) ;
#969 = VERTEX_POINT ( 'NONE', #6274 ) ;
#970 = DIRECTION ( 'NONE',  ( 0.9284766908852591927, -0.3713906763541040545, -1.485638603078812808E-16 ) ) ;
#971 = EDGE_CURVE ( 'NONE', #3831, #3813, #11558, .T. ) ;
#972 = LINE ( 'NONE', #4962, #8647 ) ;
#973 = ORIENTED_EDGE ( 'NONE', *, *, #2258, .T. ) ;
#974 = LINE ( 'NONE', #9219, #6187 ) ;
#975 = PLANE ( 'NONE',  #890 ) ;
#976 = DIRECTION ( 'NONE',  ( -0.3481553119113937056, -0.8703882797784899816, -0.3481553119113958705 ) ) ;
#977 = EDGE_CURVE ( 'NONE', #10757, #12755, #10406, .T. ) ;
#978 = ORIENTED_EDGE ( 'NONE', *, *, #2498, .F. ) ;
#979 = DIRECTION ( 'NONE',  ( 1.000000000000000000, 0.000000000000000000, -1.110223024625156294E-16 ) ) ;
#980 = LINE ( 'NONE', #3136, #12196 ) ;
#981 = CARTESIAN_POINT ( 'NONE',  ( -15.48000000000000576, 8.499999999999998224, -3.174999999999995381 ) ) ;
#982 = ORIENTED_EDGE ( 'NONE', *, *, #8384, .F. ) ;
#983 = CARTESIAN_POINT ( 'NONE',  ( 4.629999999999997229, 0.2499999999999967526, 2.090000000000001634 ) ) ;
#984 = DIRECTION ( 'NONE',  ( 1.855469160087460128E-16, -0.3713906763541040545, 0.9284766908852591927 ) ) ;
#985 = VECTOR ( 'NONE', #7302, 1000.000000000000000 ) ;
#986 = FACE_OUTER_BOUND ( 'NONE', #4718, .T. ) ;
#987 = ORIENTED_EDGE ( 'NONE', *, *, #9929, .F. ) ;
#988 = ORIENTED_EDGE ( 'NONE', *, *, #2169, .T. ) ;
#989 = DIRECTION ( 'NONE',  ( -1.000000000000000000, 0.000000000000000000, 1.110223024625156294E-16 ) ) ;
#990 = EDGE_LOOP ( 'NONE', ( #5179, #8039, #1753, #4847 ) ) ;
#991 = DIRECTION ( 'NONE',  ( 1.000000000000000000, 0.000000000000000000, -1.110223024625156294E-16 ) ) ;
#992 = CARTESIAN_POINT ( 'NONE',  ( 14.38000000000000789, 0.2499999999999976130, -4.425000000000001599 ) ) ;
#993 = VECTOR ( 'NONE', #3054, 1000.000000000000000 ) ;
#994 = FACE_OUTER_BOUND ( 'NONE', #11644, .T. ) ;
#995 = ORIENTED_EDGE ( 'NONE', *, *, #2673, .F. ) ;
#996 = FACE_OUTER_BOUND ( 'NONE', #2754, .T. ) ;
#997 = DIRECTION ( 'NONE',  ( 2.821527733676277528E-15, -1.224646799147354193E-16, 1.000000000000000000 ) ) ;
#998 = EDGE_CURVE ( 'NONE', #7413, #10547, #3095, .T. ) ;
#999 = EDGE_CURVE ( 'NONE', #3385, #11071, #5266, .T. ) ;
#1000 = VERTEX_POINT ( 'NONE', #9459 ) ;
#1001 = LINE ( 'NONE', #5328, #12908 ) ;
#1002 = FILL_AREA_STYLE_COLOUR ( '', #8898 ) ;
#1003 = CARTESIAN_POINT ( 'NONE',  ( 2.089999999999992308, 0.2499999999999967526, 4.425000000000001599 ) ) ;
#1004 = LINE ( 'NONE', #6275, #7663 ) ;
#1005 = LINE ( 'NONE', #5200, #132 ) ;
#1006 = EDGE_LOOP ( 'NONE', ( #1705, #12865, #9208, #2180 ) ) ;
#1007 = AXIS2_PLACEMENT_3D ( 'NONE', #3774, #4852, #8982 ) ;
#1008 = VECTOR ( 'NONE', #4417, 1000.000000000000000 ) ;
#1009 = ORIENTED_EDGE ( 'NONE', *, *, #9276, .T. ) ;
#1010 = ADVANCED_FACE ( 'NONE', ( #1140 ), #136, .F. ) ;
#1011 = PLANE ( 'NONE',  #9171 ) ;
#1012 = DIRECTION ( 'NONE',  ( -0.5773502691896250649, -0.5773502691896273964, 0.5773502691896250649 ) ) ;
#1013 = EDGE_CURVE ( 'NONE', #7641, #639, #2226, .T. ) ;
#1014 = CIRCLE ( 'NONE', #10304, 0.4250000000000001554 ) ;
#1015 = EDGE_CURVE ( 'NONE', #1285, #12039, #8386, .T. ) ;
#1016 = ORIENTED_EDGE ( 'NONE', *, *, #7593, .F. ) ;
#1017 = LINE ( 'NONE', #1963, #12297 ) ;
#1018 = CARTESIAN_POINT ( 'NONE',  ( 4.129999999999993676, 8.599999999999999645, -0.9499999999999984013 ) ) ;
#1019 = VECTOR ( 'NONE', #11465, 1000.000000000000000 ) ;
#1020 = DIRECTION ( 'NONE',  ( 2.220446049250312095E-16, -1.000000000000000000, -1.224646799147353207E-16 ) ) ;
#1021 = CARTESIAN_POINT ( 'NONE',  ( -6.670000000000004370, -3.000000000000004441, -1.149999999999999023 ) ) ;
#1022 = VECTOR ( 'NONE', #1969, 1000.000000000000000 ) ;
#1023 = ORIENTED_EDGE ( 'NONE', *, *, #1457, .F. ) ;
#1024 = DIRECTION ( 'NONE',  ( 1.000000000000000000, 0.000000000000000000, -1.110223024625156294E-16 ) ) ;
#1025 = LINE ( 'NONE', #8937, #10025 ) ;
#1026 = ORIENTED_EDGE ( 'NONE', *, *, #11672, .F. ) ;
#1027 = VECTOR ( 'NONE', #2981, 1000.000000000000114 ) ;
#1028 = ORIENTED_EDGE ( 'NONE', *, *, #425, .F. ) ;
#1029 = EDGE_CURVE ( 'NONE', #9956, #13280, #7365, .T. ) ;
#1030 = PLANE ( 'NONE',  #9103 ) ;
#1031 = VECTOR ( 'NONE', #12197, 1000.000000000000000 ) ;
#1032 = DIRECTION ( 'NONE',  ( -1.000000000000000000, -2.220446049250312341E-16, 1.110223024625156047E-16 ) ) ;
#1033 = LINE ( 'NONE', #13209, #8172 ) ;
#1034 = DIRECTION ( 'NONE',  ( 0.9284766908852591927, -0.3713906763541040545, -1.485638603078812808E-16 ) ) ;
#1035 = VECTOR ( 'NONE', #1693, 1000.000000000000000 ) ;
#1036 = VECTOR ( 'NONE', #5507, 1000.000000000000000 ) ;
#1037 = ORIENTED_EDGE ( 'NONE', *, *, #9530, .F. ) ;
#1038 = FACE_OUTER_BOUND ( 'NONE', #11023, .T. ) ;
#1039 = VECTOR ( 'NONE', #8648, 1000.000000000000000 ) ;
#1040 = CARTESIAN_POINT ( 'NONE',  ( -8.770000000000012008, 8.599999999999999645, 1.150000000000004130 ) ) ;
#1041 = EDGE_LOOP ( 'NONE', ( #6161, #1026, #6589, #10077 ) ) ;
#1042 = LINE ( 'NONE', #6243, #5751 ) ;
#1043 = DIRECTION ( 'NONE',  ( -1.000000000000000000, 0.000000000000000000, 1.110223024625156294E-16 ) ) ;
#1044 = EDGE_CURVE ( 'NONE', #8192, #13317, #1207, .T. ) ;
#1045 = CARTESIAN_POINT ( 'NONE',  ( -11.31000000000001293, 8.599999999999999645, 1.390000000000003455 ) ) ;
#1046 = ORIENTED_EDGE ( 'NONE', *, *, #117, .F. ) ;
#1047 = CARTESIAN_POINT ( 'NONE',  ( -0.5760606060606188183, 7.165151515151511497, -0.5760606060606029422 ) ) ;
#1048 = AXIS2_PLACEMENT_3D ( 'NONE', #11852, #11783, #9694 ) ;
#1049 = CARTESIAN_POINT ( 'NONE',  ( -3.490000000000001990, -2.500000000000002220, -0.9499999999999988454 ) ) ;
#1050 = CARTESIAN_POINT ( 'NONE',  ( -11.75000000000000888, 8.099999999999999645, 1.590000000000003855 ) ) ;
#1051 = EDGE_LOOP ( 'NONE', ( #5733, #606, #3053, #8509 ) ) ;
#1052 = AXIS2_PLACEMENT_3D ( 'NONE', #4410, #1370, #9483 ) ;
#1053 = EDGE_CURVE ( 'NONE', #11282, #8522, #6342, .T. ) ;
#1054 = LINE ( 'NONE', #6316, #380 ) ;
#1055 = CARTESIAN_POINT ( 'NONE',  ( -3.678484848484851799, 9.228787878787882093, -1.401515151515146052 ) ) ;
#1056 = PLANE ( 'NONE',  #11838 ) ;
#1057 = ORIENTED_EDGE ( 'NONE', *, *, #9276, .F. ) ;
#1058 = VERTEX_POINT ( 'NONE', #4316 ) ;
#1059 = VECTOR ( 'NONE', #1948, 1000.000000000000000 ) ;
#1060 = FILL_AREA_STYLE_COLOUR ( '', #10114 ) ;
#1061 = ORIENTED_EDGE ( 'NONE', *, *, #10847, .T. ) ;
#1062 = DIRECTION ( 'NONE',  ( -2.220446049250312095E-16, 1.000000000000000000, 1.224646799147353207E-16 ) ) ;
#1063 = DIRECTION ( 'NONE',  ( 2.220446049250312095E-16, -1.000000000000000000, -1.224646799147353207E-16 ) ) ;
#1064 = LINE ( 'NONE', #5253, #11313 ) ;
#1065 = ORIENTED_EDGE ( 'NONE', *, *, #9913, .F. ) ;
#1066 = DIRECTION ( 'NONE',  ( -2.821527733676277528E-15, 1.224646799147354193E-16, -1.000000000000000000 ) ) ;
#1067 = CARTESIAN_POINT ( 'NONE',  ( 11.74999999999999645, 2.599999999999998312, 0.9500000000000005107 ) ) ;
#1068 = VECTOR ( 'NONE', #3977, 1000.000000000000000 ) ;
#1069 = ORIENTED_EDGE ( 'NONE', *, *, #5117, .T. ) ;
#1070 = ORIENTED_EDGE ( 'NONE', *, *, #1915, .F. ) ;
#1071 = CARTESIAN_POINT ( 'NONE',  ( 4.129999999999996341, -2.500000000000003109, -0.9499999999999996225 ) ) ;
#1072 = CARTESIAN_POINT ( 'NONE',  ( -1.414242424242423635, -2.939393939393943889, 1.414242424242420526 ) ) ;
#1073 = DIRECTION ( 'NONE',  ( 0.5773502691896260641, -0.5773502691896267303, 0.5773502691896243988 ) ) ;
#1074 = CLOSED_SHELL ( 'NONE', ( #7716, #306, #10801, #8914, #4601, #7887, #12020, #11314, #6134, #6368, #760, #13208, #7375, #10118 ) ) ;
#1075 = CARTESIAN_POINT ( 'NONE',  ( -13.64000000000000945, -3.469446951953614189E-15, 3.625000000000003553 ) ) ;
#1076 = LINE ( 'NONE', #2025, #6599 ) ;
#1077 = ORIENTED_EDGE ( 'NONE', *, *, #11476, .T. ) ;
#1078 = DIRECTION ( 'NONE',  ( 0.9284766908852591927, -0.3713906763541040545, -1.485638603078812808E-16 ) ) ;
#1079 = ORIENTED_EDGE ( 'NONE', *, *, #1598, .F. ) ;
#1080 = CARTESIAN_POINT ( 'NONE',  ( -13.87500000000000888, -1.375000000000003775, 1.175000000000002487 ) ) ;
#1081 = VERTEX_POINT ( 'NONE', #8446 ) ;
#1082 = FACE_OUTER_BOUND ( 'NONE', #10789, .T. ) ;
#1083 = CARTESIAN_POINT ( 'NONE',  ( -1.590000000000005409, 8.599999999999997868, -0.9499999999999977351 ) ) ;
#1084 = LINE ( 'NONE', #4263, #8798 ) ;
#1085 = DIRECTION ( 'NONE',  ( 2.220446049250312095E-16, -1.000000000000000000, -1.224646799147353207E-16 ) ) ;
#1086 = ORIENTED_EDGE ( 'NONE', *, *, #591, .F. ) ;
#1087 = DIRECTION ( 'NONE',  ( -2.220446049250312095E-16, 1.000000000000000000, 1.224646799147353207E-16 ) ) ;
#1088 = PLANE ( 'NONE',  #9589 ) ;
#1089 = EDGE_CURVE ( 'NONE', #10823, #11745, #12571, .T. ) ;
#1090 = ORIENTED_EDGE ( 'NONE', *, *, #1044, .F. ) ;
#1091 = ADVANCED_FACE ( 'NONE', ( #3166 ), #7434, .F. ) ;
#1092 = ADVANCED_FACE ( 'NONE', ( #11428 ), #13314, .F. ) ;
#1093 = EDGE_LOOP ( 'NONE', ( #1577, #11578, #2172, #13256 ) ) ;
#1094 = CARTESIAN_POINT ( 'NONE',  ( 9.209999999999999076, 0.7499999999999972244, -0.9499999999999997335 ) ) ;
#1095 = DIRECTION ( 'NONE',  ( 1.000000000000000000, 0.000000000000000000, 0.000000000000000000 ) ) ;
#1096 = DIRECTION ( 'NONE',  ( -1.000000000000000000, 0.000000000000000000, 0.000000000000000000 ) ) ;
#1097 = EDGE_CURVE ( 'NONE', #2006, #12810, #12302, .T. ) ;
#1098 = EDGE_LOOP ( 'NONE', ( #9236, #2389, #12737, #11573 ) ) ;
#1099 = FACE_OUTER_BOUND ( 'NONE', #8491, .T. ) ;
#1100 = EDGE_CURVE ( 'NONE', #4707, #6775, #7300, .T. ) ;
#1101 = AXIS2_PLACEMENT_3D ( 'NONE', #11394, #8350, #167 ) ;
#1102 = EDGE_CURVE ( 'NONE', #4362, #4786, #8246, .T. ) ;
#1103 = ORIENTED_EDGE ( 'NONE', *, *, #8040, .T. ) ;
#1104 = CARTESIAN_POINT ( 'NONE',  ( -9.210000000000006182, 2.599999999999997868, -0.9499999999999976241 ) ) ;
#1105 = EDGE_CURVE ( 'NONE', #3418, #861, #2863, .T. ) ;
#1106 = CARTESIAN_POINT ( 'NONE',  ( -8.570000000000003837, 2.599999999999998757, 0.9500000000000028422 ) ) ;
#1107 = ORIENTED_EDGE ( 'NONE', *, *, #6590, .T. ) ;
#1108 = DIRECTION ( 'NONE',  ( -2.220446049250312095E-16, 1.000000000000000000, 1.224646799147353207E-16 ) ) ;
#1109 = LINE ( 'NONE', #4282, #7588 ) ;
#1110 = CARTESIAN_POINT ( 'NONE',  ( 6.669999999999991935, 8.099999999999999645, 1.590000000000001856 ) ) ;
#1111 = ORIENTED_EDGE ( 'NONE', *, *, #8773, .F. ) ;
#1112 = CARTESIAN_POINT ( 'NONE',  ( -11.55000000000000071, -3.000000000000004441, 1.590000000000002744 ) ) ;
#1113 = LINE ( 'NONE', #13363, #777 ) ;
#1114 = LINE ( 'NONE', #11330, #1346 ) ;
#1115 = ORIENTED_EDGE ( 'NONE', *, *, #5336, .F. ) ;
#1116 = VECTOR ( 'NONE', #9760, 1000.000000000000000 ) ;
#1117 = CARTESIAN_POINT ( 'NONE',  ( -1.590000000000003633, 0.7499999999999981126, 0.9500000000000018430 ) ) ;
#1118 = LINE ( 'NONE', #3073, #4389 ) ;
#1119 = LINE ( 'NONE', #5245, #9243 ) ;
#1120 = EDGE_CURVE ( 'NONE', #7396, #8396, #4828, .T. ) ;
#1121 = ORIENTED_EDGE ( 'NONE', *, *, #6629, .T. ) ;
#1122 = ADVANCED_FACE ( 'NONE', ( #5530 ), #3369, .F. ) ;
#1124 = ADVANCED_FACE ( 'NONE', ( #1277 ), #12001, .F. ) ;
#1123 = ORIENTED_EDGE ( 'NONE', *, *, #8538, .T. ) ;
#1125 = VECTOR ( 'NONE', #896, 1000.000000000000000 ) ;
#1126 = SURFACE_SIDE_STYLE ('',( #8432 ) ) ;
#1127 = ORIENTED_EDGE ( 'NONE', *, *, #10052, .F. ) ;
#1128 = CARTESIAN_POINT ( 'NONE',  ( -4.130000000000005222, 8.099999999999999645, 1.590000000000003189 ) ) ;
#1129 = LINE ( 'NONE', #7356, #9817 ) ;
#1130 = DIRECTION ( 'NONE',  ( 0.3481553119113958150, 0.8703882797784890935, 0.3481553119113959260 ) ) ;
#1131 = ORIENTED_EDGE ( 'NONE', *, *, #11344, .F. ) ;
#1132 = DIRECTION ( 'NONE',  ( -1.000000000000000000, 0.000000000000000000, 1.110223024625156294E-16 ) ) ;
#1133 = FACE_OUTER_BOUND ( 'NONE', #10159, .T. ) ;
#1135 = VECTOR ( 'NONE', #9195, 1000.000000000000000 ) ;
#1134 = DIRECTION ( 'NONE',  ( 7.850462293418890625E-17, 0.7071067811865460184, 0.7071067811865490160 ) ) ;
#1136 = ORIENTED_EDGE ( 'NONE', *, *, #13088, .T. ) ;
#1137 = VECTOR ( 'NONE', #9254, 1000.000000000000000 ) ;
#1138 = ORIENTED_EDGE ( 'NONE', *, *, #5786, .F. ) ;
#1139 = FACE_OUTER_BOUND ( 'NONE', #9588, .T. ) ;
#1140 = FACE_OUTER_BOUND ( 'NONE', #7156, .T. ) ;
#1141 = CARTESIAN_POINT ( 'NONE',  ( -14.38000000000000078, 0.2499999999999967526, -4.424999999999996270 ) ) ;
#1142 = FACE_OUTER_BOUND ( 'NONE', #6928, .T. ) ;
#1143 = VECTOR ( 'NONE', #3905, 1000.000000000000000 ) ;
#1144 = VERTEX_POINT ( 'NONE', #7637 ) ;
#1145 = DIRECTION ( 'NONE',  ( 1.110223024625156294E-16, -1.224646799147353207E-16, 1.000000000000000000 ) ) ;
#1146 = ORIENTED_EDGE ( 'NONE', *, *, #12668, .F. ) ;
#1147 = ADVANCED_FACE ( 'NONE', ( #4522 ), #3437, .T. ) ;
#1148 = DIRECTION ( 'NONE',  ( 1.030816200048588727E-16, 0.3713906763541041101, 0.9284766908852591927 ) ) ;
#1149 = ORIENTED_EDGE ( 'NONE', *, *, #2982, .T. ) ;
#1150 = VECTOR ( 'NONE', #1731, 1000.000000000000000 ) ;
#1151 = ORIENTED_EDGE ( 'NONE', *, *, #9403, .T. ) ;
#1152 = AXIS2_PLACEMENT_3D ( 'NONE', #9567, #309, #10450 ) ;
#1153 = DIRECTION ( 'NONE',  ( -2.220446049250312095E-16, 1.000000000000000000, 1.224646799147353207E-16 ) ) ;
#1154 = LINE ( 'NONE', #6356, #3017 ) ;
#1155 = ORIENTED_EDGE ( 'NONE', *, *, #4751, .F. ) ;
#1156 = CARTESIAN_POINT ( 'NONE',  ( 1.389999999999991243, 8.599999999999997868, 1.150000000000002798 ) ) ;
#1157 = LINE ( 'NONE', #4200, #8939 ) ;
#1158 = ORIENTED_EDGE ( 'NONE', *, *, #10658, .F. ) ;
#1159 = ORIENTED_EDGE ( 'NONE', *, *, #5710, .T. ) ;
#1160 = DIRECTION ( 'NONE',  ( 1.000000000000000000, 0.000000000000000000, -1.268196935725447699E-17 ) ) ;
#1161 = PLANE ( 'NONE',  #12940 ) ;
#1162 = DIRECTION ( 'NONE',  ( 1.000000000000000000, 0.000000000000000000, -1.110223024625156294E-16 ) ) ;
#1163 = ORIENTED_EDGE ( 'NONE', *, *, #5468, .F. ) ;
#1164 = ADVANCED_FACE ( 'NONE', ( #4382 ), #5459, .T. ) ;
#1165 = DIRECTION ( 'NONE',  ( 2.220446049250312095E-16, -1.000000000000000000, -1.224646799147353207E-16 ) ) ;
#1166 = EDGE_CURVE ( 'NONE', #278, #4429, #1655, .T. ) ;
#1167 = EDGE_CURVE ( 'NONE', #9218, #2668, #5836, .T. ) ;
#1168 = ORIENTED_EDGE ( 'NONE', *, *, #7717, .F. ) ;
#1169 = COLOUR_RGB ( '',0.8705882352941176627, 0.6313725490196078205, 0.1725490196078431349 ) ;
#1170 = DIRECTION ( 'NONE',  ( 0.9284766908852596368, 0.3713906763541028888, -5.759937970183664956E-17 ) ) ;
#1171 = DIRECTION ( 'NONE',  ( -1.110223024625156294E-16, 1.224646799147353207E-16, -1.000000000000000000 ) ) ;
#1172 = ORIENTED_EDGE ( 'NONE', *, *, #4796, .F. ) ;
#1173 = CARTESIAN_POINT ( 'NONE',  ( -4.130000000000004334, 2.599999999999998757, -1.589999999999997859 ) ) ;
#1174 = DIRECTION ( 'NONE',  ( 1.000000000000000000, 0.000000000000000000, -1.110223024625156294E-16 ) ) ;
#1175 = VECTOR ( 'NONE', #10960, 1000.000000000000000 ) ;
#1176 = DIRECTION ( 'NONE',  ( 2.220446049250312095E-16, -1.000000000000000000, -1.224646799147353207E-16 ) ) ;
#1177 = VERTEX_POINT ( 'NONE', #264 ) ;
#1178 = PLANE ( 'NONE',  #1978 ) ;
#1179 = DIRECTION ( 'NONE',  ( -1.000000000000000000, -2.220446049250308890E-16, -2.599483128751243459E-15 ) ) ;
#1180 = LINE ( 'NONE', #11168, #10852 ) ;
#1181 = EDGE_CURVE ( 'NONE', #6807, #11691, #7502, .T. ) ;
#1182 = VECTOR ( 'NONE', #10591, 999.9999999999998863 ) ;
#1183 = CARTESIAN_POINT ( 'NONE',  ( 6.030000000000002025, -3.000000000000004441, 1.150000000000001021 ) ) ;
#1184 = CARTESIAN_POINT ( 'NONE',  ( 11.10999999999999943, 8.100000000000001421, -0.9499999999999991784 ) ) ;
#1185 = CARTESIAN_POINT ( 'NONE',  ( -16.53000000000001180, 9.099999999999999645, 4.425000000000005151 ) ) ;
#1186 = ADVANCED_FACE ( 'NONE', ( #2490 ), #10605, .F. ) ;
#1187 = VERTEX_POINT ( 'NONE', #10665 ) ;
#1188 = ADVANCED_FACE ( 'NONE', ( #1727 ), #9523, .F. ) ;
#1189 = EDGE_LOOP ( 'NONE', ( #3106, #7442, #7916, #8938 ) ) ;
#1190 = EDGE_LOOP ( 'NONE', ( #4034, #2845, #6394, #9680 ) ) ;
#1192 = DIRECTION ( 'NONE',  ( 1.000000000000000000, 0.000000000000000000, -1.110223024625156294E-16 ) ) ;
#1191 = VECTOR ( 'NONE', #5773, 1000.000000000000000 ) ;
#1193 = ORIENTED_EDGE ( 'NONE', *, *, #8857, .F. ) ;
#1194 = FACE_OUTER_BOUND ( 'NONE', #10411, .T. ) ;
#1195 = PLANE ( 'NONE',  #9174 ) ;
#1196 = LINE ( 'NONE', #8170, #1612 ) ;
#1197 = DIRECTION ( 'NONE',  ( -1.000000000000000000, 0.000000000000000000, 1.110223024625156294E-16 ) ) ;
#1198 = VERTEX_POINT ( 'NONE', #3503 ) ;
#1199 = CARTESIAN_POINT ( 'NONE',  ( 6.030000000000002025, 0.7499999999999963363, 1.590000000000000968 ) ) ;
#1200 = DIRECTION ( 'NONE',  ( -0.9284766908852596368, 0.3713906763541028333, 1.485638603078811822E-16 ) ) ;
#1201 = CARTESIAN_POINT ( 'NONE',  ( 9.009999999999998010, -3.000000000000003553, -0.9500000000000002887 ) ) ;
#1202 = ORIENTED_EDGE ( 'NONE', *, *, #12140, .T. ) ;
#1203 = ORIENTED_EDGE ( 'NONE', *, *, #275, .T. ) ;
#1204 = FACE_OUTER_BOUND ( 'NONE', #6188, .T. ) ;
#1205 = VECTOR ( 'NONE', #4699, 999.9999999999998863 ) ;
#1206 = CARTESIAN_POINT ( 'NONE',  ( -11.11000000000000654, 8.099999999999999645, -1.589999999999996305 ) ) ;
#1207 = LINE ( 'NONE', #11487, #7408 ) ;
#1208 = CARTESIAN_POINT ( 'NONE',  ( -6.470000000000000639, 8.599999999999999645, -0.9499999999999971800 ) ) ;
#1209 = PLANE ( 'NONE',  #8307 ) ;
#1210 = EDGE_LOOP ( 'NONE', ( #11503, #10453, #231, #2073 ) ) ;
#1211 = EDGE_CURVE ( 'NONE', #8192, #12636, #4451, .T. ) ;
#1212 = LINE ( 'NONE', #141, #6322 ) ;
#1213 = ORIENTED_EDGE ( 'NONE', *, *, #1582, .T. ) ;
#1214 = DIRECTION ( 'NONE',  ( 1.000000000000000000, 0.000000000000000000, -1.110223024625156294E-16 ) ) ;
#1215 = EDGE_CURVE ( 'NONE', #4395, #10823, #334, .T. ) ;
#1216 = EDGE_LOOP ( 'NONE', ( #6069, #3316, #1079, #7750 ) ) ;
#1217 = VERTEX_POINT ( 'NONE', #6609 ) ;
#1218 = ADVANCED_FACE ( 'NONE', ( #9969 ), #8585, .F. ) ;
#1219 = CARTESIAN_POINT ( 'NONE',  ( -15.48000000000000398, 6.649999999999999467, -1.649999999999995470 ) ) ;
#1220 = PLANE ( 'NONE',  #1319 ) ;
#1221 = FACE_OUTER_BOUND ( 'NONE', #3547, .T. ) ;
#1222 = VECTOR ( 'NONE', #11606, 1000.000000000000227 ) ;
#1223 = DIRECTION ( 'NONE',  ( -1.110223024625156294E-16, 1.224646799147353207E-16, -1.000000000000000000 ) ) ;
#1224 = VERTEX_POINT ( 'NONE', #10738 ) ;
#1225 = EDGE_LOOP ( 'NONE', ( #3857, #6657, #4351, #12567 ) ) ;
#1226 = CARTESIAN_POINT ( 'NONE',  ( -9.710000000000006182, 0.2499999999999958922, 4.425000000000002487 ) ) ;
#1227 = CARTESIAN_POINT ( 'NONE',  ( 6.669999999999997264, 0.7499999999999963363, -0.9499999999999995115 ) ) ;
#1228 =( NAMED_UNIT ( * ) PLANE_ANGLE_UNIT ( ) SI_UNIT ( $, .RADIAN. ) );
#1229 = VECTOR ( 'NONE', #4640, 1000.000000000000000 ) ;
#1230 = ORIENTED_EDGE ( 'NONE', *, *, #3615, .T. ) ;
#1231 = PLANE ( 'NONE',  #1052 ) ;
#1232 = ORIENTED_EDGE ( 'NONE', *, *, #897, .T. ) ;
#1233 = DIRECTION ( 'NONE',  ( 1.359631073446890508E-32, 1.000000000000000000, 1.224646799147352961E-16 ) ) ;
#1234 = VECTOR ( 'NONE', #8261, 1000.000000000000000 ) ;
#1235 = CARTESIAN_POINT ( 'NONE',  ( 7.043939393939386839, 7.165151515151509720, 1.963939393939392097 ) ) ;
#1236 = VERTEX_POINT ( 'NONE', #4761 ) ;
#1237 = DIRECTION ( 'NONE',  ( 1.649305920077741323E-16, -0.9284766908852591927, -0.3713906763541040545 ) ) ;
#1238 = DIRECTION ( 'NONE',  ( 2.220446049250312095E-16, -1.000000000000000000, -1.224646799147353207E-16 ) ) ;
#1239 = VECTOR ( 'NONE', #8358, 1000.000000000000000 ) ;
#1240 = DIRECTION ( 'NONE',  ( -2.220446049250312095E-16, 1.000000000000000000, 1.224646799147353207E-16 ) ) ;
#1241 = ORIENTED_EDGE ( 'NONE', *, *, #11382, .F. ) ;
#1242 = CARTESIAN_POINT ( 'NONE',  ( -16.53000000000001180, 9.100000000000001421, -3.774999999999995470 ) ) ;
#1243 = EDGE_CURVE ( 'NONE', #10322, #10252, #11133, .T. ) ;
#1244 = EDGE_CURVE ( 'NONE', #10468, #12872, #6930, .T. ) ;
#1245 = LINE ( 'NONE', #10578, #10489 ) ;
#1246 = DIRECTION ( 'NONE',  ( 1.359631073446890508E-32, 1.000000000000000000, 1.224646799147352961E-16 ) ) ;
#1247 = CARTESIAN_POINT ( 'NONE',  ( 1.589999999999996971, 8.599999999999999645, 1.590000000000002300 ) ) ;
#1248 = VECTOR ( 'NONE', #10339, 1000.000000000000000 ) ;
#1249 = DIRECTION ( 'NONE',  ( -0.9284766908852596368, 0.3713906763541028333, 1.485638603078811822E-16 ) ) ;
#1250 = CARTESIAN_POINT ( 'NONE',  ( 16.53000000000000114, 0.2499999999999967526, 0.4499999999999992339 ) ) ;
#1251 = ORIENTED_EDGE ( 'NONE', *, *, #3641, .T. ) ;
#1252 = AXIS2_PLACEMENT_3D ( 'NONE', #2289, #9451, #6199 ) ;
#1253 = ORIENTED_EDGE ( 'NONE', *, *, #604, .F. ) ;
#1254 = ORIENTED_EDGE ( 'NONE', *, *, #13245, .F. ) ;
#1255 = VERTEX_POINT ( 'NONE', #5977 ) ;
#1256 = DIRECTION ( 'NONE',  ( 1.855469160087460128E-16, -0.3713906763541040545, 0.9284766908852591927 ) ) ;
#1257 = PRESENTATION_LAYER_ASSIGNMENT (  '', '', ( #1699 ) ) ;
#1258 = DIRECTION ( 'NONE',  ( 2.220446049250312095E-16, -1.000000000000000000, -1.224646799147353207E-16 ) ) ;
#1259 = PLANE ( 'NONE',  #5061 ) ;
#1260 = STYLED_ITEM ( 'NONE', ( #328 ), #11174 ) ;
#1261 = ADVANCED_FACE ( 'NONE', ( #2871 ), #33, .F. ) ;
#1262 = ADVANCED_FACE ( 'NONE', ( #781 ), #1860, .F. ) ;
#1263 = EDGE_CURVE ( 'NONE', #7660, #1977, #11258, .T. ) ;
#1264 = DIRECTION ( 'NONE',  ( -1.000000000000000000, 0.000000000000000000, 1.110223024625156294E-16 ) ) ;
#1265 = DIRECTION ( 'NONE',  ( -0.7071067811865491270, 0.7071067811865459074, 1.651002285577380499E-16 ) ) ;
#1266 = EDGE_LOOP ( 'NONE', ( #10627, #363, #3777, #11408 ) ) ;
#1267 = CARTESIAN_POINT ( 'NONE',  ( 1.589999999999996749, 8.100000000000001421, -0.9499999999999981792 ) ) ;
#1268 = DIRECTION ( 'NONE',  ( -0.5773502691896250649, -0.5773502691896273964, 0.5773502691896250649 ) ) ;
#1269 = LINE ( 'NONE', #7361, #4673 ) ;
#1270 = AXIS2_PLACEMENT_3D ( 'NONE', #9883, #623, #4740 ) ;
#1271 = ORIENTED_EDGE ( 'NONE', *, *, #8208, .F. ) ;
#1272 = ADVANCED_FACE ( 'NONE', ( #9028 ), #10170, .T. ) ;
#1273 = ORIENTED_EDGE ( 'NONE', *, *, #8860, .F. ) ;
#1274 = EDGE_CURVE ( 'NONE', #6786, #9218, #8149, .T. ) ;
#1275 = CARTESIAN_POINT ( 'NONE',  ( 15.47999999999999687, 6.650000000000001243, -1.649999999999998801 ) ) ;
#1276 = SURFACE_STYLE_USAGE ( .BOTH. , #4449 ) ;
#1277 = FACE_OUTER_BOUND ( 'NONE', #5002, .T. ) ;
#1278 = DIRECTION ( 'NONE',  ( -1.000000000000000000, 0.000000000000000000, 1.110223024625156294E-16 ) ) ;
#1279 = LINE ( 'NONE', #9190, #2470 ) ;
#1280 = EDGE_LOOP ( 'NONE', ( #8552, #5141, #10917, #12464 ) ) ;
#1281 = DIRECTION ( 'NONE',  ( 1.649305920077741323E-16, -0.9284766908852591927, -0.3713906763541040545 ) ) ;
#1282 = EDGE_LOOP ( 'NONE', ( #12877, #9889, #2181, #4044 ) ) ;
#1283 = VECTOR ( 'NONE', #13195, 1000.000000000000000 ) ;
#1284 = CARTESIAN_POINT ( 'NONE',  ( 4.129999999999995453, 2.599999999999998312, 0.9500000000000013989 ) ) ;
#1285 = VERTEX_POINT ( 'NONE', #8281 ) ;
#1286 = ORIENTED_EDGE ( 'NONE', *, *, #7173, .F. ) ;
#1287 = ADVANCED_FACE ( 'NONE', ( #10307 ), #3886, .T. ) ;
#1288 = CLOSED_SHELL ( 'NONE', ( #4706, #6506, #10218, #10420, #9275, #8151, #9444, #8661, #9742, #11049, #13248, #934, #6125, #9838 ) ) ;
#1289 = DIRECTION ( 'NONE',  ( -0.5773502691896252870, 0.5773502691896270633, 0.5773502691896250649 ) ) ;
#1290 = DIRECTION ( 'NONE',  ( -2.220446049250312095E-16, 1.000000000000000000, 1.224646799147353207E-16 ) ) ;
#1291 = CARTESIAN_POINT ( 'NONE',  ( 0.4499999999999970135, 0.2499999999999958922, 4.425000000000001599 ) ) ;
#1292 = DIRECTION ( 'NONE',  ( 0.3481553119113958150, 0.8703882797784890935, 0.3481553119113959260 ) ) ;
#1293 = ORIENTED_EDGE ( 'NONE', *, *, #11944, .F. ) ;
#1294 = COLOUR_RGB ( '',0.8705882352941176627, 0.6313725490196078205, 0.1725490196078431349 ) ;
#1295 = ORIENTED_EDGE ( 'NONE', *, *, #2362, .T. ) ;
#1296 = FACE_OUTER_BOUND ( 'NONE', #4864, .T. ) ;
#1297 = CARTESIAN_POINT ( 'NONE',  ( -6.030000000000002025, -2.500000000000004885, 1.590000000000001856 ) ) ;
#1298 = DIRECTION ( 'NONE',  ( -1.110223024625156294E-16, 1.224646799147353207E-16, -1.000000000000000000 ) ) ;
#1299 = EDGE_LOOP ( 'NONE', ( #9319, #8703, #5915, #4166 ) ) ;
#1300 = DIRECTION ( 'NONE',  ( 1.000000000000000000, 0.000000000000000000, -1.110223024625156294E-16 ) ) ;
#1301 = ORIENTED_EDGE ( 'NONE', *, *, #188, .T. ) ;
#1302 = CARTESIAN_POINT ( 'NONE',  ( 6.230000000000001315, -3.000000000000004441, -0.9499999999999999556 ) ) ;
#1303 = DIRECTION ( 'NONE',  ( 1.030816200048588727E-16, 0.3713906763541041101, 0.9284766908852591927 ) ) ;
#1304 = ORIENTED_EDGE ( 'NONE', *, *, #11179, .T. ) ;
#1305 = DIRECTION ( 'NONE',  ( 1.000000000000000000, 0.000000000000000000, -1.110223024625156294E-16 ) ) ;
#1306 = FACE_OUTER_BOUND ( 'NONE', #1715, .T. ) ;
#1307 = EDGE_CURVE ( 'NONE', #4092, #526, #4894, .T. ) ;
#1308 = DIRECTION ( 'NONE',  ( 1.359631073446890508E-32, 1.000000000000000000, 1.224646799147352961E-16 ) ) ;
#1309 = VERTEX_POINT ( 'NONE', #11324 ) ;
#1310 = FACE_OUTER_BOUND ( 'NONE', #10815, .T. ) ;
#1311 = DIRECTION ( 'NONE',  ( 1.000000000000000000, 0.000000000000000000, -1.110223024625156294E-16 ) ) ;
#1312 = CARTESIAN_POINT ( 'NONE',  ( 1.589999999999996971, 8.599999999999999645, 1.390000000000001679 ) ) ;
#1313 = DIRECTION ( 'NONE',  ( -1.000000000000000000, 0.000000000000000000, 1.110223024625156294E-16 ) ) ;
#1314 = FACE_OUTER_BOUND ( 'NONE', #12988, .T. ) ;
#1315 = ORIENTED_EDGE ( 'NONE', *, *, #7478, .F. ) ;
#1316 = EDGE_CURVE ( 'NONE', #8662, #2722, #2936, .T. ) ;
#1317 = ADVANCED_FACE ( 'NONE', ( #5167 ), #3954, .T. ) ;
#1318 = ORIENTED_EDGE ( 'NONE', *, *, #8455, .T. ) ;
#1319 = AXIS2_PLACEMENT_3D ( 'NONE', #8198, #5347, #8399 ) ;
#1320 = EDGE_LOOP ( 'NONE', ( #2604, #3921, #2164, #2543 ) ) ;
#1321 = ORIENTED_EDGE ( 'NONE', *, *, #877, .F. ) ;
#1322 = DIRECTION ( 'NONE',  ( 1.110223024625156294E-16, -1.224646799147353207E-16, 1.000000000000000000 ) ) ;
#1323 = FACE_OUTER_BOUND ( 'NONE', #3643, .T. ) ;
#1324 = DIRECTION ( 'NONE',  ( 1.110223024625162210E-16, -2.832970111128507277E-15, 1.000000000000000000 ) ) ;
#1325 = LINE ( 'NONE', #6527, #9820 ) ;
#1326 = DIRECTION ( 'NONE',  ( 1.000000000000000000, 0.000000000000000000, -1.110223024625156294E-16 ) ) ;
#1327 = ORIENTED_EDGE ( 'NONE', *, *, #4461, .T. ) ;
#1328 = FACE_OUTER_BOUND ( 'NONE', #4995, .T. ) ;
#1329 = DIRECTION ( 'NONE',  ( 1.110223024625156294E-16, -1.224646799147353207E-16, 1.000000000000000000 ) ) ;
#1330 = CARTESIAN_POINT ( 'NONE',  ( 3.489999999999999325, 8.599999999999997868, 1.590000000000002300 ) ) ;
#1331 = AXIS2_PLACEMENT_3D ( 'NONE', #6178, #9162, #2939 ) ;
#1332 = ADVANCED_FACE ( 'NONE', ( #9159 ), #5909, .T. ) ;
#1333 = ORIENTED_EDGE ( 'NONE', *, *, #12581, .F. ) ;
#1334 = EDGE_CURVE ( 'NONE', #2778, #5681, #12138, .T. ) ;
#1335 = ADVANCED_FACE ( 'NONE', ( #7128 ), #975, .T. ) ;
#1336 = ORIENTED_EDGE ( 'NONE', *, *, #7295, .F. ) ;
#1337 = LINE ( 'NONE', #11684, #13347 ) ;
#1338 = CARTESIAN_POINT ( 'NONE',  ( 6.481515151515154116, 9.228787878787878540, 1.138484848484851319 ) ) ;
#1339 = AXIS2_PLACEMENT_3D ( 'NONE', #10022, #4876, #1087 ) ;
#1340 = CARTESIAN_POINT ( 'NONE',  ( 6.669999999999994600, 8.599999999999996092, 1.590000000000001856 ) ) ;
#1341 = CARTESIAN_POINT ( 'NONE',  ( 1.589999999999998970, -2.500000000000003997, -1.589999999999999414 ) ) ;
#1342 = CARTESIAN_POINT ( 'NONE',  ( -4.130000000000005222, 8.100000000000001421, -1.589999999999997193 ) ) ;
#1343 = ORIENTED_EDGE ( 'NONE', *, *, #5717, .T. ) ;
#1344 = CARTESIAN_POINT ( 'NONE',  ( -3.490000000000011315, 8.100000000000001421, -0.9499999999999975131 ) ) ;
#1345 = EDGE_LOOP ( 'NONE', ( #9494, #5528, #4880, #5859 ) ) ;
#1346 = VECTOR ( 'NONE', #3137, 1000.000000000000000 ) ;
#1347 = ADVANCED_FACE ( 'NONE', ( #9220 ), #11201, .T. ) ;
#1348 = VECTOR ( 'NONE', #5791, 1000.000000000000000 ) ;
#1349 = DIRECTION ( 'NONE',  ( -2.220446049250312095E-16, 1.000000000000000000, 1.224646799147353207E-16 ) ) ;
#1350 = EDGE_CURVE ( 'NONE', #285, #11295, #5232, .T. ) ;
#1351 = AXIS2_PLACEMENT_3D ( 'NONE', #6407, #2427, #10994 ) ;
#1352 = ORIENTED_EDGE ( 'NONE', *, *, #1491, .F. ) ;
#1353 = EDGE_LOOP ( 'NONE', ( #219, #12421, #4981, #5261 ) ) ;
#1354 = VECTOR ( 'NONE', #1630, 1000.000000000000000 ) ;
#1355 = DIRECTION ( 'NONE',  ( -1.110223024625156294E-16, 1.224646799147353207E-16, -1.000000000000000000 ) ) ;
#1356 = LINE ( 'NONE', #8600, #888 ) ;
#1357 = DIRECTION ( 'NONE',  ( -1.110223024625156294E-16, 1.224646799147353207E-16, -1.000000000000000000 ) ) ;
#1358 = FACE_OUTER_BOUND ( 'NONE', #7770, .T. ) ;
#1359 = ORIENTED_EDGE ( 'NONE', *, *, #7905, .F. ) ;
#1360 = ORIENTED_EDGE ( 'NONE', *, *, #10908, .F. ) ;
#1361 = CARTESIAN_POINT ( 'NONE',  ( 8.570000000000000284, 8.100000000000003197, 1.590000000000001856 ) ) ;
#1362 = EDGE_CURVE ( 'NONE', #2402, #10660, #7469, .T. ) ;
#1363 = CARTESIAN_POINT ( 'NONE',  ( 15.47999999999999687, 6.650000000000001243, -1.649999999999998801 ) ) ;
#1364 = VECTOR ( 'NONE', #7612, 1000.000000000000000 ) ;
#1365 = ADVANCED_FACE ( 'NONE', ( #3202 ), #11588, .F. ) ;
#1366 = LINE ( 'NONE', #4542, #9244 ) ;
#1367 = EDGE_CURVE ( 'NONE', #4599, #8923, #12607, .T. ) ;
#1368 = ORIENTED_EDGE ( 'NONE', *, *, #5150, .F. ) ;
#1369 = AXIS2_PLACEMENT_3D ( 'NONE', #720, #1600, #13019 ) ;
#1370 = DIRECTION ( 'NONE',  ( 1.855469160087460128E-16, -0.3713906763541040545, 0.9284766908852591927 ) ) ;
#1371 = ORIENTED_EDGE ( 'NONE', *, *, #9443, .T. ) ;
#1372 = CARTESIAN_POINT ( 'NONE',  ( -6.029999999999995808, -32.81321928319991343, 0.9499999999999980682 ) ) ;
#1373 = DIRECTION ( 'NONE',  ( -2.220446049250312095E-16, 1.000000000000000000, 1.224646799147353207E-16 ) ) ;
#1374 = ORIENTED_EDGE ( 'NONE', *, *, #5741, .F. ) ;
#1375 = DIRECTION ( 'NONE',  ( 2.220446049250312095E-16, -1.000000000000000000, -1.224646799147353207E-16 ) ) ;
#1376 = DIRECTION ( 'NONE',  ( -2.220446049250312095E-16, 1.000000000000000000, 1.224646799147353207E-16 ) ) ;
#1377 = EDGE_LOOP ( 'NONE', ( #11748, #2633, #3303, #7681 ) ) ;
#1378 = DIRECTION ( 'NONE',  ( -1.110223024625156294E-16, 1.224646799147353207E-16, -1.000000000000000000 ) ) ;
#1379 =( GEOMETRIC_REPRESENTATION_CONTEXT ( 3 ) GLOBAL_UNCERTAINTY_ASSIGNED_CONTEXT ( ( #3672 ) ) GLOBAL_UNIT_ASSIGNED_CONTEXT ( ( #12392, #11123, #1976 ) ) REPRESENTATION_CONTEXT ( 'NONE', 'WORKASPACE' ) );
#1380 = EDGE_CURVE ( 'NONE', #12895, #7086, #9490, .T. ) ;
#1381 = DIRECTION ( 'NONE',  ( -1.110223024625156294E-16, 1.224646799147353207E-16, -1.000000000000000000 ) ) ;
#1382 = DIRECTION ( 'NONE',  ( 0.5773502691896251759, 0.5773502691896271743, 0.5773502691896250649 ) ) ;
#1383 = FACE_OUTER_BOUND ( 'NONE', #1603, .T. ) ;
#1384 = CARTESIAN_POINT ( 'NONE',  ( -11.75000000000000888, 8.599999999999999645, 0.9500000000000037303 ) ) ;
#1385 = MECHANICAL_DESIGN_GEOMETRIC_PRESENTATION_REPRESENTATION (  '', ( #5483 ), #6562 ) ;
#1386 = EDGE_CURVE ( 'NONE', #7002, #9672, #9360, .T. ) ;
#1387 = ORIENTED_EDGE ( 'NONE', *, *, #11598, .T. ) ;
#1388 = ORIENTED_EDGE ( 'NONE', *, *, #2982, .F. ) ;
#1389 = AXIS2_PLACEMENT_3D ( 'NONE', #597, #867, #5928 ) ;
#1390 = ORIENTED_EDGE ( 'NONE', *, *, #3998, .T. ) ;
#1391 = EDGE_CURVE ( 'NONE', #13049, #12447, #2328, .T. ) ;
#1392 = ORIENTED_EDGE ( 'NONE', *, *, #4309, .F. ) ;
#1393 = CARTESIAN_POINT ( 'NONE',  ( 14.05500000000000149, 0.2499999999999976130, -4.338749999999999218 ) ) ;
#1394 = DIRECTION ( 'NONE',  ( -0.5773502691896250649, -0.5773502691896273964, 0.5773502691896250649 ) ) ;
#1395 = FACE_OUTER_BOUND ( 'NONE', #9277, .T. ) ;
#1396 = AXIS2_PLACEMENT_3D ( 'NONE', #1075, #3298, #8512 ) ;
#1397 = CARTESIAN_POINT ( 'NONE',  ( 6.030000000000002025, -3.000000000000004441, -1.150000000000000355 ) ) ;
#1398 = CARTESIAN_POINT ( 'NONE',  ( -6.218484848484845173, 9.228787878787882093, 1.138484848484852652 ) ) ;
#1399 = ORIENTED_EDGE ( 'NONE', *, *, #9035, .T. ) ;
#1400 = DIRECTION ( 'NONE',  ( 0.9284766908852596368, 0.3713906763541028888, -5.759937970183664956E-17 ) ) ;
#1401 = DIRECTION ( 'NONE',  ( -0.9284766908852596368, 0.3713906763541028333, 1.485638603078811822E-16 ) ) ;
#1402 = VECTOR ( 'NONE', #2905, 1000.000000000000000 ) ;
#1403 = DIRECTION ( 'NONE',  ( 0.9284766908852596368, 0.3713906763541028888, -5.759937970183664956E-17 ) ) ;
#1404 = ORIENTED_EDGE ( 'NONE', *, *, #6072, .T. ) ;
#1405 = VECTOR ( 'NONE', #6246, 1000.000000000000000 ) ;
#1406 = VERTEX_POINT ( 'NONE', #6309 ) ;
#1407 = CARTESIAN_POINT ( 'NONE',  ( 16.53000000000000114, 0.2499999999999967526, -2.090000000000000746 ) ) ;
#1408 = ORIENTED_EDGE ( 'NONE', *, *, #9616, .T. ) ;
#1409 = CARTESIAN_POINT ( 'NONE',  ( 4.129999999999993676, 8.599999999999999645, -0.9499999999999984013 ) ) ;
#1410 = DIRECTION ( 'NONE',  ( 2.220446049250311848E-16, -1.000000000000000000, -1.224646799147353454E-16 ) ) ;
#1411 = CARTESIAN_POINT ( 'NONE',  ( -8.025000000000000355, -2.500000000000003109, -0.9499999999999985123 ) ) ;
#1412 = DIRECTION ( 'NONE',  ( 1.000000000000000000, 0.000000000000000000, -1.110223024625156294E-16 ) ) ;
#1413 = EDGE_LOOP ( 'NONE', ( #10935, #4011, #8986, #3260 ) ) ;
#1414 = DIRECTION ( 'NONE',  ( 2.220446049250312095E-16, -1.000000000000000000, -1.224646799147353207E-16 ) ) ;
#1415 = ORIENTED_EDGE ( 'NONE', *, *, #2426, .F. ) ;
#1416 = ADVANCED_FACE ( 'NONE', ( #6442 ), #3403, .F. ) ;
#1417 = AXIS2_PLACEMENT_3D ( 'NONE', #833, #10980, #1714 ) ;
#1418 = DIRECTION ( 'NONE',  ( 1.000000000000000000, 0.000000000000000000, -1.110223024625156294E-16 ) ) ;
#1419 = EDGE_CURVE ( 'NONE', #6414, #55, #7263, .T. ) ;
#1420 = AXIS2_PLACEMENT_3D ( 'NONE', #11013, #4846, #11080 ) ;
#1421 = ORIENTED_EDGE ( 'NONE', *, *, #8865, .F. ) ;
#1422 = ORIENTED_EDGE ( 'NONE', *, *, #9958, .F. ) ;
#1423 = VECTOR ( 'NONE', #10640, 1000.000000000000000 ) ;
#1424 = CARTESIAN_POINT ( 'NONE',  ( -10.48833333333330486, -0.5283333333333328774, 2.868333333333332735 ) ) ;
#1425 = LINE ( 'NONE', #4663, #11050 ) ;
#1426 = PLANE ( 'NONE',  #8107 ) ;
#1427 = ADVANCED_FACE ( 'NONE', ( #11523 ), #3131, .F. ) ;
#1428 = DIRECTION ( 'NONE',  ( 1.110223024625156294E-16, -1.224646799147352961E-16, 1.000000000000000000 ) ) ;
#1429 = EDGE_LOOP ( 'NONE', ( #12807, #47, #40, #12116 ) ) ;
#1430 = ORIENTED_EDGE ( 'NONE', *, *, #6800, .T. ) ;
#1431 = DIRECTION ( 'NONE',  ( -0.7071067811865502373, 0.7071067811865449082, 1.651002285577380499E-16 ) ) ;
#1432 = EDGE_CURVE ( 'NONE', #526, #2224, #2131, .T. ) ;
#1433 = ADVANCED_FACE ( 'NONE', ( #1306 ), #2262, .T. ) ;
#1434 = DIRECTION ( 'NONE',  ( -0.5773502691896250649, -0.5773502691896273964, 0.5773502691896250649 ) ) ;
#1435 = CARTESIAN_POINT ( 'NONE',  ( -7.170000000000003482, 0.2499999999999967526, 4.425000000000002487 ) ) ;
#1436 = ORIENTED_EDGE ( 'NONE', *, *, #13230, .T. ) ;
#1437 = DIRECTION ( 'NONE',  ( 2.220446049250312095E-16, -1.000000000000000000, -1.224646799147353207E-16 ) ) ;
#1438 = VECTOR ( 'NONE', #780, 1000.000000000000000 ) ;
#1439 = EDGE_LOOP ( 'NONE', ( #4944, #2235 ) ) ;
#1440 = CARTESIAN_POINT ( 'NONE',  ( -6.470000000000000639, 8.599999999999999645, -1.149999999999997913 ) ) ;
#1441 = CARTESIAN_POINT ( 'NONE',  ( -13.73000000000000220, 0.2499999999999976130, -4.424999999999996270 ) ) ;
#1442 = EDGE_CURVE ( 'NONE', #11932, #6120, #1109, .T. ) ;
#1443 = ORIENTED_EDGE ( 'NONE', *, *, #4532, .F. ) ;
#1444 = CARTESIAN_POINT ( 'NONE',  ( -9.772738174262939500E-15, -2.602085213965210642E-15, -3.624999999999997335 ) ) ;
#1445 = CARTESIAN_POINT ( 'NONE',  ( 9.209999999999997300, 8.600000000000003197, -1.589999999999998970 ) ) ;
#1446 = EDGE_LOOP ( 'NONE', ( #211, #12929, #1633, #1090 ) ) ;
#1447 = DIRECTION ( 'NONE',  ( -0.3481553119113940942, 0.8703882797784897596, -0.3481553119113955930 ) ) ;
#1448 = AXIS2_PLACEMENT_3D ( 'NONE', #10398, #7359, #1132 ) ;
#1449 = AXIS2_PLACEMENT_3D ( 'NONE', #7192, #2055, #12332 ) ;
#1450 = CARTESIAN_POINT ( 'NONE',  ( -11.49666666666670700, -3.133333333333335080, 1.203333333333332034 ) ) ;
#1451 = DIRECTION ( 'NONE',  ( -0.3481553119113940942, 0.8703882797784897596, -0.3481553119113955930 ) ) ;
#1452 = DIRECTION ( 'NONE',  ( -2.821527733676277528E-15, 1.224646799147354193E-16, -1.000000000000000000 ) ) ;
#1453 = VECTOR ( 'NONE', #4397, 999.9999999999998863 ) ;
#1454 = ORIENTED_EDGE ( 'NONE', *, *, #6590, .F. ) ;
#1455 = VERTEX_POINT ( 'NONE', #6376 ) ;
#1456 = CARTESIAN_POINT ( 'NONE',  ( 9.009999999999996234, 8.600000000000003197, 1.590000000000001412 ) ) ;
#1457 = EDGE_CURVE ( 'NONE', #1144, #7439, #12472, .T. ) ;
#1458 = VECTOR ( 'NONE', #8627, 1000.000000000000000 ) ;
#1459 = CARTESIAN_POINT ( 'NONE',  ( -3.690000000000010161, 8.599999999999997868, -1.389999999999996794 ) ) ;
#1460 = ORIENTED_EDGE ( 'NONE', *, *, #9530, .T. ) ;
#1461 = CARTESIAN_POINT ( 'NONE',  ( 1.389999999999993907, -3.000000000000004441, 1.150000000000001465 ) ) ;
#1462 = AXIS2_PLACEMENT_3D ( 'NONE', #12054, #11244, #1775 ) ;
#1463 = CARTESIAN_POINT ( 'NONE',  ( -9.210000000000006182, 0.7499999999999972244, 0.9500000000000026201 ) ) ;
#1464 = CARTESIAN_POINT ( 'NONE',  ( -16.53000000000000114, 0.2499999999999967526, 4.425000000000003375 ) ) ;
#1465 = EDGE_CURVE ( 'NONE', #13375, #1988, #7338, .T. ) ;
#1466 = AXIS2_PLACEMENT_3D ( 'NONE', #9590, #2361, #8776 ) ;
#1467 = CARTESIAN_POINT ( 'NONE',  ( -0.4050000000000111844, -2.500000000000003997, 1.590000000000001412 ) ) ;
#1468 = LINE ( 'NONE', #7423, #10228 ) ;
#1469 = ORIENTED_EDGE ( 'NONE', *, *, #2843, .F. ) ;
#1470 = DIRECTION ( 'NONE',  ( -0.9284766908852590817, -0.3713906763541042766, 5.759937970183641537E-17 ) ) ;
#1472 =( GEOMETRIC_REPRESENTATION_CONTEXT ( 3 ) GLOBAL_UNCERTAINTY_ASSIGNED_CONTEXT ( ( #8948 ) ) GLOBAL_UNIT_ASSIGNED_CONTEXT ( ( #5949, #9316, #8507 ) ) REPRESENTATION_CONTEXT ( 'NONE', 'WORKASPACE' ) );
#1471 = CARTESIAN_POINT ( 'NONE',  ( -9.710000000000006182, 0.2499999999999958922, 2.090000000000003411 ) ) ;
#1473 = CARTESIAN_POINT ( 'NONE',  ( -1.590000000000003189, -3.000000000000004441, -1.389999999999998348 ) ) ;
#1474 = ORIENTED_EDGE ( 'NONE', *, *, #1689, .T. ) ;
#1475 = AXIS2_PLACEMENT_3D ( 'NONE', #13374, #2072, #2149 ) ;
#1476 = ORIENTED_EDGE ( 'NONE', *, *, #12099, .F. ) ;
#1477 = VECTOR ( 'NONE', #2401, 1000.000000000000000 ) ;
#1478 = DIRECTION ( 'NONE',  ( 0.9284766908852591927, -0.3713906763541040545, -1.485638603078812808E-16 ) ) ;
#1479 = VERTEX_POINT ( 'NONE', #9139 ) ;
#1480 = CARTESIAN_POINT ( 'NONE',  ( -0.4500000000000153322, 0.2499999999999985012, 0.4500000000000011213 ) ) ;
#1481 = FACE_OUTER_BOUND ( 'NONE', #832, .T. ) ;
#1482 = DIRECTION ( 'NONE',  ( 1.000000000000000000, 0.000000000000000000, -1.110223024625156294E-16 ) ) ;
#1483 = ORIENTED_EDGE ( 'NONE', *, *, #7647, .F. ) ;
#1484 = CARTESIAN_POINT ( 'NONE',  ( -6.030000000000002025, 0.7499999999999972244, -1.589999999999998082 ) ) ;
#1485 = ORIENTED_EDGE ( 'NONE', *, *, #2168, .T. ) ;
#1486 = FACE_OUTER_BOUND ( 'NONE', #11171, .T. ) ;
#1487 = AXIS2_PLACEMENT_3D ( 'NONE', #3968, #12221, #9043 ) ;
#1488 = VECTOR ( 'NONE', #8802, 1000.000000000000000 ) ;
#1489 = VERTEX_POINT ( 'NONE', #9266 ) ;
#1490 = ORIENTED_EDGE ( 'NONE', *, *, #12534, .F. ) ;
#1491 = EDGE_CURVE ( 'NONE', #13039, #5272, #5208, .T. ) ;
#1492 = DIRECTION ( 'NONE',  ( -0.5773502691896250649, -0.5773502691896273964, 0.5773502691896250649 ) ) ;
#1493 = FACE_BOUND ( 'NONE', #9708, .T. ) ;
#1494 = LINE ( 'NONE', #4597, #13271 ) ;
#1495 = AXIS2_PLACEMENT_3D ( 'NONE', #11224, #5258, #12499 ) ;
#1496 = ORIENTED_EDGE ( 'NONE', *, *, #772, .T. ) ;
#1497 = VERTEX_POINT ( 'NONE', #10355 ) ;
#1498 = DIRECTION ( 'NONE',  ( -1.000000000000000000, 0.000000000000000000, 1.110223024625156294E-16 ) ) ;
#1499 = DIRECTION ( 'NONE',  ( 1.110223024625156294E-16, -1.224646799147353207E-16, 1.000000000000000000 ) ) ;
#1500 = DIRECTION ( 'NONE',  ( 1.110223024625156294E-16, -1.224646799147352961E-16, 1.000000000000000000 ) ) ;
#1501 = LINE ( 'NONE', #5679, #3404 ) ;
#1502 = ORIENTED_EDGE ( 'NONE', *, *, #10691, .F. ) ;
#1503 = LINE ( 'NONE', #9685, #6448 ) ;
#1505 = EDGE_CURVE ( 'NONE', #11963, #8748, #80, .T. ) ;
#1504 = ORIENTED_EDGE ( 'NONE', *, *, #11506, .F. ) ;
#1506 = LINE ( 'NONE', #5623, #12045 ) ;
#1507 = EDGE_CURVE ( 'NONE', #7904, #1597, #668, .T. ) ;
#1508 = EDGE_CURVE ( 'NONE', #4294, #7701, #12313, .T. ) ;
#1509 = CARTESIAN_POINT ( 'NONE',  ( 8.570000000000000284, 8.100000000000003197, -0.9499999999999989564 ) ) ;
#1510 = DIRECTION ( 'NONE',  ( -2.220446049250312095E-16, 1.000000000000000000, 1.224646799147353207E-16 ) ) ;
#1511 = ORIENTED_EDGE ( 'NONE', *, *, #11582, .F. ) ;
#1512 = CLOSED_SHELL ( 'NONE', ( #5319, #3783, #710, #7387, #523, #590, #11025, #2917, #684, #4762, #12745, #13227, #8301, #12666, #11670, #4481, #1949, #6551, #5429, #442, #10555, #7798, #6660, #4295, #5244, #6446, #3349, #6970, #276, #8288, #3911, #7527, #7199, #4558, #11538, #4018, #8987, #1147, #4768, #10689, #9329, #12915, #2664, #4730, #6957, #4515, #1124, #8023, #9368, #10009, #7707, #7740, #4925, #1735, #4490, #5164, #5545, #6135, #707, #9646, #9954, #8632, #11446, #3902, #469, #6731, #6365, #3565, #2317, #2770, #6012, #9395, #697, #6290, #7636, #4979, #11800, #350, #10936, #8880, #4220, #10138, #1262, #5934, #3901, #3290, #11005, #5304, #4261, #1427, #4735, #12530, #5815, #3415, #4885, #4025, #7327, #9705, #9931, #10018, #2712, #5804, #10978, #11084, #8337, #5417, #10921, #3094, #9786, #8630, #2335, #10269, #6232, #198, #3828, #6002, #8907, #953, #8934, #2214, #5056, #9942, #6033, #10437, #10931, #801, #10858, #6031, #9707, #5262, #2961, #11249, #10953, #11656, #1091, #11354, #681, #10357, #3150, #10848, #12916, #836, #5877, #2752, #4311, #5187, #807, #10909, #9486, #1164, #428, #5009, #12505, #7307, #135, #4438, #12486, #2663, #8564, #11007, #5968, #608, #13205, #3803, #8882, #2555, #11512, #7614, #6473, #4904, #1916, #7373, #1347, #394, #3516, #5213, #3839, #10186, #8146, #6462, #12425, #9638, #3078, #8457, #11502, #11108, #3639, #6829, #1272, #12579, #5162, #1520, #2253, #13159, #3853, #7901, #7493, #906, #8291, #3540, #5647, #1332, #1517, #3883, #2597, #12939, #5736, #11515, #12959, #7049, #10229 ) ) ;
#1513 = LINE ( 'NONE', #1445, #10045 ) ;
#1514 = ORIENTED_EDGE ( 'NONE', *, *, #1749, .T. ) ;
#1515 = PLANE ( 'NONE',  #6500 ) ;
#1516 = EDGE_CURVE ( 'NONE', #6136, #945, #8327, .T. ) ;
#1517 = ADVANCED_FACE ( 'NONE', ( #4001 ), #3177, .T. ) ;
#1518 = DIRECTION ( 'NONE',  ( -0.3481553119113940942, 0.8703882797784897596, -0.3481553119113955930 ) ) ;
#1519 = PLANE ( 'NONE',  #13254 ) ;
#1520 = ADVANCED_FACE ( 'NONE', ( #1838 ), #9201, .T. ) ;
#1521 = UNCERTAINTY_MEASURE_WITH_UNIT (LENGTH_MEASURE( 1.000000000000000082E-05 ), #10256, 'distance_accuracy_value', 'NONE');
#1522 = CARTESIAN_POINT ( 'NONE',  ( 3.567575757575754736, 8.293939393939391280, -1.512424242424237342 ) ) ;
#1523 = ORIENTED_EDGE ( 'NONE', *, *, #3927, .T. ) ;
#1524 = ORIENTED_EDGE ( 'NONE', *, *, #6486, .T. ) ;
#1525 = CARTESIAN_POINT ( 'NONE',  ( -4.130000000000003446, -32.81321928319991343, 1.589999999999998082 ) ) ;
#1526 = ORIENTED_EDGE ( 'NONE', *, *, #9104, .F. ) ;
#1527 = VERTEX_POINT ( 'NONE', #1900 ) ;
#1528 = DIRECTION ( 'NONE',  ( -2.220446049250312095E-16, 1.000000000000000000, 1.224646799147353207E-16 ) ) ;
#1529 = FACE_OUTER_BOUND ( 'NONE', #3508, .T. ) ;
#1530 = LINE ( 'NONE', #9778, #9605 ) ;
#1531 = DIRECTION ( 'NONE',  ( 2.599483128751245825E-15, 1.224646799147352221E-16, -1.000000000000000000 ) ) ;
#1532 = CARTESIAN_POINT ( 'NONE',  ( 8.769999999999996021, -3.000000000000004441, -1.150000000000000577 ) ) ;
#1533 = VERTEX_POINT ( 'NONE', #8125 ) ;
#1534 = DIRECTION ( 'NONE',  ( -0.5773502691896250649, -0.5773502691896273964, 0.5773502691896250649 ) ) ;
#1535 = ADVANCED_FACE ( 'NONE', ( #4946 ), #8258, .F. ) ;
#1536 = CARTESIAN_POINT ( 'NONE',  ( 15.47999999999999687, 6.650000000000001243, 1.649999999999999911 ) ) ;
#1537 = DIRECTION ( 'NONE',  ( 1.110223024625156294E-16, -1.224646799147353207E-16, 1.000000000000000000 ) ) ;
#1538 = EDGE_CURVE ( 'NONE', #200, #7086, #12249, .T. ) ;
#1539 = ADVANCED_FACE ( 'NONE', ( #6022 ), #10084, .F. ) ;
#1540 = ORIENTED_EDGE ( 'NONE', *, *, #12008, .F. ) ;
#1541 = VECTOR ( 'NONE', #4349, 1000.000000000000000 ) ;
#1542 = EDGE_LOOP ( 'NONE', ( #756, #10786, #12186, #9627 ) ) ;
#1543 = PLANE ( 'NONE',  #4269 ) ;
#1544 = ORIENTED_EDGE ( 'NONE', *, *, #4221, .F. ) ;
#1545 = CARTESIAN_POINT ( 'NONE',  ( 11.54999999999999361, -3.000000000000003553, 1.389999999999999458 ) ) ;
#1546 = FACE_OUTER_BOUND ( 'NONE', #4797, .T. ) ;
#1547 = ORIENTED_EDGE ( 'NONE', *, *, #1915, .T. ) ;
#1548 = CARTESIAN_POINT ( 'NONE',  ( -1.590000000000005187, 8.599999999999997868, 1.590000000000002744 ) ) ;
#1549 = VERTEX_POINT ( 'NONE', #12380 ) ;
#1550 = LINE ( 'NONE', #1616, #3605 ) ;
#1551 = VECTOR ( 'NONE', #10857, 1000.000000000000000 ) ;
#1552 = ORIENTED_EDGE ( 'NONE', *, *, #9259, .T. ) ;
#1553 = VERTEX_POINT ( 'NONE', #13328 ) ;
#1554 = DIRECTION ( 'NONE',  ( 2.220446049250312095E-16, -1.000000000000000000, -1.224646799147353207E-16 ) ) ;
#1555 = DIRECTION ( 'NONE',  ( 2.220446049250311848E-16, -1.000000000000000000, -1.224646799147353454E-16 ) ) ;
#1556 = FACE_BOUND ( 'NONE', #12470, .T. ) ;
#1557 = VECTOR ( 'NONE', #6951, 1000.000000000000000 ) ;
#1558 = ADVANCED_FACE ( 'NONE', ( #3108 ), #10153, .F. ) ;
#1559 = LINE ( 'NONE', #417, #5916 ) ;
#1560 = VECTOR ( 'NONE', #9614, 1000.000000000000000 ) ;
#1561 = ORIENTED_EDGE ( 'NONE', *, *, #588, .F. ) ;
#1562 = STYLED_ITEM ( 'NONE', ( #12840 ), #2070 ) ;
#1563 = EDGE_LOOP ( 'NONE', ( #12017, #5849, #8743, #3506 ) ) ;
#1564 = LINE ( 'NONE', #9194, #3121 ) ;
#1565 = PLANE ( 'NONE',  #2001 ) ;
#1566 = CARTESIAN_POINT ( 'NONE',  ( -9.209999999999999076, -32.81321928319991343, -1.590000000000001856 ) ) ;
#1567 = FACE_OUTER_BOUND ( 'NONE', #12522, .T. ) ;
#1568 = ORIENTED_EDGE ( 'NONE', *, *, #1652, .F. ) ;
#1569 = LINE ( 'NONE', #5683, #10125 ) ;
#1570 = VECTOR ( 'NONE', #751, 1000.000000000000000 ) ;
#1571 = ORIENTED_EDGE ( 'NONE', *, *, #5634, .T. ) ;
#1572 = DIRECTION ( 'NONE',  ( -1.000000000000000000, 0.000000000000000000, 1.110223024625156294E-16 ) ) ;
#1573 = PLANE ( 'NONE',  #13124 ) ;
#1574 = CARTESIAN_POINT ( 'NONE',  ( 4.751666666666658934, -0.5283333333333319892, 2.868333333333330515 ) ) ;
#1575 = ORIENTED_EDGE ( 'NONE', *, *, #4815, .T. ) ;
#1576 = DIRECTION ( 'NONE',  ( -2.220446049250312095E-16, 1.000000000000000000, 1.224646799147353207E-16 ) ) ;
#1577 = ORIENTED_EDGE ( 'NONE', *, *, #1166, .T. ) ;
#1578 = LINE ( 'NONE', #10839, #3701 ) ;
#1579 = VECTOR ( 'NONE', #9734, 1000.000000000000000 ) ;
#1580 = EDGE_CURVE ( 'NONE', #8396, #5607, #11241, .T. ) ;
#1581 = ADVANCED_FACE ( 'NONE', ( #1964 ), #3930, .F. ) ;
#1582 = EDGE_CURVE ( 'NONE', #6560, #7207, #951, .T. ) ;
#1583 = LINE ( 'NONE', #4754, #3097 ) ;
#1584 = DIRECTION ( 'NONE',  ( -2.821527733676277528E-15, 1.224646799147354193E-16, -1.000000000000000000 ) ) ;
#1585 = VERTEX_POINT ( 'NONE', #4062 ) ;
#1586 = VECTOR ( 'NONE', #5914, 1000.000000000000000 ) ;
#1587 = DIRECTION ( 'NONE',  ( 1.000000000000000000, 0.000000000000000000, -1.110223024625156294E-16 ) ) ;
#1588 = ORIENTED_EDGE ( 'NONE', *, *, #13274, .F. ) ;
#1589 = VECTOR ( 'NONE', #3472, 999.9999999999998863 ) ;
#1590 = EDGE_LOOP ( 'NONE', ( #6221, #6693, #10963, #6802 ) ) ;
#1591 = DIRECTION ( 'NONE',  ( -1.110223024625156294E-16, 1.224646799147353207E-16, -1.000000000000000000 ) ) ;
#1592 = DIRECTION ( 'NONE',  ( -1.000000000000000000, 0.000000000000000000, 1.110223024625156294E-16 ) ) ;
#1593 = EDGE_CURVE ( 'NONE', #3761, #116, #8194, .T. ) ;
#1594 = DIRECTION ( 'NONE',  ( 0.9284766908852596368, 0.3713906763541028888, -5.759937970183664956E-17 ) ) ;
#1595 = CARTESIAN_POINT ( 'NONE',  ( 1.590000000000006075, -32.81321928319991343, 1.589999999999997193 ) ) ;
#1596 = FACE_OUTER_BOUND ( 'NONE', #4531, .T. ) ;
#1597 = VERTEX_POINT ( 'NONE', #10359 ) ;
#1598 = EDGE_CURVE ( 'NONE', #8548, #10202, #10287, .T. ) ;
#1599 = DIRECTION ( 'NONE',  ( 1.000000000000000000, 0.000000000000000000, -1.110223024625156294E-16 ) ) ;
#1600 = DIRECTION ( 'NONE',  ( -2.220446049250312095E-16, 1.000000000000000000, 1.224646799147353207E-16 ) ) ;
#1601 = EDGE_CURVE ( 'NONE', #3067, #2113, #11306, .T. ) ;
#1602 =( LENGTH_UNIT ( ) NAMED_UNIT ( * ) SI_UNIT ( .MILLI., .METRE. ) );
#1603 = EDGE_LOOP ( 'NONE', ( #6230, #11807, #882, #12331 ) ) ;
#1604 = EDGE_LOOP ( 'NONE', ( #11468, #11526, #2086, #11424 ) ) ;
#1605 = DIRECTION ( 'NONE',  ( 1.110223024625156294E-16, -1.224646799147353207E-16, 1.000000000000000000 ) ) ;
#1606 = EDGE_LOOP ( 'NONE', ( #3522, #98, #5378, #6614 ) ) ;
#1607 = LINE ( 'NONE', #12896, #6086 ) ;
#1608 = PLANE ( 'NONE',  #10469 ) ;
#1609 = CARTESIAN_POINT ( 'NONE',  ( 11.10999999999999588, 8.599999999999999645, 1.590000000000001412 ) ) ;
#1610 = VERTEX_POINT ( 'NONE', #11570 ) ;
#1611 = PLANE ( 'NONE',  #11943 ) ;
#1612 = VECTOR ( 'NONE', #8235, 1000.000000000000000 ) ;
#1613 = CARTESIAN_POINT ( 'NONE',  ( 7.169999999999998153, 0.2499999999999976130, 4.425000000000000711 ) ) ;
#1614 = ORIENTED_EDGE ( 'NONE', *, *, #3191, .F. ) ;
#1615 = AXIS2_PLACEMENT_3D ( 'NONE', #1467, #7755, #4571 ) ;
#1616 = CARTESIAN_POINT ( 'NONE',  ( 6.030000000000001137, 2.599999999999996536, 0.9500000000000011768 ) ) ;
#1617 = AXIS2_PLACEMENT_3D ( 'NONE', #11148, #10939, #8975 ) ;
#1618 = ORIENTED_EDGE ( 'NONE', *, *, #5591, .F. ) ;
#1619 = ORIENTED_EDGE ( 'NONE', *, *, #10813, .T. ) ;
#1620 = CARTESIAN_POINT ( 'NONE',  ( 7.169999999999998153, 0.2499999999999976130, 4.425000000000000711 ) ) ;
#1621 = CARTESIAN_POINT ( 'NONE',  ( -0.9499999999999945155, -32.81321928319991343, 0.9499999999999976241 ) ) ;
#1622 = EDGE_CURVE ( 'NONE', #1988, #12704, #12384, .T. ) ;
#1623 = CARTESIAN_POINT ( 'NONE',  ( -8.070000000000003837, 0.2499999999999958922, 4.424999999999942091 ) ) ;
#1624 = CARTESIAN_POINT ( 'NONE',  ( -4.130000000000004334, 2.599999999999998757, -1.589999999999997859 ) ) ;
#1625 = VERTEX_POINT ( 'NONE', #9472 ) ;
#1626 = AXIS2_PLACEMENT_3D ( 'NONE', #7683, #317, #3618 ) ;
#1627 = ORIENTED_EDGE ( 'NONE', *, *, #10958, .T. ) ;
#1628 = LINE ( 'NONE', #2708, #5501 ) ;
#1629 = EDGE_CURVE ( 'NONE', #3418, #11006, #1154, .T. ) ;
#1630 = DIRECTION ( 'NONE',  ( 1.000000000000000000, 0.000000000000000000, -1.110223024625156294E-16 ) ) ;
#1631 = FILL_AREA_STYLE_COLOUR ( '', #2118 ) ;
#1632 = EDGE_CURVE ( 'NONE', #9122, #11751, #3111, .T. ) ;
#1633 = ORIENTED_EDGE ( 'NONE', *, *, #6735, .F. ) ;
#1634 = CARTESIAN_POINT ( 'NONE',  ( 4.674999999999999822, 2.799999999999999378, 0.9500000000000012879 ) ) ;
#1635 = VERTEX_POINT ( 'NONE', #2036 ) ;
#1636 = CARTESIAN_POINT ( 'NONE',  ( 6.030000000000002025, 0.7499999999999963363, -0.9499999999999995115 ) ) ;
#1637 = LINE ( 'NONE', #1843, #7291 ) ;
#1638 = DIRECTION ( 'NONE',  ( -1.110223024625156294E-16, 1.224646799147353207E-16, -1.000000000000000000 ) ) ;
#1639 = ORIENTED_EDGE ( 'NONE', *, *, #10512, .T. ) ;
#1640 = VECTOR ( 'NONE', #12329, 1000.000000000000000 ) ;
#1641 = PLANE ( 'NONE',  #4863 ) ;
#1642 = ORIENTED_EDGE ( 'NONE', *, *, #2740, .T. ) ;
#1643 = DIRECTION ( 'NONE',  ( 1.000000000000000000, 0.000000000000000000, -1.110223024625156294E-16 ) ) ;
#1644 = DIRECTION ( 'NONE',  ( 2.220446049250312095E-16, -1.000000000000000000, -1.224646799147353207E-16 ) ) ;
#1645 = DIRECTION ( 'NONE',  ( 1.030816200048588727E-16, 0.3713906763541041101, 0.9284766908852591927 ) ) ;
#1646 = AXIS2_PLACEMENT_3D ( 'NONE', #6808, #3633, #11011 ) ;
#1647 = PRODUCT_DEFINITION_CONTEXT ( 'detailed design', #8536, 'design' ) ;
#1648 = LINE ( 'NONE', #1784, #12064 ) ;
#1649 = ORIENTED_EDGE ( 'NONE', *, *, #6580, .F. ) ;
#1650 = DIRECTION ( 'NONE',  ( 1.110223024625156294E-16, -1.224646799147353207E-16, 1.000000000000000000 ) ) ;
#1651 = ORIENTED_EDGE ( 'NONE', *, *, #4887, .F. ) ;
#1652 = EDGE_CURVE ( 'NONE', #4639, #10185, #6158, .T. ) ;
#1653 = ORIENTED_EDGE ( 'NONE', *, *, #7241, .T. ) ;
#1654 = DIRECTION ( 'NONE',  ( -0.9284766908852596368, 0.3713906763541028333, 1.485638603078811822E-16 ) ) ;
#1655 = LINE ( 'NONE', #6858, #5446 ) ;
#1656 = VECTOR ( 'NONE', #6953, 999.9999999999998863 ) ;
#1657 = VECTOR ( 'NONE', #8079, 1000.000000000000000 ) ;
#1658 = EDGE_CURVE ( 'NONE', #2003, #11000, #8450, .T. ) ;
#1659 = FACE_OUTER_BOUND ( 'NONE', #12404, .T. ) ;
#1660 = PLANE ( 'NONE',  #3051 ) ;
#1661 = DIRECTION ( 'NONE',  ( -0.3713906763541042766, 0.9284766908852590817, 1.549382487594995162E-16 ) ) ;
#1662 = DIRECTION ( 'NONE',  ( -2.220446049250312095E-16, 1.000000000000000000, 1.224646799147353207E-16 ) ) ;
#1663 = EDGE_LOOP ( 'NONE', ( #10595, #4833, #7033, #2768 ) ) ;
#1664 = DIRECTION ( 'NONE',  ( 1.000000000000000000, 0.000000000000000000, -1.110223024625156294E-16 ) ) ;
#1665 = CYLINDRICAL_SURFACE ( 'NONE', #6111, 0.4250000000000000444 ) ;
#1666 = VECTOR ( 'NONE', #1857, 1000.000000000000000 ) ;
#1667 = FACE_OUTER_BOUND ( 'NONE', #10288, .T. ) ;
#1668 = VECTOR ( 'NONE', #1382, 1000.000000000000000 ) ;
#1669 = EDGE_LOOP ( 'NONE', ( #6082, #11158, #10048, #6826 ) ) ;
#1670 = EDGE_LOOP ( 'NONE', ( #5508, #1111, #2977, #6559 ) ) ;
#1671 = EDGE_CURVE ( 'NONE', #5818, #9744, #11373, .T. ) ;
#1672 = DIRECTION ( 'NONE',  ( -1.000000000000000000, 0.000000000000000000, 0.000000000000000000 ) ) ;
#1673 = ORIENTED_EDGE ( 'NONE', *, *, #2724, .T. ) ;
#1674 = LINE ( 'NONE', #9045, #1348 ) ;
#1675 = EDGE_CURVE ( 'NONE', #5396, #8931, #5146, .T. ) ;
#1676 = EDGE_CURVE ( 'NONE', #7123, #10024, #148, .T. ) ;
#1677 = AXIS2_PLACEMENT_3D ( 'NONE', #3724, #7791, #7856 ) ;
#1678 = LINE ( 'NONE', #11217, #7882 ) ;
#1679 = DIRECTION ( 'NONE',  ( 1.000000000000000000, 0.000000000000000000, -1.110223024625156294E-16 ) ) ;
#1680 = ORIENTED_EDGE ( 'NONE', *, *, #5380, .T. ) ;
#1681 = LINE ( 'NONE', #9596, #9572 ) ;
#1682 = AXIS2_PLACEMENT_3D ( 'NONE', #8290, #9369, #12282 ) ;
#1683 = CARTESIAN_POINT ( 'NONE',  ( 3.489999999999992220, 8.100000000000001421, -0.9499999999999984013 ) ) ;
#1684 = ORIENTED_EDGE ( 'NONE', *, *, #1044, .T. ) ;
#1685 = CARTESIAN_POINT ( 'NONE',  ( 8.069999999999996732, 0.2499999999999976130, 0.4500000000000001776 ) ) ;
#1686 = EDGE_CURVE ( 'NONE', #3587, #7413, #4329, .T. ) ;
#1687 = VECTOR ( 'NONE', #11229, 1000.000000000000000 ) ;
#1688 = VERTEX_POINT ( 'NONE', #3312 ) ;
#1689 = EDGE_CURVE ( 'NONE', #8374, #1081, #83, .T. ) ;
#1690 = VECTOR ( 'NONE', #7273, 1000.000000000000000 ) ;
#1691 = ORIENTED_EDGE ( 'NONE', *, *, #5709, .T. ) ;
#1692 = PRESENTATION_LAYER_ASSIGNMENT (  '', '', ( #822 ) ) ;
#1693 = DIRECTION ( 'NONE',  ( 1.000000000000000000, 0.000000000000000000, -1.110223024625156294E-16 ) ) ;
#1694 = DIRECTION ( 'NONE',  ( -0.3713906763541042766, 0.9284766908852590817, 1.549382487594995162E-16 ) ) ;
#1695 = CARTESIAN_POINT ( 'NONE',  ( -11.11000000000000476, -2.500000000000003997, 1.590000000000002744 ) ) ;
#1696 = PLANE ( 'NONE',  #960 ) ;
#1697 = FACE_OUTER_BOUND ( 'NONE', #10386, .T. ) ;
#1698 = ORIENTED_EDGE ( 'NONE', *, *, #11189, .F. ) ;
#1699 = STYLED_ITEM ( 'NONE', ( #9305 ), #6380 ) ;
#1700 = ORIENTED_EDGE ( 'NONE', *, *, #9533, .T. ) ;
#1701 = LINE ( 'NONE', #1765, #2695 ) ;
#1702 = VECTOR ( 'NONE', #12864, 1000.000000000000000 ) ;
#1703 = LINE ( 'NONE', #10213, #11497 ) ;
#1704 = EDGE_CURVE ( 'NONE', #8396, #11666, #9203, .T. ) ;
#1705 = ORIENTED_EDGE ( 'NONE', *, *, #1704, .T. ) ;
#1706 = DIRECTION ( 'NONE',  ( -0.3481553119113961481, 0.8703882797784888714, 0.3481553119113960371 ) ) ;
#1707 = ADVANCED_FACE ( 'NONE', ( #3180 ), #4197, .F. ) ;
#1708 = AXIS2_PLACEMENT_3D ( 'NONE', #1566, #1500, #2516 ) ;
#1709 = VERTEX_POINT ( 'NONE', #13333 ) ;
#1710 = FACE_OUTER_BOUND ( 'NONE', #6967, .T. ) ;
#1711 = DIRECTION ( 'NONE',  ( 2.220446049250312095E-16, -1.000000000000000000, -1.224646799147353207E-16 ) ) ;
#1712 = PLANE ( 'NONE',  #1048 ) ;
#1713 = ORIENTED_EDGE ( 'NONE', *, *, #7216, .F. ) ;
#1714 = DIRECTION ( 'NONE',  ( 1.000000000000000000, 0.000000000000000000, 0.000000000000000000 ) ) ;
#1715 = EDGE_LOOP ( 'NONE', ( #12722, #10378, #3419, #12309 ) ) ;
#1716 = CARTESIAN_POINT ( 'NONE',  ( -8.570000000000003837, -2.500000000000003109, -0.9499999999999982903 ) ) ;
#1717 = VECTOR ( 'NONE', #4336, 1000.000000000000000 ) ;
#1718 = SURFACE_STYLE_USAGE ( .BOTH. , #8875 ) ;
#1719 = LINE ( 'NONE', #10033, #4076 ) ;
#1720 = ORIENTED_EDGE ( 'NONE', *, *, #5756, .F. ) ;
#1721 = FACE_OUTER_BOUND ( 'NONE', #6587, .T. ) ;
#1722 = EDGE_CURVE ( 'NONE', #7002, #6980, #11441, .T. ) ;
#1723 = EDGE_LOOP ( 'NONE', ( #11083, #8996, #5344, #7871 ) ) ;
#1724 = VECTOR ( 'NONE', #5028, 1000.000000000000000 ) ;
#1725 = ORIENTED_EDGE ( 'NONE', *, *, #2933, .F. ) ;
#1726 = CARTESIAN_POINT ( 'NONE',  ( 8.569999999999998508, 0.7499999999999972244, 1.590000000000000968 ) ) ;
#1727 = FACE_OUTER_BOUND ( 'NONE', #3768, .T. ) ;
#1728 = DIRECTION ( 'NONE',  ( -1.110223024625156294E-16, 1.224646799147353207E-16, -1.000000000000000000 ) ) ;
#1729 = DIRECTION ( 'NONE',  ( -1.000000000000000000, 0.000000000000000000, 1.110223024625156294E-16 ) ) ;
#1730 = DIRECTION ( 'NONE',  ( 1.110223024625156294E-16, -1.224646799147353207E-16, 1.000000000000000000 ) ) ;
#1731 = DIRECTION ( 'NONE',  ( -2.220446049250312095E-16, 1.000000000000000000, 1.224646799147353207E-16 ) ) ;
#1732 = ORIENTED_EDGE ( 'NONE', *, *, #8384, .T. ) ;
#1733 = DIRECTION ( 'NONE',  ( -1.000000000000000000, 0.000000000000000000, 1.110223024625156294E-16 ) ) ;
#1734 = CARTESIAN_POINT ( 'NONE',  ( -1.590000000000004077, 2.599999999999998312, -0.9499999999999984013 ) ) ;
#1735 = ADVANCED_FACE ( 'NONE', ( #4264 ), #1220, .F. ) ;
#1736 = LINE ( 'NONE', #9100, #4710 ) ;
#1737 = ORIENTED_EDGE ( 'NONE', *, *, #3980, .T. ) ;
#1738 = ORIENTED_EDGE ( 'NONE', *, *, #4450, .T. ) ;
#1739 = FACE_OUTER_BOUND ( 'NONE', #10659, .T. ) ;
#1740 = ORIENTED_EDGE ( 'NONE', *, *, #5604, .F. ) ;
#1741 = DIRECTION ( 'NONE',  ( -1.000000000000000000, 0.000000000000000000, 1.110223024625156294E-16 ) ) ;
#1742 = DIRECTION ( 'NONE',  ( -1.110223024625156294E-16, 1.224646799147353207E-16, -1.000000000000000000 ) ) ;
#1743 = DIRECTION ( 'NONE',  ( -1.000000000000000000, 0.000000000000000000, 1.110223024625156294E-16 ) ) ;
#1744 = VERTEX_POINT ( 'NONE', #9405 ) ;
#1745 = DIRECTION ( 'NONE',  ( 2.220446049250312095E-16, -1.000000000000000000, -1.224646799147353207E-16 ) ) ;
#1746 = CARTESIAN_POINT ( 'NONE',  ( -8.070000000000003837, 0.2499999999999967526, -2.089999999999998082 ) ) ;
#1747 = ORIENTED_EDGE ( 'NONE', *, *, #11884, .F. ) ;
#1748 = PLANE ( 'NONE',  #5338 ) ;
#1749 = EDGE_CURVE ( 'NONE', #6569, #12176, #12315, .T. ) ;
#1750 = VECTOR ( 'NONE', #5143, 1000.000000000000000 ) ;
#1751 = EDGE_CURVE ( 'NONE', #7439, #9375, #1356, .T. ) ;
#1752 = ADVANCED_FACE ( 'NONE', ( #5609 ), #5540, .F. ) ;
#1753 = ORIENTED_EDGE ( 'NONE', *, *, #12099, .T. ) ;
#1754 = ORIENTED_EDGE ( 'NONE', *, *, #10131, .F. ) ;
#1755 = DIRECTION ( 'NONE',  ( 1.649305920077741323E-16, -0.9284766908852591927, -0.3713906763541040545 ) ) ;
#1756 = LINE ( 'NONE', #1621, #3477 ) ;
#1757 = VECTOR ( 'NONE', #281, 1000.000000000000227 ) ;
#1758 = CARTESIAN_POINT ( 'NONE',  ( 14.06499999999999773, -4.336808689942017736E-15, 3.625000000000000444 ) ) ;
#1759 = LINE ( 'NONE', #12173, #3545 ) ;
#1760 = DIRECTION ( 'NONE',  ( 1.110223024625150377E-16, 2.588040751299051575E-15, 1.000000000000000000 ) ) ;
#1761 = EDGE_CURVE ( 'NONE', #9006, #2006, #3451, .T. ) ;
#1762 = VERTEX_POINT ( 'NONE', #7517 ) ;
#1763 = VERTEX_POINT ( 'NONE', #11702 ) ;
#1764 = ADVANCED_FACE ( 'NONE', ( #6621 ), #4534, .F. ) ;
#1765 = CARTESIAN_POINT ( 'NONE',  ( 10.29000000000000092, -2.870000000000000995, -5.210000000000001741 ) ) ;
#1766 = AXIS2_PLACEMENT_3D ( 'NONE', #4153, #5300, #8082 ) ;
#1767 = DIRECTION ( 'NONE',  ( 1.110223024625156294E-16, -1.224646799147353207E-16, 1.000000000000000000 ) ) ;
#1768 = DIRECTION ( 'NONE',  ( 1.000000000000000000, 0.000000000000000000, -1.110223024625156294E-16 ) ) ;
#1769 = EDGE_LOOP ( 'NONE', ( #3239, #6016, #8413, #7697 ) ) ;
#1770 = FACE_OUTER_BOUND ( 'NONE', #2341, .T. ) ;
#1771 = CIRCLE ( 'NONE', #6300, 0.4250000000000000444 ) ;
#1772 = ORIENTED_EDGE ( 'NONE', *, *, #5306, .T. ) ;
#1773 = LINE ( 'NONE', #5887, #10317 ) ;
#1774 = ORIENTED_EDGE ( 'NONE', *, *, #7692, .F. ) ;
#1775 = DIRECTION ( 'NONE',  ( -1.110223024625156294E-16, 1.224646799147353207E-16, -1.000000000000000000 ) ) ;
#1776 = DIRECTION ( 'NONE',  ( 1.000000000000000000, 0.000000000000000000, -1.110223024625156294E-16 ) ) ;
#1777 = ORIENTED_EDGE ( 'NONE', *, *, #8868, .F. ) ;
#1778 = LINE ( 'NONE', #3800, #6803 ) ;
#1779 = ORIENTED_EDGE ( 'NONE', *, *, #11795, .F. ) ;
#1780 = CARTESIAN_POINT ( 'NONE',  ( -1.590000000000003189, -2.500000000000003997, -0.9499999999999990674 ) ) ;
#1781 = AXIS2_PLACEMENT_3D ( 'NONE', #144, #3104, #5136 ) ;
#1782 = MECHANICAL_DESIGN_GEOMETRIC_PRESENTATION_REPRESENTATION (  '', ( #7823 ), #271 ) ;
#1783 = CARTESIAN_POINT ( 'NONE',  ( 13.64000000000000234, 0.2499999999999958922, -3.624999999999998668 ) ) ;
#1784 = CARTESIAN_POINT ( 'NONE',  ( -16.53000000000001180, 9.100000000000003197, -4.424999999999996270 ) ) ;
#1785 = VECTOR ( 'NONE', #9323, 1000.000000000000000 ) ;
#1786 = ORIENTED_EDGE ( 'NONE', *, *, #1601, .T. ) ;
#1787 = CARTESIAN_POINT ( 'NONE',  ( -2.889355421586968950E-15, 0.2499999999999976130, -3.624999999999997335 ) ) ;
#1788 = CARTESIAN_POINT ( 'NONE',  ( -3.490000000000011315, 8.600000000000001421, -1.589999999999997193 ) ) ;
#1789 = VECTOR ( 'NONE', #6814, 1000.000000000000000 ) ;
#1790 = EDGE_LOOP ( 'NONE', ( #6737, #10776, #11331, #1588 ) ) ;
#1791 = CARTESIAN_POINT ( 'NONE',  ( -2.945000000000004725, -2.500000000000003997, -1.589999999999998748 ) ) ;
#1792 = DIRECTION ( 'NONE',  ( 1.649305920077741323E-16, -0.9284766908852591927, -0.3713906763541040545 ) ) ;
#1793 = EDGE_CURVE ( 'NONE', #639, #3799, #1425, .T. ) ;
#1794 = FACE_OUTER_BOUND ( 'NONE', #12168, .T. ) ;
#1795 = DIRECTION ( 'NONE',  ( 1.000000000000000000, 0.000000000000000000, -1.110223024625156294E-16 ) ) ;
#1796 = CARTESIAN_POINT ( 'NONE',  ( 11.10999999999999766, 2.600000000000000089, 0.9500000000000006217 ) ) ;
#1797 = LINE ( 'NONE', #3750, #9796 ) ;
#1798 = ORIENTED_EDGE ( 'NONE', *, *, #1722, .F. ) ;
#1799 = EDGE_CURVE ( 'NONE', #7340, #11834, #7712, .T. ) ;
#1800 = DIRECTION ( 'NONE',  ( -1.000000000000000000, 0.000000000000000000, 1.110223024625156294E-16 ) ) ;
#1801 = CARTESIAN_POINT ( 'NONE',  ( -8.570000000000003837, 2.599999999999998757, -1.589999999999997415 ) ) ;
#1803 = AXIS2_PLACEMENT_3D ( 'NONE', #4304, #12763, #10654 ) ;
#1802 = DIRECTION ( 'NONE',  ( -1.000000000000000000, -2.220446049250312341E-16, 1.110223024625156047E-16 ) ) ;
#1804 = ADVANCED_FACE ( 'NONE', ( #2377 ), #9675, .F. ) ;
#1805 = VECTOR ( 'NONE', #8894, 1000.000000000000000 ) ;
#1806 = EDGE_LOOP ( 'NONE', ( #12752, #2071, #2640, #2885 ) ) ;
#1807 = ORIENTED_EDGE ( 'NONE', *, *, #5137, .F. ) ;
#1808 = CARTESIAN_POINT ( 'NONE',  ( -0.4050000000000057443, 2.799999999999998046, -0.9499999999999986233 ) ) ;
#1809 = ORIENTED_EDGE ( 'NONE', *, *, #7692, .T. ) ;
#1810 = FILL_AREA_STYLE_COLOUR ( '', #9206 ) ;
#1811 = DIRECTION ( 'NONE',  ( 1.110223024625156294E-16, -1.224646799147353207E-16, 1.000000000000000000 ) ) ;
#1812 = FACE_OUTER_BOUND ( 'NONE', #6190, .T. ) ;
#1813 = FACE_OUTER_BOUND ( 'NONE', #7223, .T. ) ;
#1814 = DIRECTION ( 'NONE',  ( -2.220446049250312095E-16, 1.000000000000000000, 1.224646799147353207E-16 ) ) ;
#1815 = ORIENTED_EDGE ( 'NONE', *, *, #6176, .F. ) ;
#1816 = DIRECTION ( 'NONE',  ( 1.000000000000000000, 0.000000000000000000, -1.110223024625156294E-16 ) ) ;
#1817 = CARTESIAN_POINT ( 'NONE',  ( 15.48000000000000398, 0.2499999999999950040, 1.649999999999999245 ) ) ;
#1818 = VERTEX_POINT ( 'NONE', #2636 ) ;
#1819 = ORIENTED_EDGE ( 'NONE', *, *, #8121, .T. ) ;
#1820 =( GEOMETRIC_REPRESENTATION_CONTEXT ( 3 ) GLOBAL_UNCERTAINTY_ASSIGNED_CONTEXT ( ( #12198 ) ) GLOBAL_UNIT_ASSIGNED_CONTEXT ( ( #5544, #4537, #12789 ) ) REPRESENTATION_CONTEXT ( 'NONE', 'WORKASPACE' ) );
#1821 = DIRECTION ( 'NONE',  ( 7.850462293418890625E-17, 0.7071067811865460184, 0.7071067811865490160 ) ) ;
#1822 = DIRECTION ( 'NONE',  ( 1.359631073446890508E-32, 1.000000000000000000, 1.224646799147352961E-16 ) ) ;
#1823 = VECTOR ( 'NONE', #13031, 1000.000000000000000 ) ;
#1824 = CARTESIAN_POINT ( 'NONE',  ( 6.030000000000002025, -32.81321928319991343, -1.590000000000003411 ) ) ;
#1825 = DIRECTION ( 'NONE',  ( 1.855469160087460128E-16, -0.3713906763541040545, 0.9284766908852591927 ) ) ;
#1826 = LINE ( 'NONE', #943, #10031 ) ;
#1827 = ADVANCED_FACE ( 'NONE', ( #5410 ), #8665, .F. ) ;
#1828 = EDGE_LOOP ( 'NONE', ( #2254, #8263, #7808, #4855 ) ) ;
#1829 = MANIFOLD_SOLID_BREP ( '61202021621.stp<1>[5]', #9722 ) ;
#1830 = ADVANCED_FACE ( 'NONE', ( #3381 ), #12786, .T. ) ;
#1831 = ORIENTED_EDGE ( 'NONE', *, *, #10176, .T. ) ;
#1832 = DIRECTION ( 'NONE',  ( -2.220446049250312095E-16, 1.000000000000000000, 1.224646799147353207E-16 ) ) ;
#1833 = VECTOR ( 'NONE', #2687, 1000.000000000000000 ) ;
#1834 = DIRECTION ( 'NONE',  ( 1.000000000000000000, 0.000000000000000000, -1.110223024625156294E-16 ) ) ;
#1835 = FACE_OUTER_BOUND ( 'NONE', #12715, .T. ) ;
#1836 = ORIENTED_EDGE ( 'NONE', *, *, #6154, .F. ) ;
#1837 = CARTESIAN_POINT ( 'NONE',  ( -8.770000000000010232, -3.000000000000004441, -1.149999999999998579 ) ) ;
#1838 = FACE_OUTER_BOUND ( 'NONE', #5724, .T. ) ;
#1839 = ORIENTED_EDGE ( 'NONE', *, *, #8215, .T. ) ;
#1840 = AXIS2_PLACEMENT_3D ( 'NONE', #11260, #1987, #10240 ) ;
#1841 = CARTESIAN_POINT ( 'NONE',  ( 4.629999999999998117, 0.2499999999999967526, 4.425000000000000711 ) ) ;
#1842 = ORIENTED_EDGE ( 'NONE', *, *, #667, .F. ) ;
#1843 = CARTESIAN_POINT ( 'NONE',  ( 0.9499999999999978462, -3.000000000000004441, 1.390000000000000568 ) ) ;
#1844 = PLANE ( 'NONE',  #7962 ) ;
#1845 = EDGE_CURVE ( 'NONE', #1187, #5396, #545, .T. ) ;
#1846 = ORIENTED_EDGE ( 'NONE', *, *, #7542, .T. ) ;
#1847 = EDGE_CURVE ( 'NONE', #2110, #19, #11636, .T. ) ;
#1848 = CYLINDRICAL_SURFACE ( 'NONE', #7242, 0.4250000000000000444 ) ;
#1849 = ORIENTED_EDGE ( 'NONE', *, *, #3363, .F. ) ;
#1850 = CARTESIAN_POINT ( 'NONE',  ( -9.009999999999999787, -3.000000000000004441, -0.9499999999999984013 ) ) ;
#1851 = DIRECTION ( 'NONE',  ( -1.000000000000000000, 0.000000000000000000, 0.000000000000000000 ) ) ;
#1852 = DIRECTION ( 'NONE',  ( -0.3481553119113956485, -0.8703882797784890935, 0.3481553119113957595 ) ) ;
#1853 = EDGE_CURVE ( 'NONE', #8741, #10851, #1756, .T. ) ;
#1854 = VERTEX_POINT ( 'NONE', #13043 ) ;
#1855 = FACE_OUTER_BOUND ( 'NONE', #92, .T. ) ;
#1856 = AXIS2_PLACEMENT_3D ( 'NONE', #5516, #453, #2413 ) ;
#1857 = DIRECTION ( 'NONE',  ( -2.220446049250312095E-16, 1.000000000000000000, 1.224646799147353207E-16 ) ) ;
#1858 = VERTEX_POINT ( 'NONE', #7026 ) ;
#1859 = DIRECTION ( 'NONE',  ( -1.340157741654465730E-16, 0.7071067811865475727, 0.7071067811865475727 ) ) ;
#1860 = PLANE ( 'NONE',  #11898 ) ;
#1861 = DIRECTION ( 'NONE',  ( -1.110223024625156294E-16, 1.224646799147353207E-16, -1.000000000000000000 ) ) ;
#1862 = FACE_OUTER_BOUND ( 'NONE', #6744, .T. ) ;
#1863 = DIRECTION ( 'NONE',  ( -7.850462293418888160E-17, 0.7071067811865462405, -0.7071067811865487940 ) ) ;
#1864 = DIRECTION ( 'NONE',  ( 1.000000000000000000, 0.000000000000000000, -1.110223024625156294E-16 ) ) ;
#1865 = VERTEX_POINT ( 'NONE', #3781 ) ;
#1866 = FACE_OUTER_BOUND ( 'NONE', #8467, .T. ) ;
#1867 = CARTESIAN_POINT ( 'NONE',  ( 4.129999999999996341, 0.7499999999999972244, 1.590000000000001412 ) ) ;
#1868 = CARTESIAN_POINT ( 'NONE',  ( -3.116060606060617300, -1.565151515151522954, -0.5760606060606054957 ) ) ;
#1869 = ADVANCED_FACE ( 'NONE', ( #11160 ), #8111, .F. ) ;
#1870 = ORIENTED_EDGE ( 'NONE', *, *, #897, .F. ) ;
#1871 = PRESENTATION_LAYER_ASSIGNMENT (  '', '', ( #3594 ) ) ;
#1872 = VERTEX_POINT ( 'NONE', #742 ) ;
#1873 = CARTESIAN_POINT ( 'NONE',  ( 16.53000000000000114, 0.2499999999999967526, -2.090000000000000746 ) ) ;
#1874 = VERTEX_POINT ( 'NONE', #2898 ) ;
#1875 = PLANE ( 'NONE',  #4425 ) ;
#1876 = DIRECTION ( 'NONE',  ( -1.110223024625156294E-16, 1.224646799147353207E-16, -1.000000000000000000 ) ) ;
#1877 = CARTESIAN_POINT ( 'NONE',  ( -3.490000000000011315, 8.100000000000001421, -1.589999999999997193 ) ) ;
#1878 = DIRECTION ( 'NONE',  ( 1.110223024625156294E-16, -1.224646799147353207E-16, 1.000000000000000000 ) ) ;
#1879 = ORIENTED_EDGE ( 'NONE', *, *, #11232, .F. ) ;
#1880 = CARTESIAN_POINT ( 'NONE',  ( -9.210000000000007958, 8.099999999999999645, 1.590000000000003411 ) ) ;
#1882 = AXIS2_PLACEMENT_3D ( 'NONE', #12026, #7906, #11222 ) ;
#1881 = DIRECTION ( 'NONE',  ( 1.000000000000000000, 0.000000000000000000, -1.110223024625156294E-16 ) ) ;
#1883 = VERTEX_POINT ( 'NONE', #8989 ) ;
#1884 = ORIENTED_EDGE ( 'NONE', *, *, #10035, .F. ) ;
#1885 = VECTOR ( 'NONE', #4003, 1000.000000000000114 ) ;
#1886 = CARTESIAN_POINT ( 'NONE',  ( 16.08000000000000185, 9.100000000000003197, -3.774999999999999023 ) ) ;
#1887 = DIRECTION ( 'NONE',  ( -0.3481553119113940942, 0.8703882797784897596, -0.3481553119113955930 ) ) ;
#1888 = EDGE_CURVE ( 'NONE', #8093, #2795, #9959, .T. ) ;
#1889 = DIRECTION ( 'NONE',  ( 0.3481553119113958150, 0.8703882797784890935, 0.3481553119113959260 ) ) ;
#1890 = DIRECTION ( 'NONE',  ( -0.5773502691896252870, 0.5773502691896270633, 0.5773502691896250649 ) ) ;
#1891 = DIRECTION ( 'NONE',  ( -0.9284766908852596368, 0.3713906763541028333, 1.485638603078811822E-16 ) ) ;
#1892 = ORIENTED_EDGE ( 'NONE', *, *, #6997, .T. ) ;
#1893 = VERTEX_POINT ( 'NONE', #3708 ) ;
#1894 = DIRECTION ( 'NONE',  ( 1.000000000000000000, 0.000000000000000000, -1.110223024625156294E-16 ) ) ;
#1895 = DIRECTION ( 'NONE',  ( 0.9284766908852596368, 0.3713906763541028888, -5.759937970183664956E-17 ) ) ;
#1896 = VECTOR ( 'NONE', #1554, 1000.000000000000000 ) ;
#1897 = MECHANICAL_DESIGN_GEOMETRIC_PRESENTATION_REPRESENTATION (  '', ( #12701 ), #7299 ) ;
#1898 = EDGE_LOOP ( 'NONE', ( #8757, #6109, #2133, #12817 ) ) ;
#1899 = CARTESIAN_POINT ( 'NONE',  ( -5.484999999999998543, -2.500000000000004885, 1.590000000000001856 ) ) ;
#1900 = CARTESIAN_POINT ( 'NONE',  ( -4.630000000000004334, 0.2499999999999976130, -2.089999999999998970 ) ) ;
#1901 = LINE ( 'NONE', #6024, #163 ) ;
#1902 = ORIENTED_EDGE ( 'NONE', *, *, #2068, .T. ) ;
#1903 = VECTOR ( 'NONE', #4914, 1000.000000000000000 ) ;
#1904 = CARTESIAN_POINT ( 'NONE',  ( -8.570000000000003837, 0.7499999999999981126, 0.9500000000000026201 ) ) ;
#1905 = FACE_OUTER_BOUND ( 'NONE', #8539, .T. ) ;
#1906 = AXIS2_PLACEMENT_3D ( 'NONE', #2879, #7007, #4910 ) ;
#1907 = ORIENTED_EDGE ( 'NONE', *, *, #6926, .T. ) ;
#1908 = VERTEX_POINT ( 'NONE', #6895 ) ;
#1909 = CARTESIAN_POINT ( 'NONE',  ( 11.98333333333330053, -2.023333333333344086, -4.363333333333329733 ) ) ;
#1910 = CARTESIAN_POINT ( 'NONE',  ( 6.029999999999995808, -2.500000000000003109, -0.9499999999999998446 ) ) ;
#1911 = ORIENTED_EDGE ( 'NONE', *, *, #224, .T. ) ;
#1912 = VECTOR ( 'NONE', #4209, 1000.000000000000114 ) ;
#1913 = EDGE_CURVE ( 'NONE', #5818, #11355, #3985, .T. ) ;
#1914 = FACE_OUTER_BOUND ( 'NONE', #8518, .T. ) ;
#1915 = EDGE_CURVE ( 'NONE', #9122, #5944, #8044, .T. ) ;
#1916 = ADVANCED_FACE ( 'NONE', ( #2834 ), #12975, .T. ) ;
#1917 = ORIENTED_EDGE ( 'NONE', *, *, #6486, .F. ) ;
#1918 = DIRECTION ( 'NONE',  ( -0.7071067811865491270, 0.7071067811865459074, 1.651002285577380499E-16 ) ) ;
#1919 = CARTESIAN_POINT ( 'NONE',  ( -0.3250000000000038414, 9.100000000000003197, -4.424999999999998046 ) ) ;
#1920 = VERTEX_POINT ( 'NONE', #4997 ) ;
#1921 = DIRECTION ( 'NONE',  ( 1.000000000000000000, 0.000000000000000000, -1.110223024625156294E-16 ) ) ;
#1922 = DIRECTION ( 'NONE',  ( 1.000000000000000000, 0.000000000000000000, -1.110223024625156294E-16 ) ) ;
#1923 = LINE ( 'NONE', #1110, #10910 ) ;
#1924 = EDGE_CURVE ( 'NONE', #12590, #10481, #9126, .T. ) ;
#1925 = PLANE ( 'NONE',  #10620 ) ;
#1926 = VECTOR ( 'NONE', #13181, 1000.000000000000000 ) ;
#1927 = EDGE_CURVE ( 'NONE', #5537, #9649, #3917, .T. ) ;
#1928 = DIRECTION ( 'NONE',  ( 1.359631073446890508E-32, 1.000000000000000000, 1.224646799147352961E-16 ) ) ;
#1929 = CARTESIAN_POINT ( 'NONE',  ( -4.998333333333349948, 2.421666666666667744, 0.08166666666666161367 ) ) ;
#1930 = ORIENTED_EDGE ( 'NONE', *, *, #8528, .F. ) ;
#1931 = EDGE_CURVE ( 'NONE', #1406, #3577, #7842, .T. ) ;
#1932 = DIRECTION ( 'NONE',  ( -0.3481553119113956485, -0.8703882797784890935, 0.3481553119113957595 ) ) ;
#1933 = CARTESIAN_POINT ( 'NONE',  ( -8.570000000000003837, 2.599999999999998757, -0.9499999999999976241 ) ) ;
#1934 = DIRECTION ( 'NONE',  ( -1.000000000000000000, 0.000000000000000000, 1.110223024625156294E-16 ) ) ;
#1935 = CLOSED_SHELL ( 'NONE', ( #7162, #379, #1335, #10632, #12034, #8532, #3375, #2409, #4968, #3119, #9880, #10606, #1122, #8541 ) ) ;
#1936 = ORIENTED_EDGE ( 'NONE', *, *, #4054, .F. ) ;
#1937 = ORIENTED_EDGE ( 'NONE', *, *, #8506, .T. ) ;
#1938 =( NAMED_UNIT ( * ) PLANE_ANGLE_UNIT ( ) SI_UNIT ( $, .RADIAN. ) );
#1939 = VERTEX_POINT ( 'NONE', #12234 ) ;
#1940 = LINE ( 'NONE', #8098, #5283 ) ;
#1941 = DIRECTION ( 'NONE',  ( -2.220446049250312095E-16, 1.000000000000000000, 1.224646799147353207E-16 ) ) ;
#1942 = EDGE_CURVE ( 'NONE', #4469, #11418, #10885, .T. ) ;
#1943 = LINE ( 'NONE', #13106, #12379 ) ;
#1944 = PLANE ( 'NONE',  #9357 ) ;
#1945 = ORIENTED_EDGE ( 'NONE', *, *, #2383, .F. ) ;
#1946 = ADVANCED_FACE ( 'NONE', ( #13251 ), #2701, .F. ) ;
#1947 = CARTESIAN_POINT ( 'NONE',  ( 1.512424242424250886, -2.693939393939392524, 1.027575757575759807 ) ) ;
#1948 = DIRECTION ( 'NONE',  ( 1.110223024625156294E-16, -1.224646799147353207E-16, 1.000000000000000000 ) ) ;
#1949 = ADVANCED_FACE ( 'NONE', ( #10002 ), #6822, .T. ) ;
#1950 = ORIENTED_EDGE ( 'NONE', *, *, #9182, .F. ) ;
#1951 = VERTEX_POINT ( 'NONE', #2772 ) ;
#1952 = CARTESIAN_POINT ( 'NONE',  ( -11.11000000000000654, 8.099999999999999645, 0.9500000000000037303 ) ) ;
#1953 = LINE ( 'NONE', #6071, #10842 ) ;
#1954 = DIRECTION ( 'NONE',  ( -2.220446049250312095E-16, 1.000000000000000000, 1.224646799147353207E-16 ) ) ;
#1955 = DIRECTION ( 'NONE',  ( -0.3481553119113937056, -0.8703882797784899816, -0.3481553119113958705 ) ) ;
#1956 = DIRECTION ( 'NONE',  ( -1.000000000000000000, 0.000000000000000000, 1.110223024625156294E-16 ) ) ;
#1957 = ORIENTED_EDGE ( 'NONE', *, *, #257, .T. ) ;
#1958 = VERTEX_POINT ( 'NONE', #10071 ) ;
#1959 = DIRECTION ( 'NONE',  ( -1.110223024625156294E-16, 1.224646799147353207E-16, -1.000000000000000000 ) ) ;
#1960 = LINE ( 'NONE', #10965, #6313 ) ;
#1961 = ADVANCED_FACE ( 'NONE', ( #12106 ), #10955, .F. ) ;
#1962 = VERTEX_POINT ( 'NONE', #810 ) ;
#1963 = CARTESIAN_POINT ( 'NONE',  ( 9.209999999999999076, 0.7499999999999972244, 1.590000000000000524 ) ) ;
#1964 = FACE_OUTER_BOUND ( 'NONE', #10374, .T. ) ;
#1965 = VECTOR ( 'NONE', #7244, 999.9999999999998863 ) ;
#1966 = ADVANCED_FACE ( 'NONE', ( #5806 ), #4934, .F. ) ;
#1967 = CARTESIAN_POINT ( 'NONE',  ( -6.470000000000000639, 8.599999999999999645, 1.150000000000003686 ) ) ;
#1968 = ORIENTED_EDGE ( 'NONE', *, *, #11747, .T. ) ;
#1969 = DIRECTION ( 'NONE',  ( 2.821527733676277528E-15, -1.224646799147354193E-16, 1.000000000000000000 ) ) ;
#1970 = FACE_OUTER_BOUND ( 'NONE', #2743, .T. ) ;
#1971 = ORIENTED_EDGE ( 'NONE', *, *, #28, .T. ) ;
#1972 = ORIENTED_EDGE ( 'NONE', *, *, #8303, .T. ) ;
#1973 = CARTESIAN_POINT ( 'NONE',  ( 9.583939393939390428, -1.565151515151523842, 1.963939393939390765 ) ) ;
#1974 = MANIFOLD_SOLID_BREP ( '61202021621.stp<1>[3]', #6906 ) ;
#1975 = CARTESIAN_POINT ( 'NONE',  ( -0.9500000000000023981, 2.599999999999996980, 0.9500000000000019540 ) ) ;
#1976 =( NAMED_UNIT ( * ) SI_UNIT ( $, .STERADIAN. ) SOLID_ANGLE_UNIT ( ) );
#1977 = VERTEX_POINT ( 'NONE', #12509 ) ;
#1978 = AXIS2_PLACEMENT_3D ( 'NONE', #1112, #37, #3005 ) ;
#1979 = LINE ( 'NONE', #13346, #10987 ) ;
#1980 = VERTEX_POINT ( 'NONE', #7094 ) ;
#1981 = PLANE ( 'NONE',  #12438 ) ;
#1982 = CARTESIAN_POINT ( 'NONE',  ( -0.9500000000000010658, -2.500000000000003997, 1.590000000000001412 ) ) ;
#1983 = ORIENTED_EDGE ( 'NONE', *, *, #10349, .F. ) ;
#1984 = CARTESIAN_POINT ( 'NONE',  ( -15.48000000000000398, 6.649999999999999467, -1.649999999999995470 ) ) ;
#1985 = DIRECTION ( 'NONE',  ( -0.3481553119113956485, -0.8703882797784890935, 0.3481553119113957595 ) ) ;
#1987 = DIRECTION ( 'NONE',  ( 1.110223024625156294E-16, -1.224646799147352961E-16, 1.000000000000000000 ) ) ;
#1986 = VECTOR ( 'NONE', #12339, 1000.000000000000000 ) ;
#1988 = VERTEX_POINT ( 'NONE', #4047 ) ;
#1989 = LINE ( 'NONE', #8221, #5217 ) ;
#1990 = EDGE_CURVE ( 'NONE', #179, #10932, #12439, .T. ) ;
#1991 =( GEOMETRIC_REPRESENTATION_CONTEXT ( 3 ) GLOBAL_UNCERTAINTY_ASSIGNED_CONTEXT ( ( #6922 ) ) GLOBAL_UNIT_ASSIGNED_CONTEXT ( ( #12300, #10272, #4249 ) ) REPRESENTATION_CONTEXT ( 'NONE', 'WORKASPACE' ) );
#1992 = ADVANCED_FACE ( 'NONE', ( #3165 ), #2088, .T. ) ;
#1993 = DIRECTION ( 'NONE',  ( -0.3481553119113961481, 0.8703882797784888714, 0.3481553119113960371 ) ) ;
#1994 = DIRECTION ( 'NONE',  ( -1.000000000000000000, 0.000000000000000000, 1.110223024625156294E-16 ) ) ;
#1995 = ORIENTED_EDGE ( 'NONE', *, *, #12119, .F. ) ;
#1996 = AXIS2_PLACEMENT_3D ( 'NONE', #3815, #8885, #6541 ) ;
#1997 = LINE ( 'NONE', #174, #1019 ) ;
#1998 = CARTESIAN_POINT ( 'NONE',  ( -16.53000000000000114, 6.649999999999999467, 1.650000000000003464 ) ) ;
#1999 = PLANE ( 'NONE',  #9467 ) ;
#2000 = ORIENTED_EDGE ( 'NONE', *, *, #4099, .T. ) ;
#2001 = AXIS2_PLACEMENT_3D ( 'NONE', #8859, #9814, #3271 ) ;
#2002 = MANIFOLD_SOLID_BREP ( '61202021621.stp<1>[21]', #1512 ) ;
#2003 = VERTEX_POINT ( 'NONE', #6139 ) ;
#2004 = EDGE_CURVE ( 'NONE', #10949, #1854, #3093, .T. ) ;
#2005 =( NAMED_UNIT ( * ) SI_UNIT ( $, .STERADIAN. ) SOLID_ANGLE_UNIT ( ) );
#2006 = VERTEX_POINT ( 'NONE', #1206 ) ;
#2007 =( NAMED_UNIT ( * ) SI_UNIT ( $, .STERADIAN. ) SOLID_ANGLE_UNIT ( ) );
#2008 = CARTESIAN_POINT ( 'NONE',  ( -8.570000000000003837, -2.500000000000003109, 0.9500000000000021760 ) ) ;
#2009 = DIRECTION ( 'NONE',  ( -2.220446049250312095E-16, 1.000000000000000000, 1.224646799147353207E-16 ) ) ;
#2010 = EDGE_CURVE ( 'NONE', #9264, #13370, #9457, .T. ) ;
#2011 = LINE ( 'NONE', #10261, #11730 ) ;
#2012 = ORIENTED_EDGE ( 'NONE', *, *, #3327, .T. ) ;
#2013 = EDGE_CURVE ( 'NONE', #1585, #5471, #68, .T. ) ;
#2014 = VECTOR ( 'NONE', #732, 1000.000000000000000 ) ;
#2015 = DIRECTION ( 'NONE',  ( 1.110223024625156294E-16, -1.224646799147353207E-16, 1.000000000000000000 ) ) ;
#2016 = LINE ( 'NONE', #11284, #12082 ) ;
#2017 = VECTOR ( 'NONE', #3227, 1000.000000000000000 ) ;
#2018 = ORIENTED_EDGE ( 'NONE', *, *, #924, .T. ) ;
#2019 = EDGE_CURVE ( 'NONE', #3602, #6481, #1953, .T. ) ;
#2020 = VECTOR ( 'NONE', #3622, 1000.000000000000114 ) ;
#2021 = CARTESIAN_POINT ( 'NONE',  ( -1.390000000000006564, 8.600000000000001421, 1.150000000000003242 ) ) ;
#2022 = CARTESIAN_POINT ( 'NONE',  ( -9.210000000000007958, 8.099999999999999645, 1.590000000000003411 ) ) ;
#2023 = FACE_OUTER_BOUND ( 'NONE', #6470, .T. ) ;
#2024 = COLOUR_RGB ( '',0.8705882352941176627, 0.6313725490196078205, 0.1725490196078431349 ) ;
#2025 = CARTESIAN_POINT ( 'NONE',  ( -6.030000000000004690, 8.599999999999999645, -0.9499999999999974021 ) ) ;
#2026 = VERTEX_POINT ( 'NONE', #1480 ) ;
#2027 = ORIENTED_EDGE ( 'NONE', *, *, #12955, .T. ) ;
#2028 = CARTESIAN_POINT ( 'NONE',  ( -8.196060606060619591, -1.565151515151523842, 1.963939393939392541 ) ) ;
#2029 = PLANE ( 'NONE',  #1781 ) ;
#2030 = VERTEX_POINT ( 'NONE', #3296 ) ;
#2031 = CARTESIAN_POINT ( 'NONE',  ( -1.389999999999997460, -3.000000000000005329, -1.389999999999998348 ) ) ;
#2032 = DIRECTION ( 'NONE',  ( 1.000000000000000000, 0.000000000000000000, -1.110223024625156294E-16 ) ) ;
#2033 = EDGE_CURVE ( 'NONE', #6991, #3939, #7698, .T. ) ;
#2034 = AXIS2_PLACEMENT_3D ( 'NONE', #138, #8317, #4252 ) ;
#2035 = CARTESIAN_POINT ( 'NONE',  ( -1.563333333333355890, -8.796666666666702383, -11.13666666666660099 ) ) ;
#2036 = CARTESIAN_POINT ( 'NONE',  ( -5.530000000000002025, 0.2499999999999967526, 0.4500000000000016209 ) ) ;
#2037 = ORIENTED_EDGE ( 'NONE', *, *, #8991, .T. ) ;
#2038 = PLANE ( 'NONE',  #3704 ) ;
#2039 = EDGE_LOOP ( 'NONE', ( #11640, #7535, #10337, #2602 ) ) ;
#2040 = VECTOR ( 'NONE', #7435, 1000.000000000000000 ) ;
#2041 = EDGE_CURVE ( 'NONE', #13036, #4746, #3501, .T. ) ;
#2042 = VERTEX_POINT ( 'NONE', #9730 ) ;
#2043 = DIRECTION ( 'NONE',  ( -2.220446049250312095E-16, 1.000000000000000000, 1.224646799147353207E-16 ) ) ;
#2044 = VECTOR ( 'NONE', #12761, 1000.000000000000000 ) ;
#2045 = AXIS2_PLACEMENT_3D ( 'NONE', #5068, #8051, #1959 ) ;
#2046 = MANIFOLD_SOLID_BREP ( '61202021621.stp<1>[17]', #3013 ) ;
#2047 = CARTESIAN_POINT ( 'NONE',  ( -0.9500000000000026201, 2.599999999999997424, -0.9499999999999985123 ) ) ;
#2048 = DIRECTION ( 'NONE',  ( 1.110223024625156294E-16, -1.224646799147353207E-16, 1.000000000000000000 ) ) ;
#2049 = AXIS2_PLACEMENT_3D ( 'NONE', #13236, #729, #12223 ) ;
#2050 = ORIENTED_EDGE ( 'NONE', *, *, #7584, .T. ) ;
#2051 = LINE ( 'NONE', #9155, #6354 ) ;
#2052 = EDGE_CURVE ( 'NONE', #4940, #10322, #9793, .T. ) ;
#2053 = DIRECTION ( 'NONE',  ( 1.000000000000000000, 0.000000000000000000, -1.110223024625156294E-16 ) ) ;
#2054 = VERTEX_POINT ( 'NONE', #8715 ) ;
#2055 = DIRECTION ( 'NONE',  ( -0.9284766908852590817, -0.3713906763541042766, 5.759937970183641537E-17 ) ) ;
#2056 = CARTESIAN_POINT ( 'NONE',  ( 9.210000000000006182, -32.81321928319991343, 1.589999999999996305 ) ) ;
#2057 = LINE ( 'NONE', #2132, #12647 ) ;
#2058 = VERTEX_POINT ( 'NONE', #4381 ) ;
#2059 = CARTESIAN_POINT ( 'NONE',  ( 8.570000000000000284, 8.100000000000003197, 0.9500000000000015099 ) ) ;
#2060 = CIRCLE ( 'NONE', #9621, 0.4250000000000000444 ) ;
#2061 = LINE ( 'NONE', #7200, #5735 ) ;
#2062 = CARTESIAN_POINT ( 'NONE',  ( 11.56151515151519860, 9.228787878787882093, 1.138484848484850875 ) ) ;
#2063 = ORIENTED_EDGE ( 'NONE', *, *, #3914, .T. ) ;
#2064 = LINE ( 'NONE', #1117, #12473 ) ;
#2065 = CARTESIAN_POINT ( 'NONE',  ( 2.249999999999996003, 2.599999999999997868, 3.175000000000001155 ) ) ;
#2066 = VECTOR ( 'NONE', #10408, 999.9999999999998863 ) ;
#2067 = LINE ( 'NONE', #1250, #4931 ) ;
#2068 = EDGE_CURVE ( 'NONE', #5812, #4362, #7501, .T. ) ;
#2069 = VERTEX_POINT ( 'NONE', #12710 ) ;
#2070 = MANIFOLD_SOLID_BREP ( '61202021621.stp<1>[11]', #11448 ) ;
#2071 = ORIENTED_EDGE ( 'NONE', *, *, #3072, .F. ) ;
#2072 = DIRECTION ( 'NONE',  ( -7.850462293418888160E-17, 0.7071067811865462405, -0.7071067811865487940 ) ) ;
#2073 = ORIENTED_EDGE ( 'NONE', *, *, #12518, .F. ) ;
#2074 = FACE_OUTER_BOUND ( 'NONE', #4296, .T. ) ;
#2075 = LINE ( 'NONE', #9442, #10250 ) ;
#2076 = DIRECTION ( 'NONE',  ( 2.220446049250312095E-16, -1.000000000000000000, -1.224646799147353207E-16 ) ) ;
#2077 = ORIENTED_EDGE ( 'NONE', *, *, #4532, .T. ) ;
#2078 = DIRECTION ( 'NONE',  ( -1.110223024625156294E-16, 1.224646799147353207E-16, -1.000000000000000000 ) ) ;
#2079 = CARTESIAN_POINT ( 'NONE',  ( -6.469999999999997975, -3.000000000000004441, -1.149999999999999023 ) ) ;
#2080 = SURFACE_STYLE_USAGE ( .BOTH. , #197 ) ;
#2081 = AXIS2_PLACEMENT_3D ( 'NONE', #8497, #9440, #186 ) ;
#2082 = EDGE_CURVE ( 'NONE', #4294, #1908, #6475, .T. ) ;
#2083 = ORIENTED_EDGE ( 'NONE', *, *, #6348, .T. ) ;
#2084 = ADVANCED_FACE ( 'NONE', ( #6540 ), #333, .F. ) ;
#2085 = EDGE_CURVE ( 'NONE', #3884, #2210, #10736, .T. ) ;
#2086 = ORIENTED_EDGE ( 'NONE', *, *, #2345, .F. ) ;
#2087 = CARTESIAN_POINT ( 'NONE',  ( 1.589999999999996527, 8.599999999999999645, -1.149999999999998579 ) ) ;
#2088 = PLANE ( 'NONE',  #9985 ) ;
#2089 = CARTESIAN_POINT ( 'NONE',  ( 6.669999999999994600, 8.599999999999996092, -1.389999999999997904 ) ) ;
#2090 = DIRECTION ( 'NONE',  ( 1.000000000000000000, 0.000000000000000000, 0.000000000000000000 ) ) ;
#2091 = DIRECTION ( 'NONE',  ( -1.000000000000000000, 0.000000000000000000, 1.110223024625156294E-16 ) ) ;
#2092 = VERTEX_POINT ( 'NONE', #4916 ) ;
#2093 = CARTESIAN_POINT ( 'NONE',  ( -9.210000000000007958, 8.099999999999999645, -0.9499999999999969580 ) ) ;
#2094 = AXIS2_PLACEMENT_3D ( 'NONE', #12097, #11154, #2958 ) ;
#2095 = VECTOR ( 'NONE', #6106, 1000.000000000000000 ) ;
#2096 = EDGE_LOOP ( 'NONE', ( #10906, #2816, #12513, #1725 ) ) ;
#2097 = DIRECTION ( 'NONE',  ( -1.110223024625156294E-16, 1.224646799147353207E-16, -1.000000000000000000 ) ) ;
#2098 = EDGE_CURVE ( 'NONE', #10292, #5471, #1607, .T. ) ;
#2099 = EDGE_CURVE ( 'NONE', #8691, #5864, #10057, .T. ) ;
#2100 = LINE ( 'NONE', #9399, #8259 ) ;
#2101 = EDGE_CURVE ( 'NONE', #482, #11442, #4843, .T. ) ;
#2102 = ADVANCED_FACE ( 'NONE', ( #3836 ), #8973, .T. ) ;
#2103 = AXIS2_PLACEMENT_3D ( 'NONE', #6705, #3727, #4677 ) ;
#2104 = EDGE_LOOP ( 'NONE', ( #11470, #536, #12903, #9541 ) ) ;
#2105 = FACE_OUTER_BOUND ( 'NONE', #9040, .T. ) ;
#2106 = DIRECTION ( 'NONE',  ( -1.110223024625156294E-16, 1.224646799147353207E-16, -1.000000000000000000 ) ) ;
#2107 = DIRECTION ( 'NONE',  ( -2.599483128751245825E-15, -1.224646799147352221E-16, 1.000000000000000000 ) ) ;
#2108 = DIRECTION ( 'NONE',  ( 0.3481553119113962591, -0.8703882797784889824, 0.3481553119113957040 ) ) ;
#2109 = VECTOR ( 'NONE', #13335, 1000.000000000000000 ) ;
#2110 = VERTEX_POINT ( 'NONE', #6877 ) ;
#2111 = DIRECTION ( 'NONE',  ( -7.850462293418888160E-17, 0.7071067811865462405, -0.7071067811865487940 ) ) ;
#2112 = SURFACE_SIDE_STYLE ('',( #86 ) ) ;
#2113 = VERTEX_POINT ( 'NONE', #13028 ) ;
#2114 = VECTOR ( 'NONE', #3596, 999.9999999999998863 ) ;
#2115 = ORIENTED_EDGE ( 'NONE', *, *, #8612, .F. ) ;
#2116 = FACE_OUTER_BOUND ( 'NONE', #4654, .T. ) ;
#2117 = EDGE_CURVE ( 'NONE', #11478, #13153, #1674, .T. ) ;
#2118 = COLOUR_RGB ( '',0.8705882352941176627, 0.6313725490196078205, 0.1725490196078431349 ) ;
#2119 = DIRECTION ( 'NONE',  ( -2.599483128751245825E-15, -1.224646799147352221E-16, 1.000000000000000000 ) ) ;
#2120 = ADVANCED_FACE ( 'NONE', ( #8030 ), #13173, .F. ) ;
#2121 = DIRECTION ( 'NONE',  ( 1.000000000000000000, 0.000000000000000000, -1.110223024625156294E-16 ) ) ;
#2122 = ORIENTED_EDGE ( 'NONE', *, *, #9763, .F. ) ;
#2123 = CARTESIAN_POINT ( 'NONE',  ( -1.590000000000005409, 8.100000000000001421, 0.9500000000000027311 ) ) ;
#2124 = VECTOR ( 'NONE', #5738, 1000.000000000000000 ) ;
#2125 = VECTOR ( 'NONE', #2466, 999.9999999999998863 ) ;
#2126 = ORIENTED_EDGE ( 'NONE', *, *, #604, .T. ) ;
#2127 = DIRECTION ( 'NONE',  ( -1.000000000000000000, 0.000000000000000000, 1.110223024625156294E-16 ) ) ;
#2128 = DIRECTION ( 'NONE',  ( 1.000000000000000000, 0.000000000000000000, 0.000000000000000000 ) ) ;
#2129 = VERTEX_POINT ( 'NONE', #5853 ) ;
#2130 = CARTESIAN_POINT ( 'NONE',  ( -6.592424242424243630, 8.293939393939391280, -1.512424242424236454 ) ) ;
#2131 = LINE ( 'NONE', #10573, #8668 ) ;
#2132 = CARTESIAN_POINT ( 'NONE',  ( 9.209999999999999076, -2.500000000000003109, 1.590000000000000080 ) ) ;
#2133 = ORIENTED_EDGE ( 'NONE', *, *, #9641, .F. ) ;
#2134 = DIRECTION ( 'NONE',  ( 0.3481553119113962591, -0.8703882797784889824, 0.3481553119113957040 ) ) ;
#2135 = VECTOR ( 'NONE', #1776, 1000.000000000000000 ) ;
#2136 = DIRECTION ( 'NONE',  ( 1.000000000000000000, 0.000000000000000000, -1.110223024625156294E-16 ) ) ;
#2137 = CARTESIAN_POINT ( 'NONE',  ( 16.53000000000000114, 0.2499999999999967526, -0.4500000000000005107 ) ) ;
#2138 = ORIENTED_EDGE ( 'NONE', *, *, #7761, .F. ) ;
#2139 = VECTOR ( 'NONE', #2862, 1000.000000000000000 ) ;
#2140 = CARTESIAN_POINT ( 'NONE',  ( 6.445000000000001172, -1.375000000000001998, 1.175000000000000266 ) ) ;
#2141 = DIRECTION ( 'NONE',  ( 1.649305920077741323E-16, -0.9284766908852591927, -0.3713906763541040545 ) ) ;
#2142 = CARTESIAN_POINT ( 'NONE',  ( 1.149999999999996803, -3.000000000000004441, 1.150000000000001465 ) ) ;
#2143 = EDGE_CURVE ( 'NONE', #9318, #11483, #10128, .T. ) ;
#2144 = ORIENTED_EDGE ( 'NONE', *, *, #4812, .T. ) ;
#2145 = MANIFOLD_SOLID_BREP ( '61202021621.stp<1>[19]', #3658 ) ;
#2146 = ORIENTED_EDGE ( 'NONE', *, *, #12841, .F. ) ;
#2147 = EDGE_CURVE ( 'NONE', #9154, #3577, #12018, .T. ) ;
#2148 = AXIS2_PLACEMENT_3D ( 'NONE', #1899, #7170, #6021 ) ;
#2149 = DIRECTION ( 'NONE',  ( 1.000000000000000000, 0.000000000000000000, -1.110223024625156294E-16 ) ) ;
#2150 = ORIENTED_EDGE ( 'NONE', *, *, #13358, .T. ) ;
#2151 = FACE_OUTER_BOUND ( 'NONE', #487, .T. ) ;
#2152 = DIRECTION ( 'NONE',  ( 1.000000000000000000, 0.000000000000000000, -1.110223024625156294E-16 ) ) ;
#2153 = DIRECTION ( 'NONE',  ( -1.110223024625156294E-16, 1.224646799147353207E-16, -1.000000000000000000 ) ) ;
#2154 = CARTESIAN_POINT ( 'NONE',  ( 3.689999999999998170, 8.599999999999997868, 1.590000000000002300 ) ) ;
#2155 = ORIENTED_EDGE ( 'NONE', *, *, #8387, .T. ) ;
#2156 = PLANE ( 'NONE',  #1448 ) ;
#2157 = CARTESIAN_POINT ( 'NONE',  ( 6.469999999999997975, -3.000000000000004441, 1.389999999999999902 ) ) ;
#2158 = ORIENTED_EDGE ( 'NONE', *, *, #8785, .T. ) ;
#2159 = ORIENTED_EDGE ( 'NONE', *, *, #10933, .F. ) ;
#2160 = FACE_OUTER_BOUND ( 'NONE', #12963, .T. ) ;
#2161 = DIRECTION ( 'NONE',  ( 1.000000000000000000, 0.000000000000000000, -1.110223024625156294E-16 ) ) ;
#2162 = CARTESIAN_POINT ( 'NONE',  ( -12.25000000000000711, 0.2499999999999967526, 4.425000000000003375 ) ) ;
#2163 = CARTESIAN_POINT ( 'NONE',  ( -6.670000000000004370, -2.500000000000003109, 0.9500000000000019540 ) ) ;
#2164 = ORIENTED_EDGE ( 'NONE', *, *, #4283, .F. ) ;
#2165 = MANIFOLD_SOLID_BREP ( '61202021621.stp<1>[12]', #1288 ) ;
#2166 = LINE ( 'NONE', #5337, #8493 ) ;
#2167 = ORIENTED_EDGE ( 'NONE', *, *, #8163, .F. ) ;
#2168 = EDGE_CURVE ( 'NONE', #4725, #1763, #11879, .T. ) ;
#2169 = EDGE_CURVE ( 'NONE', #11362, #654, #11412, .T. ) ;
#2170 = CARTESIAN_POINT ( 'NONE',  ( 9.009999999999998010, -3.000000000000003553, 1.590000000000000080 ) ) ;
#2171 = EDGE_CURVE ( 'NONE', #654, #6569, #5184, .T. ) ;
#2172 = ORIENTED_EDGE ( 'NONE', *, *, #11024, .T. ) ;
#2173 = ORIENTED_EDGE ( 'NONE', *, *, #1507, .T. ) ;
#2174 = LINE ( 'NONE', #7378, #9670 ) ;
#2175 = DIRECTION ( 'NONE',  ( -1.000000000000000000, 0.000000000000000000, 1.110223024625156294E-16 ) ) ;
#2176 = ORIENTED_EDGE ( 'NONE', *, *, #4415, .T. ) ;
#2177 = DIRECTION ( 'NONE',  ( 1.000000000000000000, 0.000000000000000000, 0.000000000000000000 ) ) ;
#2178 = EDGE_CURVE ( 'NONE', #292, #6252, #6262, .T. ) ;
#2179 = DIRECTION ( 'NONE',  ( -2.220446049250312095E-16, 1.000000000000000000, 1.224646799147353207E-16 ) ) ;
#2180 = ORIENTED_EDGE ( 'NONE', *, *, #1120, .T. ) ;
#2181 = ORIENTED_EDGE ( 'NONE', *, *, #7030, .F. ) ;
#2182 = CARTESIAN_POINT ( 'NONE',  ( -3.690000000000010161, 8.599999999999997868, -1.149999999999997913 ) ) ;
#2183 = DIRECTION ( 'NONE',  ( 1.110223024625156294E-16, -1.224646799147353207E-16, 1.000000000000000000 ) ) ;
#2184 = LINE ( 'NONE', #11450, #12911 ) ;
#2185 = VERTEX_POINT ( 'NONE', #9307 ) ;
#2186 = DIRECTION ( 'NONE',  ( -0.7071067811865491270, 0.7071067811865459074, 1.651002285577380499E-16 ) ) ;
#2187 = VECTOR ( 'NONE', #12274, 1000.000000000000000 ) ;
#2188 = VERTEX_POINT ( 'NONE', #11216 ) ;
#2189 = PLANE ( 'NONE',  #2324 ) ;
#2190 = DIRECTION ( 'NONE',  ( 2.821527733676277528E-15, -1.224646799147354193E-16, 1.000000000000000000 ) ) ;
#2191 = ORIENTED_EDGE ( 'NONE', *, *, #9702, .F. ) ;
#2192 = FACE_BOUND ( 'NONE', #4510, .T. ) ;
#2193 = DIRECTION ( 'NONE',  ( 1.000000000000000000, 0.000000000000000000, -1.110223024625156294E-16 ) ) ;
#2194 = FACE_OUTER_BOUND ( 'NONE', #6266, .T. ) ;
#2195 = ORIENTED_EDGE ( 'NONE', *, *, #6797, .F. ) ;
#2196 = DIRECTION ( 'NONE',  ( 0.5773502691896235106, -0.5773502691896282846, 0.5773502691896256200 ) ) ;
#2197 = PLANE ( 'NONE',  #2503 ) ;
#2198 = LINE ( 'NONE', #12212, #8910 ) ;
#2199 = VECTOR ( 'NONE', #9562, 1000.000000000000000 ) ;
#2200 = DIRECTION ( 'NONE',  ( -2.220446049250312095E-16, 1.000000000000000000, 1.224646799147353207E-16 ) ) ;
#2201 = PLANE ( 'NONE',  #10005 ) ;
#2202 = DIRECTION ( 'NONE',  ( 1.110223024625156294E-16, -1.224646799147353207E-16, 1.000000000000000000 ) ) ;
#2203 = ORIENTED_EDGE ( 'NONE', *, *, #3502, .T. ) ;
#2204 = EDGE_LOOP ( 'NONE', ( #5299, #13024, #9468, #9839 ) ) ;
#2205 = MANIFOLD_SOLID_BREP ( '61202021621.stp<1>[18]', #1935 ) ;
#2206 = EDGE_CURVE ( 'NONE', #4741, #6392, #4982, .T. ) ;
#2207 = ORIENTED_EDGE ( 'NONE', *, *, #13161, .F. ) ;
#2208 = VECTOR ( 'NONE', #553, 999.9999999999998863 ) ;
#2209 =( NAMED_UNIT ( * ) PLANE_ANGLE_UNIT ( ) SI_UNIT ( $, .RADIAN. ) );
#2210 = VERTEX_POINT ( 'NONE', #8232 ) ;
#2211 = DIRECTION ( 'NONE',  ( -2.220446049250312095E-16, 1.000000000000000000, 1.224646799147353207E-16 ) ) ;
#2212 = CARTESIAN_POINT ( 'NONE',  ( 6.469999999999995310, 8.599999999999999645, -1.389999999999997904 ) ) ;
#2213 = DIRECTION ( 'NONE',  ( -1.000000000000000000, 0.000000000000000000, 1.110223024625156294E-16 ) ) ;
#2214 = ADVANCED_FACE ( 'NONE', ( #2151 ), #5048, .F. ) ;
#2215 = PLANE ( 'NONE',  #2638 ) ;
#2216 = EDGE_LOOP ( 'NONE', ( #7710, #6068, #9901, #2989 ) ) ;
#2217 = LINE ( 'NONE', #1199, #4255 ) ;
#2218 = DIRECTION ( 'NONE',  ( -0.3481553119113940942, 0.8703882797784897596, -0.3481553119113955930 ) ) ;
#2219 = EDGE_CURVE ( 'NONE', #4361, #7358, #121, .T. ) ;
#2221 = AXIS2_PLACEMENT_3D ( 'NONE', #10413, #5341, #10548 ) ;
#2220 = DIRECTION ( 'NONE',  ( -2.599483128751245825E-15, -1.224646799147352221E-16, 1.000000000000000000 ) ) ;
#2222 = ORIENTED_EDGE ( 'NONE', *, *, #4969, .T. ) ;
#2223 = VECTOR ( 'NONE', #744, 1000.000000000000000 ) ;
#2224 = VERTEX_POINT ( 'NONE', #10391 ) ;
#2225 = DIRECTION ( 'NONE',  ( -1.000000000000000000, 0.000000000000000000, 1.110223024625156294E-16 ) ) ;
#2226 = LINE ( 'NONE', #69, #8052 ) ;
#2227 = LINE ( 'NONE', #2162, #2476 ) ;
#2228 = DIRECTION ( 'NONE',  ( -2.220446049250312095E-16, 1.000000000000000000, 1.224646799147353207E-16 ) ) ;
#2229 = VECTOR ( 'NONE', #10063, 1000.000000000000000 ) ;
#2230 = ORIENTED_EDGE ( 'NONE', *, *, #5884, .T. ) ;
#2231 = MANIFOLD_SOLID_BREP ( '61202021621.stp<1>[7]', #1074 ) ;
#2232 = DIRECTION ( 'NONE',  ( 1.110223024625156294E-16, -1.224646799147353207E-16, 1.000000000000000000 ) ) ;
#2233 = EDGE_LOOP ( 'NONE', ( #13168, #10369, #935, #227 ) ) ;
#2234 = PLANE ( 'NONE',  #920 ) ;
#2235 = ORIENTED_EDGE ( 'NONE', *, *, #11909, .F. ) ;
#2236 = VECTOR ( 'NONE', #54, 1000.000000000000000 ) ;
#2237 = ORIENTED_EDGE ( 'NONE', *, *, #10615, .F. ) ;
#2238 = AXIS2_PLACEMENT_3D ( 'NONE', #6183, #3011, #7204 ) ;
#2239 = EDGE_CURVE ( 'NONE', #8659, #9672, #7280, .T. ) ;
#2240 = PLANE ( 'NONE',  #12897 ) ;
#2241 = CARTESIAN_POINT ( 'NONE',  ( -11.55000000000000071, -3.000000000000003553, -0.9499999999999980682 ) ) ;
#2242 = EDGE_CURVE ( 'NONE', #8748, #969, #12622, .T. ) ;
#2243 = DIRECTION ( 'NONE',  ( 1.649305920077741323E-16, -0.9284766908852591927, -0.3713906763541040545 ) ) ;
#2244 = CARTESIAN_POINT ( 'NONE',  ( 6.107575757575755659, 8.293939393939387728, 1.027575757575760695 ) ) ;
#2245 = ORIENTED_EDGE ( 'NONE', *, *, #6325, .F. ) ;
#2246 = EDGE_LOOP ( 'NONE', ( #6130, #8521, #3497, #3479 ) ) ;
#2247 = PLANE ( 'NONE',  #48 ) ;
#2249 = CARTESIAN_POINT ( 'NONE',  ( 13.64000000000000234, -4.336808689942017736E-15, -3.624999999999998668 ) ) ;
#2248 = VECTOR ( 'NONE', #11859, 1000.000000000000000 ) ;
#2250 = CARTESIAN_POINT ( 'NONE',  ( -4.630000000000003446, 0.2499999999999967526, 4.425000000000002487 ) ) ;
#2251 = VERTEX_POINT ( 'NONE', #3283 ) ;
#2252 = LINE ( 'NONE', #11778, #3642 ) ;
#2254 = ORIENTED_EDGE ( 'NONE', *, *, #6891, .F. ) ;
#2253 = ADVANCED_FACE ( 'NONE', ( #10650 ), #4435, .T. ) ;
#2255 = VECTOR ( 'NONE', #4467, 1000.000000000000000 ) ;
#2256 = CARTESIAN_POINT ( 'NONE',  ( -9.210000000000006182, -3.000000000000004441, 1.590000000000002300 ) ) ;
#2257 = ADVANCED_FACE ( 'NONE', ( #9642 ), #5382, .F. ) ;
#2258 = EDGE_CURVE ( 'NONE', #6612, #3967, #12824, .T. ) ;
#2259 = PLANE ( 'NONE',  #9011 ) ;
#2260 = ORIENTED_EDGE ( 'NONE', *, *, #1632, .T. ) ;
#2261 = LINE ( 'NONE', #6441, #12679 ) ;
#2262 = PLANE ( 'NONE',  #3259 ) ;
#2263 = VECTOR ( 'NONE', #7214, 1000.000000000000000 ) ;
#2264 = CARTESIAN_POINT ( 'NONE',  ( 3.490000000000000657, 2.599999999999998312, -0.9499999999999990674 ) ) ;
#2265 = VERTEX_POINT ( 'NONE', #1461 ) ;
#2266 = LINE ( 'NONE', #2462, #900 ) ;
#2267 = AXIS2_PLACEMENT_3D ( 'NONE', #784, #9974, #1730 ) ;
#2268 = DIRECTION ( 'NONE',  ( -1.000000000000000000, 0.000000000000000000, 1.110223024625156294E-16 ) ) ;
#2269 = LINE ( 'NONE', #10892, #11712 ) ;
#2270 = EDGE_CURVE ( 'NONE', #10402, #10283, #8566, .T. ) ;
#2271 = AXIS2_PLACEMENT_3D ( 'NONE', #7213, #6191, #4036 ) ;
#2272 = DIRECTION ( 'NONE',  ( -0.9284766908852590817, -0.3713906763541042766, 5.759937970183641537E-17 ) ) ;
#2273 = DIRECTION ( 'NONE',  ( -2.220446049250312095E-16, 1.000000000000000000, 1.224646799147353207E-16 ) ) ;
#2274 = EDGE_CURVE ( 'NONE', #10932, #11387, #5513, .T. ) ;
#2275 = CARTESIAN_POINT ( 'NONE',  ( -3.665757575757590647, 8.539393939393942645, 1.125757575757582174 ) ) ;
#2276 = ORIENTED_EDGE ( 'NONE', *, *, #4947, .F. ) ;
#2277 = VERTEX_POINT ( 'NONE', #7618 ) ;
#2278 = ORIENTED_EDGE ( 'NONE', *, *, #7131, .T. ) ;
#2279 = AXIS2_PLACEMENT_3D ( 'NONE', #5428, #12608, #11721 ) ;
#2280 = ORIENTED_EDGE ( 'NONE', *, *, #4195, .T. ) ;
#2281 = DIRECTION ( 'NONE',  ( 1.000000000000000000, 0.000000000000000000, -1.110223024625156294E-16 ) ) ;
#2282 = FACE_OUTER_BOUND ( 'NONE', #6832, .T. ) ;
#2283 = DIRECTION ( 'NONE',  ( -2.220446049250312095E-16, 1.000000000000000000, 1.224646799147353207E-16 ) ) ;
#2284 = CARTESIAN_POINT ( 'NONE',  ( -9.210000000000007958, 8.599999999999999645, 1.590000000000003411 ) ) ;
#2285 = ORIENTED_EDGE ( 'NONE', *, *, #10251, .T. ) ;
#2286 = DIRECTION ( 'NONE',  ( -0.3481553119113937056, -0.8703882797784899816, -0.3481553119113958705 ) ) ;
#2287 = EDGE_CURVE ( 'NONE', #12601, #3644, #3354, .T. ) ;
#2288 = CARTESIAN_POINT ( 'NONE',  ( 2.134999999999998010, 2.799999999999998490, -0.9499999999999988454 ) ) ;
#2289 = CARTESIAN_POINT ( 'NONE',  ( -11.10999999999999766, -32.81321928319991343, 0.9499999999999987343 ) ) ;
#2290 = ORIENTED_EDGE ( 'NONE', *, *, #3757, .T. ) ;
#2291 = VERTEX_POINT ( 'NONE', #6523 ) ;
#2292 = CARTESIAN_POINT ( 'NONE',  ( 6.230000000000001315, -3.000000000000004441, 1.590000000000000524 ) ) ;
#2293 = AXIS2_PLACEMENT_3D ( 'NONE', #7124, #1918, #10166 ) ;
#2294 = CARTESIAN_POINT ( 'NONE',  ( -3.490000000000011315, 8.599999999999999645, 1.390000000000002567 ) ) ;
#2295 = CARTESIAN_POINT ( 'NONE',  ( 14.06499999999999773, -3.469446951953614189E-15, -3.624999999999998668 ) ) ;
#2296 = DIRECTION ( 'NONE',  ( 1.030816200048588727E-16, 0.3713906763541041101, 0.9284766908852591927 ) ) ;
#2297 = DIRECTION ( 'NONE',  ( 1.000000000000000000, 0.000000000000000000, -1.110223024625156294E-16 ) ) ;
#2298 = ORIENTED_EDGE ( 'NONE', *, *, #5398, .T. ) ;
#2299 = DIRECTION ( 'NONE',  ( 1.000000000000000000, 0.000000000000000000, -1.110223024625156294E-16 ) ) ;
#2300 = ORIENTED_EDGE ( 'NONE', *, *, #682, .T. ) ;
#2301 = LINE ( 'NONE', #1080, #7405 ) ;
#2302 = VECTOR ( 'NONE', #1322, 1000.000000000000000 ) ;
#2303 = ADVANCED_FACE ( 'NONE', ( #8638 ), #9507, .F. ) ;
#2304 = ORIENTED_EDGE ( 'NONE', *, *, #7869, .F. ) ;
#2305 = ORIENTED_EDGE ( 'NONE', *, *, #5954, .T. ) ;
#2306 = EDGE_CURVE ( 'NONE', #7023, #2963, #11667, .T. ) ;
#2307 = LINE ( 'NONE', #10286, #12705 ) ;
#2308 = DIRECTION ( 'NONE',  ( -1.000000000000000000, 0.000000000000000000, 0.000000000000000000 ) ) ;
#2309 = DIRECTION ( 'NONE',  ( -0.7071067811865491270, 0.7071067811865459074, 1.651002285577380499E-16 ) ) ;
#2310 = VECTOR ( 'NONE', #11802, 1000.000000000000000 ) ;
#2311 = FILL_AREA_STYLE ('',( #5151 ) ) ;
#2312 = ORIENTED_EDGE ( 'NONE', *, *, #44, .F. ) ;
#2313 = ORIENTED_EDGE ( 'NONE', *, *, #13383, .T. ) ;
#2314 = LINE ( 'NONE', #5550, #8038 ) ;
#2315 = CARTESIAN_POINT ( 'NONE',  ( -0.9500000000000023981, 2.599999999999996980, 0.9500000000000019540 ) ) ;
#2316 = EDGE_CURVE ( 'NONE', #3138, #2030, #10718, .T. ) ;
#2317 = ADVANCED_FACE ( 'NONE', ( #9713 ), #450, .F. ) ;
#2318 = CARTESIAN_POINT ( 'NONE',  ( -3.690000000000010161, 8.599999999999997868, -0.9499999999999975131 ) ) ;
#2319 = VECTOR ( 'NONE', #195, 1000.000000000000000 ) ;
#2320 = VERTEX_POINT ( 'NONE', #8694 ) ;
#2321 = DIRECTION ( 'NONE',  ( 1.000000000000000000, 0.000000000000000000, -1.110223024625156294E-16 ) ) ;
#2322 = ORIENTED_EDGE ( 'NONE', *, *, #11389, .F. ) ;
#2323 = FACE_OUTER_BOUND ( 'NONE', #12041, .T. ) ;
#2324 = AXIS2_PLACEMENT_3D ( 'NONE', #1302, #1170, #8476 ) ;
#2325 = DIRECTION ( 'NONE',  ( 0.5773502691896235106, -0.5773502691896282846, 0.5773502691896256200 ) ) ;
#2326 = ORIENTED_EDGE ( 'NONE', *, *, #1465, .F. ) ;
#2327 = DIRECTION ( 'NONE',  ( -2.220446049250312095E-16, 1.000000000000000000, 1.224646799147353207E-16 ) ) ;
#2328 = LINE ( 'NONE', #4418, #9308 ) ;
#2329 = AXIS2_PLACEMENT_3D ( 'NONE', #1783, #4685, #1851 ) ;
#2330 = CARTESIAN_POINT ( 'NONE',  ( 0.9499999999999976241, -3.000000000000004441, -0.9499999999999995115 ) ) ;
#2331 = ORIENTED_EDGE ( 'NONE', *, *, #12520, .F. ) ;
#2332 = CARTESIAN_POINT ( 'NONE',  ( 11.10999999999999766, 0.7499999999999972244, -0.9499999999999999556 ) ) ;
#2333 = CARTESIAN_POINT ( 'NONE',  ( 11.10999999999999766, -3.000000000000003553, 1.590000000000000080 ) ) ;
#2334 = EDGE_CURVE ( 'NONE', #13027, #1920, #3552, .T. ) ;
#2335 = ADVANCED_FACE ( 'NONE', ( #1194 ), #5317, .F. ) ;
#2336 = LINE ( 'NONE', #11725, #1668 ) ;
#2337 = ADVANCED_FACE ( 'NONE', ( #4301 ), #12558, .F. ) ;
#2338 = VECTOR ( 'NONE', #5865, 1000.000000000000000 ) ;
#2339 = DIRECTION ( 'NONE',  ( -1.110223024625156294E-16, 1.224646799147353207E-16, -1.000000000000000000 ) ) ;
#2340 = DIRECTION ( 'NONE',  ( 1.649305920077741323E-16, -0.9284766908852591927, -0.3713906763541040545 ) ) ;
#2341 = EDGE_LOOP ( 'NONE', ( #735, #10522, #10889, #4808 ) ) ;
#2342 = ORIENTED_EDGE ( 'NONE', *, *, #13005, .T. ) ;
#2343 = ORIENTED_EDGE ( 'NONE', *, *, #9284, .F. ) ;
#2344 = EDGE_CURVE ( 'NONE', #4856, #5295, #2805, .T. ) ;
#2345 = EDGE_CURVE ( 'NONE', #1224, #11691, #4827, .T. ) ;
#2346 = VERTEX_POINT ( 'NONE', #576 ) ;
#2347 = DIRECTION ( 'NONE',  ( -2.220446049250312095E-16, 1.000000000000000000, 1.224646799147353207E-16 ) ) ;
#2348 = FACE_OUTER_BOUND ( 'NONE', #5758, .T. ) ;
#2349 = EDGE_CURVE ( 'NONE', #959, #5017, #7809, .T. ) ;
#2350 = DIRECTION ( 'NONE',  ( -1.110223024625156294E-16, 1.224646799147353207E-16, -1.000000000000000000 ) ) ;
#2351 = AXIS2_PLACEMENT_3D ( 'NONE', #1473, #7564, #4642 ) ;
#2352 = PLANE ( 'NONE',  #6787 ) ;
#2353 = CARTESIAN_POINT ( 'NONE',  ( 11.31000000000000405, -3.000000000000002665, -0.9500000000000006217 ) ) ;
#2354 = ORIENTED_EDGE ( 'NONE', *, *, #456, .T. ) ;
#2355 = CARTESIAN_POINT ( 'NONE',  ( 9.831666666666658116, -0.5283333333333328774, 2.868333333333330071 ) ) ;
#2356 = EDGE_CURVE ( 'NONE', #5812, #10481, #9027, .T. ) ;
#2357 = CARTESIAN_POINT ( 'NONE',  ( -8.956666666666665222, -3.133333333333335080, -1.336666666666666892 ) ) ;
#2358 = VECTOR ( 'NONE', #6568, 1000.000000000000000 ) ;
#2359 = VERTEX_POINT ( 'NONE', #3617 ) ;
#2360 = ORIENTED_EDGE ( 'NONE', *, *, #12669, .T. ) ;
#2361 = DIRECTION ( 'NONE',  ( 1.110223024625156294E-16, -1.224646799147352961E-16, 1.000000000000000000 ) ) ;
#2362 = EDGE_CURVE ( 'NONE', #1527, #145, #13154, .T. ) ;
#2363 = DIRECTION ( 'NONE',  ( -2.220446049250312095E-16, 1.000000000000000000, 1.224646799147353207E-16 ) ) ;
#2364 = LINE ( 'NONE', #3570, #3995 ) ;
#2365 = CARTESIAN_POINT ( 'NONE',  ( -11.31000000000001116, -3.000000000000006217, 1.590000000000002744 ) ) ;
#2366 = ORIENTED_EDGE ( 'NONE', *, *, #2531, .F. ) ;
#2367 = EDGE_CURVE ( 'NONE', #1309, #5864, #9968, .T. ) ;
#2368 = CARTESIAN_POINT ( 'NONE',  ( 6.669999999999997264, -32.81321928319991343, -0.9500000000000037303 ) ) ;
#2369 = EDGE_CURVE ( 'NONE', #3578, #9636, #11866, .T. ) ;
#2370 = ORIENTED_EDGE ( 'NONE', *, *, #3819, .F. ) ;
#2371 = VECTOR ( 'NONE', #10490, 1000.000000000000227 ) ;
#2372 = DIRECTION ( 'NONE',  ( -1.000000000000000000, 0.000000000000000000, 1.110223024625156294E-16 ) ) ;
#2373 = ORIENTED_EDGE ( 'NONE', *, *, #971, .T. ) ;
#2374 = EDGE_LOOP ( 'NONE', ( #8216, #8472, #12662, #2698 ) ) ;
#2375 = AXIS2_PLACEMENT_3D ( 'NONE', #4502, #3478, #11732 ) ;
#2376 = DIRECTION ( 'NONE',  ( -1.110223024625156294E-16, 1.224646799147353207E-16, -1.000000000000000000 ) ) ;
#2377 = FACE_OUTER_BOUND ( 'NONE', #10899, .T. ) ;
#2378 = ADVANCED_FACE ( 'NONE', ( #3679 ), #2732, .F. ) ;
#2379 = FACE_BOUND ( 'NONE', #793, .T. ) ;
#2380 = ORIENTED_EDGE ( 'NONE', *, *, #2531, .T. ) ;
#2381 = VERTEX_POINT ( 'NONE', #10993 ) ;
#2382 = CARTESIAN_POINT ( 'NONE',  ( 4.129999999999995453, 2.599999999999998312, 0.9500000000000013989 ) ) ;
#2383 = EDGE_CURVE ( 'NONE', #12893, #8691, #6723, .T. ) ;
#2384 = CARTESIAN_POINT ( 'NONE',  ( -11.11000000000000654, 8.599999999999999645, 1.590000000000003855 ) ) ;
#2385 = CARTESIAN_POINT ( 'NONE',  ( -1.590000000000005631, 8.599999999999997868, -1.589999999999997637 ) ) ;
#2386 = EDGE_CURVE ( 'NONE', #3650, #13143, #13083, .T. ) ;
#2387 = ORIENTED_EDGE ( 'NONE', *, *, #4099, .F. ) ;
#2388 = CARTESIAN_POINT ( 'NONE',  ( 0.9499999999999949596, 8.599999999999997868, -0.9499999999999980682 ) ) ;
#2389 = ORIENTED_EDGE ( 'NONE', *, *, #11687, .F. ) ;
#2390 = CARTESIAN_POINT ( 'NONE',  ( 6.030000000000002025, -32.81321928319991343, -0.9500000000000036193 ) ) ;
#2391 = LINE ( 'NONE', #11911, #3832 ) ;
#2392 = ORIENTED_EDGE ( 'NONE', *, *, #6791, .F. ) ;
#2393 = FACE_BOUND ( 'NONE', #4549, .T. ) ;
#2394 = DIRECTION ( 'NONE',  ( 1.000000000000000000, 0.000000000000000000, 0.000000000000000000 ) ) ;
#2395 = VERTEX_POINT ( 'NONE', #8012 ) ;
#2396 = CARTESIAN_POINT ( 'NONE',  ( 9.209999999999999076, 0.7499999999999972244, 1.590000000000000524 ) ) ;
#2397 = CARTESIAN_POINT ( 'NONE',  ( 8.745757575757576063, -2.939393939393943000, 1.414242424242419416 ) ) ;
#2398 = VECTOR ( 'NONE', #2108, 999.9999999999998863 ) ;
#2399 = PLANE ( 'NONE',  #5768 ) ;
#2400 = DIRECTION ( 'NONE',  ( 0.9284766908852591927, -0.3713906763541040545, -1.485638603078812808E-16 ) ) ;
#2401 = DIRECTION ( 'NONE',  ( -2.599483128751245825E-15, -1.224646799147352221E-16, 1.000000000000000000 ) ) ;
#2402 = VERTEX_POINT ( 'NONE', #1726 ) ;
#2403 = ORIENTED_EDGE ( 'NONE', *, *, #9283, .T. ) ;
#2404 = VECTOR ( 'NONE', #2175, 1000.000000000000000 ) ;
#2405 = EDGE_LOOP ( 'NONE', ( #7805, #1561, #9175, #4102 ) ) ;
#2406 = ADVANCED_FACE ( 'NONE', ( #10855 ), #3814, .F. ) ;
#2407 = ORIENTED_EDGE ( 'NONE', *, *, #1913, .F. ) ;
#2408 = CARTESIAN_POINT ( 'NONE',  ( -0.9500000000000010658, -2.500000000000003997, 1.590000000000001412 ) ) ;
#2409 = ADVANCED_FACE ( 'NONE', ( #9840 ), #5771, .F. ) ;
#2410 = CARTESIAN_POINT ( 'NONE',  ( -9.210000000000006182, 0.7499999999999972244, -1.589999999999997637 ) ) ;
#2411 = CARTESIAN_POINT ( 'NONE',  ( 12.25000000000000355, 0.2499999999999950040, 4.424999999999999822 ) ) ;
#2412 = AXIS2_PLACEMENT_3D ( 'NONE', #12676, #3407, #9631 ) ;
#2413 = DIRECTION ( 'NONE',  ( 1.110223024625156294E-16, -1.224646799147353207E-16, 1.000000000000000000 ) ) ;
#2414 = PLANE ( 'NONE',  #7640 ) ;
#2415 = ORIENTED_EDGE ( 'NONE', *, *, #855, .T. ) ;
#2416 = CARTESIAN_POINT ( 'NONE',  ( 1.125757575757577067, -2.939393939393943889, 1.414242424242420082 ) ) ;
#2417 = CARTESIAN_POINT ( 'NONE',  ( 0.4249999999999989897, -2.602085213965210642E-15, -3.624999999999997335 ) ) ;
#2418 = LINE ( 'NONE', #6469, #8608 ) ;
#2419 = EDGE_CURVE ( 'NONE', #6481, #10629, #8823, .T. ) ;
#2420 = AXIS2_PLACEMENT_3D ( 'NONE', #421, #12529, #4540 ) ;
#2421 = VERTEX_POINT ( 'NONE', #12949 ) ;
#2422 = ORIENTED_EDGE ( 'NONE', *, *, #8857, .T. ) ;
#2423 = LINE ( 'NONE', #1407, #12481 ) ;
#2424 = ORIENTED_EDGE ( 'NONE', *, *, #5117, .F. ) ;
#2425 = VECTOR ( 'NONE', #7450, 1000.000000000000000 ) ;
#2426 = EDGE_CURVE ( 'NONE', #4270, #338, #9902, .T. ) ;
#2427 = DIRECTION ( 'NONE',  ( 0.9284766908852591927, -0.3713906763541040545, -1.485638603078812808E-16 ) ) ;
#2428 = EDGE_CURVE ( 'NONE', #10821, #8620, #7877, .T. ) ;
#2429 = PLANE ( 'NONE',  #7453 ) ;
#2430 = CARTESIAN_POINT ( 'NONE',  ( 12.12393939393939846, -1.565151515151522954, -0.5760606060606071610 ) ) ;
#2431 = ORIENTED_EDGE ( 'NONE', *, *, #527, .F. ) ;
#2432 = CARTESIAN_POINT ( 'NONE',  ( 16.53000000000000114, 0.2499999999999967526, -2.090000000000000746 ) ) ;
#2433 = ORIENTED_EDGE ( 'NONE', *, *, #12207, .F. ) ;
#2434 = VECTOR ( 'NONE', #10280, 1000.000000000000000 ) ;
#2435 = STYLED_ITEM ( 'NONE', ( #10405 ), #2002 ) ;
#2436 = CARTESIAN_POINT ( 'NONE',  ( 9.209999999999999076, 0.7499999999999972244, -1.589999999999999858 ) ) ;
#2437 = VECTOR ( 'NONE', #613, 1000.000000000000000 ) ;
#2438 = ORIENTED_EDGE ( 'NONE', *, *, #5547, .T. ) ;
#2439 = EDGE_CURVE ( 'NONE', #11295, #7719, #5640, .T. ) ;
#2440 = VERTEX_POINT ( 'NONE', #4632 ) ;
#2441 = VECTOR ( 'NONE', #9134, 1000.000000000000000 ) ;
#2442 = LINE ( 'NONE', #6555, #2765 ) ;
#2443 = CARTESIAN_POINT ( 'NONE',  ( -8.967826481409701009E-15, -4.336808689942017736E-15, 3.625000000000002220 ) ) ;
#2444 = CARTESIAN_POINT ( 'NONE',  ( -0.9500000000000039524, 8.600000000000001421, -0.9499999999999978462 ) ) ;
#2445 = ORIENTED_EDGE ( 'NONE', *, *, #4554, .T. ) ;
#2446 = ORIENTED_EDGE ( 'NONE', *, *, #952, .T. ) ;
#2447 = PLANE ( 'NONE',  #5011 ) ;
#2448 = CARTESIAN_POINT ( 'NONE',  ( 3.941515151515153192, 9.228787878787882093, -1.401515151515146940 ) ) ;
#2449 = VECTOR ( 'NONE', #2595, 1000.000000000000114 ) ;
#2450 = EDGE_CURVE ( 'NONE', #3731, #7565, #8762, .T. ) ;
#2451 = EDGE_LOOP ( 'NONE', ( #1483, #5123, #12022, #4233 ) ) ;
#2452 = VECTOR ( 'NONE', #11270, 1000.000000000000000 ) ;
#2453 = DIRECTION ( 'NONE',  ( -1.000000000000000000, 0.000000000000000000, 1.110223024625156294E-16 ) ) ;
#2454 = ORIENTED_EDGE ( 'NONE', *, *, #8531, .F. ) ;
#2455 = CARTESIAN_POINT ( 'NONE',  ( 8.769999999999997797, 8.599999999999999645, -0.9499999999999989564 ) ) ;
#2456 = EDGE_CURVE ( 'NONE', #1224, #11998, #5231, .T. ) ;
#2457 = LINE ( 'NONE', #7666, #4680 ) ;
#2458 = ORIENTED_EDGE ( 'NONE', *, *, #10705, .F. ) ;
#2459 = PLANE ( 'NONE',  #5487 ) ;
#2460 = DIRECTION ( 'NONE',  ( 2.220446049250312095E-16, -1.000000000000000000, -1.224646799147353207E-16 ) ) ;
#2461 = ORIENTED_EDGE ( 'NONE', *, *, #2369, .T. ) ;
#2462 = CARTESIAN_POINT ( 'NONE',  ( -8.570000000000003837, 2.599999999999998757, -1.589999999999997415 ) ) ;
#2463 = VECTOR ( 'NONE', #440, 1000.000000000000000 ) ;
#2464 = CARTESIAN_POINT ( 'NONE',  ( 1.389999999999991243, 8.599999999999997868, 1.590000000000002300 ) ) ;
#2465 = PLANE ( 'NONE',  #723 ) ;
#2466 = DIRECTION ( 'NONE',  ( 0.3481553119113962591, -0.8703882797784889824, 0.3481553119113957040 ) ) ;
#2467 = ORIENTED_EDGE ( 'NONE', *, *, #10320, .F. ) ;
#2468 = ORIENTED_EDGE ( 'NONE', *, *, #7591, .T. ) ;
#2469 = FACE_OUTER_BOUND ( 'NONE', #5652, .T. ) ;
#2470 = VECTOR ( 'NONE', #13316, 1000.000000000000000 ) ;
#2471 = DIRECTION ( 'NONE',  ( -2.220446049250312095E-16, 1.000000000000000000, 1.224646799147353207E-16 ) ) ;
#2472 = VERTEX_POINT ( 'NONE', #7061 ) ;
#2473 = CARTESIAN_POINT ( 'NONE',  ( -8.570000000000005613, 8.599999999999999645, 1.390000000000003011 ) ) ;
#2474 = CARTESIAN_POINT ( 'NONE',  ( -16.53000000000000114, 6.650000000000000355, -1.649999999999995470 ) ) ;
#2475 = CARTESIAN_POINT ( 'NONE',  ( -8.770000000000012008, 8.599999999999999645, 1.590000000000003411 ) ) ;
#2476 = VECTOR ( 'NONE', #3237, 1000.000000000000000 ) ;
#2477 = DIRECTION ( 'NONE',  ( 1.110223024625156294E-16, -1.224646799147352961E-16, 1.000000000000000000 ) ) ;
#2478 = DIRECTION ( 'NONE',  ( 1.110223024625156294E-16, -1.224646799147353207E-16, 1.000000000000000000 ) ) ;
#2479 = VERTEX_POINT ( 'NONE', #10169 ) ;
#2480 = CARTESIAN_POINT ( 'NONE',  ( -6.670000000000007034, 8.600000000000003197, 1.590000000000003189 ) ) ;
#2481 = DIRECTION ( 'NONE',  ( -1.110223024625156294E-16, 1.224646799147353207E-16, -1.000000000000000000 ) ) ;
#2482 = VECTOR ( 'NONE', #12374, 1000.000000000000000 ) ;
#2483 = CARTESIAN_POINT ( 'NONE',  ( -11.11000000000000654, 8.599999999999999645, 1.390000000000003455 ) ) ;
#2484 = EDGE_LOOP ( 'NONE', ( #1155, #9381, #4133, #6433 ) ) ;
#2485 = AXIS2_PLACEMENT_3D ( 'NONE', #8749, #6507, #2460 ) ;
#2486 = ORIENTED_EDGE ( 'NONE', *, *, #11540, .T. ) ;
#2487 = LINE ( 'NONE', #6677, #10748 ) ;
#2488 = ORIENTED_EDGE ( 'NONE', *, *, #4495, .T. ) ;
#2489 =( NAMED_UNIT ( * ) PLANE_ANGLE_UNIT ( ) SI_UNIT ( $, .RADIAN. ) );
#2490 = FACE_OUTER_BOUND ( 'NONE', #11147, .T. ) ;
#2491 = PLANE ( 'NONE',  #10034 ) ;
#2492 = CARTESIAN_POINT ( 'NONE',  ( -3.930000000000007265, 8.600000000000003197, -1.149999999999997913 ) ) ;
#2493 = EDGE_LOOP ( 'NONE', ( #437, #4060, #2403, #1892 ) ) ;
#2494 = PLANE ( 'NONE',  #3087 ) ;
#2495 = VERTEX_POINT ( 'NONE', #3953 ) ;
#2496 = CARTESIAN_POINT ( 'NONE',  ( 11.36333333333329776, -3.133333333333334192, 1.203333333333329369 ) ) ;
#2497 = ADVANCED_FACE ( 'NONE', ( #4215 ), #847, .F. ) ;
#2498 = EDGE_CURVE ( 'NONE', #1058, #4499, #11132, .T. ) ;
#2499 = ADVANCED_FACE ( 'NONE', ( #11257 ), #8217, .T. ) ;
#2500 = AXIS2_PLACEMENT_3D ( 'NONE', #3505, #1482, #12643 ) ;
#2501 = ORIENTED_EDGE ( 'NONE', *, *, #9352, .T. ) ;
#2502 = ORIENTED_EDGE ( 'NONE', *, *, #7106, .T. ) ;
#2503 = AXIS2_PLACEMENT_3D ( 'NONE', #13289, #1179, #10380 ) ;
#2504 = FACE_OUTER_BOUND ( 'NONE', #9619, .T. ) ;
#2505 = DIRECTION ( 'NONE',  ( -1.000000000000000000, 0.000000000000000000, 1.110223024625156294E-16 ) ) ;
#2506 = DIRECTION ( 'NONE',  ( 1.000000000000000000, 0.000000000000000000, 0.000000000000000000 ) ) ;
#2507 = CARTESIAN_POINT ( 'NONE',  ( 12.29499999999999993, 2.799999999999998490, 0.9500000000000003997 ) ) ;
#2508 = EDGE_CURVE ( 'NONE', #9846, #6146, #4149, .T. ) ;
#2509 = EDGE_CURVE ( 'NONE', #3009, #7838, #12273, .T. ) ;
#2510 = EDGE_LOOP ( 'NONE', ( #5811, #4231, #13198, #3080 ) ) ;
#2511 = ORIENTED_EDGE ( 'NONE', *, *, #12371, .F. ) ;
#2512 = EDGE_CURVE ( 'NONE', #3786, #8459, #9158, .T. ) ;
#2513 = CARTESIAN_POINT ( 'NONE',  ( 16.08000000000000185, 9.100000000000003197, 3.775000000000002132 ) ) ;
#2514 = EDGE_CURVE ( 'NONE', #5703, #1255, #974, .T. ) ;
#2515 = FACE_OUTER_BOUND ( 'NONE', #4373, .T. ) ;
#2516 = DIRECTION ( 'NONE',  ( 2.220446049250312095E-16, -1.000000000000000000, -1.224646799147353207E-16 ) ) ;
#2517 = DIRECTION ( 'NONE',  ( 1.000000000000000000, 0.000000000000000000, -1.110223024625156294E-16 ) ) ;
#2518 = ORIENTED_EDGE ( 'NONE', *, *, #6535, .T. ) ;
#2519 = DIRECTION ( 'NONE',  ( 0.3481553119113962591, -0.8703882797784889824, 0.3481553119113957040 ) ) ;
#2520 = STYLED_ITEM ( 'NONE', ( #8778 ), #2165 ) ;
#2521 = ORIENTED_EDGE ( 'NONE', *, *, #8531, .T. ) ;
#2522 = DIRECTION ( 'NONE',  ( 1.855469160087460128E-16, -0.3713906763541040545, 0.9284766908852591927 ) ) ;
#2523 = DIRECTION ( 'NONE',  ( -1.000000000000000000, -2.220446049250308890E-16, -2.599483128751243459E-15 ) ) ;
#2524 = CARTESIAN_POINT ( 'NONE',  ( 7.043939393939388616, -1.565151515151522066, 1.963939393939390765 ) ) ;
#2525 = ORIENTED_EDGE ( 'NONE', *, *, #12578, .T. ) ;
#2526 = DIRECTION ( 'NONE',  ( -0.7071067811865491270, 0.7071067811865459074, 1.651002285577380499E-16 ) ) ;
#2527 = EDGE_CURVE ( 'NONE', #2251, #5612, #13356, .T. ) ;
#2528 = DIRECTION ( 'NONE',  ( 2.821527733676277528E-15, -1.224646799147354193E-16, 1.000000000000000000 ) ) ;
#2529 = ORIENTED_EDGE ( 'NONE', *, *, #7310, .F. ) ;
#2530 = DIRECTION ( 'NONE',  ( -0.3481553119113956485, -0.8703882797784890935, 0.3481553119113957595 ) ) ;
#2531 = EDGE_CURVE ( 'NONE', #12810, #3650, #8280, .T. ) ;
#2532 = VECTOR ( 'NONE', #2612, 999.9999999999998863 ) ;
#2533 = EDGE_CURVE ( 'NONE', #3448, #6239, #4084, .T. ) ;
#2534 = DIRECTION ( 'NONE',  ( -1.000000000000000000, -2.220446049250312341E-16, 1.110223024625156047E-16 ) ) ;
#2535 = DIRECTION ( 'NONE',  ( 1.359631073446890508E-32, 1.000000000000000000, 1.224646799147352961E-16 ) ) ;
#2536 = DIRECTION ( 'NONE',  ( -2.220446049250312095E-16, 1.000000000000000000, 1.224646799147353207E-16 ) ) ;
#2537 = VECTOR ( 'NONE', #7995, 1000.000000000000000 ) ;
#2538 = EDGE_LOOP ( 'NONE', ( #11014, #6056, #4607, #8108 ) ) ;
#2539 = ORIENTED_EDGE ( 'NONE', *, *, #2082, .F. ) ;
#2540 = LINE ( 'NONE', #6659, #6977 ) ;
#2541 = VECTOR ( 'NONE', #7606, 1000.000000000000000 ) ;
#2542 = ORIENTED_EDGE ( 'NONE', *, *, #13022, .F. ) ;
#2543 = ORIENTED_EDGE ( 'NONE', *, *, #7381, .T. ) ;
#2544 = CARTESIAN_POINT ( 'NONE',  ( 4.052424242424244483, -2.693939393939394300, 1.027575757575759807 ) ) ;
#2545 = CARTESIAN_POINT ( 'NONE',  ( 11.54999999999999538, 8.599999999999999645, 1.390000000000000790 ) ) ;
#2546 = FACE_OUTER_BOUND ( 'NONE', #11913, .T. ) ;
#2547 = VECTOR ( 'NONE', #8182, 1000.000000000000000 ) ;
#2548 = CARTESIAN_POINT ( 'NONE',  ( 4.629999999999998117, 0.2499999999999967526, 4.425000000000000711 ) ) ;
#2549 = CARTESIAN_POINT ( 'NONE',  ( 3.490000000000001990, -2.500000000000003997, 1.590000000000000968 ) ) ;
#2550 = VERTEX_POINT ( 'NONE', #6173 ) ;
#2551 = ADVANCED_FACE ( 'NONE', ( #6040 ), #7127, .F. ) ;
#2552 = DIRECTION ( 'NONE',  ( -0.3481553119113939831, 0.8703882797784897596, 0.3481553119113959816 ) ) ;
#2554 = VECTOR ( 'NONE', #291, 1000.000000000000000 ) ;
#2553 = DIRECTION ( 'NONE',  ( -2.220446049250312095E-16, 1.000000000000000000, 1.224646799147353207E-16 ) ) ;
#2555 = ADVANCED_FACE ( 'NONE', ( #8148 ), #10238, .T. ) ;
#2556 = ORIENTED_EDGE ( 'NONE', *, *, #525, .T. ) ;
#2557 = AXIS2_PLACEMENT_3D ( 'NONE', #3834, #2884, #5789 ) ;
#2558 = ORIENTED_EDGE ( 'NONE', *, *, #4732, .T. ) ;
#2559 =( GEOMETRIC_REPRESENTATION_CONTEXT ( 3 ) GLOBAL_UNCERTAINTY_ASSIGNED_CONTEXT ( ( #6514 ) ) GLOBAL_UNIT_ASSIGNED_CONTEXT ( ( #1602, #9723, #10598 ) ) REPRESENTATION_CONTEXT ( 'NONE', 'WORKASPACE' ) );
#2560 = FACE_OUTER_BOUND ( 'NONE', #5606, .T. ) ;
#2561 = ORIENTED_EDGE ( 'NONE', *, *, #3754, .F. ) ;
#2562 = FILL_AREA_STYLE_COLOUR ( '', #6968 ) ;
#2563 = DIRECTION ( 'NONE',  ( -0.9284766908852590817, -0.3713906763541042766, 5.759937970183641537E-17 ) ) ;
#2564 = CARTESIAN_POINT ( 'NONE',  ( -16.53000000000001180, 9.099999999999999645, 4.425000000000005151 ) ) ;
#2565 = EDGE_LOOP ( 'NONE', ( #11088, #10888, #165, #3277 ) ) ;
#2566 = PLANE ( 'NONE',  #10000 ) ;
#2567 = ORIENTED_EDGE ( 'NONE', *, *, #12119, .T. ) ;
#2568 = FACE_OUTER_BOUND ( 'NONE', #7790, .T. ) ;
#2569 = STYLED_ITEM ( 'NONE', ( #10023 ), #6579 ) ;
#2570 = VECTOR ( 'NONE', #5882, 1000.000000000000000 ) ;
#2571 = ORIENTED_EDGE ( 'NONE', *, *, #6891, .T. ) ;
#2572 = ORIENTED_EDGE ( 'NONE', *, *, #2419, .T. ) ;
#2573 = PLANE ( 'NONE',  #5562 ) ;
#2574 = SURFACE_STYLE_FILL_AREA ( #10753 ) ;
#2575 = DIRECTION ( 'NONE',  ( -2.220446049250312095E-16, 1.000000000000000000, 1.224646799147353207E-16 ) ) ;
#2576 = VECTOR ( 'NONE', #10264, 1000.000000000000000 ) ;
#2577 = EDGE_CURVE ( 'NONE', #3967, #6392, #1042, .T. ) ;
#2578 = ORIENTED_EDGE ( 'NONE', *, *, #8320, .F. ) ;
#2579 = EDGE_CURVE ( 'NONE', #13150, #10455, #10375, .T. ) ;
#2580 = EDGE_CURVE ( 'NONE', #2722, #10008, #8349, .T. ) ;
#2581 = ORIENTED_EDGE ( 'NONE', *, *, #8481, .F. ) ;
#2582 = DIRECTION ( 'NONE',  ( 2.220446049250312095E-16, -1.000000000000000000, -1.224646799147353207E-16 ) ) ;
#2583 = LINE ( 'NONE', #6695, #9130 ) ;
#2584 = DIRECTION ( 'NONE',  ( 2.220446049250312095E-16, -1.000000000000000000, -1.224646799147353207E-16 ) ) ;
#2585 = DIRECTION ( 'NONE',  ( 1.000000000000000000, 0.000000000000000000, -1.110223024625156294E-16 ) ) ;
#2586 = ORIENTED_EDGE ( 'NONE', *, *, #12214, .F. ) ;
#2587 = DIRECTION ( 'NONE',  ( -2.220446049250312095E-16, 1.000000000000000000, 1.224646799147353207E-16 ) ) ;
#2588 = ADVANCED_FACE ( 'NONE', ( #10108 ), #4964, .F. ) ;
#2589 = EDGE_LOOP ( 'NONE', ( #8663, #1368, #2387, #3689 ) ) ;
#2590 = CARTESIAN_POINT ( 'NONE',  ( -11.75000000000000711, 0.7499999999999972244, 1.590000000000003189 ) ) ;
#2591 = CARTESIAN_POINT ( 'NONE',  ( -3.690000000000010161, 8.599999999999996092, 1.590000000000003189 ) ) ;
#2592 = FACE_OUTER_BOUND ( 'NONE', #2538, .T. ) ;
#2593 = ORIENTED_EDGE ( 'NONE', *, *, #8042, .F. ) ;
#2594 = EDGE_CURVE ( 'NONE', #2402, #7580, #11457, .T. ) ;
#2595 = DIRECTION ( 'NONE',  ( 0.5773502691896260641, -0.5773502691896267303, 0.5773502691896243988 ) ) ;
#2596 = ORIENTED_EDGE ( 'NONE', *, *, #3300, .F. ) ;
#2597 = ADVANCED_FACE ( 'NONE', ( #9489, #6375, #10703, #8621, #3465, #232, #7536, #8680, #6574, #5365, #3264, #4348, #9421, #4550, #10500, #2393, #10572, #7337, #5296, #2192, #166, #4281, #7468, #6308, #3402, #12606, #12672 ), #3201, .T. ) ;
#2598 = CARTESIAN_POINT ( 'NONE',  ( 4.129999999999999893, -32.81321928319991343, 0.9499999999999970690 ) ) ;
#2599 = DIRECTION ( 'NONE',  ( 1.000000000000000000, 0.000000000000000000, -1.110223024625156294E-16 ) ) ;
#2600 = LINE ( 'NONE', #6920, #2248 ) ;
#2601 = CARTESIAN_POINT ( 'NONE',  ( 6.469999999999997975, -3.000000000000004441, -1.150000000000000355 ) ) ;
#2602 = ORIENTED_EDGE ( 'NONE', *, *, #3198, .F. ) ;
#2603 = LINE ( 'NONE', #573, #7840 ) ;
#2604 = ORIENTED_EDGE ( 'NONE', *, *, #12166, .F. ) ;
#2605 = ORIENTED_EDGE ( 'NONE', *, *, #3662, .T. ) ;
#2606 = DIRECTION ( 'NONE',  ( 0.5773502691896268413, 0.5773502691896253980, -0.5773502691896249539 ) ) ;
#2607 = DIRECTION ( 'NONE',  ( -2.220446049250312095E-16, 1.000000000000000000, 1.224646799147353207E-16 ) ) ;
#2608 = CARTESIAN_POINT ( 'NONE',  ( -6.670000000000006146, 8.100000000000003197, -0.9499999999999971800 ) ) ;
#2609 = LINE ( 'NONE', #6727, #8524 ) ;
#2610 = LINE ( 'NONE', #12887, #11520 ) ;
#2611 = ORIENTED_EDGE ( 'NONE', *, *, #11924, .F. ) ;
#2612 = DIRECTION ( 'NONE',  ( 0.3481553119113962591, -0.8703882797784889824, 0.3481553119113957040 ) ) ;
#2613 = DIRECTION ( 'NONE',  ( 1.000000000000000000, 0.000000000000000000, 0.000000000000000000 ) ) ;
#2614 = LINE ( 'NONE', #9039, #12922 ) ;
#2615 = EDGE_CURVE ( 'NONE', #8572, #3602, #8479, .T. ) ;
#2616 = VECTOR ( 'NONE', #955, 1000.000000000000000 ) ;
#2617 = ORIENTED_EDGE ( 'NONE', *, *, #6712, .F. ) ;
#2618 = VECTOR ( 'NONE', #1922, 1000.000000000000000 ) ;
#2619 = ORIENTED_EDGE ( 'NONE', *, *, #4190, .F. ) ;
#2620 = DIRECTION ( 'NONE',  ( 1.649305920077741323E-16, -0.9284766908852591927, -0.3713906763541040545 ) ) ;
#2621 = ORIENTED_EDGE ( 'NONE', *, *, #3484, .T. ) ;
#2622 = SURFACE_SIDE_STYLE ('',( #864 ) ) ;
#2623 = EDGE_CURVE ( 'NONE', #12286, #4639, #12541, .T. ) ;
#2624 = CARTESIAN_POINT ( 'NONE',  ( 11.75000000000000711, -32.81321928319991343, 1.589999999999996305 ) ) ;
#2625 = CARTESIAN_POINT ( 'NONE',  ( -4.130000000000003446, 0.7499999999999988898, -0.9499999999999984013 ) ) ;
#2626 = VERTEX_POINT ( 'NONE', #1173 ) ;
#2627 = LINE ( 'NONE', #9665, #8915 ) ;
#2628 = PLANE ( 'NONE',  #6085 ) ;
#2629 = ORIENTED_EDGE ( 'NONE', *, *, #6855, .F. ) ;
#2630 = EDGE_CURVE ( 'NONE', #11483, #7641, #2261, .T. ) ;
#2631 = LINE ( 'NONE', #6482, #9211 ) ;
#2632 = AXIS2_PLACEMENT_3D ( 'NONE', #1242, #5369, #11789 ) ;
#2633 = ORIENTED_EDGE ( 'NONE', *, *, #11176, .F. ) ;
#2634 = ORIENTED_EDGE ( 'NONE', *, *, #8788, .T. ) ;
#2635 = LINE ( 'NONE', #8525, #10535 ) ;
#2636 = CARTESIAN_POINT ( 'NONE',  ( 9.210000000000000853, 8.100000000000003197, -0.9499999999999989564 ) ) ;
#2637 = DIRECTION ( 'NONE',  ( -1.110223024625156294E-16, 1.224646799147353207E-16, -1.000000000000000000 ) ) ;
#2638 = AXIS2_PLACEMENT_3D ( 'NONE', #12426, #12356, #4106 ) ;
#2639 = CARTESIAN_POINT ( 'NONE',  ( 9.209999999999999076, -2.500000000000003109, -0.9500000000000001776 ) ) ;
#2640 = ORIENTED_EDGE ( 'NONE', *, *, #6103, .F. ) ;
#2641 = VECTOR ( 'NONE', #6273, 1000.000000000000000 ) ;
#2642 = ORIENTED_EDGE ( 'NONE', *, *, #11228, .T. ) ;
#2643 = CARTESIAN_POINT ( 'NONE',  ( -6.670000000000004370, 0.7499999999999972244, 0.9500000000000023981 ) ) ;
#2644 = FACE_OUTER_BOUND ( 'NONE', #12096, .T. ) ;
#2645 = ORIENTED_EDGE ( 'NONE', *, *, #7619, .F. ) ;
#2646 = EDGE_CURVE ( 'NONE', #5953, #4191, #6835, .T. ) ;
#2647 = LINE ( 'NONE', #6699, #2570 ) ;
#2648 = AXIS2_PLACEMENT_3D ( 'NONE', #12781, #6685, #3510 ) ;
#2649 = ORIENTED_EDGE ( 'NONE', *, *, #9081, .T. ) ;
#2650 = CARTESIAN_POINT ( 'NONE',  ( 16.53000000000000114, 0.2499999999999967526, 2.090000000000000746 ) ) ;
#2651 = CARTESIAN_POINT ( 'NONE',  ( -1.389999999999997460, -3.000000000000005329, -1.149999999999999467 ) ) ;
#2652 = CARTESIAN_POINT ( 'NONE',  ( -10.61000000000000476, 0.2499999999999958922, 2.090000000000003855 ) ) ;
#2653 = EDGE_LOOP ( 'NONE', ( #13349, #10091, #475, #11311 ) ) ;
#2654 = CARTESIAN_POINT ( 'NONE',  ( -8.025000000000000355, 2.799999999999998490, 1.590000000000002967 ) ) ;
#2655 = EDGE_LOOP ( 'NONE', ( #11539, #6773, #4363, #7104 ) ) ;
#2656 = PLANE ( 'NONE',  #6944 ) ;
#2657 = VECTOR ( 'NONE', #7083, 1000.000000000000000 ) ;
#2658 = AXIS2_PLACEMENT_3D ( 'NONE', #2679, #6799, #7759 ) ;
#2659 = CYLINDRICAL_SURFACE ( 'NONE', #12902, 0.4250000000000000444 ) ;
#2660 = PLANE ( 'NONE',  #7429 ) ;
#2661 = EDGE_CURVE ( 'NONE', #6015, #8597, #5426, .T. ) ;
#2662 = LINE ( 'NONE', #9084, #3211 ) ;
#2663 = ADVANCED_FACE ( 'NONE', ( #8549 ), #5495, .T. ) ;
#2664 = ADVANCED_FACE ( 'NONE', ( #7601 ), #2459, .F. ) ;
#2665 = ORIENTED_EDGE ( 'NONE', *, *, #10895, .T. ) ;
#2666 = VECTOR ( 'NONE', #7686, 1000.000000000000000 ) ;
#2667 = CARTESIAN_POINT ( 'NONE',  ( 0.4499999999999967359, 0.2499999999999967526, 2.090000000000002522 ) ) ;
#2668 = VERTEX_POINT ( 'NONE', #434 ) ;
#2669 = ORIENTED_EDGE ( 'NONE', *, *, #2739, .F. ) ;
#2670 = CARTESIAN_POINT ( 'NONE',  ( -16.08000000000000895, 9.099999999999999645, 4.425000000000005151 ) ) ;
#2671 = CARTESIAN_POINT ( 'NONE',  ( 16.53000000000000114, 0.2499999999999967526, 0.4499999999999992339 ) ) ;
#2672 = DIRECTION ( 'NONE',  ( -2.220446049250312095E-16, 1.000000000000000000, 1.224646799147353207E-16 ) ) ;
#2673 = EDGE_CURVE ( 'NONE', #3835, #13099, #1826, .T. ) ;
#2674 = FACE_OUTER_BOUND ( 'NONE', #3500, .T. ) ;
#2675 = CARTESIAN_POINT ( 'NONE',  ( 16.53000000000000114, 0.2499999999999967526, -2.090000000000000746 ) ) ;
#2676 = ORIENTED_EDGE ( 'NONE', *, *, #12327, .F. ) ;
#2677 = ADVANCED_FACE ( 'NONE', ( #7098 ), #8047, .F. ) ;
#2678 = PLANE ( 'NONE',  #6845 ) ;
#2679 = CARTESIAN_POINT ( 'NONE',  ( -2.250000000000004441, 2.599999999999996980, 3.175000000000002043 ) ) ;
#2680 = CARTESIAN_POINT ( 'NONE',  ( 16.53000000000000114, 6.649999999999999467, -1.649999999999999023 ) ) ;
#2681 = VERTEX_POINT ( 'NONE', #4793 ) ;
#2682 = VERTEX_POINT ( 'NONE', #11234 ) ;
#2684 = FACE_OUTER_BOUND ( 'NONE', #153, .T. ) ;
#2683 = VECTOR ( 'NONE', #12303, 1000.000000000000000 ) ;
#2685 = VERTEX_POINT ( 'NONE', #11163 ) ;
#2686 =( NAMED_UNIT ( * ) PLANE_ANGLE_UNIT ( ) SI_UNIT ( $, .RADIAN. ) );
#2687 = DIRECTION ( 'NONE',  ( -2.220446049250312095E-16, 1.000000000000000000, 1.224646799147353207E-16 ) ) ;
#2688 = CARTESIAN_POINT ( 'NONE',  ( -7.170000000000003482, 0.2499999999999967526, 4.425000000000002487 ) ) ;
#2689 = ORIENTED_EDGE ( 'NONE', *, *, #7584, .F. ) ;
#2690 = ADVANCED_FACE ( 'NONE', ( #7913 ), #5942, .T. ) ;
#2691 = FACE_OUTER_BOUND ( 'NONE', #13114, .T. ) ;
#2692 = CIRCLE ( 'NONE', #324, 0.4250000000000000444 ) ;
#2693 = PLANE ( 'NONE',  #12169 ) ;
#2694 = ORIENTED_EDGE ( 'NONE', *, *, #3604, .F. ) ;
#2695 = VECTOR ( 'NONE', #5874, 1000.000000000000000 ) ;
#2696 = LINE ( 'NONE', #3908, #11811 ) ;
#2697 = VECTOR ( 'NONE', #9110, 1000.000000000000000 ) ;
#2698 = ORIENTED_EDGE ( 'NONE', *, *, #7526, .T. ) ;
#2699 = VERTEX_POINT ( 'NONE', #5000 ) ;
#2700 = FACE_OUTER_BOUND ( 'NONE', #5802, .T. ) ;
#2701 = PLANE ( 'NONE',  #5209 ) ;
#2702 = CARTESIAN_POINT ( 'NONE',  ( 12.29500000000000348, -2.500000000000002220, -1.590000000000000302 ) ) ;
#2703 = SURFACE_SIDE_STYLE ('',( #7715 ) ) ;
#2704 = ORIENTED_EDGE ( 'NONE', *, *, #4723, .T. ) ;
#2705 = VECTOR ( 'NONE', #6998, 1000.000000000000000 ) ;
#2706 = VECTOR ( 'NONE', #10618, 1000.000000000000000 ) ;
#2707 = ORIENTED_EDGE ( 'NONE', *, *, #4491, .F. ) ;
#2708 = CARTESIAN_POINT ( 'NONE',  ( -4.315000000000009273, 1.574999999999997735, 1.775000000000001688 ) ) ;
#2709 = LINE ( 'NONE', #819, #4804 ) ;
#2710 = CIRCLE ( 'NONE', #10270, 0.4250000000000001554 ) ;
#2711 = DIRECTION ( 'NONE',  ( 1.000000000000000000, 0.000000000000000000, -1.110223024625156294E-16 ) ) ;
#2712 = ADVANCED_FACE ( 'NONE', ( #6075 ), #2902, .F. ) ;
#2713 = EDGE_LOOP ( 'NONE', ( #4379, #8905, #11772, #12507 ) ) ;
#2714 = LINE ( 'NONE', #5951, #11847 ) ;
#2715 = EDGE_LOOP ( 'NONE', ( #12544, #4158, #10515, #8637 ) ) ;
#2716 = DIRECTION ( 'NONE',  ( -1.110223024625156294E-16, 1.224646799147353207E-16, -1.000000000000000000 ) ) ;
#2717 = CARTESIAN_POINT ( 'NONE',  ( 1.589999999999998304, 0.7499999999999972244, -1.589999999999998970 ) ) ;
#2718 = DIRECTION ( 'NONE',  ( -0.3481553119113961481, 0.8703882797784888714, 0.3481553119113960371 ) ) ;
#2719 = ORIENTED_EDGE ( 'NONE', *, *, #10111, .T. ) ;
#2720 = AXIS2_PLACEMENT_3D ( 'NONE', #6862, #10115, #1661 ) ;
#2721 = DIRECTION ( 'NONE',  ( 1.000000000000000000, 0.000000000000000000, -1.110223024625156294E-16 ) ) ;
#2722 = VERTEX_POINT ( 'NONE', #11030 ) ;
#2723 = FACE_OUTER_BOUND ( 'NONE', #1806, .T. ) ;
#2724 = EDGE_CURVE ( 'NONE', #5681, #7914, #12038, .T. ) ;
#2725 = LINE ( 'NONE', #7935, #12035 ) ;
#2726 = LINE ( 'NONE', #6848, #10230 ) ;
#2727 = DIRECTION ( 'NONE',  ( 1.000000000000000000, 0.000000000000000000, -1.110223024625156294E-16 ) ) ;
#2728 = EDGE_LOOP ( 'NONE', ( #1359, #12888, #582, #6211 ) ) ;
#2729 = CARTESIAN_POINT ( 'NONE',  ( -2.990000000000001990, 0.2499999999999976130, -0.4499999999999983458 ) ) ;
#2730 = DIRECTION ( 'NONE',  ( -2.821527733676277528E-15, 1.224646799147354193E-16, -1.000000000000000000 ) ) ;
#2731 = ORIENTED_EDGE ( 'NONE', *, *, #4888, .T. ) ;
#2732 = PLANE ( 'NONE',  #9003 ) ;
#2733 = CARTESIAN_POINT ( 'NONE',  ( -11.10999999999999766, -32.81321928319991343, -1.590000000000001412 ) ) ;
#2734 = VECTOR ( 'NONE', #1816, 1000.000000000000000 ) ;
#2735 = VECTOR ( 'NONE', #2935, 1000.000000000000000 ) ;
#2736 = CARTESIAN_POINT ( 'NONE',  ( 11.75000000000000711, -32.81321928319991343, 1.589999999999996305 ) ) ;
#2737 = CARTESIAN_POINT ( 'NONE',  ( 11.74999999999999822, 8.100000000000001421, 1.590000000000001412 ) ) ;
#2738 = EDGE_CURVE ( 'NONE', #12704, #6946, #13188, .T. ) ;
#2739 = EDGE_CURVE ( 'NONE', #4270, #8459, #746, .T. ) ;
#2740 = EDGE_CURVE ( 'NONE', #4441, #9006, #3536, .T. ) ;
#2741 = CARTESIAN_POINT ( 'NONE',  ( 1.589999999999999192, -2.500000000000003997, 0.9500000000000009548 ) ) ;
#2742 = CARTESIAN_POINT ( 'NONE',  ( -6.030000000000003801, 8.100000000000003197, 1.590000000000003189 ) ) ;
#2743 = EDGE_LOOP ( 'NONE', ( #2571, #10950, #1651, #5132 ) ) ;
#2744 = LINE ( 'NONE', #6730, #8800 ) ;
#2745 = LINE ( 'NONE', #4770, #6336 ) ;
#2746 = DIRECTION ( 'NONE',  ( 1.000000000000000000, 0.000000000000000000, -1.110223024625156294E-16 ) ) ;
#2747 = VECTOR ( 'NONE', #9910, 1000.000000000000000 ) ;
#2748 = ORIENTED_EDGE ( 'NONE', *, *, #4415, .F. ) ;
#2749 = EDGE_CURVE ( 'NONE', #11006, #497, #9597, .T. ) ;
#2750 = AXIS2_PLACEMENT_3D ( 'NONE', #13063, #13202, #4005 ) ;
#2751 = ORIENTED_EDGE ( 'NONE', *, *, #13133, .T. ) ;
#2752 = ADVANCED_FACE ( 'NONE', ( #3989 ), #9938, .T. ) ;
#2753 = CARTESIAN_POINT ( 'NONE',  ( 4.129999999999996341, -2.500000000000003109, -1.589999999999999414 ) ) ;
#2754 = EDGE_LOOP ( 'NONE', ( #1957, #7797, #11698, #1936 ) ) ;
#2755 = DIRECTION ( 'NONE',  ( 0.3481553119113958150, 0.8703882797784890935, 0.3481553119113959260 ) ) ;
#2756 = VECTOR ( 'NONE', #2788, 1000.000000000000000 ) ;
#2757 = CARTESIAN_POINT ( 'NONE',  ( -1.138484848484844436, 9.228787878787880317, 1.138484848484852208 ) ) ;
#2758 = FACE_OUTER_BOUND ( 'NONE', #5412, .T. ) ;
#2759 = ORIENTED_EDGE ( 'NONE', *, *, #1215, .F. ) ;
#2760 = LINE ( 'NONE', #11015, #11302 ) ;
#2761 = COLOUR_RGB ( '',0.8705882352941176627, 0.6313725490196078205, 0.1725490196078431349 ) ;
#2762 = CARTESIAN_POINT ( 'NONE',  ( 13.73000000000000220, 0.2499999999999976130, -4.425000000000001599 ) ) ;
#2763 = ORIENTED_EDGE ( 'NONE', *, *, #8773, .T. ) ;
#2764 = DIRECTION ( 'NONE',  ( -0.3481553119113935946, -0.8703882797784899816, 0.3481553119113957595 ) ) ;
#2765 = VECTOR ( 'NONE', #10752, 1000.000000000000000 ) ;
#2766 = ORIENTED_EDGE ( 'NONE', *, *, #8054, .T. ) ;
#2767 = VECTOR ( 'NONE', #6451, 1000.000000000000114 ) ;
#2768 = ORIENTED_EDGE ( 'NONE', *, *, #7854, .F. ) ;
#2769 = EDGE_CURVE ( 'NONE', #11409, #4484, #8114, .T. ) ;
#2770 = ADVANCED_FACE ( 'NONE', ( #1697 ), #8921, .F. ) ;
#2771 = LINE ( 'NONE', #8110, #1035 ) ;
#2772 = CARTESIAN_POINT ( 'NONE',  ( -11.75000000000000711, 2.599999999999998312, 0.9500000000000030642 ) ) ;
#2773 = LINE ( 'NONE', #11028, #10425 ) ;
#2774 = CARTESIAN_POINT ( 'NONE',  ( 15.47999999999999687, 2.599999999999999201, -3.174999999999999822 ) ) ;
#2775 = DIRECTION ( 'NONE',  ( -2.220446049250312095E-16, 1.000000000000000000, 1.224646799147353207E-16 ) ) ;
#2776 = ORIENTED_EDGE ( 'NONE', *, *, #11919, .F. ) ;
#2777 = AXIS2_PLACEMENT_3D ( 'NONE', #7793, #7732, #1638 ) ;
#2778 = VERTEX_POINT ( 'NONE', #5869 ) ;
#2779 = LINE ( 'NONE', #11033, #2208 ) ;
#2780 = VECTOR ( 'NONE', #10083, 1000.000000000000000 ) ;
#2781 = DIRECTION ( 'NONE',  ( 1.000000000000000000, 0.000000000000000000, -1.110223024625156294E-16 ) ) ;
#2782 = DIRECTION ( 'NONE',  ( -1.000000000000000000, 0.000000000000000000, 1.110223024625156294E-16 ) ) ;
#2783 = ORIENTED_EDGE ( 'NONE', *, *, #8215, .F. ) ;
#2784 = CARTESIAN_POINT ( 'NONE',  ( 11.74999999999999467, 8.600000000000001421, -0.9499999999999992895 ) ) ;
#2785 = EDGE_CURVE ( 'NONE', #4087, #9375, #10006, .T. ) ;
#2786 = AXIS2_PLACEMENT_3D ( 'NONE', #3525, #7656, #8671 ) ;
#2787 = ORIENTED_EDGE ( 'NONE', *, *, #4112, .T. ) ;
#2788 = DIRECTION ( 'NONE',  ( -1.110223024625156294E-16, 1.224646799147353207E-16, -1.000000000000000000 ) ) ;
#2789 = ORIENTED_EDGE ( 'NONE', *, *, #9544, .T. ) ;
#2790 = CARTESIAN_POINT ( 'NONE',  ( -1.590000000000002744, -3.000000000000004441, 1.390000000000000790 ) ) ;
#2791 = CARTESIAN_POINT ( 'NONE',  ( 8.570000000000000284, 8.599999999999999645, 0.9500000000000015099 ) ) ;
#2792 = ORIENTED_EDGE ( 'NONE', *, *, #5313, .F. ) ;
#2793 = EDGE_CURVE ( 'NONE', #12872, #145, #3920, .T. ) ;
#2794 = LINE ( 'NONE', #11046, #5504 ) ;
#2795 = VERTEX_POINT ( 'NONE', #7984 ) ;
#2796 = FACE_OUTER_BOUND ( 'NONE', #7191, .T. ) ;
#2797 = ADVANCED_FACE ( 'NONE', ( #12109 ), #6965, .F. ) ;
#2798 = VECTOR ( 'NONE', #58, 1000.000000000000000 ) ;
#2799 = DIRECTION ( 'NONE',  ( 1.000000000000000000, 0.000000000000000000, -1.110223024625156294E-16 ) ) ;
#2800 = CARTESIAN_POINT ( 'NONE',  ( -6.029999999999995808, -32.81321928319991343, 0.9499999999999980682 ) ) ;
#2801 = ORIENTED_EDGE ( 'NONE', *, *, #12257, .F. ) ;
#2802 = FACE_OUTER_BOUND ( 'NONE', #1006, .T. ) ;
#2803 = CARTESIAN_POINT ( 'NONE',  ( -11.55000000000000071, -3.000000000000004441, 1.150000000000003242 ) ) ;
#2804 = ORIENTED_EDGE ( 'NONE', *, *, #5478, .F. ) ;
#2805 = LINE ( 'NONE', #5835, #11376 ) ;
#2806 = DIRECTION ( 'NONE',  ( 1.649305920077741323E-16, -0.9284766908852591927, -0.3713906763541040545 ) ) ;
#2807 = CARTESIAN_POINT ( 'NONE',  ( 3.490000000000001101, 0.7499999999999972244, 1.590000000000001412 ) ) ;
#2808 = CARTESIAN_POINT ( 'NONE',  ( 4.129999999999999893, -32.81321928319991343, -0.9500000000000033973 ) ) ;
#2809 = LINE ( 'NONE', #13089, #3143 ) ;
#2810 = LINE ( 'NONE', #2675, #7425 ) ;
#2811 = ORIENTED_EDGE ( 'NONE', *, *, #4747, .T. ) ;
#2812 = FACE_OUTER_BOUND ( 'NONE', #9799, .T. ) ;
#2813 = CARTESIAN_POINT ( 'NONE',  ( 0.9499999999999952927, 8.599999999999997868, 1.590000000000002522 ) ) ;
#2814 = LINE ( 'NONE', #5987, #11619 ) ;
#2815 = EDGE_CURVE ( 'NONE', #1858, #4873, #6143, .T. ) ;
#2816 = ORIENTED_EDGE ( 'NONE', *, *, #7919, .T. ) ;
#2817 = EDGE_CURVE ( 'NONE', #8750, #4786, #1076, .T. ) ;
#2818 = ORIENTED_EDGE ( 'NONE', *, *, #5105, .F. ) ;
#2819 = CARTESIAN_POINT ( 'NONE',  ( -11.31000000000001116, -3.000000000000006217, 1.150000000000003242 ) ) ;
#2820 = VERTEX_POINT ( 'NONE', #6210 ) ;
#2821 = FILL_AREA_STYLE ('',( #3765 ) ) ;
#2822 = CARTESIAN_POINT ( 'NONE',  ( 6.029999999999994031, 8.099999999999999645, -0.9499999999999986233 ) ) ;
#2823 = FACE_OUTER_BOUND ( 'NONE', #1413, .T. ) ;
#2824 = DIRECTION ( 'NONE',  ( -1.110223024625156294E-16, 1.224646799147353207E-16, -1.000000000000000000 ) ) ;
#2825 = CARTESIAN_POINT ( 'NONE',  ( -8.570000000000003837, 0.7499999999999981126, 1.590000000000002744 ) ) ;
#2826 = ORIENTED_EDGE ( 'NONE', *, *, #7295, .T. ) ;
#2827 = DIRECTION ( 'NONE',  ( 1.000000000000000000, 0.000000000000000000, -1.110223024625156294E-16 ) ) ;
#2828 = DIRECTION ( 'NONE',  ( -2.220446049250312095E-16, 1.000000000000000000, 1.224646799147353207E-16 ) ) ;
#2829 = VECTOR ( 'NONE', #12185, 1000.000000000000000 ) ;
#2830 = ORIENTED_EDGE ( 'NONE', *, *, #11992, .T. ) ;
#2831 = EDGE_LOOP ( 'NONE', ( #4756, #1698, #5576, #4780 ) ) ;
#2832 = EDGE_CURVE ( 'NONE', #13062, #2277, #1005, .T. ) ;
#2833 = LINE ( 'NONE', #8988, #9679 ) ;
#2834 = FACE_OUTER_BOUND ( 'NONE', #4327, .T. ) ;
#2835 = CARTESIAN_POINT ( 'NONE',  ( 4.129999999999994564, 8.100000000000001421, -0.9499999999999984013 ) ) ;
#2836 = LINE ( 'NONE', #9189, #11117 ) ;
#2837 = CARTESIAN_POINT ( 'NONE',  ( 6.254999999999998117, -1.375000000000001998, 1.174999999999981171 ) ) ;
#2838 = ORIENTED_EDGE ( 'NONE', *, *, #4143, .T. ) ;
#2839 = ORIENTED_EDGE ( 'NONE', *, *, #1704, .F. ) ;
#2840 = CARTESIAN_POINT ( 'NONE',  ( -8.570000000000003837, 0.7499999999999981126, 1.590000000000002744 ) ) ;
#2841 = AXIS2_PLACEMENT_3D ( 'NONE', #4553, #6650, #370 ) ;
#2842 = DIRECTION ( 'NONE',  ( -1.110223024625156294E-16, 1.224646799147353207E-16, -1.000000000000000000 ) ) ;
#2843 = EDGE_CURVE ( 'NONE', #6481, #3810, #11430, .T. ) ;
#2844 = CARTESIAN_POINT ( 'NONE',  ( 9.009999999999998010, -3.000000000000003553, -1.150000000000000799 ) ) ;
#2845 = ORIENTED_EDGE ( 'NONE', *, *, #10770, .T. ) ;
#2846 = CARTESIAN_POINT ( 'NONE',  ( -4.130000000000003446, -32.81321928319991343, 0.9499999999999979572 ) ) ;
#2847 = VECTOR ( 'NONE', #2043, 1000.000000000000000 ) ;
#2848 = ORIENTED_EDGE ( 'NONE', *, *, #4247, .F. ) ;
#2849 = CARTESIAN_POINT ( 'NONE',  ( 0.9499999999999950706, 8.100000000000001421, -0.9499999999999980682 ) ) ;
#2850 = ORIENTED_EDGE ( 'NONE', *, *, #2019, .F. ) ;
#2851 = DIRECTION ( 'NONE',  ( 0.3481553119113962591, -0.8703882797784889824, 0.3481553119113957040 ) ) ;
#2852 = LINE ( 'NONE', #11182, #12492 ) ;
#2853 = ORIENTED_EDGE ( 'NONE', *, *, #10676, .T. ) ;
#2854 = LINE ( 'NONE', #11854, #2449 ) ;
#2855 = VERTEX_POINT ( 'NONE', #7436 ) ;
#2856 = CARTESIAN_POINT ( 'NONE',  ( -3.690000000000010161, 8.599999999999996092, 1.390000000000002567 ) ) ;
#2857 = EDGE_CURVE ( 'NONE', #1000, #7944, #4318, .T. ) ;
#2858 = VECTOR ( 'NONE', #8084, 1000.000000000000000 ) ;
#2859 = CARTESIAN_POINT ( 'NONE',  ( -11.75000000000000711, -2.500000000000003997, 0.9500000000000023981 ) ) ;
#2860 = ORIENTED_EDGE ( 'NONE', *, *, #2004, .F. ) ;
#2861 = UNCERTAINTY_MEASURE_WITH_UNIT (LENGTH_MEASURE( 1.000000000000000082E-05 ), #12964, 'distance_accuracy_value', 'NONE');
#2862 = DIRECTION ( 'NONE',  ( -1.000000000000000000, 0.000000000000000000, 1.110223024625156294E-16 ) ) ;
#2863 = CIRCLE ( 'NONE', #7827, 0.4250000000000000444 ) ;
#2864 = EDGE_CURVE ( 'NONE', #12709, #9044, #208, .T. ) ;
#2865 = ORIENTED_EDGE ( 'NONE', *, *, #11269, .T. ) ;
#2866 = FACE_OUTER_BOUND ( 'NONE', #7163, .T. ) ;
#2867 = CARTESIAN_POINT ( 'NONE',  ( 0.9499999999999961808, 2.599999999999998312, -1.589999999999998526 ) ) ;
#2868 = AXIS2_PLACEMENT_3D ( 'NONE', #4586, #11821, #8720 ) ;
#2869 = ORIENTED_EDGE ( 'NONE', *, *, #4837, .T. ) ;
#2870 = DIRECTION ( 'NONE',  ( -1.110223024625156294E-16, 1.224646799147353207E-16, -1.000000000000000000 ) ) ;
#2871 = FACE_OUTER_BOUND ( 'NONE', #7852, .T. ) ;
#2872 = CARTESIAN_POINT ( 'NONE',  ( 5.529999999999999361, 0.2499999999999958922, 4.425000000000000711 ) ) ;
#2873 = FACE_OUTER_BOUND ( 'NONE', #5079, .T. ) ;
#2874 = CARTESIAN_POINT ( 'NONE',  ( 13.64000000000000234, -4.336808689942017736E-15, -3.624999999999998668 ) ) ;
#2875 = LINE ( 'NONE', #13090, #1586 ) ;
#2876 = ORIENTED_EDGE ( 'NONE', *, *, #11130, .F. ) ;
#2877 = CARTESIAN_POINT ( 'NONE',  ( -11.75000000000000888, 8.599999999999999645, 1.590000000000003855 ) ) ;
#2878 = FACE_OUTER_BOUND ( 'NONE', #5116, .T. ) ;
#2880 = VECTOR ( 'NONE', #717, 1000.000000000000000 ) ;
#2879 = CARTESIAN_POINT ( 'NONE',  ( -11.75000000000000888, 8.099999999999999645, 1.590000000000003855 ) ) ;
#2881 = VECTOR ( 'NONE', #10182, 1000.000000000000000 ) ;
#2882 = ORIENTED_EDGE ( 'NONE', *, *, #7148, .F. ) ;
#2883 = ORIENTED_EDGE ( 'NONE', *, *, #62, .F. ) ;
#2884 = DIRECTION ( 'NONE',  ( -2.220446049250312095E-16, 1.000000000000000000, 1.224646799147353207E-16 ) ) ;
#2885 = ORIENTED_EDGE ( 'NONE', *, *, #6198, .F. ) ;
#2886 = SURFACE_STYLE_USAGE ( .BOTH. , #11077 ) ;
#2887 = CARTESIAN_POINT ( 'NONE',  ( -6.669999999999997264, -32.81321928319991343, 0.9499999999999982903 ) ) ;
#2888 = DIRECTION ( 'NONE',  ( 1.649305920077741323E-16, -0.9284766908852591927, -0.3713906763541040545 ) ) ;
#2889 = LINE ( 'NONE', #7017, #12161 ) ;
#2890 = FACE_OUTER_BOUND ( 'NONE', #4564, .T. ) ;
#2891 = EDGE_LOOP ( 'NONE', ( #5820, #6701, #12093, #2290 ) ) ;
#2892 = EDGE_CURVE ( 'NONE', #4656, #2685, #3098, .T. ) ;
#2893 = CARTESIAN_POINT ( 'NONE',  ( 10.60999999999999766, 0.2499999999999967526, 0.4499999999999999001 ) ) ;
#2894 = DIRECTION ( 'NONE',  ( -2.220446049250312095E-16, 1.000000000000000000, 1.224646799147353207E-16 ) ) ;
#2895 = VERTEX_POINT ( 'NONE', #2163 ) ;
#2896 = ORIENTED_EDGE ( 'NONE', *, *, #12619, .T. ) ;
#2897 = CARTESIAN_POINT ( 'NONE',  ( 12.25000000000000711, 0.2499999999999958922, 0.4499999999999997335 ) ) ;
#2898 = CARTESIAN_POINT ( 'NONE',  ( 6.030000000000001137, 2.599999999999996536, 0.9500000000000011768 ) ) ;
#2899 = VECTOR ( 'NONE', #2009, 1000.000000000000000 ) ;
#2900 = CARTESIAN_POINT ( 'NONE',  ( 11.18757575757579659, 8.293939393939391280, -1.512424242424238230 ) ) ;
#2901 = DIRECTION ( 'NONE',  ( 1.110223024625156294E-16, -1.224646799147353207E-16, 1.000000000000000000 ) ) ;
#2902 = PLANE ( 'NONE',  #743 ) ;
#2903 = ORIENTED_EDGE ( 'NONE', *, *, #5680, .T. ) ;
#2904 = VERTEX_POINT ( 'NONE', #10343 ) ;
#2905 = DIRECTION ( 'NONE',  ( 1.000000000000000000, 0.000000000000000000, -1.110223024625156294E-16 ) ) ;
#2906 = EDGE_CURVE ( 'NONE', #13059, #10896, #6344, .T. ) ;
#2907 = VECTOR ( 'NONE', #5049, 1000.000000000000000 ) ;
#2908 = EDGE_CURVE ( 'NONE', #11116, #12810, #9325, .T. ) ;
#2909 = LINE ( 'NONE', #7918, #9773 ) ;
#2910 = ADVANCED_FACE ( 'NONE', ( #4115 ), #6409, .F. ) ;
#2911 = PRESENTATION_STYLE_ASSIGNMENT (( #2080 ) ) ;
#2912 = ORIENTED_EDGE ( 'NONE', *, *, #9574, .F. ) ;
#2913 = DIRECTION ( 'NONE',  ( -1.110223024625156294E-16, 1.224646799147353207E-16, -1.000000000000000000 ) ) ;
#2914 = CARTESIAN_POINT ( 'NONE',  ( 8.570000000000007390, -32.81321928319991343, 0.9499999999999965139 ) ) ;
#2915 = ADVANCED_FACE ( 'NONE', ( #12512 ), #1209, .F. ) ;
#2916 = EDGE_LOOP ( 'NONE', ( #738, #5921, #9064, #8968 ) ) ;
#2917 = ADVANCED_FACE ( 'NONE', ( #1142 ), #8248, .T. ) ;
#2918 = AXIS2_PLACEMENT_3D ( 'NONE', #9092, #5911, #1728 ) ;
#2919 = CARTESIAN_POINT ( 'NONE',  ( -6.416666666666662522, -3.133333333333335080, 1.203333333333331145 ) ) ;
#2920 = VERTEX_POINT ( 'NONE', #12442 ) ;
#2921 = FACE_OUTER_BOUND ( 'NONE', #3623, .T. ) ;
#2922 = ADVANCED_FACE ( 'NONE', ( #3168 ), #3238, .T. ) ;
#2923 = ORIENTED_EDGE ( 'NONE', *, *, #2933, .T. ) ;
#2924 = ORIENTED_EDGE ( 'NONE', *, *, #9518, .F. ) ;
#2925 = FACE_OUTER_BOUND ( 'NONE', #12434, .T. ) ;
#2926 = CARTESIAN_POINT ( 'NONE',  ( 0.9499999999999965139, 2.599999999999997868, 0.9500000000000017319 ) ) ;
#2927 = LINE ( 'NONE', #3809, #3861 ) ;
#2928 = EDGE_LOOP ( 'NONE', ( #9146, #7443, #9656, #5580 ) ) ;
#2929 = DIRECTION ( 'NONE',  ( -1.000000000000000000, 0.000000000000000000, 0.000000000000000000 ) ) ;
#2930 = VECTOR ( 'NONE', #9163, 1000.000000000000000 ) ;
#2931 = EDGE_CURVE ( 'NONE', #13099, #10267, #5334, .T. ) ;
#2932 = CARTESIAN_POINT ( 'NONE',  ( -1.390000000000007008, 8.600000000000001421, -1.149999999999998135 ) ) ;
#2933 = EDGE_CURVE ( 'NONE', #10810, #8265, #8448, .T. ) ;
#2934 = ORIENTED_EDGE ( 'NONE', *, *, #4970, .F. ) ;
#2935 = DIRECTION ( 'NONE',  ( 0.3481553119113958150, 0.8703882797784890935, 0.3481553119113959260 ) ) ;
#2936 = LINE ( 'NONE', #8013, #2187 ) ;
#2937 = EDGE_CURVE ( 'NONE', #8361, #5357, #1279, .T. ) ;
#2938 = LINE ( 'NONE', #4966, #11771 ) ;
#2939 = DIRECTION ( 'NONE',  ( 1.110223024625156294E-16, -1.224646799147353207E-16, 1.000000000000000000 ) ) ;
#2940 = LINE ( 'NONE', #4971, #8768 ) ;
#2941 = LINE ( 'NONE', #4023, #9549 ) ;
#2942 = VERTEX_POINT ( 'NONE', #12304 ) ;
#2943 = DIRECTION ( 'NONE',  ( -1.110223024625156294E-16, 1.224646799147353207E-16, -1.000000000000000000 ) ) ;
#2944 = LINE ( 'NONE', #13166, #2452 ) ;
#2945 = CARTESIAN_POINT ( 'NONE',  ( -16.53000000000000114, 0.2499999999999967526, 4.425000000000003375 ) ) ;
#2946 = EDGE_LOOP ( 'NONE', ( #4326, #4988, #6076, #4277 ) ) ;
#2947 = AXIS2_PLACEMENT_3D ( 'NONE', #4576, #1403, #7628 ) ;
#2948 =( GEOMETRIC_REPRESENTATION_CONTEXT ( 3 ) GLOBAL_UNCERTAINTY_ASSIGNED_CONTEXT ( ( #2861 ) ) GLOBAL_UNIT_ASSIGNED_CONTEXT ( ( #12964, #2686, #7354 ) ) REPRESENTATION_CONTEXT ( 'NONE', 'WORKASPACE' ) );
#2949 = EDGE_LOOP ( 'NONE', ( #313, #13299, #9191, #1614 ) ) ;
#2950 = ORIENTED_EDGE ( 'NONE', *, *, #12746, .F. ) ;
#2951 = SURFACE_STYLE_USAGE ( .BOTH. , #3221 ) ;
#2952 = LINE ( 'NONE', #12091, #7868 ) ;
#2953 = PLANE ( 'NONE',  #1420 ) ;
#2954 = CARTESIAN_POINT ( 'NONE',  ( 1.589999999999997859, 2.599999999999998312, -1.589999999999998748 ) ) ;
#2955 = LINE ( 'NONE', #6265, #506 ) ;
#2956 = VECTOR ( 'NONE', #9487, 999.9999999999998863 ) ;
#2957 = ORIENTED_EDGE ( 'NONE', *, *, #11910, .F. ) ;
#2958 = DIRECTION ( 'NONE',  ( 1.000000000000000000, 0.000000000000000000, -1.110223024625156294E-16 ) ) ;
#2960 = VECTOR ( 'NONE', #538, 1000.000000000000000 ) ;
#2959 = LINE ( 'NONE', #7222, #5171 ) ;
#2961 = ADVANCED_FACE ( 'NONE', ( #7160 ), #4051, .F. ) ;
#2962 = EDGE_LOOP ( 'NONE', ( #13365, #1526, #12933, #7694, #6159 ) ) ;
#2963 = VERTEX_POINT ( 'NONE', #7700 ) ;
#2964 = VECTOR ( 'NONE', #6355, 1000.000000000000000 ) ;
#2965 = DIRECTION ( 'NONE',  ( -1.000000000000000000, 0.000000000000000000, 1.110223024625156294E-16 ) ) ;
#2966 = CARTESIAN_POINT ( 'NONE',  ( 5.209999999999993747, -5.410000000000003695, -7.749999999999999112 ) ) ;
#2967 = VECTOR ( 'NONE', #12614, 1000.000000000000000 ) ;
#2968 = DIRECTION ( 'NONE',  ( -2.220446049250312095E-16, 1.000000000000000000, 1.224646799147353207E-16 ) ) ;
#2969 = DIRECTION ( 'NONE',  ( -2.220446049250312095E-16, 1.000000000000000000, 1.224646799147353207E-16 ) ) ;
#2970 = DIRECTION ( 'NONE',  ( -1.110223024625156294E-16, 1.224646799147353207E-16, -1.000000000000000000 ) ) ;
#2971 = ORIENTED_EDGE ( 'NONE', *, *, #3446, .F. ) ;
#2972 = ORIENTED_EDGE ( 'NONE', *, *, #10352, .T. ) ;
#2973 = CARTESIAN_POINT ( 'NONE',  ( -13.64000000000000945, -3.469446951953614189E-15, 3.625000000000003553 ) ) ;
#2974 = LINE ( 'NONE', #3996, #4377 ) ;
#2975 = VECTOR ( 'NONE', #4647, 1000.000000000000000 ) ;
#2976 = AXIS2_PLACEMENT_3D ( 'NONE', #9082, #10162, #4207 ) ;
#2977 = ORIENTED_EDGE ( 'NONE', *, *, #5400, .F. ) ;
#2978 = DIRECTION ( 'NONE',  ( -1.000000000000000000, 0.000000000000000000, 1.110223024625156294E-16 ) ) ;
#2979 = DIRECTION ( 'NONE',  ( -1.110223024625156294E-16, 1.224646799147353207E-16, -1.000000000000000000 ) ) ;
#2980 = ADVANCED_FACE ( 'NONE', ( #4653 ), #5461, .F. ) ;
#2981 = DIRECTION ( 'NONE',  ( -0.3481553119113940942, 0.8703882797784897596, -0.3481553119113955930 ) ) ;
#2982 = EDGE_CURVE ( 'NONE', #4224, #2421, #11624, .T. ) ;
#2984 = ORIENTED_EDGE ( 'NONE', *, *, #6617, .F. ) ;
#2983 = EDGE_CURVE ( 'NONE', #4725, #969, #5600, .T. ) ;
#2985 = AXIS2_PLACEMENT_3D ( 'NONE', #7278, #1192, #10323 ) ;
#2986 = DIRECTION ( 'NONE',  ( 0.3481553119113958150, 0.8703882797784890935, 0.3481553119113959260 ) ) ;
#2987 = VECTOR ( 'NONE', #2536, 1000.000000000000000 ) ;
#2988 = ORIENTED_EDGE ( 'NONE', *, *, #7630, .F. ) ;
#2989 = ORIENTED_EDGE ( 'NONE', *, *, #10197, .F. ) ;
#2990 = DIRECTION ( 'NONE',  ( 7.850462293418890625E-17, 0.7071067811865460184, 0.7071067811865490160 ) ) ;
#2991 = DIRECTION ( 'NONE',  ( 1.110223024625156294E-16, -1.224646799147353207E-16, 1.000000000000000000 ) ) ;
#2992 = EDGE_CURVE ( 'NONE', #12872, #2942, #3439, .T. ) ;
#2993 = AXIS2_PLACEMENT_3D ( 'NONE', #11252, #12465, #4077 ) ;
#2994 = DIRECTION ( 'NONE',  ( 7.850462293418861042E-17, -0.7071067811865470176, -0.7071067811865480168 ) ) ;
#2995 = VERTEX_POINT ( 'NONE', #5402 ) ;
#2996 = LINE ( 'NONE', #3811, #1640 ) ;
#2997 = EDGE_CURVE ( 'NONE', #11362, #6612, #12899, .T. ) ;
#2998 = DIRECTION ( 'NONE',  ( -1.000000000000000000, 0.000000000000000000, 1.110223024625156294E-16 ) ) ;
#2999 = EDGE_CURVE ( 'NONE', #214, #6020, #9732, .T. ) ;
#3000 = ORIENTED_EDGE ( 'NONE', *, *, #3317, .T. ) ;
#3001 = CARTESIAN_POINT ( 'NONE',  ( 8.769999999999996021, -3.000000000000004441, 1.590000000000000302 ) ) ;
#3002 = CARTESIAN_POINT ( 'NONE',  ( 7.215000000000000746, -2.500000000000004885, -0.9499999999999999556 ) ) ;
#3003 = LINE ( 'NONE', #11202, #10478 ) ;
#3004 = VERTEX_POINT ( 'NONE', #2564 ) ;
#3005 = DIRECTION ( 'NONE',  ( 1.110223024625156294E-16, -1.224646799147353207E-16, 1.000000000000000000 ) ) ;
#3006 = VECTOR ( 'NONE', #2587, 1000.000000000000000 ) ;
#3007 = DIRECTION ( 'NONE',  ( -1.110223024625156294E-16, 1.224646799147353207E-16, -1.000000000000000000 ) ) ;
#3008 = LINE ( 'NONE', #2062, #7821 ) ;
#3009 = VERTEX_POINT ( 'NONE', #1342 ) ;
#3010 = DIRECTION ( 'NONE',  ( -0.5773502691896250649, -0.5773502691896273964, 0.5773502691896250649 ) ) ;
#3011 = DIRECTION ( 'NONE',  ( 1.359631073446890508E-32, 1.000000000000000000, 1.224646799147352961E-16 ) ) ;
#3012 = LINE ( 'NONE', #5308, #11207 ) ;
#3013 = CLOSED_SHELL ( 'NONE', ( #8559, #694, #9854, #8845, #7151, #7708, #6703, #444, #9813, #1416, #3654, #2406, #2910, #13057 ) ) ;
#3014 = VERTEX_POINT ( 'NONE', #2492 ) ;
#3015 = ORIENTED_EDGE ( 'NONE', *, *, #6055, .F. ) ;
#3016 = ORIENTED_EDGE ( 'NONE', *, *, #10759, .F. ) ;
#3017 = VECTOR ( 'NONE', #217, 1000.000000000000000 ) ;
#3018 = PRESENTATION_STYLE_ASSIGNMENT (( #6057 ) ) ;
#3019 = LINE ( 'NONE', #9377, #13051 ) ;
#3020 = CARTESIAN_POINT ( 'NONE',  ( -8.570000000000003837, -2.500000000000003109, -0.9499999999999982903 ) ) ;
#3021 = CARTESIAN_POINT ( 'NONE',  ( 7.169999999999997264, 0.2499999999999985012, -0.4499999999999995670 ) ) ;
#3022 = ORIENTED_EDGE ( 'NONE', *, *, #4969, .F. ) ;
#3023 = CARTESIAN_POINT ( 'NONE',  ( -11.55000000000000249, 8.599999999999999645, 1.150000000000004574 ) ) ;
#3024 = EDGE_CURVE ( 'NONE', #1854, #11000, #467, .T. ) ;
#3025 = PLANE ( 'NONE',  #1495 ) ;
#3026 = ORIENTED_EDGE ( 'NONE', *, *, #4078, .T. ) ;
#3027 = ADVANCED_FACE ( 'NONE', ( #4584 ), #8717, .F. ) ;
#3028 = PLANE ( 'NONE',  #4698 ) ;
#3029 = CARTESIAN_POINT ( 'NONE',  ( 9.209999999999997300, 8.600000000000003197, -0.9499999999999989564 ) ) ;
#3030 = CARTESIAN_POINT ( 'NONE',  ( -11.11000000000000654, 8.099999999999999645, -0.9499999999999967359 ) ) ;
#3031 = LINE ( 'NONE', #10959, #11318 ) ;
#3032 = CARTESIAN_POINT ( 'NONE',  ( 9.754999999999997229, 8.100000000000003197, 1.590000000000001412 ) ) ;
#3033 = ORIENTED_EDGE ( 'NONE', *, *, #11178, .T. ) ;
#3034 = EDGE_LOOP ( 'NONE', ( #1333, #77, #397, #12417, #7513 ) ) ;
#3035 = CARTESIAN_POINT ( 'NONE',  ( 11.10999999999999766, 0.7499999999999963363, 0.9500000000000003997 ) ) ;
#3036 = DIRECTION ( 'NONE',  ( -1.110223024625156294E-16, 1.224646799147353207E-16, -1.000000000000000000 ) ) ;
#3037 = ORIENTED_EDGE ( 'NONE', *, *, #772, .F. ) ;
#3038 = LINE ( 'NONE', #9265, #7762 ) ;
#3039 = CARTESIAN_POINT ( 'NONE',  ( -8.570000000000005613, 8.599999999999999645, 1.590000000000003411 ) ) ;
#3040 = DIRECTION ( 'NONE',  ( 1.000000000000000000, 0.000000000000000000, -1.110223024625156294E-16 ) ) ;
#3041 = CARTESIAN_POINT ( 'NONE',  ( 11.11000000000000476, -2.500000000000003997, -0.9500000000000003997 ) ) ;
#3042 = EDGE_LOOP ( 'NONE', ( #4187, #11451, #5153, #2839 ) ) ;
#3043 = FACE_OUTER_BOUND ( 'NONE', #4645, .T. ) ;
#3044 = DIRECTION ( 'NONE',  ( 1.649305920077741323E-16, -0.9284766908852591927, -0.3713906763541040545 ) ) ;
#3045 = ORIENTED_EDGE ( 'NONE', *, *, #9197, .F. ) ;
#3046 = ORIENTED_EDGE ( 'NONE', *, *, #1927, .T. ) ;
#3047 = LINE ( 'NONE', #4470, #3280 ) ;
#3048 = EDGE_CURVE ( 'NONE', #6277, #13360, #6543, .T. ) ;
#3049 = DIRECTION ( 'NONE',  ( 1.000000000000000000, 2.465190328815660797E-32, -2.370923225189695399E-16 ) ) ;
#3050 = ADVANCED_FACE ( 'NONE', ( #5658 ), #10873, .T. ) ;
#3051 = AXIS2_PLACEMENT_3D ( 'NONE', #11935, #1594, #7948 ) ;
#3052 = DIRECTION ( 'NONE',  ( -1.110223024625156294E-16, 1.224646799147353207E-16, -1.000000000000000000 ) ) ;
#3053 = ORIENTED_EDGE ( 'NONE', *, *, #229, .F. ) ;
#3054 = DIRECTION ( 'NONE',  ( 1.110223024625156294E-16, -1.224646799147353207E-16, 1.000000000000000000 ) ) ;
#3055 = AXIS2_PLACEMENT_3D ( 'NONE', #8401, #12317, #2243 ) ;
#3056 = DIRECTION ( 'NONE',  ( -1.110223024625156294E-16, 1.224646799147353207E-16, -1.000000000000000000 ) ) ;
#3057 = EDGE_LOOP ( 'NONE', ( #1544, #3433 ) ) ;
#3058 = DIRECTION ( 'NONE',  ( -0.9284766908852596368, 0.3713906763541028333, 1.485638603078811822E-16 ) ) ;
#3059 = CARTESIAN_POINT ( 'NONE',  ( -3.490000000000002434, 0.7499999999999972244, -0.9499999999999984013 ) ) ;
#3061 = FACE_OUTER_BOUND ( 'NONE', #4648, .T. ) ;
#3060 = VECTOR ( 'NONE', #9366, 1000.000000000000000 ) ;
#3062 = EDGE_LOOP ( 'NONE', ( #2707, #10458, #9469, #11985, #6924 ) ) ;
#3063 = DIRECTION ( 'NONE',  ( 1.110223024625156294E-16, -1.224646799147353207E-16, 1.000000000000000000 ) ) ;
#3064 = PRESENTATION_LAYER_ASSIGNMENT (  '', '', ( #2435 ) ) ;
#3065 = DIRECTION ( 'NONE',  ( 1.000000000000000000, 0.000000000000000000, -1.110223024625156294E-16 ) ) ;
#3066 = DIRECTION ( 'NONE',  ( 1.000000000000000000, 0.000000000000000000, -1.110223024625156294E-16 ) ) ;
#3067 = VERTEX_POINT ( 'NONE', #12776 ) ;
#3068 = EDGE_CURVE ( 'NONE', #3650, #5607, #4453, .T. ) ;
#3069 = AXIS2_PLACEMENT_3D ( 'NONE', #403, #5772, #645 ) ;
#3070 = EDGE_CURVE ( 'NONE', #8620, #12433, #2710, .T. ) ;
#3071 = LINE ( 'NONE', #1183, #12262 ) ;
#3072 = EDGE_CURVE ( 'NONE', #6279, #3859, #8513, .T. ) ;
#3073 = CARTESIAN_POINT ( 'NONE',  ( 16.53000000000000114, 0.2499999999999967526, 2.090000000000000746 ) ) ;
#3074 = DIRECTION ( 'NONE',  ( 1.000000000000000000, 0.000000000000000000, -1.110223024625156294E-16 ) ) ;
#3075 = ORIENTED_EDGE ( 'NONE', *, *, #2274, .F. ) ;
#3076 = AXIS2_PLACEMENT_3D ( 'NONE', #12547, #5747, #7407 ) ;
#3077 = ORIENTED_EDGE ( 'NONE', *, *, #10416, .T. ) ;
#3078 = ADVANCED_FACE ( 'NONE', ( #1546 ), #9663, .T. ) ;
#3079 = LINE ( 'NONE', #11214, #6004 ) ;
#3080 = ORIENTED_EDGE ( 'NONE', *, *, #3705, .F. ) ;
#3081 = DIRECTION ( 'NONE',  ( 0.9284766908852591927, -0.3713906763541040545, -1.485638603078812808E-16 ) ) ;
#3082 = EDGE_CURVE ( 'NONE', #3138, #3145, #8655, .T. ) ;
#3083 = CARTESIAN_POINT ( 'NONE',  ( -0.9500000000000022871, 0.7499999999999981126, -1.589999999999998526 ) ) ;
#3084 = EDGE_CURVE ( 'NONE', #7060, #5361, #7769, .T. ) ;
#3085 = CARTESIAN_POINT ( 'NONE',  ( -4.130000000000006111, 8.599999999999999645, 0.9500000000000029532 ) ) ;
#3086 = ORIENTED_EDGE ( 'NONE', *, *, #11290, .T. ) ;
#3087 = AXIS2_PLACEMENT_3D ( 'NONE', #4655, #8658, #1414 ) ;
#3088 = FACE_OUTER_BOUND ( 'NONE', #5419, .T. ) ;
#3089 = LINE ( 'NONE', #7088, #6899 ) ;
#3090 = VECTOR ( 'NONE', #12080, 1000.000000000000000 ) ;
#3091 = ORIENTED_EDGE ( 'NONE', *, *, #9035, .F. ) ;
#3092 = PLANE ( 'NONE',  #7952 ) ;
#3093 = LINE ( 'NONE', #11486, #5237 ) ;
#3094 = ADVANCED_FACE ( 'NONE', ( #2823 ), #2953, .F. ) ;
#3095 = LINE ( 'NONE', #2089, #1785 ) ;
#3096 = CARTESIAN_POINT ( 'NONE',  ( -3.930000000000007265, 8.600000000000003197, 1.390000000000002567 ) ) ;
#3097 = VECTOR ( 'NONE', #7865, 1000.000000000000000 ) ;
#3098 = LINE ( 'NONE', #8389, #985 ) ;
#3099 = EDGE_LOOP ( 'NONE', ( #12638, #10496, #11634, #1754 ) ) ;
#3100 = ADVANCED_FACE ( 'NONE', ( #2758 ), #7082, .F. ) ;
#3101 = CARTESIAN_POINT ( 'NONE',  ( 0.9499999999999966249, 0.7499999999999981126, -1.589999999999998748 ) ) ;
#3102 = ORIENTED_EDGE ( 'NONE', *, *, #9193, .T. ) ;
#3103 = DIRECTION ( 'NONE',  ( 0.5773502691896235106, -0.5773502691896282846, 0.5773502691896256200 ) ) ;
#3104 = DIRECTION ( 'NONE',  ( -1.000000000000000000, -2.220446049250312341E-16, 1.110223024625156047E-16 ) ) ;
#3105 = PRESENTATION_LAYER_ASSIGNMENT (  '', '', ( #11749 ) ) ;
#3106 = ORIENTED_EDGE ( 'NONE', *, *, #5957, .T. ) ;
#3107 = PLANE ( 'NONE',  #2148 ) ;
#3108 = FACE_OUTER_BOUND ( 'NONE', #455, .T. ) ;
#3109 = AXIS2_PLACEMENT_3D ( 'NONE', #3785, #6646, #2775 ) ;
#3110 = LINE ( 'NONE', #3450, #7080 ) ;
#3111 = LINE ( 'NONE', #5212, #10610 ) ;
#3112 = ORIENTED_EDGE ( 'NONE', *, *, #9503, .T. ) ;
#3113 = DIRECTION ( 'NONE',  ( -1.110223024625156294E-16, 1.224646799147353207E-16, -1.000000000000000000 ) ) ;
#3114 = LINE ( 'NONE', #9474, #7215 ) ;
#3115 = ORIENTED_EDGE ( 'NONE', *, *, #9221, .F. ) ;
#3116 = VECTOR ( 'NONE', #6679, 1000.000000000000000 ) ;
#3117 = ORIENTED_EDGE ( 'NONE', *, *, #4323, .F. ) ;
#3118 = LINE ( 'NONE', #10095, #9761 ) ;
#3119 = ADVANCED_FACE ( 'NONE', ( #5996 ), #11954, .F. ) ;
#3120 = FACE_OUTER_BOUND ( 'NONE', #9534, .T. ) ;
#3121 = VECTOR ( 'NONE', #13321, 1000.000000000000000 ) ;
#3122 = PLANE ( 'NONE',  #2976 ) ;
#3123 = VERTEX_POINT ( 'NONE', #796 ) ;
#3124 = DIRECTION ( 'NONE',  ( 1.110223024625156294E-16, -1.224646799147353207E-16, 1.000000000000000000 ) ) ;
#3125 = VECTOR ( 'NONE', #10110, 1000.000000000000000 ) ;
#3126 = ORIENTED_EDGE ( 'NONE', *, *, #2439, .T. ) ;
#3127 = CARTESIAN_POINT ( 'NONE',  ( 11.74999999999999645, 2.599999999999998312, 0.9500000000000005107 ) ) ;
#3128 = CARTESIAN_POINT ( 'NONE',  ( 9.009999999999998010, -3.000000000000003553, 1.389999999999999458 ) ) ;
#3129 = ORIENTED_EDGE ( 'NONE', *, *, #8712, .F. ) ;
#3130 = DIRECTION ( 'NONE',  ( -1.000000000000000000, 0.000000000000000000, 1.110223024625156294E-16 ) ) ;
#3131 = PLANE ( 'NONE',  #1101 ) ;
#3132 = CARTESIAN_POINT ( 'NONE',  ( -16.53000000000001180, 9.099999999999999645, 4.425000000000005151 ) ) ;
#3133 = EDGE_LOOP ( 'NONE', ( #12574, #10616, #1460, #8951 ) ) ;
#3134 = CARTESIAN_POINT ( 'NONE',  ( -9.010000000000001563, 8.599999999999996092, -1.149999999999997469 ) ) ;
#3135 = VECTOR ( 'NONE', #3601, 1000.000000000000000 ) ;
#3136 = CARTESIAN_POINT ( 'NONE',  ( 11.74999999999999467, 8.599999999999999645, 1.150000000000001910 ) ) ;
#3137 = DIRECTION ( 'NONE',  ( -2.599483128751245825E-15, -1.224646799147352221E-16, 1.000000000000000000 ) ) ;
#3138 = VERTEX_POINT ( 'NONE', #10130 ) ;
#3139 = DIRECTION ( 'NONE',  ( 1.000000000000000000, 0.000000000000000000, -1.268196935725447699E-17 ) ) ;
#3140 = DIRECTION ( 'NONE',  ( -0.3481553119113956485, -0.8703882797784890935, 0.3481553119113957595 ) ) ;
#3141 = VECTOR ( 'NONE', #1412, 1000.000000000000000 ) ;
#3142 = DIRECTION ( 'NONE',  ( 2.220446049250312095E-16, -1.000000000000000000, -1.224646799147353207E-16 ) ) ;
#3143 = VECTOR ( 'NONE', #8827, 1000.000000000000000 ) ;
#3144 = EDGE_LOOP ( 'NONE', ( #885, #66, #3454, #6374 ) ) ;
#3145 = VERTEX_POINT ( 'NONE', #9111 ) ;
#3146 = EDGE_CURVE ( 'NONE', #2026, #8741, #4919, .T. ) ;
#3147 = CARTESIAN_POINT ( 'NONE',  ( 4.129999999999993676, 8.599999999999999645, -1.389999999999997682 ) ) ;
#3148 = ORIENTED_EDGE ( 'NONE', *, *, #5761, .F. ) ;
#3149 = DIRECTION ( 'NONE',  ( -1.110223024625156294E-16, 1.224646799147353207E-16, -1.000000000000000000 ) ) ;
#3150 = ADVANCED_FACE ( 'NONE', ( #1812 ), #6949, .T. ) ;
#3151 = EDGE_CURVE ( 'NONE', #10761, #4459, #11149, .T. ) ;
#3152 = LINE ( 'NONE', #5318, #1182 ) ;
#3153 = CARTESIAN_POINT ( 'NONE',  ( -11.75000000000000711, -3.000000000000003553, -1.389999999999997238 ) ) ;
#3154 = DIRECTION ( 'NONE',  ( 2.220446049250312095E-16, -1.000000000000000000, -1.224646799147353207E-16 ) ) ;
#3155 = ORIENTED_EDGE ( 'NONE', *, *, #7575, .F. ) ;
#3156 = PLANE ( 'NONE',  #12462 ) ;
#3157 = DIRECTION ( 'NONE',  ( 1.110223024625156294E-16, -1.224646799147352961E-16, 1.000000000000000000 ) ) ;
#3158 = CARTESIAN_POINT ( 'NONE',  ( -3.490000000000002434, 0.7499999999999972244, -1.589999999999998082 ) ) ;
#3159 = EDGE_CURVE ( 'NONE', #7376, #4429, #9048, .T. ) ;
#3160 = MECHANICAL_DESIGN_GEOMETRIC_PRESENTATION_REPRESENTATION (  '', ( #2520 ), #2948 ) ;
#3161 = ADVANCED_FACE ( 'NONE', ( #12157 ), #13103, .F. ) ;
#3162 = ORIENTED_EDGE ( 'NONE', *, *, #7046, .T. ) ;
#3163 = ORIENTED_EDGE ( 'NONE', *, *, #456, .F. ) ;
#3164 = DIRECTION ( 'NONE',  ( 0.9284766908852596368, 0.3713906763541028888, -5.759937970183664956E-17 ) ) ;
#3165 = FACE_OUTER_BOUND ( 'NONE', #12557, .T. ) ;
#3166 = FACE_OUTER_BOUND ( 'NONE', #3332, .T. ) ;
#3167 = CARTESIAN_POINT ( 'NONE',  ( -6.670000000000004370, -3.000000000000004441, 1.150000000000002354 ) ) ;
#3168 = FACE_OUTER_BOUND ( 'NONE', #1051, .T. ) ;
#3169 = ORIENTED_EDGE ( 'NONE', *, *, #12520, .T. ) ;
#3170 = DIRECTION ( 'NONE',  ( 2.220446049250312095E-16, -1.000000000000000000, -1.224646799147353207E-16 ) ) ;
#3171 = VECTOR ( 'NONE', #8911, 1000.000000000000000 ) ;
#3172 = AXIS2_PLACEMENT_3D ( 'NONE', #5031, #3058, #4016 ) ;
#3173 = ORIENTED_EDGE ( 'NONE', *, *, #13133, .F. ) ;
#3174 = CARTESIAN_POINT ( 'NONE',  ( -9.710000000000006182, 0.2499999999999958922, 4.425000000000002487 ) ) ;
#3175 = VECTOR ( 'NONE', #11388, 1000.000000000000000 ) ;
#3176 = ORIENTED_EDGE ( 'NONE', *, *, #12906, .T. ) ;
#3177 = PLANE ( 'NONE',  #4993 ) ;
#3178 = VECTOR ( 'NONE', #9832, 1000.000000000000000 ) ;
#3179 = CARTESIAN_POINT ( 'NONE',  ( -6.494242424242425038, -2.939393939393944777, 1.414242424242420970 ) ) ;
#3180 = FACE_OUTER_BOUND ( 'NONE', #4265, .T. ) ;
#3181 = AXIS2_PLACEMENT_3D ( 'NONE', #10633, #3533, #9624 ) ;
#3182 = ORIENTED_EDGE ( 'NONE', *, *, #9939, .F. ) ;
#3183 = DIRECTION ( 'NONE',  ( 1.030816200048588727E-16, 0.3713906763541041101, 0.9284766908852591927 ) ) ;
#3184 = DIRECTION ( 'NONE',  ( 2.599483128751245825E-15, 1.224646799147352221E-16, -1.000000000000000000 ) ) ;
#3185 = ORIENTED_EDGE ( 'NONE', *, *, #3576, .T. ) ;
#3186 = VECTOR ( 'NONE', #13042, 1000.000000000000000 ) ;
#3187 = ORIENTED_EDGE ( 'NONE', *, *, #4989, .F. ) ;
#3188 = CARTESIAN_POINT ( 'NONE',  ( 16.53000000000000114, 0.2499999999999967526, -0.4500000000000005107 ) ) ;
#3189 = VECTOR ( 'NONE', #129, 1000.000000000000227 ) ;
#3190 = DIRECTION ( 'NONE',  ( 1.000000000000000000, 0.000000000000000000, -1.110223024625156294E-16 ) ) ;
#3191 = EDGE_CURVE ( 'NONE', #1177, #4004, #3840, .T. ) ;
#3192 = VERTEX_POINT ( 'NONE', #12224 ) ;
#3193 = CARTESIAN_POINT ( 'NONE',  ( -5.484999999999999432, 2.799999999999998490, -0.9499999999999979572 ) ) ;
#3194 = VECTOR ( 'NONE', #4745, 1000.000000000000114 ) ;
#3195 = VECTOR ( 'NONE', #11942, 1000.000000000000000 ) ;
#3196 = ORIENTED_EDGE ( 'NONE', *, *, #515, .F. ) ;
#3197 = LINE ( 'NONE', #7334, #8158 ) ;
#3198 = EDGE_CURVE ( 'NONE', #6719, #699, #7970, .T. ) ;
#3199 = CARTESIAN_POINT ( 'NONE',  ( 11.10999999999999766, 2.599999999999999645, 1.590000000000000746 ) ) ;
#3200 = ORIENTED_EDGE ( 'NONE', *, *, #5398, .F. ) ;
#3201 = PLANE ( 'NONE',  #804 ) ;
#3202 = FACE_OUTER_BOUND ( 'NONE', #1190, .T. ) ;
#3203 = CARTESIAN_POINT ( 'NONE',  ( -3.690000000000010161, 8.599999999999996092, 1.590000000000003189 ) ) ;
#3204 = ADVANCED_FACE ( 'NONE', ( #9860 ), #4714, .F. ) ;
#3205 = ORIENTED_EDGE ( 'NONE', *, *, #10673, .T. ) ;
#3206 = CARTESIAN_POINT ( 'NONE',  ( -11.10999999999999766, -32.81321928319991343, -1.590000000000001412 ) ) ;
#3207 = COLOUR_RGB ( '',0.8705882352941176627, 0.6313725490196078205, 0.1725490196078431349 ) ;
#3208 = CARTESIAN_POINT ( 'NONE',  ( -6.030000000000002913, 2.599999999999997868, 0.9500000000000023981 ) ) ;
#3209 = LINE ( 'NONE', #11464, #1986 ) ;
#3210 = VERTEX_POINT ( 'NONE', #7830 ) ;
#3211 = VECTOR ( 'NONE', #10913, 1000.000000000000000 ) ;
#3212 = CARTESIAN_POINT ( 'NONE',  ( 6.229999999999998650, 8.599999999999999645, 1.150000000000002354 ) ) ;
#3213 = DIRECTION ( 'NONE',  ( 1.110223024625156294E-16, -1.224646799147353207E-16, 1.000000000000000000 ) ) ;
#3214 = CARTESIAN_POINT ( 'NONE',  ( -2.090000000000003855, 0.2499999999999958922, 4.425000000000001599 ) ) ;
#3215 = ORIENTED_EDGE ( 'NONE', *, *, #7325, .T. ) ;
#3216 = ORIENTED_EDGE ( 'NONE', *, *, #10685, .F. ) ;
#3217 = ORIENTED_EDGE ( 'NONE', *, *, #5314, .T. ) ;
#3218 = VECTOR ( 'NONE', #1434, 999.9999999999998863 ) ;
#3219 = CARTESIAN_POINT ( 'NONE',  ( 1.203333333333339361, -3.133333333333335080, 1.203333333333330257 ) ) ;
#3220 = ORIENTED_EDGE ( 'NONE', *, *, #11516, .F. ) ;
#3221 = SURFACE_SIDE_STYLE ('',( #4234 ) ) ;
#3222 = CARTESIAN_POINT ( 'NONE',  ( 7.214999999999998970, 8.099999999999999645, -0.9499999999999987343 ) ) ;
#3223 = FACE_OUTER_BOUND ( 'NONE', #11287, .T. ) ;
#3224 = CARTESIAN_POINT ( 'NONE',  ( -3.876666666666662042, -3.133333333333335080, -1.336666666666667336 ) ) ;
#3225 = ORIENTED_EDGE ( 'NONE', *, *, #7789, .T. ) ;
#3226 = LINE ( 'NONE', #11479, #8362 ) ;
#3227 = DIRECTION ( 'NONE',  ( 1.000000000000000000, 0.000000000000000000, -1.110223024625156294E-16 ) ) ;
#3228 = EDGE_CURVE ( 'NONE', #2668, #860, #8904, .T. ) ;
#3229 = PLANE ( 'NONE',  #1252 ) ;
#3230 = EDGE_CURVE ( 'NONE', #11755, #8662, #9991, .T. ) ;
#3231 = ADVANCED_FACE ( 'NONE', ( #4779 ), #12092, .F. ) ;
#3232 = ORIENTED_EDGE ( 'NONE', *, *, #1845, .T. ) ;
#3233 = ORIENTED_EDGE ( 'NONE', *, *, #10831, .F. ) ;
#3234 = LINE ( 'NONE', #10271, #4058 ) ;
#3235 =( LENGTH_UNIT ( ) NAMED_UNIT ( * ) SI_UNIT ( .MILLI., .METRE. ) );
#3236 = DIRECTION ( 'NONE',  ( 2.220446049250312095E-16, -1.000000000000000000, -1.224646799147353207E-16 ) ) ;
#3237 = DIRECTION ( 'NONE',  ( 1.110223024625156294E-16, -1.224646799147353207E-16, 1.000000000000000000 ) ) ;
#3238 = PLANE ( 'NONE',  #11757 ) ;
#3239 = ORIENTED_EDGE ( 'NONE', *, *, #187, .F. ) ;
#3240 = DIRECTION ( 'NONE',  ( -1.110223024625156294E-16, 1.224646799147353207E-16, -1.000000000000000000 ) ) ;
#3241 = ORIENTED_EDGE ( 'NONE', *, *, #3191, .T. ) ;
#3242 = FACE_OUTER_BOUND ( 'NONE', #1216, .T. ) ;
#3243 = ADVANCED_FACE ( 'NONE', ( #12021 ), #8976, .F. ) ;
#3244 = EDGE_CURVE ( 'NONE', #11276, #1883, #5320, .T. ) ;
#3245 = ORIENTED_EDGE ( 'NONE', *, *, #5707, .F. ) ;
#3246 = ORIENTED_EDGE ( 'NONE', *, *, #12851, .F. ) ;
#3247 = DIRECTION ( 'NONE',  ( -0.3481553119113939831, 0.8703882797784897596, 0.3481553119113959816 ) ) ;
#3248 = DIRECTION ( 'NONE',  ( 1.110223024625156294E-16, -1.224646799147353207E-16, 1.000000000000000000 ) ) ;
#3249 = CARTESIAN_POINT ( 'NONE',  ( 9.209999999999999076, -2.500000000000003109, -1.590000000000000302 ) ) ;
#3250 = EDGE_LOOP ( 'NONE', ( #10486, #7261, #4015, #3196 ) ) ;
#3251 = VERTEX_POINT ( 'NONE', #53 ) ;
#3252 = EDGE_CURVE ( 'NONE', #4030, #9956, #1196, .T. ) ;
#3253 = DIRECTION ( 'NONE',  ( 1.110223024625156294E-16, -1.224646799147353207E-16, 1.000000000000000000 ) ) ;
#3254 = LINE ( 'NONE', #1297, #1717 ) ;
#3255 = DIRECTION ( 'NONE',  ( 1.000000000000000000, 0.000000000000000000, -1.110223024625156294E-16 ) ) ;
#3256 = VECTOR ( 'NONE', #10484, 1000.000000000000000 ) ;
#3257 = ORIENTED_EDGE ( 'NONE', *, *, #7446, .F. ) ;
#3258 = LINE ( 'NONE', #160, #13366 ) ;
#3259 = AXIS2_PLACEMENT_3D ( 'NONE', #9422, #10376, #1238 ) ;
#3260 = ORIENTED_EDGE ( 'NONE', *, *, #5454, .F. ) ;
#3261 = LINE ( 'NONE', #7397, #12468 ) ;
#3262 = LINE ( 'NONE', #6439, #12246 ) ;
#3263 = VERTEX_POINT ( 'NONE', #7282 ) ;
#3264 = FACE_BOUND ( 'NONE', #3629, .T. ) ;
#3265 = CARTESIAN_POINT ( 'NONE',  ( -11.11000000000000476, 0.7499999999999981126, -0.9499999999999976241 ) ) ;
#3266 = EDGE_CURVE ( 'NONE', #12145, #8026, #11475, .T. ) ;
#3267 = CARTESIAN_POINT ( 'NONE',  ( 5.529999999999998472, 0.2499999999999967526, -2.089999999999999414 ) ) ;
#3268 = ORIENTED_EDGE ( 'NONE', *, *, #11989, .F. ) ;
#3269 = CARTESIAN_POINT ( 'NONE',  ( -11.31000000000001116, -3.000000000000006217, 1.390000000000002123 ) ) ;
#3270 = DIRECTION ( 'NONE',  ( 1.000000000000000000, 0.000000000000000000, -1.110223024625156294E-16 ) ) ;
#3271 = DIRECTION ( 'NONE',  ( -0.3713906763541042766, 0.9284766908852590817, 1.549382487594995162E-16 ) ) ;
#3272 = VECTOR ( 'NONE', #7811, 1000.000000000000000 ) ;
#3273 = DIRECTION ( 'NONE',  ( -2.220446049250312095E-16, 1.000000000000000000, 1.224646799147353207E-16 ) ) ;
#3274 = CARTESIAN_POINT ( 'NONE',  ( -9.210000000000007958, 8.099999999999999645, -1.589999999999996749 ) ) ;
#3275 = LINE ( 'NONE', #7411, #12495 ) ;
#3276 = ORIENTED_EDGE ( 'NONE', *, *, #9818, .T. ) ;
#3277 = ORIENTED_EDGE ( 'NONE', *, *, #11961, .T. ) ;
#3278 = EDGE_LOOP ( 'NONE', ( #9013, #10184, #10677, #9595 ) ) ;
#3279 = VECTOR ( 'NONE', #1130, 1000.000000000000000 ) ;
#3280 = VECTOR ( 'NONE', #7523, 1000.000000000000114 ) ;
#3281 = CARTESIAN_POINT ( 'NONE',  ( 11.75000000000000711, -32.81321928319991343, -1.590000000000003855 ) ) ;
#3282 = EDGE_LOOP ( 'NONE', ( #7920, #8060, #3841, #12294 ) ) ;
#3283 = CARTESIAN_POINT ( 'NONE',  ( -6.670000000000006146, 8.100000000000003197, -1.589999999999997193 ) ) ;
#3284 = CARTESIAN_POINT ( 'NONE',  ( 16.53000000000000114, 0.2499999999999967526, 2.090000000000000746 ) ) ;
#3285 = LINE ( 'NONE', #11347, #4419 ) ;
#3286 = LINE ( 'NONE', #2284, #6987 ) ;
#3287 = ORIENTED_EDGE ( 'NONE', *, *, #9016, .T. ) ;
#3288 = CARTESIAN_POINT ( 'NONE',  ( 1.589999999999999192, -2.500000000000003997, -0.9499999999999995115 ) ) ;
#3289 = FACE_OUTER_BOUND ( 'NONE', #5351, .T. ) ;
#3290 = ADVANCED_FACE ( 'NONE', ( #3223 ), #12494, .F. ) ;
#3292 = AXIS2_PLACEMENT_3D ( 'NONE', #4457, #4589, #5732 ) ;
#3291 = DIRECTION ( 'NONE',  ( -1.110223024625156294E-16, 1.224646799147353207E-16, -1.000000000000000000 ) ) ;
#3293 = VERTEX_POINT ( 'NONE', #11279 ) ;
#3294 = VERTEX_POINT ( 'NONE', #5113 ) ;
#3295 = FACE_OUTER_BOUND ( 'NONE', #6291, .T. ) ;
#3296 = CARTESIAN_POINT ( 'NONE',  ( 2.990000000000001101, 0.2499999999999967526, 2.090000000000001634 ) ) ;
#3297 = CARTESIAN_POINT ( 'NONE',  ( 2.249999999999994671, 9.100000000000001421, 3.175000000000002043 ) ) ;
#3298 = DIRECTION ( 'NONE',  ( 1.359631073446890508E-32, 1.000000000000000000, 1.224646799147352961E-16 ) ) ;
#3299 = DIRECTION ( 'NONE',  ( 0.5773502691896260641, -0.5773502691896267303, 0.5773502691896243988 ) ) ;
#3300 = EDGE_CURVE ( 'NONE', #6136, #6283, #12353, .T. ) ;
#3301 = EDGE_CURVE ( 'NONE', #9789, #4032, #2075, .T. ) ;
#3302 = AXIS2_PLACEMENT_3D ( 'NONE', #5997, #4921, #4986 ) ;
#3303 = ORIENTED_EDGE ( 'NONE', *, *, #1686, .T. ) ;
#3304 = DIRECTION ( 'NONE',  ( -1.110223024625156294E-16, 1.224646799147353207E-16, -1.000000000000000000 ) ) ;
#3305 = ORIENTED_EDGE ( 'NONE', *, *, #11371, .F. ) ;
#3306 = PLANE ( 'NONE',  #2221 ) ;
#3307 = ORIENTED_EDGE ( 'NONE', *, *, #3230, .F. ) ;
#3308 = AXIS2_PLACEMENT_3D ( 'NONE', #1683, #11958, #5930 ) ;
#3309 = ORIENTED_EDGE ( 'NONE', *, *, #998, .F. ) ;
#3310 = VECTOR ( 'NONE', #7691, 1000.000000000000000 ) ;
#3311 = CARTESIAN_POINT ( 'NONE',  ( -16.53000000000000114, 0.2499999999999976130, 1.650000000000002798 ) ) ;
#3312 = CARTESIAN_POINT ( 'NONE',  ( 10.60999999999999766, 0.2499999999999967526, -0.4499999999999999001 ) ) ;
#3313 = CARTESIAN_POINT ( 'NONE',  ( 8.069999999999996732, 0.2499999999999967526, 4.425000000000000711 ) ) ;
#3314 = CARTESIAN_POINT ( 'NONE',  ( -0.9499999999999945155, -32.81321928319991343, 0.9499999999999976241 ) ) ;
#3315 = EDGE_CURVE ( 'NONE', #4004, #11751, #6330, .T. ) ;
#3316 = ORIENTED_EDGE ( 'NONE', *, *, #12003, .F. ) ;
#3317 = EDGE_CURVE ( 'NONE', #3967, #1000, #10460, .T. ) ;
#3318 = EDGE_CURVE ( 'NONE', #4191, #5953, #2692, .T. ) ;
#3319 = ORIENTED_EDGE ( 'NONE', *, *, #1516, .T. ) ;
#3320 = LINE ( 'NONE', #12793, #13220 ) ;
#3321 = LINE ( 'NONE', #11509, #2371 ) ;
#3322 = DIRECTION ( 'NONE',  ( -7.850462293418888160E-17, 0.7071067811865462405, -0.7071067811865487940 ) ) ;
#3323 = EDGE_CURVE ( 'NONE', #13370, #575, #8435, .T. ) ;
#3324 = ORIENTED_EDGE ( 'NONE', *, *, #2623, .F. ) ;
#3325 = DIRECTION ( 'NONE',  ( -0.5773502691896239547, 0.5773502691896277295, 0.5773502691896256200 ) ) ;
#3326 = EDGE_CURVE ( 'NONE', #4631, #1309, #9242, .T. ) ;
#3327 = EDGE_CURVE ( 'NONE', #4191, #12521, #4105, .T. ) ;
#3328 = EDGE_LOOP ( 'NONE', ( #5214, #8922, #11876, #8249 ) ) ;
#3329 = VECTOR ( 'NONE', #1890, 999.9999999999998863 ) ;
#3330 = FACE_OUTER_BOUND ( 'NONE', #6271, .T. ) ;
#3331 = PLANE ( 'NONE',  #4909 ) ;
#3332 = EDGE_LOOP ( 'NONE', ( #2957, #2759, #5480, #2848 ) ) ;
#3333 = CARTESIAN_POINT ( 'NONE',  ( 7.291666666666659857, -0.5283333333333319892, 2.868333333333330515 ) ) ;
#3334 = DIRECTION ( 'NONE',  ( -1.110223024625156294E-16, 1.224646799147353207E-16, -1.000000000000000000 ) ) ;
#3335 = VECTOR ( 'NONE', #11545, 1000.000000000000000 ) ;
#3336 = LINE ( 'NONE', #10575, #13060 ) ;
#3337 = ORIENTED_EDGE ( 'NONE', *, *, #11910, .T. ) ;
#3338 = CARTESIAN_POINT ( 'NONE',  ( 3.929999999999997939, -3.000000000000006217, 1.390000000000000346 ) ) ;
#3339 = VECTOR ( 'NONE', #8570, 1000.000000000000000 ) ;
#3340 = CARTESIAN_POINT ( 'NONE',  ( 11.31000000000000405, -3.000000000000002665, -1.389999999999999680 ) ) ;
#3341 = DIRECTION ( 'NONE',  ( 1.000000000000000000, 0.000000000000000000, -1.110223024625156294E-16 ) ) ;
#3342 = AXIS2_PLACEMENT_3D ( 'NONE', #9714, #3553, #3355 ) ;
#3343 = LINE ( 'NONE', #6582, #8161 ) ;
#3344 = CARTESIAN_POINT ( 'NONE',  ( 4.503939393939386804, 7.165151515151513273, -0.5760606060606036083 ) ) ;
#3345 = LINE ( 'NONE', #8756, #8607 ) ;
#3346 = EDGE_CURVE ( 'NONE', #4087, #895, #3285, .T. ) ;
#3347 = ORIENTED_EDGE ( 'NONE', *, *, #8933, .T. ) ;
#3348 = VERTEX_POINT ( 'NONE', #9177 ) ;
#3349 = ADVANCED_FACE ( 'NONE', ( #6264 ), #10260, .T. ) ;
#3351 = EDGE_CURVE ( 'NONE', #3692, #13006, #6192, .T. ) ;
#3350 = ORIENTED_EDGE ( 'NONE', *, *, #4054, .T. ) ;
#3352 = VECTOR ( 'NONE', #1394, 999.9999999999998863 ) ;
#3353 = EDGE_LOOP ( 'NONE', ( #6637, #9557, #11469, #12272 ) ) ;
#3354 = LINE ( 'NONE', #2544, #13309 ) ;
#3355 = DIRECTION ( 'NONE',  ( 2.220446049250312095E-16, -1.000000000000000000, -1.224646799147353207E-16 ) ) ;
#3356 = CARTESIAN_POINT ( 'NONE',  ( 1.590000000000005853, -32.81321928319991343, 0.9499999999999972911 ) ) ;
#3357 = LINE ( 'NONE', #11869, #3339 ) ;
#3358 = CARTESIAN_POINT ( 'NONE',  ( -3.930000000000011706, -3.000000000000002665, -1.149999999999999023 ) ) ;
#3359 = ORIENTED_EDGE ( 'NONE', *, *, #1419, .T. ) ;
#3360 = FACE_OUTER_BOUND ( 'NONE', #10584, .T. ) ;
#3361 = LINE ( 'NONE', #7562, #3444 ) ;
#3362 = CARTESIAN_POINT ( 'NONE',  ( -16.53000000000001180, 9.099999999999999645, 3.775000000000005684 ) ) ;
#3363 = EDGE_CURVE ( 'NONE', #6091, #7719, #1129, .T. ) ;
#3364 = ORIENTED_EDGE ( 'NONE', *, *, #11054, .T. ) ;
#3365 = ORIENTED_EDGE ( 'NONE', *, *, #11223, .F. ) ;
#3366 = DIRECTION ( 'NONE',  ( -2.220446049250312095E-16, 1.000000000000000000, 1.224646799147353207E-16 ) ) ;
#3367 = VECTOR ( 'NONE', #5301, 1000.000000000000000 ) ;
#3368 = ADVANCED_FACE ( 'NONE', ( #12292 ), #6060, .F. ) ;
#3369 = PLANE ( 'NONE',  #1996 ) ;
#3370 = DIRECTION ( 'NONE',  ( -0.3713906763541042766, 0.9284766908852590817, 1.549382487594995162E-16 ) ) ;
#3371 = DIRECTION ( 'NONE',  ( -1.000000000000000000, 0.000000000000000000, 0.000000000000000000 ) ) ;
#3372 = ORIENTED_EDGE ( 'NONE', *, *, #1671, .F. ) ;
#3373 = FACE_OUTER_BOUND ( 'NONE', #3740, .T. ) ;
#3374 = EDGE_LOOP ( 'NONE', ( #6202, #12388, #7560, #12984 ) ) ;
#3375 = ADVANCED_FACE ( 'NONE', ( #2546 ), #7557, .F. ) ;
#3376 = CARTESIAN_POINT ( 'NONE',  ( 8.569999999999998508, -3.000000000000004441, 1.590000000000000524 ) ) ;
#3377 = PRESENTATION_LAYER_ASSIGNMENT (  '', '', ( #9429 ) ) ;
#3378 = VERTEX_POINT ( 'NONE', #3482 ) ;
#3379 = ORIENTED_EDGE ( 'NONE', *, *, #10052, .T. ) ;
#3380 = DIRECTION ( 'NONE',  ( -0.3481553119113956485, -0.8703882797784890935, 0.3481553119113957595 ) ) ;
#3381 = FACE_OUTER_BOUND ( 'NONE', #4240, .T. ) ;
#3382 = VECTOR ( 'NONE', #1733, 1000.000000000000000 ) ;
#3383 = FACE_BOUND ( 'NONE', #2246, .T. ) ;
#3384 = AXIS2_PLACEMENT_3D ( 'NONE', #10791, #1654, #12137 ) ;
#3385 = VERTEX_POINT ( 'NONE', #452 ) ;
#3386 = ORIENTED_EDGE ( 'NONE', *, *, #838, .F. ) ;
#3387 = CARTESIAN_POINT ( 'NONE',  ( 9.754999999999999005, -2.500000000000004885, 0.9499999999999999556 ) ) ;
#3388 = AXIS2_PLACEMENT_3D ( 'NONE', #6038, #3056, #2053 ) ;
#3389 = DIRECTION ( 'NONE',  ( 1.110223024625156294E-16, -1.224646799147352961E-16, 1.000000000000000000 ) ) ;
#3390 = PLANE ( 'NONE',  #11621 ) ;
#3391 = VECTOR ( 'NONE', #13070, 1000.000000000000000 ) ;
#3392 = ORIENTED_EDGE ( 'NONE', *, *, #3562, .T. ) ;
#3393 = EDGE_CURVE ( 'NONE', #4562, #3531, #4569, .T. ) ;
#3394 = CARTESIAN_POINT ( 'NONE',  ( 5.844999999999997087, 1.574999999999999512, 1.775000000000000355 ) ) ;
#3395 = AXIS2_PLACEMENT_3D ( 'NONE', #5624, #5754, #9755 ) ;
#3396 = ADVANCED_FACE ( 'NONE', ( #7621 ), #11669, .F. ) ;
#3397 = VERTEX_POINT ( 'NONE', #11737 ) ;
#3398 = DIRECTION ( 'NONE',  ( 1.000000000000000000, 0.000000000000000000, -1.110223024625156294E-16 ) ) ;
#3399 = AXIS2_PLACEMENT_3D ( 'NONE', #1841, #7042, #9202 ) ;
#3400 = CARTESIAN_POINT ( 'NONE',  ( -8.967826481409701009E-15, -4.336808689942017736E-15, 3.625000000000002220 ) ) ;
#3401 = VERTEX_POINT ( 'NONE', #8696 ) ;
#3402 = FACE_BOUND ( 'NONE', #13246, .T. ) ;
#3403 = PLANE ( 'NONE',  #5839 ) ;
#3404 = VECTOR ( 'NONE', #10014, 1000.000000000000000 ) ;
#3405 = CARTESIAN_POINT ( 'NONE',  ( -9.210000000000006182, -2.500000000000003109, -1.589999999999998082 ) ) ;
#3406 = ORIENTED_EDGE ( 'NONE', *, *, #8983, .T. ) ;
#3407 = DIRECTION ( 'NONE',  ( -7.850462293418888160E-17, 0.7071067811865462405, -0.7071067811865487940 ) ) ;
#3408 = DIRECTION ( 'NONE',  ( -1.000000000000000000, 0.000000000000000000, 1.110223024625156294E-16 ) ) ;
#3409 = EDGE_CURVE ( 'NONE', #11411, #8093, #6595, .T. ) ;
#3410 = DIRECTION ( 'NONE',  ( 0.5773502691896251759, 0.5773502691896271743, 0.5773502691896250649 ) ) ;
#3411 = AXIS2_PLACEMENT_3D ( 'NONE', #4662, #8790, #12912 ) ;
#3412 = DIRECTION ( 'NONE',  ( -1.000000000000000000, 0.000000000000000000, 1.110223024625156294E-16 ) ) ;
#3413 = AXIS2_PLACEMENT_3D ( 'NONE', #242, #5633, #1452 ) ;
#3414 = LINE ( 'NONE', #8490, #8395 ) ;
#3415 = ADVANCED_FACE ( 'NONE', ( #1395 ), #5386, .F. ) ;
#3416 = ORIENTED_EDGE ( 'NONE', *, *, #10675, .F. ) ;
#3417 = EDGE_CURVE ( 'NONE', #11387, #12456, #385, .T. ) ;
#3418 = VERTEX_POINT ( 'NONE', #10652 ) ;
#3419 = ORIENTED_EDGE ( 'NONE', *, *, #5741, .T. ) ;
#3420 = ORIENTED_EDGE ( 'NONE', *, *, #6717, .T. ) ;
#3421 = DIRECTION ( 'NONE',  ( -0.3481553119113935946, -0.8703882797784899816, 0.3481553119113957595 ) ) ;
#3422 = CARTESIAN_POINT ( 'NONE',  ( -4.630000000000004334, 0.2499999999999967526, 2.090000000000002522 ) ) ;
#3423 = DIRECTION ( 'NONE',  ( -1.110223024625156294E-16, 1.224646799147353207E-16, -1.000000000000000000 ) ) ;
#3424 = AXIS2_PLACEMENT_3D ( 'NONE', #6035, #2186, #8274 ) ;
#3425 = DIRECTION ( 'NONE',  ( 2.220446049250312095E-16, -1.000000000000000000, -1.224646799147353207E-16 ) ) ;
#3426 = DIRECTION ( 'NONE',  ( -1.110223024625156294E-16, 1.224646799147353207E-16, -1.000000000000000000 ) ) ;
#3427 = ORIENTED_EDGE ( 'NONE', *, *, #13336, .F. ) ;
#3428 = EDGE_CURVE ( 'NONE', #5510, #3192, #1530, .T. ) ;
#3429 = DIRECTION ( 'NONE',  ( -0.3713906763541042766, 0.9284766908852590817, 1.549382487594995162E-16 ) ) ;
#3430 = DIRECTION ( 'NONE',  ( -1.110223024625156294E-16, 1.224646799147353207E-16, -1.000000000000000000 ) ) ;
#3431 = FACE_OUTER_BOUND ( 'NONE', #4610, .T. ) ;
#3432 = AXIS2_PLACEMENT_3D ( 'NONE', #11087, #485, #2584 ) ;
#3433 = ORIENTED_EDGE ( 'NONE', *, *, #1507, .F. ) ;
#3434 = ORIENTED_EDGE ( 'NONE', *, *, #12241, .T. ) ;
#3435 = CARTESIAN_POINT ( 'NONE',  ( -11.18757575757580902, -2.693939393939392524, 1.027575757575761584 ) ) ;
#3436 = ORIENTED_EDGE ( 'NONE', *, *, #12680, .T. ) ;
#3437 = CYLINDRICAL_SURFACE ( 'NONE', #3716, 0.4250000000000000444 ) ;
#3438 = DIRECTION ( 'NONE',  ( -1.000000000000000000, 0.000000000000000000, 1.110223024625156294E-16 ) ) ;
#3439 = LINE ( 'NONE', #2625, #4194 ) ;
#3440 = ORIENTED_EDGE ( 'NONE', *, *, #3318, .F. ) ;
#3441 = EDGE_CURVE ( 'NONE', #9131, #5292, #5584, .T. ) ;
#3442 = DIRECTION ( 'NONE',  ( 1.855469160087460128E-16, -0.3713906763541040545, 0.9284766908852591927 ) ) ;
#3443 = EDGE_LOOP ( 'NONE', ( #7538, #7822, #1772, #7277 ) ) ;
#3444 = VECTOR ( 'NONE', #8505, 1000.000000000000000 ) ;
#3445 = LINE ( 'NONE', #6550, #11294 ) ;
#3446 = EDGE_CURVE ( 'NONE', #11310, #10949, #10793, .T. ) ;
#3447 = ORIENTED_EDGE ( 'NONE', *, *, #4747, .F. ) ;
#3448 = VERTEX_POINT ( 'NONE', #8499 ) ;
#3449 = VECTOR ( 'NONE', #2998, 1000.000000000000000 ) ;
#3450 = CARTESIAN_POINT ( 'NONE',  ( 3.304999999999996163, 1.574999999999997735, 1.775000000000000799 ) ) ;
#3451 = LINE ( 'NONE', #12652, #245 ) ;
#3452 = DIRECTION ( 'NONE',  ( 1.000000000000000000, 0.000000000000000000, -1.110223024625156294E-16 ) ) ;
#3453 = LINE ( 'NONE', #2444, #2255 ) ;
#3454 = ORIENTED_EDGE ( 'NONE', *, *, #12102, .F. ) ;
#3455 = EDGE_LOOP ( 'NONE', ( #10241, #6000, #5408, #2542 ) ) ;
#3456 = DIRECTION ( 'NONE',  ( 1.000000000000000000, 0.000000000000000000, -1.110223024625156294E-16 ) ) ;
#3457 = LINE ( 'NONE', #7592, #6674 ) ;
#3458 = LINE ( 'NONE', #2385, #4059 ) ;
#3459 = ORIENTED_EDGE ( 'NONE', *, *, #2785, .F. ) ;
#3460 = LINE ( 'NONE', #7530, #10771 ) ;
#3461 = ORIENTED_EDGE ( 'NONE', *, *, #3346, .F. ) ;
#3462 = PLANE ( 'NONE',  #6632 ) ;
#3463 = PLANE ( 'NONE',  #3181 ) ;
#3464 = EDGE_LOOP ( 'NONE', ( #4775, #8714, #7893, #1779 ) ) ;
#3465 = FACE_BOUND ( 'NONE', #8795, .T. ) ;
#3466 = LINE ( 'NONE', #9629, #9183 ) ;
#3467 = ORIENTED_EDGE ( 'NONE', *, *, #11266, .T. ) ;
#3468 = CARTESIAN_POINT ( 'NONE',  ( 7.169999999999998153, 0.2499999999999976130, 4.425000000000000711 ) ) ;
#3469 = ADVANCED_FACE ( 'NONE', ( #7684 ), #9579, .F. ) ;
#3470 = VECTOR ( 'NONE', #11303, 1000.000000000000000 ) ;
#3471 = CARTESIAN_POINT ( 'NONE',  ( -6.670000000000004370, -3.000000000000004441, 1.150000000000002354 ) ) ;
#3472 = DIRECTION ( 'NONE',  ( 0.3481553119113962591, -0.8703882797784889824, 0.3481553119113957040 ) ) ;
#3473 = CARTESIAN_POINT ( 'NONE',  ( 9.210000000000006182, -32.81321928319991343, 0.9499999999999965139 ) ) ;
#3474 = EDGE_LOOP ( 'NONE', ( #4525, #5826, #9946, #5403 ) ) ;
#3475 = ORIENTED_EDGE ( 'NONE', *, *, #3897, .F. ) ;
#3476 = CARTESIAN_POINT ( 'NONE',  ( 1.389999999999990798, 8.599999999999997868, -1.149999999999998579 ) ) ;
#3477 = VECTOR ( 'NONE', #9935, 1000.000000000000000 ) ;
#3478 = DIRECTION ( 'NONE',  ( -2.220446049250312095E-16, 1.000000000000000000, 1.224646799147353207E-16 ) ) ;
#3479 = ORIENTED_EDGE ( 'NONE', *, *, #11198, .T. ) ;
#3480 = DIRECTION ( 'NONE',  ( 1.000000000000000000, 0.000000000000000000, -1.110223024625156294E-16 ) ) ;
#3481 = DIRECTION ( 'NONE',  ( 1.110223024625156294E-16, -1.224646799147353207E-16, 1.000000000000000000 ) ) ;
#3482 = CARTESIAN_POINT ( 'NONE',  ( -4.130000000000003446, -2.500000000000003997, -1.589999999999998526 ) ) ;
#3483 = AXIS2_PLACEMENT_3D ( 'NONE', #2598, #4617, #3802 ) ;
#3484 = EDGE_CURVE ( 'NONE', #9917, #3907, #9715, .T. ) ;
#3485 = EDGE_CURVE ( 'NONE', #8522, #8024, #513, .T. ) ;
#3486 = EDGE_CURVE ( 'NONE', #13326, #10547, #318, .T. ) ;
#3487 = DIRECTION ( 'NONE',  ( 1.110223024625156294E-16, -1.224646799147353207E-16, 1.000000000000000000 ) ) ;
#3488 = DIRECTION ( 'NONE',  ( 7.850462293418890625E-17, 0.7071067811865460184, 0.7071067811865490160 ) ) ;
#3489 = ORIENTED_EDGE ( 'NONE', *, *, #4751, .T. ) ;
#3490 = DIRECTION ( 'NONE',  ( 1.000000000000000000, 0.000000000000000000, -1.110223024625156294E-16 ) ) ;
#3491 = CARTESIAN_POINT ( 'NONE',  ( -11.31000000000001293, 8.599999999999999645, -0.9499999999999966249 ) ) ;
#3492 = FILL_AREA_STYLE_COLOUR ( '', #6006 ) ;
#3493 = EDGE_CURVE ( 'NONE', #5535, #8265, #8569, .T. ) ;
#3494 = VECTOR ( 'NONE', #6494, 1000.000000000000000 ) ;
#3495 = ORIENTED_EDGE ( 'NONE', *, *, #8983, .F. ) ;
#3496 = ADVANCED_FACE ( 'NONE', ( #10526 ), #1259, .F. ) ;
#3497 = ORIENTED_EDGE ( 'NONE', *, *, #3726, .T. ) ;
#3498 = ADVANCED_FACE ( 'NONE', ( #4437 ), #12693, .F. ) ;
#3499 = DIRECTION ( 'NONE',  ( 1.000000000000000000, 0.000000000000000000, -1.110223024625156294E-16 ) ) ;
#3500 = EDGE_LOOP ( 'NONE', ( #2511, #3016 ) ) ;
#3501 = LINE ( 'NONE', #4582, #12801 ) ;
#3502 = EDGE_CURVE ( 'NONE', #389, #9154, #6999, .T. ) ;
#3503 = CARTESIAN_POINT ( 'NONE',  ( -9.009999999999999787, -3.000000000000004441, 1.390000000000001679 ) ) ;
#3504 = DIRECTION ( 'NONE',  ( 1.000000000000000000, 0.000000000000000000, -1.110223024625156294E-16 ) ) ;
#3505 = CARTESIAN_POINT ( 'NONE',  ( -4.130000000000006111, 8.599999999999999645, -0.9499999999999975131 ) ) ;
#3506 = ORIENTED_EDGE ( 'NONE', *, *, #3580, .F. ) ;
#3507 = FACE_OUTER_BOUND ( 'NONE', #2374, .T. ) ;
#3508 = EDGE_LOOP ( 'NONE', ( #854, #6428, #314, #11706 ) ) ;
#3509 = AXIS2_PLACEMENT_3D ( 'NONE', #3174, #7308, #8723 ) ;
#3510 = DIRECTION ( 'NONE',  ( 1.649305920077741323E-16, -0.9284766908852591927, -0.3713906763541040545 ) ) ;
#3511 = VECTOR ( 'NONE', #3236, 1000.000000000000000 ) ;
#3512 = ORIENTED_EDGE ( 'NONE', *, *, #8054, .F. ) ;
#3513 = EDGE_LOOP ( 'NONE', ( #1968, #6675, #10543, #5276 ) ) ;
#3514 = EDGE_CURVE ( 'NONE', #4456, #6242, #10996, .T. ) ;
#3515 = AXIS2_PLACEMENT_3D ( 'NONE', #9836, #8879, #7806 ) ;
#3516 = ADVANCED_FACE ( 'NONE', ( #5838 ), #9972, .T. ) ;
#3517 = CARTESIAN_POINT ( 'NONE',  ( -3.490000000000001990, -2.500000000000003109, 1.590000000000001856 ) ) ;
#3518 = SURFACE_SIDE_STYLE ('',( #2574 ) ) ;
#3519 = DIRECTION ( 'NONE',  ( 1.110223024625156294E-16, -1.224646799147353207E-16, 1.000000000000000000 ) ) ;
#3520 = EDGE_CURVE ( 'NONE', #9006, #5794, #4899, .T. ) ;
#3521 = PLANE ( 'NONE',  #6350 ) ;
#3522 = ORIENTED_EDGE ( 'NONE', *, *, #2068, .F. ) ;
#3523 = ORIENTED_EDGE ( 'NONE', *, *, #10279, .F. ) ;
#3524 = LINE ( 'NONE', #10690, #3494 ) ;
#3525 = CARTESIAN_POINT ( 'NONE',  ( -6.669999999999997264, -32.81321928319991343, -1.590000000000002300 ) ) ;
#3526 = AXIS2_PLACEMENT_3D ( 'NONE', #11739, #1265, #10594 ) ;
#3527 = CARTESIAN_POINT ( 'NONE',  ( 16.53000000000000114, 0.2499999999999967526, -2.090000000000000746 ) ) ;
#3528 = EDGE_LOOP ( 'NONE', ( #2422, #10883, #7432, #7458 ) ) ;
#3529 = AXIS2_PLACEMENT_3D ( 'NONE', #11532, #2273, #10513 ) ;
#3530 = LINE ( 'NONE', #7459, #2358 ) ;
#3531 = VERTEX_POINT ( 'NONE', #5774 ) ;
#3532 = FACE_OUTER_BOUND ( 'NONE', #4543, .T. ) ;
#3533 = DIRECTION ( 'NONE',  ( 1.855469160087460128E-16, -0.3713906763541040545, 0.9284766908852591927 ) ) ;
#3534 = FACE_OUTER_BOUND ( 'NONE', #8899, .T. ) ;
#3535 = ORIENTED_EDGE ( 'NONE', *, *, #4390, .F. ) ;
#3536 = LINE ( 'NONE', #13255, #7897 ) ;
#3537 = FACE_OUTER_BOUND ( 'NONE', #10716, .T. ) ;
#3538 = VERTEX_POINT ( 'NONE', #6860 ) ;
#3539 = CARTESIAN_POINT ( 'NONE',  ( 6.283333333333336768, -3.133333333333333304, 1.203333333333329813 ) ) ;
#3540 = ADVANCED_FACE ( 'NONE', ( #9843 ), #12004, .T. ) ;
#3541 = DIRECTION ( 'NONE',  ( -1.000000000000000000, 0.000000000000000000, 1.110223024625156294E-16 ) ) ;
#3542 = CARTESIAN_POINT ( 'NONE',  ( -15.48000000000000398, 2.599999999999998312, -3.174999999999996270 ) ) ;
#3543 = UNCERTAINTY_MEASURE_WITH_UNIT (LENGTH_MEASURE( 1.000000000000000082E-05 ), #13337, 'distance_accuracy_value', 'NONE');
#3544 = DIRECTION ( 'NONE',  ( -1.000000000000000000, 0.000000000000000000, 1.110223024625156294E-16 ) ) ;
#3545 = VECTOR ( 'NONE', #5868, 1000.000000000000000 ) ;
#3546 = ORIENTED_EDGE ( 'NONE', *, *, #6154, .T. ) ;
#3547 = EDGE_LOOP ( 'NONE', ( #4259, #3217, #9477, #13223, #6105, #7895, #1571, #10714 ) ) ;
#3548 = FACE_OUTER_BOUND ( 'NONE', #6226, .T. ) ;
#3549 = AXIS2_PLACEMENT_3D ( 'NONE', #8840, #12966, #3694 ) ;
#3550 = ORIENTED_EDGE ( 'NONE', *, *, #6383, .F. ) ;
#3551 = ORIENTED_EDGE ( 'NONE', *, *, #1761, .F. ) ;
#3552 = LINE ( 'NONE', #7682, #12014 ) ;
#3553 = DIRECTION ( 'NONE',  ( 1.110223024625156294E-16, -1.224646799147352961E-16, 1.000000000000000000 ) ) ;
#3554 = DIRECTION ( 'NONE',  ( -2.220446049250312095E-16, 1.000000000000000000, 1.224646799147353207E-16 ) ) ;
#3555 = VECTOR ( 'NONE', #6329, 1000.000000000000000 ) ;
#3556 = CARTESIAN_POINT ( 'NONE',  ( 4.129999999999994564, 8.100000000000001421, 1.590000000000002300 ) ) ;
#3557 = DIRECTION ( 'NONE',  ( 1.000000000000000000, 0.000000000000000000, -1.110223024625156294E-16 ) ) ;
#3558 = ORIENTED_EDGE ( 'NONE', *, *, #10685, .T. ) ;
#3559 = CARTESIAN_POINT ( 'NONE',  ( -3.930000000000011706, -3.000000000000003553, 1.150000000000002354 ) ) ;
#3560 = LINE ( 'NONE', #10050, #3310 ) ;
#3561 = CARTESIAN_POINT ( 'NONE',  ( -11.11000000000000476, 0.7499999999999972244, 0.9500000000000028422 ) ) ;
#3562 = EDGE_CURVE ( 'NONE', #6553, #1585, #715, .T. ) ;
#3563 = ORIENTED_EDGE ( 'NONE', *, *, #1367, .T. ) ;
#3564 = AXIS2_PLACEMENT_3D ( 'NONE', #2330, #1308, #6443 ) ;
#3565 = ADVANCED_FACE ( 'NONE', ( #1862 ), #3820, .F. ) ;
#3566 = EDGE_CURVE ( 'NONE', #10529, #2251, #3748, .T. ) ;
#3567 = EDGE_LOOP ( 'NONE', ( #11878, #12830, #6501, #10796 ) ) ;
#3568 = CARTESIAN_POINT ( 'NONE',  ( 9.709999999999997300, 0.2499999999999967526, 4.425000000000000711 ) ) ;
#3569 = ORIENTED_EDGE ( 'NONE', *, *, #2769, .F. ) ;
#3570 = CARTESIAN_POINT ( 'NONE',  ( -3.490000000000002434, 0.7499999999999963363, 1.590000000000002300 ) ) ;
#3571 = CARTESIAN_POINT ( 'NONE',  ( -6.030000000000004690, 8.599999999999999645, 1.150000000000003686 ) ) ;
#3572 = ORIENTED_EDGE ( 'NONE', *, *, #8817, .T. ) ;
#3573 = FACE_OUTER_BOUND ( 'NONE', #471, .T. ) ;
#3574 = ORIENTED_EDGE ( 'NONE', *, *, #13109, .T. ) ;
#3575 = FACE_OUTER_BOUND ( 'NONE', #3674, .T. ) ;
#3576 = EDGE_CURVE ( 'NONE', #10805, #7549, #13014, .T. ) ;
#3577 = VERTEX_POINT ( 'NONE', #9030 ) ;
#3578 = VERTEX_POINT ( 'NONE', #12074 ) ;
#3579 = AXIS2_PLACEMENT_3D ( 'NONE', #13281, #970, #8143 ) ;
#3580 = EDGE_CURVE ( 'NONE', #7568, #1610, #12951, .T. ) ;
#3581 = EDGE_CURVE ( 'NONE', #4032, #13097, #3888, .T. ) ;
#3582 = LINE ( 'NONE', #7711, #2124 ) ;
#3583 = DIRECTION ( 'NONE',  ( 1.110223024625156294E-16, -1.224646799147353207E-16, 1.000000000000000000 ) ) ;
#3584 = DIRECTION ( 'NONE',  ( 1.000000000000000000, 0.000000000000000000, 0.000000000000000000 ) ) ;
#3585 = FILL_AREA_STYLE_COLOUR ( '', #9166 ) ;
#3586 = ORIENTED_EDGE ( 'NONE', *, *, #2527, .T. ) ;
#3587 = VERTEX_POINT ( 'NONE', #6792 ) ;
#3588 = DIRECTION ( 'NONE',  ( -0.5773502691896252870, 0.5773502691896270633, 0.5773502691896250649 ) ) ;
#3589 = CARTESIAN_POINT ( 'NONE',  ( 15.47999999999999510, 8.500000000000001776, -3.174999999999998934 ) ) ;
#3590 = CARTESIAN_POINT ( 'NONE',  ( 8.569999999999998508, -3.000000000000004441, -1.389999999999999236 ) ) ;
#3591 = DIRECTION ( 'NONE',  ( 2.220446049250312095E-16, -1.000000000000000000, -1.224646799147353207E-16 ) ) ;
#3592 = EDGE_LOOP ( 'NONE', ( #8786, #5165, #6681, #5057 ) ) ;
#3593 = LINE ( 'NONE', #7727, #7109 ) ;
#3594 = STYLED_ITEM ( 'NONE', ( #7896 ), #2145 ) ;
#3595 = ORIENTED_EDGE ( 'NONE', *, *, #9503, .F. ) ;
#3596 = DIRECTION ( 'NONE',  ( -0.5773502691896252870, 0.5773502691896270633, 0.5773502691896250649 ) ) ;
#3597 = DIRECTION ( 'NONE',  ( 2.821527733676277528E-15, -1.224646799147354193E-16, 1.000000000000000000 ) ) ;
#3598 = FACE_OUTER_BOUND ( 'NONE', #2096, .T. ) ;
#3599 = EDGE_LOOP ( 'NONE', ( #3102, #2850, #10480, #540 ) ) ;
#3600 = VECTOR ( 'NONE', #10038, 1000.000000000000000 ) ;
#3601 = DIRECTION ( 'NONE',  ( -1.000000000000000000, 0.000000000000000000, 1.110223024625156294E-16 ) ) ;
#3602 = VERTEX_POINT ( 'NONE', #2737 ) ;
#3603 = CARTESIAN_POINT ( 'NONE',  ( -10.73606060606060630, 7.165151515151511497, 1.963939393939394096 ) ) ;
#3604 = EDGE_CURVE ( 'NONE', #5, #1489, #8015, .T. ) ;
#3605 = VECTOR ( 'NONE', #9600, 1000.000000000000000 ) ;
#3606 = CARTESIAN_POINT ( 'NONE',  ( 4.129999999999996341, -2.500000000000003109, -0.9499999999999996225 ) ) ;
#3607 = CARTESIAN_POINT ( 'NONE',  ( -8.025000000000002132, 8.099999999999999645, 1.590000000000003411 ) ) ;
#3608 = CARTESIAN_POINT ( 'NONE',  ( -1.365000000000027969, -1.375000000000002887, 1.174999999999982059 ) ) ;
#3609 = ADVANCED_FACE ( 'NONE', ( #2873 ), #1660, .F. ) ;
#3610 = AXIS2_PLACEMENT_3D ( 'NONE', #9537, #5145, #12450 ) ;
#3611 = VERTEX_POINT ( 'NONE', #5980 ) ;
#3612 = DIRECTION ( 'NONE',  ( -1.110223024625156294E-16, 1.224646799147353207E-16, -1.000000000000000000 ) ) ;
#3613 =( GEOMETRIC_REPRESENTATION_CONTEXT ( 3 ) GLOBAL_UNCERTAINTY_ASSIGNED_CONTEXT ( ( #10582 ) ) GLOBAL_UNIT_ASSIGNED_CONTEXT ( ( #13145, #12941, #702 ) ) REPRESENTATION_CONTEXT ( 'NONE', 'WORKASPACE' ) );
#3614 = ORIENTED_EDGE ( 'NONE', *, *, #12906, .F. ) ;
#3615 = EDGE_CURVE ( 'NONE', #10403, #9172, #9093, .T. ) ;
#3616 = VERTEX_POINT ( 'NONE', #10112 ) ;
#3617 = CARTESIAN_POINT ( 'NONE',  ( 1.389999999999993907, -3.000000000000004441, 1.390000000000000346 ) ) ;
#3618 = DIRECTION ( 'NONE',  ( -0.3713906763541042766, 0.9284766908852590817, 1.549382487594995162E-16 ) ) ;
#3619 = CARTESIAN_POINT ( 'NONE',  ( 8.769999999999997797, 8.599999999999999645, 1.390000000000001013 ) ) ;
#3620 = AXIS2_PLACEMENT_3D ( 'NONE', #10404, #4111, #2225 ) ;
#3621 = DIRECTION ( 'NONE',  ( 1.000000000000000000, 4.930380657631321594E-32, -5.043836348835594563E-16 ) ) ;
#3622 = DIRECTION ( 'NONE',  ( -0.3481553119113940942, 0.8703882797784897596, -0.3481553119113955930 ) ) ;
#3623 = EDGE_LOOP ( 'NONE', ( #2896, #7815, #3661, #8912 ) ) ;
#3624 = LINE ( 'NONE', #7758, #2532 ) ;
#3625 = LINE ( 'NONE', #11941, #8722 ) ;
#3626 = CARTESIAN_POINT ( 'NONE',  ( -3.490000000000002878, 2.599999999999997868, -0.9499999999999981792 ) ) ;
#3627 = ORIENTED_EDGE ( 'NONE', *, *, #4900, .T. ) ;
#3628 = COLOUR_RGB ( '',0.8705882352941176627, 0.6313725490196078205, 0.1725490196078431349 ) ;
#3629 = EDGE_LOOP ( 'NONE', ( #718, #7336, #10745, #1673 ) ) ;
#3630 = VECTOR ( 'NONE', #12284, 1000.000000000000000 ) ;
#3631 = DIRECTION ( 'NONE',  ( 2.220446049250312095E-16, -1.000000000000000000, -1.224646799147353207E-16 ) ) ;
#3632 = VERTEX_POINT ( 'NONE', #3619 ) ;
#3633 = DIRECTION ( 'NONE',  ( -0.9284766908852590817, -0.3713906763541042766, 5.759937970183641537E-17 ) ) ;
#3634 = LINE ( 'NONE', #404, #750 ) ;
#3635 = CARTESIAN_POINT ( 'NONE',  ( 4.315000000000000391, 1.574999999999997513, 1.775000000000000799 ) ) ;
#3636 = ORIENTED_EDGE ( 'NONE', *, *, #8415, .T. ) ;
#3637 = CARTESIAN_POINT ( 'NONE',  ( -6.669999999999997264, -32.81321928319991343, 1.589999999999998082 ) ) ;
#3638 = EDGE_LOOP ( 'NONE', ( #2438, #12582, #11855, #7985 ) ) ;
#3639 = ADVANCED_FACE ( 'NONE', ( #11868 ), #6725, .T. ) ;
#3640 = DIRECTION ( 'NONE',  ( -1.110223024625156294E-16, 1.224646799147353207E-16, -1.000000000000000000 ) ) ;
#3641 = EDGE_CURVE ( 'NONE', #4954, #3616, #10242, .T. ) ;
#3642 = VECTOR ( 'NONE', #2453, 1000.000000000000000 ) ;
#3643 = EDGE_LOOP ( 'NONE', ( #762, #7454, #4421, #3868 ) ) ;
#3644 = VERTEX_POINT ( 'NONE', #8284 ) ;
#3645 = CARTESIAN_POINT ( 'NONE',  ( -11.31000000000001116, -3.000000000000005329, -1.389999999999997238 ) ) ;
#3646 = FILL_AREA_STYLE_COLOUR ( '', #1294 ) ;
#3647 = CARTESIAN_POINT ( 'NONE',  ( -11.11000000000000654, 8.599999999999999645, 1.590000000000003855 ) ) ;
#3648 = DIRECTION ( 'NONE',  ( 1.649305920077741323E-16, -0.9284766908852591927, -0.3713906763541040545 ) ) ;
#3649 = VECTOR ( 'NONE', #7456, 1000.000000000000000 ) ;
#3650 = VERTEX_POINT ( 'NONE', #4219 ) ;
#3651 = ORIENTED_EDGE ( 'NONE', *, *, #6926, .F. ) ;
#3652 = DIRECTION ( 'NONE',  ( 2.220446049250312095E-16, -1.000000000000000000, -1.224646799147353207E-16 ) ) ;
#3653 = ADVANCED_FACE ( 'NONE', ( #6248 ), #1925, .F. ) ;
#3654 = ADVANCED_FACE ( 'NONE', ( #13219 ), #12209, .F. ) ;
#3655 = DIRECTION ( 'NONE',  ( -2.821527733676277528E-15, 1.224646799147354193E-16, -1.000000000000000000 ) ) ;
#3656 = EDGE_CURVE ( 'NONE', #3764, #7412, #9294, .T. ) ;
#3657 = PLANE ( 'NONE',  #392 ) ;
#3658 = CLOSED_SHELL ( 'NONE', ( #7475, #2257, #1830, #3609, #8368, #12355, #10387, #1966, #12381, #5972, #6700, #2303, #5134, #10362 ) ) ;
#3659 = ORIENTED_EDGE ( 'NONE', *, *, #7866, .T. ) ;
#3660 = LINE ( 'NONE', #11106, #7321 ) ;
#3661 = ORIENTED_EDGE ( 'NONE', *, *, #6485, .T. ) ;
#3662 = EDGE_CURVE ( 'NONE', #400, #10810, #12405, .T. ) ;
#3663 = LINE ( 'NONE', #5492, #7511 ) ;
#3664 = PLANE ( 'NONE',  #3395 ) ;
#3665 = ADVANCED_FACE ( 'NONE', ( #9225 ), #1178, .F. ) ;
#3666 = VERTEX_POINT ( 'NONE', #11328 ) ;
#3667 = CARTESIAN_POINT ( 'NONE',  ( -9.710000000000006182, 0.2499999999999958922, 4.425000000000002487 ) ) ;
#3668 = EDGE_LOOP ( 'NONE', ( #6286, #2748, #1774, #12160 ) ) ;
#3669 = LINE ( 'NONE', #10907, #13210 ) ;
#3670 = FACE_OUTER_BOUND ( 'NONE', #9192, .T. ) ;
#3671 = CARTESIAN_POINT ( 'NONE',  ( 1.149999999999994138, 8.600000000000001421, 1.590000000000002300 ) ) ;
#3672 = UNCERTAINTY_MEASURE_WITH_UNIT (LENGTH_MEASURE( 1.000000000000000082E-05 ), #12392, 'distance_accuracy_value', 'NONE');
#3673 = DIRECTION ( 'NONE',  ( -1.110223024625156294E-16, 1.224646799147353207E-16, -1.000000000000000000 ) ) ;
#3674 = EDGE_LOOP ( 'NONE', ( #1815, #2838, #5440, #5455 ) ) ;
#3675 = PLANE ( 'NONE',  #5029 ) ;
#3676 = EDGE_CURVE ( 'NONE', #7195, #643, #3957, .T. ) ;
#3677 = VERTEX_POINT ( 'NONE', #13361 ) ;
#3678 = ORIENTED_EDGE ( 'NONE', *, *, #8514, .T. ) ;
#3679 = FACE_OUTER_BOUND ( 'NONE', #11542, .T. ) ;
#3680 = LINE ( 'NONE', #4829, #1191 ) ;
#3681 = CARTESIAN_POINT ( 'NONE',  ( 11.30999999999999517, 8.600000000000003197, 1.590000000000001412 ) ) ;
#3682 = CARTESIAN_POINT ( 'NONE',  ( -8.196060606060619591, 7.165151515151509720, 1.963939393939393652 ) ) ;
#3683 = LINE ( 'NONE', #12077, #1150 ) ;
#3684 = ORIENTED_EDGE ( 'NONE', *, *, #3824, .T. ) ;
#3685 = CARTESIAN_POINT ( 'NONE',  ( -11.11000000000000654, 8.599999999999999645, 1.150000000000004574 ) ) ;
#3686 = DIRECTION ( 'NONE',  ( 2.220446049250312095E-16, -1.000000000000000000, -1.224646799147353207E-16 ) ) ;
#3687 = DIRECTION ( 'NONE',  ( -0.3481553119113961481, 0.8703882797784888714, 0.3481553119113960371 ) ) ;
#3688 = VECTOR ( 'NONE', #3248, 1000.000000000000000 ) ;
#3689 = ORIENTED_EDGE ( 'NONE', *, *, #3048, .F. ) ;
#3690 = EDGE_LOOP ( 'NONE', ( #12393, #10576, #2529, #510 ) ) ;
#3691 = LINE ( 'NONE', #4776, #829 ) ;
#3692 = VERTEX_POINT ( 'NONE', #3134 ) ;
#3693 = LINE ( 'NONE', #7829, #1833 ) ;
#3694 = DIRECTION ( 'NONE',  ( -1.000000000000000000, 0.000000000000000000, 1.110223024625156294E-16 ) ) ;
#3695 = EDGE_LOOP ( 'NONE', ( #921, #5603, #4179, #6864 ) ) ;
#3696 = LINE ( 'NONE', #11957, #1579 ) ;
#3697 = ADVANCED_FACE ( 'NONE', ( #7266 ), #13287, .F. ) ;
#3698 = CARTESIAN_POINT ( 'NONE',  ( -2.250000000000004441, 2.599999999999996980, 3.175000000000002043 ) ) ;
#3699 = VERTEX_POINT ( 'NONE', #2059 ) ;
#3700 = CARTESIAN_POINT ( 'NONE',  ( -6.205757575757583133, 8.539393939393944422, 1.125757575757582174 ) ) ;
#3701 = VECTOR ( 'NONE', #5827, 999.9999999999998863 ) ;
#3702 = ORIENTED_EDGE ( 'NONE', *, *, #610, .F. ) ;
#3703 = ORIENTED_EDGE ( 'NONE', *, *, #11671, .T. ) ;
#3704 = AXIS2_PLACEMENT_3D ( 'NONE', #5215, #3183, #8331 ) ;
#3705 = EDGE_CURVE ( 'NONE', #179, #267, #4088, .T. ) ;
#3706 = EDGE_CURVE ( 'NONE', #4954, #4639, #11399, .T. ) ;
#3707 = CARTESIAN_POINT ( 'NONE',  ( -4.130000000000003446, -32.81321928319991343, -1.590000000000002300 ) ) ;
#3708 = CARTESIAN_POINT ( 'NONE',  ( -14.06500000000000483, -2.602085213965210642E-15, 3.625000000000003997 ) ) ;
#3709 = DIRECTION ( 'NONE',  ( -1.110223024625156294E-16, 1.224646799147353207E-16, -1.000000000000000000 ) ) ;
#3710 = AXIS2_PLACEMENT_3D ( 'NONE', #7201, #5100, #10179 ) ;
#3711 = DIRECTION ( 'NONE',  ( 2.220446049250312095E-16, -1.000000000000000000, -1.224646799147353207E-16 ) ) ;
#3712 = ORIENTED_EDGE ( 'NONE', *, *, #5719, .F. ) ;
#3713 = VECTOR ( 'NONE', #794, 1000.000000000000000 ) ;
#3714 = ORIENTED_EDGE ( 'NONE', *, *, #9273, .F. ) ;
#3715 = PLANE ( 'NONE',  #7605 ) ;
#3716 = AXIS2_PLACEMENT_3D ( 'NONE', #7571, #13012, #3746 ) ;
#3717 = CARTESIAN_POINT ( 'NONE',  ( 7.214999999999999858, 2.799999999999997158, 0.9500000000000010658 ) ) ;
#3718 = CARTESIAN_POINT ( 'NONE',  ( 16.53000000000000114, 0.2499999999999967526, 0.4499999999999992339 ) ) ;
#3719 = ORIENTED_EDGE ( 'NONE', *, *, #6615, .F. ) ;
#3720 = PLANE ( 'NONE',  #6229 ) ;
#3721 = VECTOR ( 'NONE', #5071, 1000.000000000000000 ) ;
#3723 = EDGE_CURVE ( 'NONE', #9932, #4913, #10173, .T. ) ;
#3722 = ORIENTED_EDGE ( 'NONE', *, *, #9899, .T. ) ;
#3724 = CARTESIAN_POINT ( 'NONE',  ( 6.669999999999994600, 8.599999999999996092, 1.590000000000001856 ) ) ;
#3725 = EDGE_CURVE ( 'NONE', #8458, #8312, #912, .T. ) ;
#3726 = EDGE_CURVE ( 'NONE', #2042, #3844, #8353, .T. ) ;
#3727 = DIRECTION ( 'NONE',  ( 0.7071067811865477948, 0.7071067811865472397, -1.908525788164860098E-15 ) ) ;
#3728 = SURFACE_STYLE_USAGE ( .BOTH. , #7858 ) ;
#3729 = ORIENTED_EDGE ( 'NONE', *, *, #10451, .T. ) ;
#3730 = FACE_OUTER_BOUND ( 'NONE', #6788, .T. ) ;
#3731 = VERTEX_POINT ( 'NONE', #6312 ) ;
#3732 = PLANE ( 'NONE',  #3924 ) ;
#3733 = AXIS2_PLACEMENT_3D ( 'NONE', #2368, #3304, #10345 ) ;
#3734 = VECTOR ( 'NONE', #3430, 1000.000000000000000 ) ;
#3735 = EDGE_CURVE ( 'NONE', #1939, #10772, #4020, .T. ) ;
#3736 = LINE ( 'NONE', #5899, #10308 ) ;
#3737 = LINE ( 'NONE', #7743, #11536 ) ;
#3738 = EDGE_CURVE ( 'NONE', #10688, #2668, #1989, .T. ) ;
#3739 = CARTESIAN_POINT ( 'NONE',  ( -1.150000000000006795, -3.000000000000004441, 1.590000000000001412 ) ) ;
#3740 = EDGE_LOOP ( 'NONE', ( #7399, #7772, #6769, #5246 ) ) ;
#3741 = VECTOR ( 'NONE', #11220, 1000.000000000000000 ) ;
#3742 = LINE ( 'NONE', #7872, #3951 ) ;
#3743 = DIRECTION ( 'NONE',  ( -1.000000000000000000, 0.000000000000000000, 1.110223024625156294E-16 ) ) ;
#3744 = ORIENTED_EDGE ( 'NONE', *, *, #567, .F. ) ;
#3745 = DIRECTION ( 'NONE',  ( 1.030816200048588727E-16, 0.3713906763541041101, 0.9284766908852591927 ) ) ;
#3746 = DIRECTION ( 'NONE',  ( 1.000000000000000000, 0.000000000000000000, 0.000000000000000000 ) ) ;
#3747 = CARTESIAN_POINT ( 'NONE',  ( 1.589999999999996527, 8.100000000000001421, -1.589999999999998082 ) ) ;
#3748 = LINE ( 'NONE', #2608, #12987 ) ;
#3749 = CARTESIAN_POINT ( 'NONE',  ( -12.25000000000000711, 0.2499999999999967526, 0.4500000000000023981 ) ) ;
#3750 = CARTESIAN_POINT ( 'NONE',  ( 11.74999999999999467, 8.599999999999999645, 1.390000000000000790 ) ) ;
#3751 = ORIENTED_EDGE ( 'NONE', *, *, #5468, .T. ) ;
#3752 = PRESENTATION_LAYER_ASSIGNMENT (  '', '', ( #7441 ) ) ;
#3753 = CARTESIAN_POINT ( 'NONE',  ( 9.209999999999995524, 2.599999999999998757, 0.9500000000000008438 ) ) ;
#3754 = EDGE_CURVE ( 'NONE', #11109, #7265, #7196, .T. ) ;
#3755 = CARTESIAN_POINT ( 'NONE',  ( -8.967826481409701009E-15, -4.336808689942017736E-15, 3.625000000000002220 ) ) ;
#3756 = LINE ( 'NONE', #8088, #13140 ) ;
#3757 = EDGE_CURVE ( 'NONE', #8794, #6039, #8624, .T. ) ;
#3758 = AXIS2_PLACEMENT_3D ( 'NONE', #11819, #6611, #10741 ) ;
#3759 = EDGE_CURVE ( 'NONE', #1688, #12863, #5569, .T. ) ;
#3760 = VERTEX_POINT ( 'NONE', #7672 ) ;
#3761 = VERTEX_POINT ( 'NONE', #7472 ) ;
#3763 = CARTESIAN_POINT ( 'NONE',  ( -3.690000000000007496, -3.000000000000005329, 1.590000000000001856 ) ) ;
#3762 = AXIS2_PLACEMENT_3D ( 'NONE', #13102, #11079, #11012 ) ;
#3764 = VERTEX_POINT ( 'NONE', #11591 ) ;
#3765 = FILL_AREA_STYLE_COLOUR ( '', #9643 ) ;
#3766 = DIRECTION ( 'NONE',  ( -2.220446049250312095E-16, 1.000000000000000000, 1.224646799147353207E-16 ) ) ;
#3767 = CARTESIAN_POINT ( 'NONE',  ( 1.589999999999996971, 8.599999999999999645, 1.590000000000002300 ) ) ;
#3768 = EDGE_LOOP ( 'NONE', ( #11555, #12948, #4875, #5848 ) ) ;
#3769 = DIRECTION ( 'NONE',  ( -0.5773502691896250649, -0.5773502691896273964, 0.5773502691896250649 ) ) ;
#3770 = AXIS2_PLACEMENT_3D ( 'NONE', #12424, #13377, #9310 ) ;
#3771 = FACE_OUTER_BOUND ( 'NONE', #3133, .T. ) ;
#3772 = ORIENTED_EDGE ( 'NONE', *, *, #10029, .T. ) ;
#3773 = VECTOR ( 'NONE', #7558, 1000.000000000000000 ) ;
#3774 = CARTESIAN_POINT ( 'NONE',  ( -5.530000000000001137, 0.2499999999999967526, 4.424999999999942091 ) ) ;
#3775 = EDGE_CURVE ( 'NONE', #13008, #13039, #2266, .T. ) ;
#3776 = AXIS2_PLACEMENT_3D ( 'NONE', #11460, #10443, #1176 ) ;
#3777 = ORIENTED_EDGE ( 'NONE', *, *, #5118, .F. ) ;
#3778 = EDGE_LOOP ( 'NONE', ( #4842, #181, #10456, #937 ) ) ;
#3779 = EDGE_CURVE ( 'NONE', #12709, #12145, #4352, .T. ) ;
#3780 = CARTESIAN_POINT ( 'NONE',  ( 2.249999999999996003, 2.599999999999997424, 4.425000000000002487 ) ) ;
#3781 = CARTESIAN_POINT ( 'NONE',  ( 6.669999999999996376, 2.599999999999999645, -0.9499999999999994005 ) ) ;
#3782 = PLANE ( 'NONE',  #492 ) ;
#3783 = ADVANCED_FACE ( 'NONE', ( #1310 ), #438, .F. ) ;
#3784 = DIRECTION ( 'NONE',  ( 1.110223024625156294E-16, -1.224646799147353207E-16, 1.000000000000000000 ) ) ;
#3785 = CARTESIAN_POINT ( 'NONE',  ( -15.48000000000000398, 6.649999999999999467, 1.650000000000003464 ) ) ;
#3786 = VERTEX_POINT ( 'NONE', #10577 ) ;
#3787 = AXIS2_PLACEMENT_3D ( 'NONE', #169, #4284, #6175 ) ;
#3788 = ORIENTED_EDGE ( 'NONE', *, *, #9536, .T. ) ;
#3789 = DIRECTION ( 'NONE',  ( 2.821527733676277528E-15, -1.224646799147354193E-16, 1.000000000000000000 ) ) ;
#3790 = DIRECTION ( 'NONE',  ( -1.110223024625156294E-16, 1.224646799147353207E-16, -1.000000000000000000 ) ) ;
#3791 = VECTOR ( 'NONE', #10667, 1000.000000000000114 ) ;
#3792 = ORIENTED_EDGE ( 'NONE', *, *, #2724, .F. ) ;
#3793 = DIRECTION ( 'NONE',  ( 1.110223024625156294E-16, -1.224646799147353207E-16, 1.000000000000000000 ) ) ;
#3794 = VERTEX_POINT ( 'NONE', #3338 ) ;
#3795 = CARTESIAN_POINT ( 'NONE',  ( 4.129999999999994564, 8.100000000000003197, -1.589999999999998082 ) ) ;
#3796 = ORIENTED_EDGE ( 'NONE', *, *, #13088, .F. ) ;
#3797 = LINE ( 'NONE', #6026, #9669 ) ;
#3798 = DIRECTION ( 'NONE',  ( -1.110223024625156294E-16, 1.224646799147353207E-16, -1.000000000000000000 ) ) ;
#3799 = VERTEX_POINT ( 'NONE', #2332 ) ;
#3800 = CARTESIAN_POINT ( 'NONE',  ( 1.512424242424250442, -2.693939393939392524, -1.512424242424238674 ) ) ;
#3801 = EDGE_LOOP ( 'NONE', ( #7467, #5096 ) ) ;
#3802 = DIRECTION ( 'NONE',  ( -2.821527733676277528E-15, 1.224646799147354193E-16, -1.000000000000000000 ) ) ;
#3803 = ADVANCED_FACE ( 'NONE', ( #4489 ), #1515, .T. ) ;
#3804 = DIRECTION ( 'NONE',  ( -1.110223024625156294E-16, 1.224646799147353207E-16, -1.000000000000000000 ) ) ;
#3805 = EDGE_CURVE ( 'NONE', #3692, #5405, #8683, .T. ) ;
#3806 = CARTESIAN_POINT ( 'NONE',  ( 8.823333333333339468, -3.133333333333333304, 1.203333333333329369 ) ) ;
#3807 = AXIS2_PLACEMENT_3D ( 'NONE', #7419, #4893, #12882 ) ;
#3808 = EDGE_CURVE ( 'NONE', #7580, #3813, #6379, .T. ) ;
#3809 = CARTESIAN_POINT ( 'NONE',  ( -11.75000000000000711, -3.000000000000004441, 1.390000000000002123 ) ) ;
#3810 = VERTEX_POINT ( 'NONE', #5431 ) ;
#3811 = CARTESIAN_POINT ( 'NONE',  ( 4.629999999999998117, 0.2499999999999967526, 4.425000000000000711 ) ) ;
#3812 = CARTESIAN_POINT ( 'NONE',  ( -11.75000000000000000, -32.81321928319991343, 0.9499999999999987343 ) ) ;
#3813 = VERTEX_POINT ( 'NONE', #6445 ) ;
#3814 = PLANE ( 'NONE',  #3384 ) ;
#3815 = CARTESIAN_POINT ( 'NONE',  ( 11.10999999999999943, 8.099999999999999645, 1.590000000000001412 ) ) ;
#3816 = VECTOR ( 'NONE', #127, 1000.000000000000000 ) ;
#3817 = AXIS2_PLACEMENT_3D ( 'NONE', #6929, #5908, #7945 ) ;
#3818 = LINE ( 'NONE', #2807, #4002 ) ;
#3819 = EDGE_CURVE ( 'NONE', #10571, #5667, #237, .T. ) ;
#3820 = PLANE ( 'NONE',  #7165 ) ;
#3821 = DIRECTION ( 'NONE',  ( -0.3481553119113940942, 0.8703882797784897596, -0.3481553119113955930 ) ) ;
#3822 = CARTESIAN_POINT ( 'NONE',  ( -6.030000000000002025, -2.500000000000004885, 1.590000000000001856 ) ) ;
#3823 = VERTEX_POINT ( 'NONE', #305 ) ;
#3824 = EDGE_CURVE ( 'NONE', #2069, #8096, #4422, .T. ) ;
#3825 = LINE ( 'NONE', #12079, #11615 ) ;
#3826 = VECTOR ( 'NONE', #3247, 1000.000000000000000 ) ;
#3827 = LINE ( 'NONE', #13095, #3090 ) ;
#3828 = ADVANCED_FACE ( 'NONE', ( #12744 ), #9425, .F. ) ;
#3829 = DIRECTION ( 'NONE',  ( 7.850462293418890625E-17, 0.7071067811865460184, 0.7071067811865490160 ) ) ;
#3830 = VECTOR ( 'NONE', #10181, 1000.000000000000227 ) ;
#3831 = VERTEX_POINT ( 'NONE', #2396 ) ;
#3832 = VECTOR ( 'NONE', #6572, 1000.000000000000000 ) ;
#3833 = ORIENTED_EDGE ( 'NONE', *, *, #117, .T. ) ;
#3834 = CARTESIAN_POINT ( 'NONE',  ( -4.943268017143507761E-15, 9.100000000000003197, -4.424999999999998046 ) ) ;
#3835 = VERTEX_POINT ( 'NONE', #12811 ) ;
#3836 = FACE_OUTER_BOUND ( 'NONE', #7416, .T. ) ;
#3837 = VECTOR ( 'NONE', #8745, 1000.000000000000000 ) ;
#3838 = CARTESIAN_POINT ( 'NONE',  ( -11.31000000000001116, -3.000000000000005329, -0.9499999999999980682 ) ) ;
#3839 = ADVANCED_FACE ( 'NONE', ( #6509 ), #10638, .T. ) ;
#3840 = LINE ( 'NONE', #2688, #1823 ) ;
#3841 = ORIENTED_EDGE ( 'NONE', *, *, #8339, .T. ) ;
#3842 = DIRECTION ( 'NONE',  ( 1.000000000000000000, 0.000000000000000000, -1.110223024625156294E-16 ) ) ;
#3843 = LINE ( 'NONE', #9994, #6333 ) ;
#3844 = VERTEX_POINT ( 'NONE', #7604 ) ;
#3845 = FACE_OUTER_BOUND ( 'NONE', #3513, .T. ) ;
#3846 = DIRECTION ( 'NONE',  ( -1.110223024625156294E-16, 1.224646799147353207E-16, -1.000000000000000000 ) ) ;
#3847 = AXIS2_PLACEMENT_3D ( 'NONE', #10001, #875, #1755 ) ;
#3848 = ORIENTED_EDGE ( 'NONE', *, *, #8227, .T. ) ;
#3849 = VECTOR ( 'NONE', #10712, 1000.000000000000000 ) ;
#3850 = ORIENTED_EDGE ( 'NONE', *, *, #6779, .F. ) ;
#3851 = CARTESIAN_POINT ( 'NONE',  ( 13.67666666666670139, -1.176666666666672967, -3.516666666666660390 ) ) ;
#3852 = DIRECTION ( 'NONE',  ( 1.359631073446890508E-32, 1.000000000000000000, 1.224646799147352961E-16 ) ) ;
#3853 = ADVANCED_FACE ( 'NONE', ( #10781 ), #171, .T. ) ;
#3854 = CARTESIAN_POINT ( 'NONE',  ( -9.210000000000006182, 0.7499999999999972244, 1.590000000000002744 ) ) ;
#3855 = LINE ( 'NONE', #11094, #4412 ) ;
#3856 = DIRECTION ( 'NONE',  ( -0.5773502691896245098, -0.5773502691896279515, 0.5773502691896246208 ) ) ;
#3857 = ORIENTED_EDGE ( 'NONE', *, *, #3615, .F. ) ;
#3858 = VECTOR ( 'NONE', #6945, 1000.000000000000000 ) ;
#3859 = VERTEX_POINT ( 'NONE', #3269 ) ;
#3860 = CARTESIAN_POINT ( 'NONE',  ( -8.025000000000000355, -2.500000000000003109, 0.9500000000000019540 ) ) ;
#3861 = VECTOR ( 'NONE', #6923, 1000.000000000000000 ) ;
#3862 = EDGE_CURVE ( 'NONE', #9302, #11710, #3669, .T. ) ;
#3863 = CARTESIAN_POINT ( 'NONE',  ( 4.129999999999993676, 8.599999999999999645, 0.9500000000000020650 ) ) ;
#3864 = CARTESIAN_POINT ( 'NONE',  ( 13.21500000000000163, 0.2499999999999958922, 3.625000000000000888 ) ) ;
#3865 = ORIENTED_EDGE ( 'NONE', *, *, #12593, .T. ) ;
#3866 = CARTESIAN_POINT ( 'NONE',  ( -6.230000000000008420, -3.000000000000005329, 1.390000000000001235 ) ) ;
#3867 = VECTOR ( 'NONE', #2894, 1000.000000000000000 ) ;
#3868 = ORIENTED_EDGE ( 'NONE', *, *, #3514, .F. ) ;
#3869 = CARTESIAN_POINT ( 'NONE',  ( 4.129999999999996341, 0.7499999999999981126, -0.9499999999999992895 ) ) ;
#3870 = ORIENTED_EDGE ( 'NONE', *, *, #4079, .T. ) ;
#3871 = DIRECTION ( 'NONE',  ( 1.000000000000000000, 0.000000000000000000, -1.110223024625156294E-16 ) ) ;
#3872 = LINE ( 'NONE', #2791, #9379 ) ;
#3873 = EDGE_LOOP ( 'NONE', ( #11322, #8335, #12103, #10141 ) ) ;
#3874 = DIRECTION ( 'NONE',  ( -1.000000000000000000, 0.000000000000000000, 1.110223024625156294E-16 ) ) ;
#3875 = ORIENTED_EDGE ( 'NONE', *, *, #4078, .F. ) ;
#3876 = CARTESIAN_POINT ( 'NONE',  ( 16.53000000000000114, 0.2499999999999967526, 2.090000000000000746 ) ) ;
#3877 = CARTESIAN_POINT ( 'NONE',  ( -8.570000000000003837, 2.599999999999998312, 1.590000000000002967 ) ) ;
#3878 = LINE ( 'NONE', #12132, #2139 ) ;
#3879 = ORIENTED_EDGE ( 'NONE', *, *, #11179, .F. ) ;
#3880 = LINE ( 'NONE', #3949, #993 ) ;
#3881 = DIRECTION ( 'NONE',  ( 1.110223024625162210E-16, -2.832970111128507277E-15, 1.000000000000000000 ) ) ;
#3882 = VECTOR ( 'NONE', #2730, 1000.000000000000000 ) ;
#3883 = ADVANCED_FACE ( 'NONE', ( #700 ), #2656, .T. ) ;
#3884 = VERTEX_POINT ( 'NONE', #6776 ) ;
#3885 = DIRECTION ( 'NONE',  ( 1.000000000000000000, 0.000000000000000000, -1.110223024625156294E-16 ) ) ;
#3886 = PLANE ( 'NONE',  #5204 ) ;
#3887 = LINE ( 'NONE', #9904, #2705 ) ;
#3888 = LINE ( 'NONE', #4764, #1551 ) ;
#3889 = CARTESIAN_POINT ( 'NONE',  ( -9.210000000000006182, 0.7499999999999972244, -1.589999999999997637 ) ) ;
#3890 = LINE ( 'NONE', #6728, #12577 ) ;
#3891 = EDGE_LOOP ( 'NONE', ( #12087, #9582, #5019, #10828 ) ) ;
#3892 = DIRECTION ( 'NONE',  ( -1.000000000000000000, 0.000000000000000000, 1.110223024625156294E-16 ) ) ;
#3893 = DIRECTION ( 'NONE',  ( 0.3481553119113958150, 0.8703882797784890935, 0.3481553119113959260 ) ) ;
#3894 = DIRECTION ( 'NONE',  ( 0.3481553119113958150, 0.8703882797784890935, 0.3481553119113959260 ) ) ;
#3895 = ORIENTED_EDGE ( 'NONE', *, *, #11680, .T. ) ;
#3896 = EDGE_LOOP ( 'NONE', ( #11665, #10519, #7924, #5755 ) ) ;
#3897 = EDGE_CURVE ( 'NONE', #13099, #3448, #7738, .T. ) ;
#3898 = CARTESIAN_POINT ( 'NONE',  ( -1.389999999999997238, -3.000000000000005329, -0.9499999999999992895 ) ) ;
#3899 = ORIENTED_EDGE ( 'NONE', *, *, #8726, .F. ) ;
#3900 = SURFACE_STYLE_FILL_AREA ( #2821 ) ;
#3901 = ADVANCED_FACE ( 'NONE', ( #5759 ), #11917, .F. ) ;
#3902 = ADVANCED_FACE ( 'NONE', ( #2796 ), #3732, .F. ) ;
#3903 = PLANE ( 'NONE',  #1617 ) ;
#3904 = CARTESIAN_POINT ( 'NONE',  ( 1.149999999999996803, -3.000000000000004441, 1.590000000000000968 ) ) ;
#3905 = DIRECTION ( 'NONE',  ( -1.110223024625156294E-16, 1.224646799147353207E-16, -1.000000000000000000 ) ) ;
#3906 = DIRECTION ( 'NONE',  ( -1.000000000000000000, -2.220446049250312341E-16, 1.110223024625156047E-16 ) ) ;
#3907 = VERTEX_POINT ( 'NONE', #7863 ) ;
#3908 = CARTESIAN_POINT ( 'NONE',  ( -0.4050000000000069655, 8.100000000000001421, -1.589999999999997637 ) ) ;
#3909 = DIRECTION ( 'NONE',  ( -1.110223024625156294E-16, 1.224646799147353207E-16, -1.000000000000000000 ) ) ;
#3910 = EDGE_CURVE ( 'NONE', #705, #11889, #498, .T. ) ;
#3911 = ADVANCED_FACE ( 'NONE', ( #6844 ), #11856, .T. ) ;
#3912 = VECTOR ( 'NONE', #10, 1000.000000000000000 ) ;
#3913 = ORIENTED_EDGE ( 'NONE', *, *, #7209, .F. ) ;
#3914 = EDGE_CURVE ( 'NONE', #3145, #3578, #10030, .T. ) ;
#3915 = ORIENTED_EDGE ( 'NONE', *, *, #4325, .T. ) ;
#3916 = FACE_OUTER_BOUND ( 'NONE', #6907, .T. ) ;
#3917 = LINE ( 'NONE', #9058, #12553 ) ;
#3918 = DIRECTION ( 'NONE',  ( 1.110223024625156294E-16, -1.224646799147353207E-16, 1.000000000000000000 ) ) ;
#3919 = CARTESIAN_POINT ( 'NONE',  ( -5.656060606060619556, 7.165151515151509720, 1.963939393939393208 ) ) ;
#3920 = LINE ( 'NONE', #13122, #11357 ) ;
#3921 = ORIENTED_EDGE ( 'NONE', *, *, #10279, .T. ) ;
#3922 = ORIENTED_EDGE ( 'NONE', *, *, #2270, .F. ) ;
#3923 = CARTESIAN_POINT ( 'NONE',  ( 11.74999999999999822, 8.100000000000001421, 0.9500000000000011768 ) ) ;
#3924 = AXIS2_PLACEMENT_3D ( 'NONE', #3876, #13068, #768 ) ;
#3925 = DIRECTION ( 'NONE',  ( -1.000000000000000000, 0.000000000000000000, 1.110223024625156294E-16 ) ) ;
#3926 = DIRECTION ( 'NONE',  ( -1.000000000000000000, -2.220446049250308890E-16, -2.599483128751243459E-15 ) ) ;
#3927 = EDGE_CURVE ( 'NONE', #9782, #2069, #8003, .T. ) ;
#3928 = VERTEX_POINT ( 'NONE', #6710 ) ;
#3929 = CARTESIAN_POINT ( 'NONE',  ( -0.9500000000000039524, 8.600000000000001421, -1.149999999999998135 ) ) ;
#3930 = PLANE ( 'NONE',  #7801 ) ;
#3931 = EDGE_CURVE ( 'NONE', #1858, #4456, #12129, .T. ) ;
#3932 = EDGE_CURVE ( 'NONE', #10283, #2054, #4750, .T. ) ;
#3933 = VECTOR ( 'NONE', #5964, 999.9999999999998863 ) ;
#3934 = ORIENTED_EDGE ( 'NONE', *, *, #3048, .T. ) ;
#3935 = CARTESIAN_POINT ( 'NONE',  ( 11.10999999999999766, 2.600000000000000089, -0.9499999999999997335 ) ) ;
#3936 = ORIENTED_EDGE ( 'NONE', *, *, #6471, .T. ) ;
#3937 = CARTESIAN_POINT ( 'NONE',  ( -4.130000000000004334, 2.599999999999998757, -0.9499999999999981792 ) ) ;
#3938 = CARTESIAN_POINT ( 'NONE',  ( -8.770000000000010232, -3.000000000000004441, -1.389999999999997682 ) ) ;
#3939 = VERTEX_POINT ( 'NONE', #2856 ) ;
#3940 = VERTEX_POINT ( 'NONE', #12998 ) ;
#3941 = FACE_OUTER_BOUND ( 'NONE', #12084, .T. ) ;
#3942 = CIRCLE ( 'NONE', #13229, 0.4250000000000000444 ) ;
#3943 = LINE ( 'NONE', #8138, #1031 ) ;
#3944 = FILL_AREA_STYLE_COLOUR ( '', #2024 ) ;
#3945 = ORIENTED_EDGE ( 'NONE', *, *, #12997, .F. ) ;
#3946 = DIRECTION ( 'NONE',  ( 0.7071067811865472397, -0.7071067811865479058, -1.651002285577380992E-16 ) ) ;
#3947 = VECTOR ( 'NONE', #674, 1000.000000000000000 ) ;
#3948 = ORIENTED_EDGE ( 'NONE', *, *, #6823, .F. ) ;
#3949 = CARTESIAN_POINT ( 'NONE',  ( 6.469999999999997975, -3.000000000000004441, 1.590000000000000524 ) ) ;
#3950 = CARTESIAN_POINT ( 'NONE',  ( -0.4500000000000148881, 0.2499999999999958922, 4.425000000000001599 ) ) ;
#3951 = VECTOR ( 'NONE', #11997, 999.9999999999998863 ) ;
#3952 = ORIENTED_EDGE ( 'NONE', *, *, #4985, .T. ) ;
#3953 = CARTESIAN_POINT ( 'NONE',  ( -6.670000000000005258, 2.599999999999998312, -1.589999999999997859 ) ) ;
#3954 = PLANE ( 'NONE',  #6280 ) ;
#3955 = CARTESIAN_POINT ( 'NONE',  ( 6.029999999999994031, 8.099999999999999645, 0.9500000000000018430 ) ) ;
#3956 = ADVANCED_FACE ( 'NONE', ( #2723 ), #5691, .F. ) ;
#3957 = LINE ( 'NONE', #104, #5433 ) ;
#3958 = PLANE ( 'NONE',  #2267 ) ;
#3959 = CARTESIAN_POINT ( 'NONE',  ( -4.130000000000004334, 2.599999999999998757, 0.9500000000000022871 ) ) ;
#3960 = ORIENTED_EDGE ( 'NONE', *, *, #9691, .F. ) ;
#3961 = LINE ( 'NONE', #3753, #10729 ) ;
#3962 = DIRECTION ( 'NONE',  ( -2.220446049250312095E-16, 1.000000000000000000, 1.224646799147353207E-16 ) ) ;
#3964 = VECTOR ( 'NONE', #7884, 1000.000000000000114 ) ;
#3963 = DIRECTION ( 'NONE',  ( -0.3481553119113937056, -0.8703882797784899816, -0.3481553119113958705 ) ) ;
#3965 = AXIS2_PLACEMENT_3D ( 'NONE', #5307, #11726, #8427 ) ;
#3966 = ORIENTED_EDGE ( 'NONE', *, *, #12654, .F. ) ;
#3967 = VERTEX_POINT ( 'NONE', #1716 ) ;
#3968 = CARTESIAN_POINT ( 'NONE',  ( -0.4500000000000010103, 0.2499999999999967526, 4.425000000000052225 ) ) ;
#3969 = ORIENTED_EDGE ( 'NONE', *, *, #6800, .F. ) ;
#3970 = PRESENTATION_STYLE_ASSIGNMENT (( #2951 ) ) ;
#3971 = LINE ( 'NONE', #2822, #4636 ) ;
#3972 = DIRECTION ( 'NONE',  ( 1.000000000000000000, 0.000000000000000000, -1.110223024625156294E-16 ) ) ;
#3973 = DIRECTION ( 'NONE',  ( 1.855469160087460128E-16, -0.3713906763541040545, 0.9284766908852591927 ) ) ;
#3974 = FACE_OUTER_BOUND ( 'NONE', #863, .T. ) ;
#3975 = EDGE_LOOP ( 'NONE', ( #5340, #10779, #1691, #8065 ) ) ;
#3976 = LINE ( 'NONE', #1947, #9653 ) ;
#3977 = DIRECTION ( 'NONE',  ( -1.110223024625156294E-16, 1.224646799147353207E-16, -1.000000000000000000 ) ) ;
#3978 = EDGE_CURVE ( 'NONE', #915, #2682, #11120, .T. ) ;
#3979 = EDGE_CURVE ( 'NONE', #11998, #6807, #1578, .T. ) ;
#3980 = EDGE_CURVE ( 'NONE', #7733, #6760, #8751, .T. ) ;
#3981 = EDGE_LOOP ( 'NONE', ( #6483, #5526, #12946, #4616 ) ) ;
#3982 = EDGE_LOOP ( 'NONE', ( #11616, #6440, #6870, #572 ) ) ;
#3983 = VECTOR ( 'NONE', #2901, 1000.000000000000000 ) ;
#3984 = DIRECTION ( 'NONE',  ( 1.000000000000000000, 0.000000000000000000, -1.110223024625156294E-16 ) ) ;
#3985 = LINE ( 'NONE', #12033, #11692 ) ;
#3986 = VECTOR ( 'NONE', #3554, 1000.000000000000000 ) ;
#3987 = LINE ( 'NONE', #1824, #4799 ) ;
#3988 = CARTESIAN_POINT ( 'NONE',  ( 11.54999999999999538, 8.599999999999999645, 1.150000000000001910 ) ) ;
#3989 = FACE_OUTER_BOUND ( 'NONE', #9224, .T. ) ;
#3990 = AXIS2_PLACEMENT_3D ( 'NONE', #7066, #1928, #11936 ) ;
#3991 = ORIENTED_EDGE ( 'NONE', *, *, #4335, .T. ) ;
#3992 = ORIENTED_EDGE ( 'NONE', *, *, #6421, .T. ) ;
#3993 = EDGE_CURVE ( 'NONE', #6498, #5349, #4683, .T. ) ;
#3994 = CARTESIAN_POINT ( 'NONE',  ( 8.769999999999996021, -3.000000000000004441, 1.150000000000000799 ) ) ;
#3995 = VECTOR ( 'NONE', #3438, 1000.000000000000000 ) ;
#3996 = CARTESIAN_POINT ( 'NONE',  ( -9.210000000000006182, 0.7499999999999972244, 0.9500000000000026201 ) ) ;
#3997 = ADVANCED_FACE ( 'NONE', ( #9278 ), #1030, .F. ) ;
#3998 = EDGE_CURVE ( 'NONE', #5, #481, #12389, .T. ) ;
#3999 = ORIENTED_EDGE ( 'NONE', *, *, #4405, .F. ) ;
#4000 = DIRECTION ( 'NONE',  ( 2.220446049250312095E-16, -1.000000000000000000, -1.224646799147353207E-16 ) ) ;
#4001 = FACE_OUTER_BOUND ( 'NONE', #146, .T. ) ;
#4002 = VECTOR ( 'NONE', #13218, 1000.000000000000000 ) ;
#4003 = DIRECTION ( 'NONE',  ( -0.3481553119113956485, -0.8703882797784890935, 0.3481553119113957595 ) ) ;
#4004 = VERTEX_POINT ( 'NONE', #12261 ) ;
#4005 = DIRECTION ( 'NONE',  ( -1.110223024625156294E-16, 1.224646799147353207E-16, -1.000000000000000000 ) ) ;
#4006 = ORIENTED_EDGE ( 'NONE', *, *, #11746, .T. ) ;
#4007 = ORIENTED_EDGE ( 'NONE', *, *, #856, .F. ) ;
#4008 = LINE ( 'NONE', #8135, #9330 ) ;
#4009 = CARTESIAN_POINT ( 'NONE',  ( 0.000000000000000000, 0.000000000000000000, 0.000000000000000000 ) ) ;
#4010 = LINE ( 'NONE', #12264, #9042 ) ;
#4011 = ORIENTED_EDGE ( 'NONE', *, *, #2512, .F. ) ;
#4012 = FACE_OUTER_BOUND ( 'NONE', #7353, .T. ) ;
#4013 = VECTOR ( 'NONE', #3621, 1000.000000000000000 ) ;
#4014 = CARTESIAN_POINT ( 'NONE',  ( 14.06499999999999773, -4.336808689942017736E-15, 3.625000000000000444 ) ) ;
#4015 = ORIENTED_EDGE ( 'NONE', *, *, #4140, .F. ) ;
#4016 = DIRECTION ( 'NONE',  ( -1.110223024625156294E-16, 1.224646799147353207E-16, -1.000000000000000000 ) ) ;
#4017 = CARTESIAN_POINT ( 'NONE',  ( -4.130000000000005222, 8.099999999999999645, 1.590000000000003189 ) ) ;
#4018 = ADVANCED_FACE ( 'NONE', ( #3941 ), #9148, .T. ) ;
#4019 = DIRECTION ( 'NONE',  ( -1.110223024625156294E-16, 1.224646799147353207E-16, -1.000000000000000000 ) ) ;
#4020 = LINE ( 'NONE', #8153, #8242 ) ;
#4021 = CARTESIAN_POINT ( 'NONE',  ( -11.75000000000000711, 2.599999999999998312, 1.590000000000003411 ) ) ;
#4022 = COLOUR_RGB ( '',0.8705882352941176627, 0.6313725490196078205, 0.1725490196078431349 ) ;
#4023 = CARTESIAN_POINT ( 'NONE',  ( -6.670000000000004370, 0.7499999999999972244, -1.589999999999998082 ) ) ;
#4024 = ORIENTED_EDGE ( 'NONE', *, *, #12358, .T. ) ;
#4025 = ADVANCED_FACE ( 'NONE', ( #11312 ), #11186, .F. ) ;
#4026 = CARTESIAN_POINT ( 'NONE',  ( 8.569999999999998508, 0.7499999999999972244, -0.9499999999999997335 ) ) ;
#4027 = CARTESIAN_POINT ( 'NONE',  ( -11.75000000000000888, 8.099999999999999645, 1.590000000000003855 ) ) ;
#4028 = DIRECTION ( 'NONE',  ( -7.850462293418888160E-17, 0.7071067811865462405, -0.7071067811865487940 ) ) ;
#4029 = EDGE_CURVE ( 'NONE', #10468, #3844, #4204, .T. ) ;
#4030 = VERTEX_POINT ( 'NONE', #5083 ) ;
#4031 = VECTOR ( 'NONE', #13011, 1000.000000000000000 ) ;
#4032 = VERTEX_POINT ( 'NONE', #5155 ) ;
#4033 = SURFACE_STYLE_USAGE ( .BOTH. , #1126 ) ;
#4034 = ORIENTED_EDGE ( 'NONE', *, *, #7658, .T. ) ;
#4035 =( LENGTH_UNIT ( ) NAMED_UNIT ( * ) SI_UNIT ( .MILLI., .METRE. ) );
#4036 = DIRECTION ( 'NONE',  ( -1.340157741654465730E-16, 0.7071067811865475727, 0.7071067811865475727 ) ) ;
#4037 = DIRECTION ( 'NONE',  ( -2.821527733676277528E-15, 1.224646799147354193E-16, -1.000000000000000000 ) ) ;
#4038 = LINE ( 'NONE', #13303, #8471 ) ;
#4039 = EDGE_LOOP ( 'NONE', ( #5748, #3086, #8591, #10434 ) ) ;
#4040 = CARTESIAN_POINT ( 'NONE',  ( -4.130000000000003446, -2.500000000000004885, 1.590000000000001856 ) ) ;
#4042 = VECTOR ( 'NONE', #2286, 1000.000000000000114 ) ;
#4041 = FACE_OUTER_BOUND ( 'NONE', #7967, .T. ) ;
#4043 = ORIENTED_EDGE ( 'NONE', *, *, #2010, .T. ) ;
#4044 = ORIENTED_EDGE ( 'NONE', *, *, #8789, .F. ) ;
#4045 = AXIS2_PLACEMENT_3D ( 'NONE', #2650, #10773, #1572 ) ;
#4046 = PLANE ( 'NONE',  #11413 ) ;
#4047 = CARTESIAN_POINT ( 'NONE',  ( -6.230000000000008420, -3.000000000000005329, -1.149999999999999023 ) ) ;
#4048 = VECTOR ( 'NONE', #1518, 1000.000000000000114 ) ;
#4049 = CARTESIAN_POINT ( 'NONE',  ( -9.210000000000006182, -3.000000000000004441, 1.150000000000002798 ) ) ;
#4050 = CARTESIAN_POINT ( 'NONE',  ( -11.55000000000000249, 8.599999999999999645, 1.390000000000003455 ) ) ;
#4051 = PLANE ( 'NONE',  #3758 ) ;
#4052 = EDGE_CURVE ( 'NONE', #3632, #13065, #5020, .T. ) ;
#4053 = EDGE_LOOP ( 'NONE', ( #4530, #6872, #6912, #11590 ) ) ;
#4054 = EDGE_CURVE ( 'NONE', #11339, #10470, #12459, .T. ) ;
#4055 = EDGE_LOOP ( 'NONE', ( #9088, #9484, #6332, #2115 ) ) ;
#4056 = LINE ( 'NONE', #2028, #754 ) ;
#4057 = DIRECTION ( 'NONE',  ( 2.821527733676277528E-15, -1.224646799147354193E-16, 1.000000000000000000 ) ) ;
#4058 = VECTOR ( 'NONE', #11426, 1000.000000000000000 ) ;
#4059 = VECTOR ( 'NONE', #10625, 1000.000000000000000 ) ;
#4060 = ORIENTED_EDGE ( 'NONE', *, *, #2906, .T. ) ;
#4061 = LINE ( 'NONE', #4124, #1283 ) ;
#4062 = CARTESIAN_POINT ( 'NONE',  ( -6.230000000000011084, 8.599999999999999645, 1.150000000000003686 ) ) ;
#4063 = LINE ( 'NONE', #4950, #8595 ) ;
#4064 = DIRECTION ( 'NONE',  ( -0.3481553119113940942, 0.8703882797784897596, -0.3481553119113955930 ) ) ;
#4065 = ORIENTED_EDGE ( 'NONE', *, *, #1508, .T. ) ;
#4066 =( GEOMETRIC_REPRESENTATION_CONTEXT ( 3 ) GLOBAL_UNCERTAINTY_ASSIGNED_CONTEXT ( ( #12750 ) ) GLOBAL_UNIT_ASSIGNED_CONTEXT ( ( #9756, #10903, #12556 ) ) REPRESENTATION_CONTEXT ( 'NONE', 'WORKASPACE' ) );
#4067 = CARTESIAN_POINT ( 'NONE',  ( -4.130000000000005222, 8.099999999999999645, 1.590000000000003189 ) ) ;
#4068 = VECTOR ( 'NONE', #10643, 1000.000000000000000 ) ;
#4069 = EDGE_CURVE ( 'NONE', #6560, #692, #13273, .T. ) ;
#4070 = ORIENTED_EDGE ( 'NONE', *, *, #2171, .F. ) ;
#4071 = EDGE_CURVE ( 'NONE', #1553, #4388, #10294, .T. ) ;
#4072 = ADVANCED_FACE ( 'NONE', ( #2116 ), #20, .F. ) ;
#4073 = ORIENTED_EDGE ( 'NONE', *, *, #7422, .F. ) ;
#4074 = DIRECTION ( 'NONE',  ( -0.3713906763541042766, 0.9284766908852590817, 1.549382487594995162E-16 ) ) ;
#4075 = CARTESIAN_POINT ( 'NONE',  ( 6.029999999999995808, -2.500000000000003109, 1.590000000000000524 ) ) ;
#4076 = VECTOR ( 'NONE', #6849, 1000.000000000000000 ) ;
#4077 = DIRECTION ( 'NONE',  ( -2.220446049250312095E-16, 1.000000000000000000, 1.224646799147353207E-16 ) ) ;
#4078 = EDGE_CURVE ( 'NONE', #8548, #2550, #3118, .T. ) ;
#4079 = EDGE_CURVE ( 'NONE', #7092, #246, #10161, .T. ) ;
#4080 = ORIENTED_EDGE ( 'NONE', *, *, #6201, .F. ) ;
#4081 = LINE ( 'NONE', #7188, #4661 ) ;
#4082 = LINE ( 'NONE', #8214, #435 ) ;
#4083 = ORIENTED_EDGE ( 'NONE', *, *, #12085, .T. ) ;
#4084 = LINE ( 'NONE', #11393, #5543 ) ;
#4085 = CARTESIAN_POINT ( 'NONE',  ( -6.030000000000004690, 8.599999999999999645, -1.389999999999996794 ) ) ;
#4086 = LINE ( 'NONE', #3132, #119 ) ;
#4087 = VERTEX_POINT ( 'NONE', #8066 ) ;
#4088 = LINE ( 'NONE', #7341, #9752 ) ;
#4089 = VECTOR ( 'NONE', #4192, 1000.000000000000000 ) ;
#4090 = DIRECTION ( 'NONE',  ( -2.220446049250312095E-16, 1.000000000000000000, 1.224646799147353207E-16 ) ) ;
#4091 = LINE ( 'NONE', #10116, #7836 ) ;
#4092 = VERTEX_POINT ( 'NONE', #9080 ) ;
#4093 = CARTESIAN_POINT ( 'NONE',  ( -6.670000000000004370, -2.500000000000003109, -1.589999999999998526 ) ) ;
#4094 = PLANE ( 'NONE',  #6548 ) ;
#4095 = CARTESIAN_POINT ( 'NONE',  ( -8.569999999999998508, -32.81321928319991343, -0.9500000000000019540 ) ) ;
#4096 = ADVANCED_FACE ( 'NONE', ( #2925 ), #6164, .F. ) ;
#4097 = CLOSED_SHELL ( 'NONE', ( #4630, #7198, #2102, #6303, #6752, #12907, #1764, #757, #8103, #1539, #13305, #12934, #10862, #11156 ) ) ;
#4098 = ORIENTED_EDGE ( 'NONE', *, *, #1751, .T. ) ;
#4099 = EDGE_CURVE ( 'NONE', #13360, #9789, #6233, .T. ) ;
#4100 = ORIENTED_EDGE ( 'NONE', *, *, #10098, .T. ) ;
#4101 = DIRECTION ( 'NONE',  ( -0.3481553119113940942, 0.8703882797784897596, -0.3481553119113955930 ) ) ;
#4102 = ORIENTED_EDGE ( 'NONE', *, *, #7032, .F. ) ;
#4103 = FILL_AREA_STYLE_COLOUR ( '', #5325 ) ;
#4104 = DIRECTION ( 'NONE',  ( -1.110223024625156294E-16, 1.224646799147353207E-16, -1.000000000000000000 ) ) ;
#4105 = LINE ( 'NONE', #12561, #2263 ) ;
#4106 = DIRECTION ( 'NONE',  ( 1.000000000000000000, 0.000000000000000000, -1.110223024625156294E-16 ) ) ;
#4107 = ORIENTED_EDGE ( 'NONE', *, *, #7720, .F. ) ;
#4108 = PLANE ( 'NONE',  #13112 ) ;
#4109 = DIRECTION ( 'NONE',  ( -0.3481553119113961481, 0.8703882797784888714, 0.3481553119113960371 ) ) ;
#4110 = ORIENTED_EDGE ( 'NONE', *, *, #12376, .F. ) ;
#4111 = DIRECTION ( 'NONE',  ( 7.850462293418890625E-17, 0.7071067811865460184, 0.7071067811865490160 ) ) ;
#4112 = EDGE_CURVE ( 'NONE', #8750, #5812, #8205, .T. ) ;
#4113 = LINE ( 'NONE', #941, #11504 ) ;
#4114 = CARTESIAN_POINT ( 'NONE',  ( -11.10999999999999766, -32.81321928319991343, 1.589999999999998970 ) ) ;
#4115 = FACE_OUTER_BOUND ( 'NONE', #1790, .T. ) ;
#4116 = ORIENTED_EDGE ( 'NONE', *, *, #11459, .F. ) ;
#4117 = CARTESIAN_POINT ( 'NONE',  ( 0.9499999999999976241, -3.000000000000004441, -1.149999999999999689 ) ) ;
#4118 = ORIENTED_EDGE ( 'NONE', *, *, #5559, .F. ) ;
#4119 = LINE ( 'NONE', #8252, #8318 ) ;
#4120 = AXIS2_PLACEMENT_3D ( 'NONE', #13357, #6041, #6174 ) ;
#4121 = DIRECTION ( 'NONE',  ( -2.220446049250312095E-16, 1.000000000000000000, 1.224646799147353207E-16 ) ) ;
#4122 = ORIENTED_EDGE ( 'NONE', *, *, #7720, .T. ) ;
#4123 = EDGE_CURVE ( 'NONE', #9179, #4656, #4008, .T. ) ;
#4124 = CARTESIAN_POINT ( 'NONE',  ( 6.669999999999997264, -2.500000000000003109, -0.9499999999999999556 ) ) ;
#4125 = DIRECTION ( 'NONE',  ( 1.000000000000000000, 0.000000000000000000, -1.110223024625156294E-16 ) ) ;
#4126 = AXIS2_PLACEMENT_3D ( 'NONE', #4858, #672, #11966 ) ;
#4127 = LINE ( 'NONE', #8460, #1453 ) ;
#4128 = CARTESIAN_POINT ( 'NONE',  ( 1.589999999999997859, 2.599999999999998312, -1.589999999999998748 ) ) ;
#4129 = ORIENTED_EDGE ( 'NONE', *, *, #8514, .F. ) ;
#4130 = CARTESIAN_POINT ( 'NONE',  ( -16.08000000000000895, 9.099999999999999645, 4.425000000000005151 ) ) ;
#4131 = DIRECTION ( 'NONE',  ( 1.030816200048588727E-16, 0.3713906763541041101, 0.9284766908852591927 ) ) ;
#4132 = VECTOR ( 'NONE', #13087, 1000.000000000000227 ) ;
#4133 = ORIENTED_EDGE ( 'NONE', *, *, #1580, .F. ) ;
#4134 = ORIENTED_EDGE ( 'NONE', *, *, #5469, .T. ) ;
#4135 = DIRECTION ( 'NONE',  ( 1.030816200048588727E-16, 0.3713906763541041101, 0.9284766908852591927 ) ) ;
#4136 = CARTESIAN_POINT ( 'NONE',  ( 0.4249999999999988787, 0.2499999999999976130, -3.624999999999997335 ) ) ;
#4137 = CARTESIAN_POINT ( 'NONE',  ( 13.64000000000000234, -4.336808689942017736E-15, -3.624999999999998668 ) ) ;
#4138 = ORIENTED_EDGE ( 'NONE', *, *, #3409, .F. ) ;
#4139 = AXIS2_PLACEMENT_3D ( 'NONE', #7252, #7051, #4074 ) ;
#4140 = EDGE_CURVE ( 'NONE', #10127, #11247, #3047, .T. ) ;
#4141 = LINE ( 'NONE', #12536, #10557 ) ;
#4142 = EDGE_CURVE ( 'NONE', #8431, #13062, #5482, .T. ) ;
#4143 = EDGE_CURVE ( 'NONE', #13317, #7265, #155, .T. ) ;
#4144 = ORIENTED_EDGE ( 'NONE', *, *, #6889, .T. ) ;
#4145 = FACE_OUTER_BOUND ( 'NONE', #6378, .T. ) ;
#4146 = VECTOR ( 'NONE', #7380, 1000.000000000000000 ) ;
#4147 = CARTESIAN_POINT ( 'NONE',  ( -6.670000000000004370, 0.7499999999999972244, 0.9500000000000023981 ) ) ;
#4148 = ORIENTED_EDGE ( 'NONE', *, *, #12619, .F. ) ;
#4149 = LINE ( 'NONE', #9089, #11384 ) ;
#4150 = DIRECTION ( 'NONE',  ( 2.220446049250312095E-16, -1.000000000000000000, -1.224646799147353207E-16 ) ) ;
#4151 = FACE_OUTER_BOUND ( 'NONE', #8147, .T. ) ;
#4152 = ORIENTED_EDGE ( 'NONE', *, *, #12487, .F. ) ;
#4153 = CARTESIAN_POINT ( 'NONE',  ( -8.025000000000000355, 2.799999999999998490, -1.589999999999997415 ) ) ;
#4154 = VECTOR ( 'NONE', #11841, 1000.000000000000000 ) ;
#4155 = EDGE_CURVE ( 'NONE', #10629, #7568, #3320, .T. ) ;
#4156 = CARTESIAN_POINT ( 'NONE',  ( 14.83499999999999552, 8.100000000000003197, -1.589999999999999414 ) ) ;
#4157 = FACE_OUTER_BOUND ( 'NONE', #6347, .T. ) ;
#4158 = ORIENTED_EDGE ( 'NONE', *, *, #353, .F. ) ;
#4159 = EDGE_CURVE ( 'NONE', #8492, #5, #8469, .T. ) ;
#4160 = AXIS2_PLACEMENT_3D ( 'NONE', #9936, #878, #3709 ) ;
#4161 = DIRECTION ( 'NONE',  ( -1.000000000000000000, 0.000000000000000000, 1.110223024625156294E-16 ) ) ;
#4162 = CARTESIAN_POINT ( 'NONE',  ( -6.230000000000011084, 8.599999999999999645, -1.149999999999997913 ) ) ;
#4163 = CARTESIAN_POINT ( 'NONE',  ( -6.030000000000002025, 0.7499999999999972244, 0.9500000000000021760 ) ) ;
#4164 = ORIENTED_EDGE ( 'NONE', *, *, #11964, .T. ) ;
#4165 = VECTOR ( 'NONE', #3842, 1000.000000000000000 ) ;
#4166 = ORIENTED_EDGE ( 'NONE', *, *, #7964, .F. ) ;
#4167 = ORIENTED_EDGE ( 'NONE', *, *, #4140, .T. ) ;
#4168 = DIRECTION ( 'NONE',  ( 1.000000000000000000, 0.000000000000000000, -1.110223024625156294E-16 ) ) ;
#4169 = CARTESIAN_POINT ( 'NONE',  ( 1.590000000000005853, -32.81321928319991343, 0.9499999999999972911 ) ) ;
#4170 = DIRECTION ( 'NONE',  ( 1.110223024625156294E-16, -1.224646799147353207E-16, 1.000000000000000000 ) ) ;
#4171 = ORIENTED_EDGE ( 'NONE', *, *, #5974, .T. ) ;
#4172 = VECTOR ( 'NONE', #8819, 1000.000000000000114 ) ;
#4173 = EDGE_CURVE ( 'NONE', #5017, #13065, #9681, .T. ) ;
#4174 = LINE ( 'NONE', #6195, #6186 ) ;
#4175 = LINE ( 'NONE', #8308, #8636 ) ;
#4176 = AXIS2_PLACEMENT_3D ( 'NONE', #5506, #2339, #5435 ) ;
#4177 = CARTESIAN_POINT ( 'NONE',  ( -3.930000000000011706, -3.000000000000003553, 1.390000000000001235 ) ) ;
#4178 = EDGE_LOOP ( 'NONE', ( #9875, #12970, #2278, #11089 ) ) ;
#4179 = ORIENTED_EDGE ( 'NONE', *, *, #6319, .T. ) ;
#4180 = DIRECTION ( 'NONE',  ( -7.850462293418888160E-17, 0.7071067811865462405, -0.7071067811865487940 ) ) ;
#4181 = DIRECTION ( 'NONE',  ( -1.110223024625156294E-16, 1.224646799147353207E-16, -1.000000000000000000 ) ) ;
#4182 = DIRECTION ( 'NONE',  ( -1.110223024625156294E-16, 1.224646799147353207E-16, -1.000000000000000000 ) ) ;
#4183 = DIRECTION ( 'NONE',  ( 1.110223024625156294E-16, -1.224646799147353207E-16, 1.000000000000000000 ) ) ;
#4184 = VERTEX_POINT ( 'NONE', #11641 ) ;
#4185 = EDGE_CURVE ( 'NONE', #2210, #3823, #2314, .T. ) ;
#4186 = DIRECTION ( 'NONE',  ( 2.220446049250312095E-16, -1.000000000000000000, -1.224646799147353207E-16 ) ) ;
#4187 = ORIENTED_EDGE ( 'NONE', *, *, #1580, .T. ) ;
#4188 = FACE_OUTER_BOUND ( 'NONE', #4178, .T. ) ;
#4189 = COLOUR_RGB ( '',0.8705882352941176627, 0.6313725490196078205, 0.1725490196078431349 ) ;
#4190 = EDGE_CURVE ( 'NONE', #13143, #3538, #3524, .T. ) ;
#4191 = VERTEX_POINT ( 'NONE', #10488 ) ;
#4192 = DIRECTION ( 'NONE',  ( -0.3481553119113939831, 0.8703882797784897596, 0.3481553119113959816 ) ) ;
#4193 = CARTESIAN_POINT ( 'NONE',  ( -11.10999999999999766, -32.81321928319991343, 1.589999999999998970 ) ) ;
#4194 = VECTOR ( 'NONE', #11754, 1000.000000000000000 ) ;
#4195 = EDGE_CURVE ( 'NONE', #9636, #1744, #11447, .T. ) ;
#4196 = DIRECTION ( 'NONE',  ( -1.110223024625156294E-16, 1.224646799147353207E-16, -1.000000000000000000 ) ) ;
#4197 = PLANE ( 'NONE',  #10171 ) ;
#4198 = ORIENTED_EDGE ( 'NONE', *, *, #11128, .F. ) ;
#4199 = CARTESIAN_POINT ( 'NONE',  ( -15.48000000000000576, 8.499999999999998224, 3.175000000000004263 ) ) ;
#4200 = CARTESIAN_POINT ( 'NONE',  ( 0.9499999999999967359, 0.7499999999999981126, -0.9499999999999989564 ) ) ;
#4201 = EDGE_LOOP ( 'NONE', ( #11930, #10803, #1123, #13304 ) ) ;
#4202 = VECTOR ( 'NONE', #4778, 1000.000000000000000 ) ;
#4203 = VERTEX_POINT ( 'NONE', #2182 ) ;
#4204 = LINE ( 'NONE', #10366, #6955 ) ;
#4205 = CARTESIAN_POINT ( 'NONE',  ( -1.414242424242424079, -2.939393939393943889, -1.125757575757578177 ) ) ;
#4206 = VECTOR ( 'NONE', #5644, 1000.000000000000000 ) ;
#4207 = DIRECTION ( 'NONE',  ( -1.000000000000000000, 0.000000000000000000, 1.110223024625156294E-16 ) ) ;
#4208 = ORIENTED_EDGE ( 'NONE', *, *, #7795, .T. ) ;
#4209 = DIRECTION ( 'NONE',  ( -0.5773502691896236216, -0.5773502691896280625, 0.5773502691896256200 ) ) ;
#4210 = VECTOR ( 'NONE', #5705, 1000.000000000000000 ) ;
#4211 = ORIENTED_EDGE ( 'NONE', *, *, #11382, .T. ) ;
#4212 = CARTESIAN_POINT ( 'NONE',  ( 16.53000000000000114, 0.2499999999999967526, 2.090000000000000746 ) ) ;
#4213 = DIRECTION ( 'NONE',  ( 1.000000000000000000, 0.000000000000000000, -1.110223024625156294E-16 ) ) ;
#4214 = ORIENTED_EDGE ( 'NONE', *, *, #2383, .T. ) ;
#4215 = FACE_OUTER_BOUND ( 'NONE', #990, .T. ) ;
#4216 = DIRECTION ( 'NONE',  ( 1.000000000000000000, 0.000000000000000000, -1.110223024625156294E-16 ) ) ;
#4217 = LINE ( 'NONE', #9361, #1405 ) ;
#4218 = ORIENTED_EDGE ( 'NONE', *, *, #5719, .T. ) ;
#4219 = CARTESIAN_POINT ( 'NONE',  ( -11.75000000000000888, 8.099999999999999645, -0.9499999999999967359 ) ) ;
#4220 = ADVANCED_FACE ( 'NONE', ( #7590 ), #8606, .F. ) ;
#4221 = EDGE_CURVE ( 'NONE', #1597, #7904, #8684, .T. ) ;
#4222 = CARTESIAN_POINT ( 'NONE',  ( 3.490000000000001101, 0.7499999999999972244, 0.9500000000000011768 ) ) ;
#4223 = DIRECTION ( 'NONE',  ( 1.000000000000000000, 0.000000000000000000, -1.110223024625156294E-16 ) ) ;
#4224 = VERTEX_POINT ( 'NONE', #4404 ) ;
#4225 = CARTESIAN_POINT ( 'NONE',  ( 9.021515151515153264, 9.228787878787882093, -1.401515151515147828 ) ) ;
#4226 = LINE ( 'NONE', #3344, #1589 ) ;
#4227 = VECTOR ( 'NONE', #10542, 1000.000000000000000 ) ;
#4228 = LINE ( 'NONE', #3214, #398 ) ;
#4229 = CIRCLE ( 'NONE', #11786, 0.4250000000000001554 ) ;
#4230 = ORIENTED_EDGE ( 'NONE', *, *, #12182, .F. ) ;
#4231 = ORIENTED_EDGE ( 'NONE', *, *, #8421, .F. ) ;
#4232 = FILL_AREA_STYLE_COLOUR ( '', #3628 ) ;
#4233 = ORIENTED_EDGE ( 'NONE', *, *, #1538, .F. ) ;
#4234 = SURFACE_STYLE_FILL_AREA ( #9376 ) ;
#4235 = DIRECTION ( 'NONE',  ( -0.7071067811865491270, 0.7071067811865459074, 1.651002285577380499E-16 ) ) ;
#4236 = DIRECTION ( 'NONE',  ( 1.030816200048588727E-16, 0.3713906763541041101, 0.9284766908852591927 ) ) ;
#4237 = EDGE_CURVE ( 'NONE', #8275, #8787, #12592, .T. ) ;
#4238 = ADVANCED_FACE ( 'NONE', ( #12731 ), #2447, .F. ) ;
#4239 = LINE ( 'NONE', #12496, #2666 ) ;
#4240 = EDGE_LOOP ( 'NONE', ( #75, #1983, #7333, #7251 ) ) ;
#4241 = LINE ( 'NONE', #7152, #587 ) ;
#4242 = CARTESIAN_POINT ( 'NONE',  ( 6.855000000000000426, 1.574999999999998179, 1.775000000000000355 ) ) ;
#4243 = LINE ( 'NONE', #6401, #10751 ) ;
#4244 = MECHANICAL_DESIGN_GEOMETRIC_PRESENTATION_REPRESENTATION (  '', ( #9429 ), #151 ) ;
#4245 = ORIENTED_EDGE ( 'NONE', *, *, #12594, .T. ) ;
#4246 = ORIENTED_EDGE ( 'NONE', *, *, #5228, .F. ) ;
#4247 = EDGE_CURVE ( 'NONE', #4500, #12167, #10427, .T. ) ;
#4248 = CARTESIAN_POINT ( 'NONE',  ( 16.53000000000000114, 0.2499999999999967526, -0.4500000000000005107 ) ) ;
#4249 =( NAMED_UNIT ( * ) SI_UNIT ( $, .STERADIAN. ) SOLID_ANGLE_UNIT ( ) );
#4250 = DIRECTION ( 'NONE',  ( -2.599483128751245825E-15, -1.224646799147352221E-16, 1.000000000000000000 ) ) ;
#4251 = CARTESIAN_POINT ( 'NONE',  ( -9.010000000000001563, 8.599999999999996092, 1.390000000000003011 ) ) ;
#4252 = DIRECTION ( 'NONE',  ( 1.000000000000000000, 0.000000000000000000, -1.110223024625156294E-16 ) ) ;
#4253 = ORIENTED_EDGE ( 'NONE', *, *, #7415, .T. ) ;
#4254 = DIRECTION ( 'NONE',  ( 1.110223024625156294E-16, -1.224646799147352961E-16, 1.000000000000000000 ) ) ;
#4255 = VECTOR ( 'NONE', #5323, 1000.000000000000000 ) ;
#4256 = EDGE_LOOP ( 'NONE', ( #9688, #10180, #7578, #12120 ) ) ;
#4257 = CARTESIAN_POINT ( 'NONE',  ( 6.469999999999997975, -3.000000000000004441, -1.389999999999999236 ) ) ;
#4258 = VECTOR ( 'NONE', #12051, 1000.000000000000000 ) ;
#4259 = ORIENTED_EDGE ( 'NONE', *, *, #13378, .T. ) ;
#4260 = ORIENTED_EDGE ( 'NONE', *, *, #4322, .F. ) ;
#4261 = ADVANCED_FACE ( 'NONE', ( #5285 ), #2247, .F. ) ;
#4262 = VECTOR ( 'NONE', #2599, 1000.000000000000000 ) ;
#4263 = CARTESIAN_POINT ( 'NONE',  ( 7.214999999999998970, 8.099999999999999645, -1.589999999999998526 ) ) ;
#4264 = FACE_OUTER_BOUND ( 'NONE', #3690, .T. ) ;
#4265 = EDGE_LOOP ( 'NONE', ( #1737, #6750, #2502, #7687 ) ) ;
#4266 = CARTESIAN_POINT ( 'NONE',  ( -15.48000000000000398, 2.599999999999997424, 3.175000000000003375 ) ) ;
#4267 = CARTESIAN_POINT ( 'NONE',  ( 6.469999999999997975, -3.000000000000004441, -0.9500000000000000666 ) ) ;
#4268 = ORIENTED_EDGE ( 'NONE', *, *, #11437, .T. ) ;
#4269 = AXIS2_PLACEMENT_3D ( 'NONE', #5397, #9521, #262 ) ;
#4270 = VERTEX_POINT ( 'NONE', #221 ) ;
#4271 = DIRECTION ( 'NONE',  ( -1.000000000000000000, 0.000000000000000000, 1.110223024625156294E-16 ) ) ;
#4272 = AXIS2_PLACEMENT_3D ( 'NONE', #10368, #22, #1096 ) ;
#4273 = CARTESIAN_POINT ( 'NONE',  ( -0.9500000000000027311, 2.599999999999997424, -1.589999999999998304 ) ) ;
#4274 = ORIENTED_EDGE ( 'NONE', *, *, #13371, .F. ) ;
#4275 = CARTESIAN_POINT ( 'NONE',  ( -6.470000000000000639, 8.599999999999999645, 1.390000000000002567 ) ) ;
#4276 = VECTOR ( 'NONE', #13096, 1000.000000000000000 ) ;
#4277 = ORIENTED_EDGE ( 'NONE', *, *, #840, .F. ) ;
#4278 = CARTESIAN_POINT ( 'NONE',  ( 6.669999999999996376, 2.599999999999999645, -1.589999999999999192 ) ) ;
#4279 = PLANE ( 'NONE',  #10739 ) ;
#4280 = ORIENTED_EDGE ( 'NONE', *, *, #5830, .F. ) ;
#4281 = FACE_BOUND ( 'NONE', #12048, .T. ) ;
#4282 = CARTESIAN_POINT ( 'NONE',  ( -3.490000000000001990, -2.500000000000002220, -0.9499999999999988454 ) ) ;
#4283 = EDGE_CURVE ( 'NONE', #11834, #13257, #7455, .T. ) ;
#4284 = DIRECTION ( 'NONE',  ( 1.110223024625156294E-16, -1.224646799147352961E-16, 1.000000000000000000 ) ) ;
#4285 = ORIENTED_EDGE ( 'NONE', *, *, #4905, .F. ) ;
#4286 = CARTESIAN_POINT ( 'NONE',  ( -16.53000000000000114, 0.2499999999999967526, 4.425000000000003375 ) ) ;
#4287 =( GEOMETRIC_REPRESENTATION_CONTEXT ( 3 ) GLOBAL_UNCERTAINTY_ASSIGNED_CONTEXT ( ( #3543 ) ) GLOBAL_UNIT_ASSIGNED_CONTEXT ( ( #13337, #13139, #13269 ) ) REPRESENTATION_CONTEXT ( 'NONE', 'WORKASPACE' ) );
#4288 = LINE ( 'NONE', #4021, #8091 ) ;
#4289 = DIRECTION ( 'NONE',  ( 1.000000000000000000, 0.000000000000000000, -1.110223024625156294E-16 ) ) ;
#4290 = VECTOR ( 'NONE', #1165, 1000.000000000000000 ) ;
#4291 = LINE ( 'NONE', #10383, #811 ) ;
#4292 = CARTESIAN_POINT ( 'NONE',  ( 0.4499999999999964584, 0.2499999999999967526, -0.4499999999999987899 ) ) ;
#4293 = CARTESIAN_POINT ( 'NONE',  ( -3.930000000000011706, -3.000000000000002665, -1.389999999999997904 ) ) ;
#4294 = VERTEX_POINT ( 'NONE', #10560 ) ;
#4295 = ADVANCED_FACE ( 'NONE', ( #1296 ), #5414, .T. ) ;
#4296 = EDGE_LOOP ( 'NONE', ( #2300, #2083, #10694, #5713 ) ) ;
#4297 = ORIENTED_EDGE ( 'NONE', *, *, #12406, .T. ) ;
#4298 = VECTOR ( 'NONE', #997, 1000.000000000000000 ) ;
#4299 = FILL_AREA_STYLE ('',( #4232 ) ) ;
#4300 = EDGE_LOOP ( 'NONE', ( #1436, #1295, #7483, #12289 ) ) ;
#4301 = FACE_OUTER_BOUND ( 'NONE', #9488, .T. ) ;
#4302 = PLANE ( 'NONE',  #9602 ) ;
#4303 = DIRECTION ( 'NONE',  ( -1.110223024625156294E-16, 1.224646799147353207E-16, -1.000000000000000000 ) ) ;
#4304 = CARTESIAN_POINT ( 'NONE',  ( -1.589999999999996527, -32.81321928319991343, -1.590000000000002744 ) ) ;
#4305 = ORIENTED_EDGE ( 'NONE', *, *, #6777, .F. ) ;
#4306 = DIRECTION ( 'NONE',  ( -0.3713906763541042766, 0.9284766908852590817, 1.549382487594995162E-16 ) ) ;
#4307 = FACE_OUTER_BOUND ( 'NONE', #6453, .T. ) ;
#4308 = SURFACE_STYLE_FILL_AREA ( #10334 ) ;
#4309 = EDGE_CURVE ( 'NONE', #11431, #10949, #6902, .T. ) ;
#4310 = VERTEX_POINT ( 'NONE', #5746 ) ;
#4311 = ADVANCED_FACE ( 'NONE', ( #12982 ), #3715, .T. ) ;
#4312 = EDGE_CURVE ( 'NONE', #13215, #11728, #4798, .T. ) ;
#4313 = EDGE_LOOP ( 'NONE', ( #9258, #8330, #2561, #12936 ) ) ;
#4314 = DIRECTION ( 'NONE',  ( 1.000000000000000000, 0.000000000000000000, -1.110223024625156294E-16 ) ) ;
#4315 =( NAMED_UNIT ( * ) PLANE_ANGLE_UNIT ( ) SI_UNIT ( $, .RADIAN. ) );
#4316 = CARTESIAN_POINT ( 'NONE',  ( 8.769999999999996021, -3.000000000000004441, 1.389999999999999680 ) ) ;
#4317 = PLANE ( 'NONE',  #11762 ) ;
#4318 = LINE ( 'NONE', #11560, #12435 ) ;
#4319 = ORIENTED_EDGE ( 'NONE', *, *, #4365, .T. ) ;
#4320 = FACE_OUTER_BOUND ( 'NONE', #8123, .T. ) ;
#4321 = ORIENTED_EDGE ( 'NONE', *, *, #6615, .T. ) ;
#4322 = EDGE_CURVE ( 'NONE', #11411, #7999, #1771, .T. ) ;
#4323 = EDGE_CURVE ( 'NONE', #8741, #5892, #749, .T. ) ;
#4324 = FACE_OUTER_BOUND ( 'NONE', #657, .T. ) ;
#4325 = EDGE_CURVE ( 'NONE', #9729, #5703, #2779, .T. ) ;
#4326 = ORIENTED_EDGE ( 'NONE', *, *, #8126, .T. ) ;
#4327 = EDGE_LOOP ( 'NONE', ( #5662, #3865, #6007, #823 ) ) ;
#4328 = LINE ( 'NONE', #216, #13116 ) ;
#4329 = LINE ( 'NONE', #5279, #1965 ) ;
#4330 = LINE ( 'NONE', #10556, #12354 ) ;
#4331 =( NAMED_UNIT ( * ) SI_UNIT ( $, .STERADIAN. ) SOLID_ANGLE_UNIT ( ) );
#4332 = ORIENTED_EDGE ( 'NONE', *, *, #1053, .T. ) ;
#4333 = ORIENTED_EDGE ( 'NONE', *, *, #1432, .F. ) ;
#4334 = DIRECTION ( 'NONE',  ( 0.3481553119113958150, 0.8703882797784890935, 0.3481553119113959260 ) ) ;
#4335 = EDGE_CURVE ( 'NONE', #6039, #12447, #1701, .T. ) ;
#4336 = DIRECTION ( 'NONE',  ( 1.000000000000000000, 0.000000000000000000, -1.110223024625156294E-16 ) ) ;
#4337 = EDGE_CURVE ( 'NONE', #1255, #2026, #12921, .T. ) ;
#4338 = CARTESIAN_POINT ( 'NONE',  ( 1.589999999999998304, 2.599999999999997868, 1.590000000000001634 ) ) ;
#4339 = VECTOR ( 'NONE', #8262, 1000.000000000000000 ) ;
#4340 = EDGE_CURVE ( 'NONE', #4940, #6282, #4736, .T. ) ;
#4341 = ORIENTED_EDGE ( 'NONE', *, *, #23, .F. ) ;
#4342 = CARTESIAN_POINT ( 'NONE',  ( -8.025000000000002132, 8.099999999999999645, 0.9500000000000032863 ) ) ;
#4343 = VECTOR ( 'NONE', #8059, 1000.000000000000000 ) ;
#4344 = VERTEX_POINT ( 'NONE', #2643 ) ;
#4345 = DIRECTION ( 'NONE',  ( -2.599483128751245825E-15, -1.224646799147352221E-16, 1.000000000000000000 ) ) ;
#4346 = DIRECTION ( 'NONE',  ( 2.220446049250312095E-16, -1.000000000000000000, -1.224646799147353207E-16 ) ) ;
#4347 = ORIENTED_EDGE ( 'NONE', *, *, #4536, .F. ) ;
#4348 = FACE_BOUND ( 'NONE', #5674, .T. ) ;
#4349 = DIRECTION ( 'NONE',  ( 2.220446049250312095E-16, -1.000000000000000000, -1.224646799147353207E-16 ) ) ;
#4350 = CARTESIAN_POINT ( 'NONE',  ( 6.469999999999995310, 8.599999999999999645, 1.150000000000002354 ) ) ;
#4351 = ORIENTED_EDGE ( 'NONE', *, *, #3656, .T. ) ;
#4352 = LINE ( 'NONE', #8484, #473 ) ;
#4353 = DIRECTION ( 'NONE',  ( -2.220446049250312095E-16, 1.000000000000000000, 1.224646799147353207E-16 ) ) ;
#4354 = LINE ( 'NONE', #484, #5453 ) ;
#4355 = VECTOR ( 'NONE', #6918, 1000.000000000000000 ) ;
#4356 = DIRECTION ( 'NONE',  ( -0.9284766908852596368, 0.3713906763541028333, 1.485638603078811822E-16 ) ) ;
#4357 = DIRECTION ( 'NONE',  ( 1.110223024625156294E-16, -1.224646799147353207E-16, 1.000000000000000000 ) ) ;
#4358 = LINE ( 'NONE', #3473, #9034 ) ;
#4359 = ADVANCED_FACE ( 'NONE', ( #9943 ), #6828, .F. ) ;
#4360 = AXIS2_PLACEMENT_3D ( 'NONE', #12854, #11833, #3519 ) ;
#4361 = VERTEX_POINT ( 'NONE', #483 ) ;
#4362 = VERTEX_POINT ( 'NONE', #10964 ) ;
#4363 = ORIENTED_EDGE ( 'NONE', *, *, #10295, .T. ) ;
#4364 = VECTOR ( 'NONE', #8908, 1000.000000000000000 ) ;
#4365 = EDGE_CURVE ( 'NONE', #116, #3884, #5675, .T. ) ;
#4366 = VECTOR ( 'NONE', #5458, 1000.000000000000114 ) ;
#4367 = EDGE_LOOP ( 'NONE', ( #2649, #2313, #1107, #1121 ) ) ;
#4368 = DIRECTION ( 'NONE',  ( -0.7071067811865491270, 0.7071067811865459074, 1.651002285577380499E-16 ) ) ;
#4369 = PLANE ( 'NONE',  #9831 ) ;
#4370 = DIRECTION ( 'NONE',  ( -1.110223024625156294E-16, 1.224646799147353207E-16, -1.000000000000000000 ) ) ;
#4371 = LINE ( 'NONE', #12886, #4013 ) ;
#4372 = PLANE ( 'NONE',  #1803 ) ;
#4373 = EDGE_LOOP ( 'NONE', ( #6168, #12869, #11368, #4246 ) ) ;
#4374 = PLANE ( 'NONE',  #11175 ) ;
#4375 = PLANE ( 'NONE',  #7644 ) ;
#4377 = VECTOR ( 'NONE', #1834, 1000.000000000000000 ) ;
#4376 = CARTESIAN_POINT ( 'NONE',  ( 16.53000000000000114, 0.2499999999999967526, -0.4500000000000005107 ) ) ;
#4378 = ORIENTED_EDGE ( 'NONE', *, *, #2239, .T. ) ;
#4379 = ORIENTED_EDGE ( 'NONE', *, *, #3327, .F. ) ;
#4380 = CARTESIAN_POINT ( 'NONE',  ( -3.490000000000002434, 0.7499999999999972244, -1.589999999999998082 ) ) ;
#4381 = CARTESIAN_POINT ( 'NONE',  ( 3.929999999999995275, 8.599999999999999645, 1.150000000000002798 ) ) ;
#4382 = FACE_OUTER_BOUND ( 'NONE', #5636, .T. ) ;
#4383 = DIRECTION ( 'NONE',  ( 2.220446049250312095E-16, -1.000000000000000000, -1.224646799147353207E-16 ) ) ;
#4384 = CARTESIAN_POINT ( 'NONE',  ( -11.75000000000000888, 8.599999999999999645, -0.9499999999999967359 ) ) ;
#4385 = VECTOR ( 'NONE', #5637, 1000.000000000000000 ) ;
#4386 = ORIENTED_EDGE ( 'NONE', *, *, #12407, .F. ) ;
#4387 = CARTESIAN_POINT ( 'NONE',  ( 12.29499999999999460, 8.100000000000001421, 0.9500000000000010658 ) ) ;
#4388 = VERTEX_POINT ( 'NONE', #8856 ) ;
#4389 = VECTOR ( 'NONE', #9038, 1000.000000000000000 ) ;
#4390 = EDGE_CURVE ( 'NONE', #1763, #686, #11972, .T. ) ;
#4391 = LINE ( 'NONE', #5406, #2434 ) ;
#4392 = EDGE_CURVE ( 'NONE', #13143, #2006, #11773, .T. ) ;
#4393 = ORIENTED_EDGE ( 'NONE', *, *, #7961, .T. ) ;
#4394 = VECTOR ( 'NONE', #6528, 1000.000000000000000 ) ;
#4395 = VERTEX_POINT ( 'NONE', #2513 ) ;
#4396 = AXIS2_PLACEMENT_3D ( 'NONE', #4009, #13344, #11251 ) ;
#4397 = DIRECTION ( 'NONE',  ( -0.5773502691896250649, -0.5773502691896273964, 0.5773502691896250649 ) ) ;
#4398 = DIRECTION ( 'NONE',  ( 1.030816200048588727E-16, 0.3713906763541041101, 0.9284766908852591927 ) ) ;
#4399 = FACE_BOUND ( 'NONE', #8844, .T. ) ;
#4400 = EDGE_CURVE ( 'NONE', #11836, #1236, #1628, .T. ) ;
#4401 = PRESENTATION_STYLE_ASSIGNMENT (( #12655 ) ) ;
#4402 = ORIENTED_EDGE ( 'NONE', *, *, #12978, .F. ) ;
#4403 = ORIENTED_EDGE ( 'NONE', *, *, #3315, .F. ) ;
#4404 = CARTESIAN_POINT ( 'NONE',  ( 11.75000000000000711, -2.500000000000003997, -0.9500000000000005107 ) ) ;
#4405 = EDGE_CURVE ( 'NONE', #8458, #10805, #6628, .T. ) ;
#4406 = EDGE_CURVE ( 'NONE', #8333, #12609, #5614, .T. ) ;
#4407 = PLANE ( 'NONE',  #634 ) ;
#4408 = FACE_OUTER_BOUND ( 'NONE', #1898, .T. ) ;
#4409 = ORIENTED_EDGE ( 'NONE', *, *, #7782, .F. ) ;
#4410 = CARTESIAN_POINT ( 'NONE',  ( 6.669999999999994600, 8.599999999999996092, 1.150000000000002354 ) ) ;
#4411 = VERTEX_POINT ( 'NONE', #10824 ) ;
#4412 = VECTOR ( 'NONE', #814, 1000.000000000000000 ) ;
#4413 = DIRECTION ( 'NONE',  ( 7.850462293418890625E-17, 0.7071067811865460184, 0.7071067811865490160 ) ) ;
#4414 = DIRECTION ( 'NONE',  ( -2.220446049250312095E-16, 1.000000000000000000, 1.224646799147353207E-16 ) ) ;
#4415 = EDGE_CURVE ( 'NONE', #7111, #12145, #13050, .T. ) ;
#4416 = ORIENTED_EDGE ( 'NONE', *, *, #12683, .F. ) ;
#4417 = DIRECTION ( 'NONE',  ( 1.110223024625156294E-16, -1.224646799147353207E-16, 1.000000000000000000 ) ) ;
#4418 = CARTESIAN_POINT ( 'NONE',  ( 6.030000000000002025, 0.7499999999999963363, -1.589999999999999414 ) ) ;
#4419 = VECTOR ( 'NONE', #8371, 1000.000000000000000 ) ;
#4420 = FACE_OUTER_BOUND ( 'NONE', #8767, .T. ) ;
#4421 = ORIENTED_EDGE ( 'NONE', *, *, #8177, .T. ) ;
#4422 = LINE ( 'NONE', #10708, #10832 ) ;
#4423 = VECTOR ( 'NONE', #7917, 1000.000000000000000 ) ;
#4424 = LINE ( 'NONE', #8554, #10704 ) ;
#4425 = AXIS2_PLACEMENT_3D ( 'NONE', #5995, #5792, #10129 ) ;
#4426 = LINE ( 'NONE', #8555, #6197 ) ;
#4427 = CARTESIAN_POINT ( 'NONE',  ( -3.489999999999995328, -32.81321928319991343, -0.9500000000000025091 ) ) ;
#4428 = DIRECTION ( 'NONE',  ( -1.110223024625156294E-16, 1.224646799147353207E-16, -1.000000000000000000 ) ) ;
#4429 = VERTEX_POINT ( 'NONE', #12042 ) ;
#4430 = ORIENTED_EDGE ( 'NONE', *, *, #9426, .F. ) ;
#4431 = EDGE_CURVE ( 'NONE', #5666, #8672, #1564, .T. ) ;
#4432 = ORIENTED_EDGE ( 'NONE', *, *, #4723, .F. ) ;
#4433 = VECTOR ( 'NONE', #4019, 1000.000000000000000 ) ;
#4434 = EDGE_LOOP ( 'NONE', ( #12717, #12802, #5990, #7126 ) ) ;
#4435 = CYLINDRICAL_SURFACE ( 'NONE', #4883, 0.3362499999999997158 ) ;
#4436 = FACE_OUTER_BOUND ( 'NONE', #7377, .T. ) ;
#4437 = FACE_OUTER_BOUND ( 'NONE', #3328, .T. ) ;
#4438 = ADVANCED_FACE ( 'NONE', ( #7034 ), #5945, .T. ) ;
#4439 = LINE ( 'NONE', #1595, #3773 ) ;
#4440 = CARTESIAN_POINT ( 'NONE',  ( -3.930000000000011706, -3.000000000000003553, 1.590000000000001856 ) ) ;
#4441 = VERTEX_POINT ( 'NONE', #10078 ) ;
#4442 = AXIS2_PLACEMENT_3D ( 'NONE', #676, #6898, #1760 ) ;
#4443 = DIRECTION ( 'NONE',  ( -1.000000000000000000, 0.000000000000000000, 1.110223024625156294E-16 ) ) ;
#4444 = LINE ( 'NONE', #10531, #2017 ) ;
#4445 = DIRECTION ( 'NONE',  ( -2.821527733676277528E-15, 1.224646799147354193E-16, -1.000000000000000000 ) ) ;
#4446 = ORIENTED_EDGE ( 'NONE', *, *, #10731, .F. ) ;
#4447 = ORIENTED_EDGE ( 'NONE', *, *, #12436, .F. ) ;
#4448 = DIRECTION ( 'NONE',  ( -0.3481553119113935946, -0.8703882797784899816, 0.3481553119113957595 ) ) ;
#4449 = SURFACE_SIDE_STYLE ('',( #10603 ) ) ;
#4450 = EDGE_CURVE ( 'NONE', #8787, #3348, #4056, .T. ) ;
#4451 = LINE ( 'NONE', #1340, #10631 ) ;
#4452 = FACE_OUTER_BOUND ( 'NONE', #6900, .T. ) ;
#4453 = LINE ( 'NONE', #4384, #11325 ) ;
#4454 = ORIENTED_EDGE ( 'NONE', *, *, #2169, .F. ) ;
#4455 = FACE_OUTER_BOUND ( 'NONE', #9640, .T. ) ;
#4456 = VERTEX_POINT ( 'NONE', #5003 ) ;
#4457 = CARTESIAN_POINT ( 'NONE',  ( 9.755000000000002558, 2.799999999999997602, 0.9500000000000006217 ) ) ;
#4458 = VECTOR ( 'NONE', #248, 1000.000000000000000 ) ;
#4459 = VERTEX_POINT ( 'NONE', #9133 ) ;
#4460 = ORIENTED_EDGE ( 'NONE', *, *, #1505, .F. ) ;
#4461 = EDGE_CURVE ( 'NONE', #6783, #6088, #11167, .T. ) ;
#4462 = CARTESIAN_POINT ( 'NONE',  ( -3.305000000000005045, 1.574999999999998179, 1.775000000000001688 ) ) ;
#4463 = DIRECTION ( 'NONE',  ( -0.5773502691896239547, 0.5773502691896277295, 0.5773502691896256200 ) ) ;
#4464 = VECTOR ( 'NONE', #3640, 1000.000000000000000 ) ;
#4465 = PLANE ( 'NONE',  #10192 ) ;
#4466 = VECTOR ( 'NONE', #3130, 1000.000000000000000 ) ;
#4467 = DIRECTION ( 'NONE',  ( -2.220446049250312095E-16, 1.000000000000000000, 1.224646799147353207E-16 ) ) ;
#4468 = ORIENTED_EDGE ( 'NONE', *, *, #7919, .F. ) ;
#4469 = VERTEX_POINT ( 'NONE', #3035 ) ;
#4470 = CARTESIAN_POINT ( 'NONE',  ( -3.876666666666675809, -3.133333333333335968, 1.203333333333331145 ) ) ;
#4471 = VECTOR ( 'NONE', #12805, 1000.000000000000000 ) ;
#4472 = CARTESIAN_POINT ( 'NONE',  ( -1.027575757575749815, -2.693939393939392524, 1.027575757575760251 ) ) ;
#4473 = PLANE ( 'NONE',  #12270 ) ;
#4474 = ORIENTED_EDGE ( 'NONE', *, *, #6048, .F. ) ;
#4475 = DIRECTION ( 'NONE',  ( 1.855469160087460128E-16, -0.3713906763541040545, 0.9284766908852591927 ) ) ;
#4476 = VECTOR ( 'NONE', #9951, 1000.000000000000000 ) ;
#4478 = EDGE_CURVE ( 'NONE', #7565, #1958, #12307, .T. ) ;
#4477 = EDGE_LOOP ( 'NONE', ( #4787, #12961, #3915, #8822 ) ) ;
#4479 = DIRECTION ( 'NONE',  ( 0.3481553119113958150, 0.8703882797784890935, 0.3481553119113959260 ) ) ;
#4480 = EDGE_CURVE ( 'NONE', #11666, #10123, #11298, .T. ) ;
#4481 = ADVANCED_FACE ( 'NONE', ( #9510 ), #1011, .T. ) ;
#4482 = VECTOR ( 'NONE', #11305, 1000.000000000000000 ) ;
#4483 = LINE ( 'NONE', #5686, #12691 ) ;
#4484 = VERTEX_POINT ( 'NONE', #3923 ) ;
#4485 = DIRECTION ( 'NONE',  ( -2.220446049250312095E-16, 1.000000000000000000, 1.224646799147353207E-16 ) ) ;
#4486 = AXIS2_PLACEMENT_3D ( 'NONE', #12046, #8799, #3591 ) ;
#4487 = PLANE ( 'NONE',  #7892 ) ;
#4488 = VERTEX_POINT ( 'NONE', #6078 ) ;
#4489 = FACE_OUTER_BOUND ( 'NONE', #12110, .T. ) ;
#4490 = ADVANCED_FACE ( 'NONE', ( #5133 ), #8117, .F. ) ;
#4491 = EDGE_CURVE ( 'NONE', #10353, #11310, #10149, .T. ) ;
#4492 = DIRECTION ( 'NONE',  ( 2.220446049250312095E-16, -1.000000000000000000, -1.224646799147353207E-16 ) ) ;
#4493 = AXIS2_PLACEMENT_3D ( 'NONE', #3707, #7841, #11965 ) ;
#4494 = CARTESIAN_POINT ( 'NONE',  ( -9.210000000000007958, 8.099999999999999645, 0.9500000000000035083 ) ) ;
#4495 = EDGE_CURVE ( 'NONE', #11478, #2381, #4119, .T. ) ;
#4496 = VECTOR ( 'NONE', #4428, 1000.000000000000000 ) ;
#4497 = CARTESIAN_POINT ( 'NONE',  ( -0.9499999999999947375, -32.81321928319991343, -0.9500000000000028422 ) ) ;
#4498 = ADVANCED_FACE ( 'NONE', ( #883 ), #818, .F. ) ;
#4499 = VERTEX_POINT ( 'NONE', #3994 ) ;
#4500 = VERTEX_POINT ( 'NONE', #11365 ) ;
#4501 = CARTESIAN_POINT ( 'NONE',  ( 11.75000000000000711, -2.500000000000004885, 1.590000000000000080 ) ) ;
#4502 = CARTESIAN_POINT ( 'NONE',  ( 14.05499999999999616, 9.099999999999999645, -4.338749999999997442 ) ) ;
#4503 = VERTEX_POINT ( 'NONE', #12244 ) ;
#4504 = CARTESIAN_POINT ( 'NONE',  ( -8.570000000000003837, -2.500000000000003109, -0.9499999999999982903 ) ) ;
#4505 = CARTESIAN_POINT ( 'NONE',  ( 0.9499999999999950706, 8.100000000000001421, -0.9499999999999980682 ) ) ;
#4506 = DIRECTION ( 'NONE',  ( 1.030816200048588727E-16, 0.3713906763541041101, 0.9284766908852591927 ) ) ;
#4507 = VECTOR ( 'NONE', #2519, 999.9999999999998863 ) ;
#4508 = DIRECTION ( 'NONE',  ( 0.5773502691896267303, 0.5773502691896249539, 0.5773502691896256200 ) ) ;
#4509 = CARTESIAN_POINT ( 'NONE',  ( 16.53000000000000114, 0.2499999999999967526, 2.090000000000000746 ) ) ;
#4510 = EDGE_LOOP ( 'NONE', ( #340, #2621, #9079, #12298 ) ) ;
#4511 = CARTESIAN_POINT ( 'NONE',  ( -5.485000000000014531, 8.100000000000001421, -1.589999999999997193 ) ) ;
#4512 = EDGE_CURVE ( 'NONE', #406, #10688, #5387, .T. ) ;
#4513 = DIRECTION ( 'NONE',  ( -1.110223024625156294E-16, 1.224646799147353207E-16, -1.000000000000000000 ) ) ;
#4514 = LINE ( 'NONE', #5452, #10976 ) ;
#4515 = ADVANCED_FACE ( 'NONE', ( #12178 ), #4941, .T. ) ;
#4516 = AXIS2_PLACEMENT_3D ( 'NONE', #2249, #8535, #1095 ) ;
#4517 = EDGE_LOOP ( 'NONE', ( #6676, #13141, #8883, #9829 ) ) ;
#4518 = ORIENTED_EDGE ( 'NONE', *, *, #4185, .T. ) ;
#4519 = DIRECTION ( 'NONE',  ( -1.110223024625156294E-16, 1.224646799147353207E-16, -1.000000000000000000 ) ) ;
#4520 = VERTEX_POINT ( 'NONE', #2840 ) ;
#4521 = SURFACE_STYLE_USAGE ( .BOTH. , #11686 ) ;
#4522 = FACE_OUTER_BOUND ( 'NONE', #7047, .T. ) ;
#4523 = DIRECTION ( 'NONE',  ( -0.9284766908852590817, -0.3713906763541042766, 5.759937970183641537E-17 ) ) ;
#4524 = CARTESIAN_POINT ( 'NONE',  ( 4.674999999999999822, 2.799999999999999378, -0.9499999999999991784 ) ) ;
#4525 = ORIENTED_EDGE ( 'NONE', *, *, #9868, .F. ) ;
#4526 = LINE ( 'NONE', #1548, #7414 ) ;
#4527 = ORIENTED_EDGE ( 'NONE', *, *, #6564, .F. ) ;
#4528 = VECTOR ( 'NONE', #12565, 1000.000000000000000 ) ;
#4529 = PLANE ( 'NONE',  #3292 ) ;
#4530 = ORIENTED_EDGE ( 'NONE', *, *, #12115, .T. ) ;
#4531 = EDGE_LOOP ( 'NONE', ( #3347, #1251, #13033, #5950 ) ) ;
#4532 = EDGE_CURVE ( 'NONE', #2185, #10024, #6971, .T. ) ;
#4533 = CARTESIAN_POINT ( 'NONE',  ( 8.570000000000000284, 8.599999999999999645, -0.9499999999999989564 ) ) ;
#4534 = PLANE ( 'NONE',  #34 ) ;
#4535 = FACE_BOUND ( 'NONE', #4053, .T. ) ;
#4536 = EDGE_CURVE ( 'NONE', #88, #6279, #9065, .T. ) ;
#4537 =( NAMED_UNIT ( * ) PLANE_ANGLE_UNIT ( ) SI_UNIT ( $, .RADIAN. ) );
#4538 = EDGE_LOOP ( 'NONE', ( #3155, #1972, #9464, #10424 ) ) ;
#4539 = ORIENTED_EDGE ( 'NONE', *, *, #7556, .T. ) ;
#4540 = DIRECTION ( 'NONE',  ( -1.000000000000000000, 0.000000000000000000, 0.000000000000000000 ) ) ;
#4541 = LINE ( 'NONE', #1817, #6888 ) ;
#4542 = CARTESIAN_POINT ( 'NONE',  ( -3.930000000000007265, 8.600000000000003197, 1.590000000000003189 ) ) ;
#4543 = EDGE_LOOP ( 'NONE', ( #8977, #2467, #3148, #8689 ) ) ;
#4544 = CARTESIAN_POINT ( 'NONE',  ( 6.469999999999995310, 8.599999999999999645, -1.149999999999999023 ) ) ;
#4545 = VERTEX_POINT ( 'NONE', #9580 ) ;
#4546 = DIRECTION ( 'NONE',  ( -1.110223024625156294E-16, 1.224646799147353207E-16, -1.000000000000000000 ) ) ;
#4547 = PLANE ( 'NONE',  #8594 ) ;
#4548 = LINE ( 'NONE', #2524, #3194 ) ;
#4549 = EDGE_LOOP ( 'NONE', ( #961, #10188, #669, #11820 ) ) ;
#4550 = FACE_BOUND ( 'NONE', #2104, .T. ) ;
#4551 = DIRECTION ( 'NONE',  ( 1.000000000000000000, 0.000000000000000000, -1.110223024625156294E-16 ) ) ;
#4552 = ORIENTED_EDGE ( 'NONE', *, *, #11389, .T. ) ;
#4553 = CARTESIAN_POINT ( 'NONE',  ( 6.030000000000002025, -32.81321928319991343, -1.590000000000003411 ) ) ;
#4554 = EDGE_CURVE ( 'NONE', #11513, #1939, #11738, .T. ) ;
#4555 = VECTOR ( 'NONE', #11060, 1000.000000000000000 ) ;
#4556 = ADVANCED_FACE ( 'NONE', ( #5711 ), #320, .F. ) ;
#4557 = CARTESIAN_POINT ( 'NONE',  ( -6.030000000000002025, -2.500000000000004885, 1.590000000000001856 ) ) ;
#4558 = ADVANCED_FACE ( 'NONE', ( #7623 ), #11610, .T. ) ;
#4559 = CARTESIAN_POINT ( 'NONE',  ( -6.230000000000008420, -3.000000000000005329, -1.389999999999997904 ) ) ;
#4560 = DIRECTION ( 'NONE',  ( 1.000000000000000000, 0.000000000000000000, -1.110223024625156294E-16 ) ) ;
#4561 = ORIENTED_EDGE ( 'NONE', *, *, #9273, .T. ) ;
#4562 = VERTEX_POINT ( 'NONE', #6596 ) ;
#4563 = CARTESIAN_POINT ( 'NONE',  ( -6.029999999999995808, -32.81321928319991343, -0.9500000000000023981 ) ) ;
#4564 = EDGE_LOOP ( 'NONE', ( #4065, #4552, #3434, #3952 ) ) ;
#4565 = EDGE_LOOP ( 'NONE', ( #2518, #2366, #209, #13190 ) ) ;
#4566 = CARTESIAN_POINT ( 'NONE',  ( 2.990000000000001101, 0.2499999999999967526, 4.425000000000001599 ) ) ;
#4567 = DIRECTION ( 'NONE',  ( -1.000000000000000000, 0.000000000000000000, 1.110223024625156294E-16 ) ) ;
#4568 = EDGE_CURVE ( 'NONE', #12167, #4395, #10794, .T. ) ;
#4569 = LINE ( 'NONE', #4635, #2044 ) ;
#4570 = VECTOR ( 'NONE', #4881, 1000.000000000000000 ) ;
#4571 = DIRECTION ( 'NONE',  ( 1.649305920077741323E-16, -0.9284766908852591927, -0.3713906763541040545 ) ) ;
#4572 = FACE_OUTER_BOUND ( 'NONE', #3801, .T. ) ;
#4573 = ORIENTED_EDGE ( 'NONE', *, *, #9047, .T. ) ;
#4574 = DIRECTION ( 'NONE',  ( 0.7071067811865490160, 0.7071067811865461294, -1.908525788164861281E-15 ) ) ;
#4575 = LINE ( 'NONE', #5590, #11004 ) ;
#4576 = CARTESIAN_POINT ( 'NONE',  ( -6.469999999999997975, -3.000000000000004441, -0.9499999999999986233 ) ) ;
#4577 = VECTOR ( 'NONE', #1160, 1000.000000000000000 ) ;
#4578 = ORIENTED_EDGE ( 'NONE', *, *, #13245, .T. ) ;
#4579 = ORIENTED_EDGE ( 'NONE', *, *, #8752, .T. ) ;
#4580 = PLANE ( 'NONE',  #1466 ) ;
#4581 = ORIENTED_EDGE ( 'NONE', *, *, #5956, .F. ) ;
#4582 = CARTESIAN_POINT ( 'NONE',  ( 16.53000000000000114, 0.2499999999999967526, 0.4499999999999992339 ) ) ;
#4583 = LINE ( 'NONE', #5657, #6570 ) ;
#4584 = FACE_OUTER_BOUND ( 'NONE', #6345, .T. ) ;
#4585 = EDGE_LOOP ( 'NONE', ( #6545, #10054, #11740, #9611 ) ) ;
#4586 = CARTESIAN_POINT ( 'NONE',  ( 0.9499999999999978462, -3.000000000000004441, 1.150000000000001688 ) ) ;
#4587 = ORIENTED_EDGE ( 'NONE', *, *, #7219, .T. ) ;
#4588 = VECTOR ( 'NONE', #7035, 1000.000000000000000 ) ;
#4589 = DIRECTION ( 'NONE',  ( 1.110223024625156294E-16, -1.224646799147352961E-16, 1.000000000000000000 ) ) ;
#4590 = VECTOR ( 'NONE', #12641, 1000.000000000000000 ) ;
#4591 = ORIENTED_EDGE ( 'NONE', *, *, #2997, .T. ) ;
#4592 = ORIENTED_EDGE ( 'NONE', *, *, #3198, .T. ) ;
#4593 = VECTOR ( 'NONE', #3612, 1000.000000000000000 ) ;
#4594 = DIRECTION ( 'NONE',  ( 0.5773502691896235106, -0.5773502691896282846, 0.5773502691896256200 ) ) ;
#4595 = EDGE_CURVE ( 'NONE', #3293, #10875, #4439, .T. ) ;
#4596 = CARTESIAN_POINT ( 'NONE',  ( -15.48000000000000398, 2.599999999999997868, 1.650000000000003020 ) ) ;
#4597 = CARTESIAN_POINT ( 'NONE',  ( -11.75000000000000000, -32.81321928319991343, 1.589999999999998970 ) ) ;
#4598 = ORIENTED_EDGE ( 'NONE', *, *, #13247, .F. ) ;
#4599 = VERTEX_POINT ( 'NONE', #10722 ) ;
#4600 = DIRECTION ( 'NONE',  ( -0.3481553119113956485, -0.8703882797784890935, 0.3481553119113957595 ) ) ;
#4601 = ADVANCED_FACE ( 'NONE', ( #9780 ), #5447, .T. ) ;
#4602 = DIRECTION ( 'NONE',  ( 1.110223024625156294E-16, -1.224646799147353207E-16, 1.000000000000000000 ) ) ;
#4603 = PLANE ( 'NONE',  #13158 ) ;
#4604 = VECTOR ( 'NONE', #7217, 1000.000000000000000 ) ;
#4605 = PLANE ( 'NONE',  #8808 ) ;
#4606 = EDGE_CURVE ( 'NONE', #7838, #3014, #3357, .T. ) ;
#4607 = ORIENTED_EDGE ( 'NONE', *, *, #866, .T. ) ;
#4608 = VECTOR ( 'NONE', #2218, 1000.000000000000114 ) ;
#4609 = DIRECTION ( 'NONE',  ( 1.000000000000000000, 0.000000000000000000, -1.110223024625156294E-16 ) ) ;
#4610 = EDGE_LOOP ( 'NONE', ( #7385, #243, #277, #1995 ) ) ;
#4611 = DIRECTION ( 'NONE',  ( -1.110223024625156294E-16, 1.224646799147353207E-16, -1.000000000000000000 ) ) ;
#4612 = FACE_OUTER_BOUND ( 'NONE', #8516, .T. ) ;
#4613 = DIRECTION ( 'NONE',  ( 1.649305920077741323E-16, -0.9284766908852591927, -0.3713906763541040545 ) ) ;
#4614 = ORIENTED_EDGE ( 'NONE', *, *, #1442, .T. ) ;
#4615 = LINE ( 'NONE', #12871, #7236 ) ;
#4616 = ORIENTED_EDGE ( 'NONE', *, *, #13093, .F. ) ;
#4617 = DIRECTION ( 'NONE',  ( -1.000000000000000000, -3.204747427460362211E-31, 2.821527733676277528E-15 ) ) ;
#4618 = AXIS2_PLACEMENT_3D ( 'NONE', #11792, #2535, #2799 ) ;
#4619 = CARTESIAN_POINT ( 'NONE',  ( -1.589999999999996083, -32.81321928319991343, 1.589999999999997637 ) ) ;
#4620 = PLANE ( 'NONE',  #4618 ) ;
#4621 = UNCERTAINTY_MEASURE_WITH_UNIT (LENGTH_MEASURE( 1.000000000000000082E-05 ), #10493, 'distance_accuracy_value', 'NONE');
#4622 = CARTESIAN_POINT ( 'NONE',  ( 6.230000000000001315, -3.000000000000004441, 1.590000000000000524 ) ) ;
#4623 = PRESENTATION_LAYER_ASSIGNMENT (  '', '', ( #5483 ) ) ;
#4624 = ORIENTED_EDGE ( 'NONE', *, *, #7526, .F. ) ;
#4625 = ORIENTED_EDGE ( 'NONE', *, *, #4928, .T. ) ;
#4626 = CARTESIAN_POINT ( 'NONE',  ( -4.130000000000005222, 8.099999999999999645, 1.590000000000003189 ) ) ;
#4627 = AXIS2_PLACEMENT_3D ( 'NONE', #2475, #9509, #10592 ) ;
#4628 = CARTESIAN_POINT ( 'NONE',  ( 8.569999999999998508, 2.599999999999998312, -1.589999999999999192 ) ) ;
#4629 = VECTOR ( 'NONE', #13015, 1000.000000000000000 ) ;
#4630 = ADVANCED_FACE ( 'NONE', ( #5586 ), #2352, .F. ) ;
#4631 = VERTEX_POINT ( 'NONE', #12695 ) ;
#4632 = CARTESIAN_POINT ( 'NONE',  ( 6.030000000000002025, 0.7499999999999963363, 0.9500000000000009548 ) ) ;
#4633 = EDGE_CURVE ( 'NONE', #959, #2681, #2609, .T. ) ;
#4634 = CARTESIAN_POINT ( 'NONE',  ( -9.917067167464211113E-15, 4.674999999999998046, 4.425000000000002487 ) ) ;
#4635 = CARTESIAN_POINT ( 'NONE',  ( 3.665757575757580877, -2.939393939393944777, 1.414242424242420082 ) ) ;
#4636 = VECTOR ( 'NONE', #1742, 1000.000000000000000 ) ;
#4637 = DIRECTION ( 'NONE',  ( 0.9284766908852591927, -0.3713906763541040545, -1.485638603078812808E-16 ) ) ;
#4638 = LINE ( 'NONE', #8766, #2020 ) ;
#4639 = VERTEX_POINT ( 'NONE', #10859 ) ;
#4640 = DIRECTION ( 'NONE',  ( 2.220446049250312095E-16, -1.000000000000000000, -1.224646799147353207E-16 ) ) ;
#4641 = DIRECTION ( 'NONE',  ( -1.110223024625156294E-16, 1.224646799147353207E-16, -1.000000000000000000 ) ) ;
#4642 = DIRECTION ( 'NONE',  ( -1.000000000000000000, 0.000000000000000000, 1.110223024625156294E-16 ) ) ;
#4643 = ORIENTED_EDGE ( 'NONE', *, *, #1316, .T. ) ;
#4644 = VECTOR ( 'NONE', #8568, 1000.000000000000114 ) ;
#4645 = EDGE_LOOP ( 'NONE', ( #617, #10944, #4432, #8187 ) ) ;
#4646 = ADVANCED_FACE ( 'NONE', ( #252 ), #12762, .F. ) ;
#4647 = DIRECTION ( 'NONE',  ( -1.000000000000000000, 0.000000000000000000, 1.110223024625156294E-16 ) ) ;
#4648 = EDGE_LOOP ( 'NONE', ( #5223, #424, #143, #6054 ) ) ;
#4649 = CARTESIAN_POINT ( 'NONE',  ( 16.53000000000000114, 9.099999999999999645, 4.425000000000001599 ) ) ;
#4650 = ADVANCED_FACE ( 'NONE', ( #8641 ), #10593, .F. ) ;
#4651 = EDGE_CURVE ( 'NONE', #643, #2722, #4371, .T. ) ;
#4652 = DIRECTION ( 'NONE',  ( 1.000000000000000000, 0.000000000000000000, -1.110223024625156294E-16 ) ) ;
#4653 = FACE_OUTER_BOUND ( 'NONE', #9992, .T. ) ;
#4654 = EDGE_LOOP ( 'NONE', ( #4973, #8913, #4208, #4070 ) ) ;
#4655 = CARTESIAN_POINT ( 'NONE',  ( 3.490000000000001545, -32.81321928319991343, 0.9499999999999970690 ) ) ;
#4656 = VERTEX_POINT ( 'NONE', #3556 ) ;
#4657 = FACE_OUTER_BOUND ( 'NONE', #677, .T. ) ;
#4658 = ORIENTED_EDGE ( 'NONE', *, *, #3068, .T. ) ;
#4659 = EDGE_CURVE ( 'NONE', #1455, #11513, #6463, .T. ) ;
#4660 = ORIENTED_EDGE ( 'NONE', *, *, #2041, .T. ) ;
#4661 = VECTOR ( 'NONE', #6992, 1000.000000000000000 ) ;
#4662 = CARTESIAN_POINT ( 'NONE',  ( -12.25000000000000711, 0.2499999999999967526, 4.425000000000003375 ) ) ;
#4663 = CARTESIAN_POINT ( 'NONE',  ( 11.75000000000000000, 0.7499999999999972244, -0.9500000000000000666 ) ) ;
#4664 = CARTESIAN_POINT ( 'NONE',  ( -6.670000000000005258, 2.599999999999998312, -0.9499999999999978462 ) ) ;
#4665 = DIRECTION ( 'NONE',  ( 1.030816200048588727E-16, 0.3713906763541041101, 0.9284766908852591927 ) ) ;
#4666 = VERTEX_POINT ( 'NONE', #11673 ) ;
#4667 = EDGE_LOOP ( 'NONE', ( #8279, #9009, #9998, #5289 ) ) ;
#4668 = CARTESIAN_POINT ( 'NONE',  ( -6.230000000000008420, -3.000000000000005329, 1.590000000000001856 ) ) ;
#4669 = CARTESIAN_POINT ( 'NONE',  ( 1.149999999999994138, 8.600000000000001421, 1.390000000000001679 ) ) ;
#4670 = EDGE_CURVE ( 'NONE', #10529, #6946, #1325, .T. ) ;
#4671 = EDGE_LOOP ( 'NONE', ( #3991, #6522, #1720, #12823 ) ) ;
#4672 = LINE ( 'NONE', #9947, #10782 ) ;
#4673 = VECTOR ( 'NONE', #12431, 999.9999999999998863 ) ;
#4674 = VECTOR ( 'NONE', #2211, 1000.000000000000000 ) ;
#4675 = EDGE_LOOP ( 'NONE', ( #4591, #4802, #11453, #4454 ) ) ;
#4676 = DIRECTION ( 'NONE',  ( -1.000000000000000000, -2.220446049250312341E-16, 1.110223024625156047E-16 ) ) ;
#4677 = DIRECTION ( 'NONE',  ( 1.110223024625150377E-16, 2.588040751299031853E-15, 1.000000000000000000 ) ) ;
#4678 = CARTESIAN_POINT ( 'NONE',  ( -8.570000000000005613, 8.599999999999999645, 1.150000000000004130 ) ) ;
#4679 = ORIENTED_EDGE ( 'NONE', *, *, #1675, .F. ) ;
#4680 = VECTOR ( 'NONE', #9887, 1000.000000000000000 ) ;
#4681 = PLANE ( 'NONE',  #5883 ) ;
#4682 = EDGE_LOOP ( 'NONE', ( #6969, #5834, #2804, #1870 ) ) ;
#4683 = LINE ( 'NONE', #7933, #11905 ) ;
#4684 = VECTOR ( 'NONE', #12831, 1000.000000000000000 ) ;
#4685 = DIRECTION ( 'NONE',  ( 2.220446049250312095E-16, -1.000000000000000000, -1.224646799147353207E-16 ) ) ;
#4686 = CARTESIAN_POINT ( 'NONE',  ( -11.11000000000000476, 2.599999999999998312, 1.590000000000003411 ) ) ;
#4687 = FACE_OUTER_BOUND ( 'NONE', #12395, .T. ) ;
#4688 = AXIS2_PLACEMENT_3D ( 'NONE', #7463, #11584, #5161 ) ;
#4689 = ORIENTED_EDGE ( 'NONE', *, *, #360, .F. ) ;
#4690 = DIRECTION ( 'NONE',  ( 1.030816200048588727E-16, 0.3713906763541041101, 0.9284766908852591927 ) ) ;
#4691 = VECTOR ( 'NONE', #10049, 1000.000000000000000 ) ;
#4692 = EDGE_CURVE ( 'NONE', #8459, #9846, #11805, .T. ) ;
#4693 = CARTESIAN_POINT ( 'NONE',  ( -12.25000000000000711, 0.2499999999999967526, 4.425000000000003375 ) ) ;
#4694 = ORIENTED_EDGE ( 'NONE', *, *, #3808, .T. ) ;
#4695 = DIRECTION ( 'NONE',  ( 1.000000000000000000, 0.000000000000000000, -1.110223024625156294E-16 ) ) ;
#4696 = DIRECTION ( 'NONE',  ( -0.3481553119113935946, -0.8703882797784899816, 0.3481553119113957595 ) ) ;
#4697 = CARTESIAN_POINT ( 'NONE',  ( 16.53000000000000114, 0.2499999999999967526, 2.090000000000000746 ) ) ;
#4698 = AXIS2_PLACEMENT_3D ( 'NONE', #6272, #5125, #12437 ) ;
#4699 = DIRECTION ( 'NONE',  ( 0.3481553119113962591, -0.8703882797784889824, 0.3481553119113957040 ) ) ;
#4700 = CARTESIAN_POINT ( 'NONE',  ( -6.030000000000002025, 0.7499999999999972244, 1.590000000000002300 ) ) ;
#4701 = ORIENTED_EDGE ( 'NONE', *, *, #12267, .F. ) ;
#4702 = CARTESIAN_POINT ( 'NONE',  ( 9.209999999999993747, 8.600000000000003197, 1.390000000000000790 ) ) ;
#4704 = VECTOR ( 'NONE', #13053, 1000.000000000000000 ) ;
#4703 = FACE_OUTER_BOUND ( 'NONE', #9774, .T. ) ;
#4705 = EDGE_CURVE ( 'NONE', #2904, #7929, #4765, .T. ) ;
#4706 = ADVANCED_FACE ( 'NONE', ( #716 ), #8083, .F. ) ;
#4707 = VERTEX_POINT ( 'NONE', #12076 ) ;
#4708 = AXIS2_PLACEMENT_3D ( 'NONE', #3147, #6326, #7143 ) ;
#4709 = EDGE_LOOP ( 'NONE', ( #8711, #6983, #6985, #5234 ) ) ;
#4710 = VECTOR ( 'NONE', #8022, 1000.000000000000000 ) ;
#4711 = CARTESIAN_POINT ( 'NONE',  ( -9.210000000000006182, -2.500000000000003109, -0.9499999999999982903 ) ) ;
#4712 = ORIENTED_EDGE ( 'NONE', *, *, #11683, .F. ) ;
#4713 = DIRECTION ( 'NONE',  ( 1.649305920077741323E-16, -0.9284766908852591927, -0.3713906763541040545 ) ) ;
#4714 = PLANE ( 'NONE',  #3549 ) ;
#4715 = ORIENTED_EDGE ( 'NONE', *, *, #3775, .F. ) ;
#4716 = CARTESIAN_POINT ( 'NONE',  ( 5.209999999999995524, -5.410000000000005471, 7.750000000000000888 ) ) ;
#4717 = LINE ( 'NONE', #2825, #1557 ) ;
#4718 = EDGE_LOOP ( 'NONE', ( #6099, #12133, #3936, #9535 ) ) ;
#4719 = CARTESIAN_POINT ( 'NONE',  ( 6.669999999999996376, 2.599999999999999201, 0.9500000000000010658 ) ) ;
#4720 = AXIS2_PLACEMENT_3D ( 'NONE', #12324, #93, #9213 ) ;
#4721 = EDGE_CURVE ( 'NONE', #7549, #9869, #9031, .T. ) ;
#4722 = ADVANCED_FACE ( 'NONE', ( #5913 ), #3958, .F. ) ;
#4723 = EDGE_CURVE ( 'NONE', #2963, #4030, #5776, .T. ) ;
#4724 = ORIENTED_EDGE ( 'NONE', *, *, #4185, .F. ) ;
#4725 = VERTEX_POINT ( 'NONE', #2741 ) ;
#4726 = DIRECTION ( 'NONE',  ( -0.5773502691896252870, 0.5773502691896270633, 0.5773502691896250649 ) ) ;
#4727 = DIRECTION ( 'NONE',  ( -0.9284766908852590817, -0.3713906763541042766, 5.759937970183641537E-17 ) ) ;
#4728 = DIRECTION ( 'NONE',  ( -0.3481553119113935946, -0.8703882797784899816, 0.3481553119113957595 ) ) ;
#4729 = LINE ( 'NONE', #5742, #95 ) ;
#4730 = ADVANCED_FACE ( 'NONE', ( #9907 ), #9844, .T. ) ;
#4731 = VECTOR ( 'NONE', #2978, 1000.000000000000000 ) ;
#4732 = EDGE_CURVE ( 'NONE', #9729, #5698, #2809, .T. ) ;
#4733 = VERTEX_POINT ( 'NONE', #6935 ) ;
#4734 = ORIENTED_EDGE ( 'NONE', *, *, #998, .T. ) ;
#4735 = ADVANCED_FACE ( 'NONE', ( #10998 ), #10924, .F. ) ;
#4736 = LINE ( 'NONE', #11837, #6144 ) ;
#4737 = DIRECTION ( 'NONE',  ( 1.000000000000000000, 0.000000000000000000, -1.110223024625156294E-16 ) ) ;
#4738 = DIRECTION ( 'NONE',  ( -7.850462293418888160E-17, 0.7071067811865462405, -0.7071067811865487940 ) ) ;
#4739 = VERTEX_POINT ( 'NONE', #1796 ) ;
#4740 = DIRECTION ( 'NONE',  ( -0.3713906763541042766, 0.9284766908852590817, 1.549382487594995162E-16 ) ) ;
#4741 = VERTEX_POINT ( 'NONE', #10046 ) ;
#4742 = PLANE ( 'NONE',  #6850 ) ;
#4743 = AXIS2_PLACEMENT_3D ( 'NONE', #7981, #4727, #1694 ) ;
#4744 = LINE ( 'NONE', #8867, #6200 ) ;
#4745 = DIRECTION ( 'NONE',  ( -0.3481553119113937056, -0.8703882797784899816, -0.3481553119113958705 ) ) ;
#4746 = VERTEX_POINT ( 'NONE', #3749 ) ;
#4747 = EDGE_CURVE ( 'NONE', #895, #7439, #7883, .T. ) ;
#4748 = CARTESIAN_POINT ( 'NONE',  ( -13.21500000000000163, -2.602085213965210642E-15, -3.624999999999996003 ) ) ;
#4749 = ORIENTED_EDGE ( 'NONE', *, *, #13371, .T. ) ;
#4750 = LINE ( 'NONE', #7799, #11052 ) ;
#4751 = EDGE_CURVE ( 'NONE', #4441, #7396, #2940, .T. ) ;
#4752 = ADVANCED_FACE ( 'NONE', ( #9095 ), #8017, .F. ) ;
#4753 = FILL_AREA_STYLE ('',( #12061 ) ) ;
#4754 = CARTESIAN_POINT ( 'NONE',  ( -6.030000000000003801, 8.100000000000003197, 1.590000000000003189 ) ) ;
#4755 = DIRECTION ( 'NONE',  ( -2.220446049250312095E-16, 1.000000000000000000, 1.224646799147353207E-16 ) ) ;
#4756 = ORIENTED_EDGE ( 'NONE', *, *, #11700, .F. ) ;
#4757 = LINE ( 'NONE', #5767, #930 ) ;
#4758 = ORIENTED_EDGE ( 'NONE', *, *, #275, .F. ) ;
#4759 = VERTEX_POINT ( 'NONE', #5981 ) ;
#4760 = CARTESIAN_POINT ( 'NONE',  ( 9.583939393939390428, 7.165151515151512385, 1.963939393939392097 ) ) ;
#4761 = CARTESIAN_POINT ( 'NONE',  ( -3.490000000000002434, 0.7499999999999963363, 0.9500000000000020650 ) ) ;
#4762 = ADVANCED_FACE ( 'NONE', ( #11204 ), #580, .T. ) ;
#4763 = DIRECTION ( 'NONE',  ( 1.110223024625156294E-16, -1.224646799147353207E-16, 1.000000000000000000 ) ) ;
#4764 = CARTESIAN_POINT ( 'NONE',  ( 9.209999999999995524, 2.599999999999999201, -1.589999999999999636 ) ) ;
#4765 = LINE ( 'NONE', #8889, #7036 ) ;
#4766 = CARTESIAN_POINT ( 'NONE',  ( 16.53000000000000114, 6.649999999999999467, 1.649999999999999689 ) ) ;
#4767 = ORIENTED_EDGE ( 'NONE', *, *, #12748, .T. ) ;
#4768 = ADVANCED_FACE ( 'NONE', ( #2674 ), #12143, .F. ) ;
#4769 = CARTESIAN_POINT ( 'NONE',  ( 16.53000000000000114, 0.2499999999999976130, -4.425000000000001599 ) ) ;
#4770 = CARTESIAN_POINT ( 'NONE',  ( -1.590000000000004299, 2.599999999999998312, -1.589999999999998304 ) ) ;
#4771 = DIRECTION ( 'NONE',  ( -2.220446049250312095E-16, 1.000000000000000000, 1.224646799147353207E-16 ) ) ;
#4772 = VECTOR ( 'NONE', #9338, 1000.000000000000000 ) ;
#4773 = EDGE_CURVE ( 'NONE', #5361, #3810, #11138, .T. ) ;
#4774 = EDGE_LOOP ( 'NONE', ( #2191, #8164, #8981, #11537 ) ) ;
#4775 = ORIENTED_EDGE ( 'NONE', *, *, #8378, .T. ) ;
#4776 = CARTESIAN_POINT ( 'NONE',  ( 8.569999999999998508, -3.000000000000004441, -1.150000000000000355 ) ) ;
#4777 = ORIENTED_EDGE ( 'NONE', *, *, #3300, .T. ) ;
#4778 = DIRECTION ( 'NONE',  ( -2.220446049250312095E-16, 1.000000000000000000, 1.224646799147353207E-16 ) ) ;
#4779 = FACE_OUTER_BOUND ( 'NONE', #664, .T. ) ;
#4780 = ORIENTED_EDGE ( 'NONE', *, *, #690, .F. ) ;
#4781 = LINE ( 'NONE', #797, #9347 ) ;
#4782 = CARTESIAN_POINT ( 'NONE',  ( -6.670000000000005258, 2.599999999999997868, 1.590000000000002522 ) ) ;
#4783 = ORIENTED_EDGE ( 'NONE', *, *, #8121, .F. ) ;
#4784 = LINE ( 'NONE', #12229, #12678 ) ;
#4785 = VECTOR ( 'NONE', #12336, 1000.000000000000114 ) ;
#4786 = VERTEX_POINT ( 'NONE', #852 ) ;
#4787 = ORIENTED_EDGE ( 'NONE', *, *, #2937, .T. ) ;
#4788 = VECTOR ( 'NONE', #6838, 1000.000000000000000 ) ;
#4789 = DIRECTION ( 'NONE',  ( -1.110223024625156294E-16, 1.224646799147353207E-16, -1.000000000000000000 ) ) ;
#4790 = CARTESIAN_POINT ( 'NONE',  ( 1.590000000000005853, -32.81321928319991343, -0.9500000000000031752 ) ) ;
#4791 = CARTESIAN_POINT ( 'NONE',  ( 3.490000000000001545, -32.81321928319991343, -0.9500000000000033973 ) ) ;
#4792 = DIRECTION ( 'NONE',  ( 0.3481553119113962591, -0.8703882797784889824, 0.3481553119113957040 ) ) ;
#4793 = CARTESIAN_POINT ( 'NONE',  ( 9.009999999999996234, 8.600000000000003197, 1.150000000000001910 ) ) ;
#4794 = EDGE_CURVE ( 'NONE', #6120, #9420, #10313, .T. ) ;
#4795 = ORIENTED_EDGE ( 'NONE', *, *, #10154, .T. ) ;
#4796 = EDGE_CURVE ( 'NONE', #1893, #12521, #11150, .T. ) ;
#4797 = EDGE_LOOP ( 'NONE', ( #13078, #3350, #12979, #9941 ) ) ;
#4798 = LINE ( 'NONE', #8997, #12142 ) ;
#4799 = VECTOR ( 'NONE', #10957, 1000.000000000000000 ) ;
#4800 = FACE_OUTER_BOUND ( 'NONE', #1225, .T. ) ;
#4801 = CARTESIAN_POINT ( 'NONE',  ( -14.38000000000001677, 9.099999999999999645, -4.424999999999994493 ) ) ;
#4802 = ORIENTED_EDGE ( 'NONE', *, *, #6348, .F. ) ;
#4803 = CARTESIAN_POINT ( 'NONE',  ( 11.10999999999999943, 8.100000000000001421, -0.9499999999999991784 ) ) ;
#4804 = VECTOR ( 'NONE', #947, 1000.000000000000000 ) ;
#4805 = EDGE_CURVE ( 'NONE', #7859, #8909, #9295, .T. ) ;
#4806 = VERTEX_POINT ( 'NONE', #6044 ) ;
#4807 = DIRECTION ( 'NONE',  ( -1.000000000000000000, -3.204747427460362211E-31, 2.821527733676277528E-15 ) ) ;
#4808 = ORIENTED_EDGE ( 'NONE', *, *, #12011, .T. ) ;
#4809 = PLANE ( 'NONE',  #1462 ) ;
#4810 = CARTESIAN_POINT ( 'NONE',  ( -0.9500000000000018430, 0.7499999999999981126, 1.590000000000001856 ) ) ;
#4811 = ORIENTED_EDGE ( 'NONE', *, *, #4985, .F. ) ;
#4812 = EDGE_CURVE ( 'NONE', #481, #13194, #913, .T. ) ;
#4813 = FACE_OUTER_BOUND ( 'NONE', #8310, .T. ) ;
#4814 = ORIENTED_EDGE ( 'NONE', *, *, #6047, .F. ) ;
#4815 = EDGE_CURVE ( 'NONE', #4545, #1951, #4288, .T. ) ;
#4816 = DIRECTION ( 'NONE',  ( -1.110223024625156294E-16, 1.224646799147353207E-16, -1.000000000000000000 ) ) ;
#4817 = VECTOR ( 'NONE', #9049, 1000.000000000000000 ) ;
#4818 = VECTOR ( 'NONE', #5176, 1000.000000000000000 ) ;
#4819 = DIRECTION ( 'NONE',  ( 1.030816200048588727E-16, 0.3713906763541041101, 0.9284766908852591927 ) ) ;
#4820 = FACE_OUTER_BOUND ( 'NONE', #6520, .T. ) ;
#4821 = EDGE_CURVE ( 'NONE', #2440, #9097, #7134, .T. ) ;
#4822 = ORIENTED_EDGE ( 'NONE', *, *, #10400, .F. ) ;
#4823 = CARTESIAN_POINT ( 'NONE',  ( -9.209999999999999076, -32.81321928319991343, -0.9500000000000019540 ) ) ;
#4824 = LINE ( 'NONE', #3812, #7503 ) ;
#4825 = STYLED_ITEM ( 'NONE', ( #9152 ), #11945 ) ;
#4826 = ORIENTED_EDGE ( 'NONE', *, *, #7004, .F. ) ;
#4827 = LINE ( 'NONE', #12000, #13098 ) ;
#4828 = LINE ( 'NONE', #7878, #4590 ) ;
#4829 = CARTESIAN_POINT ( 'NONE',  ( 2.089999999999992308, 0.2499999999999967526, 4.425000000000001599 ) ) ;
#4830 = CARTESIAN_POINT ( 'NONE',  ( 8.570000000000000284, 8.100000000000003197, -0.9499999999999989564 ) ) ;
#4831 = CARTESIAN_POINT ( 'NONE',  ( -9.772738174262939500E-15, -2.602085213965210642E-15, -3.624999999999997335 ) ) ;
#4832 = LINE ( 'NONE', #11870, #13249 ) ;
#4833 = ORIENTED_EDGE ( 'NONE', *, *, #10590, .T. ) ;
#4834 = CARTESIAN_POINT ( 'NONE',  ( 13.64000000000000234, -5.204170427930421283E-15, 3.625000000000000888 ) ) ;
#4835 = LINE ( 'NONE', #10798, #1805 ) ;
#4836 = CARTESIAN_POINT ( 'NONE',  ( 9.209999999999999076, 0.7499999999999972244, -0.9499999999999997335 ) ) ;
#4837 = EDGE_CURVE ( 'NONE', #2855, #8056, #7406, .T. ) ;
#4838 = VECTOR ( 'NONE', #1743, 1000.000000000000000 ) ;
#4839 = ORIENTED_EDGE ( 'NONE', *, *, #9182, .T. ) ;
#4840 = ORIENTED_EDGE ( 'NONE', *, *, #5470, .F. ) ;
#4841 = CARTESIAN_POINT ( 'NONE',  ( 1.389999999999993463, -3.000000000000004441, -1.149999999999999911 ) ) ;
#4842 = ORIENTED_EDGE ( 'NONE', *, *, #866, .F. ) ;
#4843 = LINE ( 'NONE', #12154, #5442 ) ;
#4844 = EDGE_CURVE ( 'NONE', #6093, #2472, #11552, .T. ) ;
#4845 = FACE_OUTER_BOUND ( 'NONE', #9772, .T. ) ;
#4846 = DIRECTION ( 'NONE',  ( 7.850462293418890625E-17, 0.7071067811865460184, 0.7071067811865490160 ) ) ;
#4847 = ORIENTED_EDGE ( 'NONE', *, *, #8576, .F. ) ;
#4848 = CARTESIAN_POINT ( 'NONE',  ( 9.210000000000000853, 8.100000000000003197, 0.9500000000000015099 ) ) ;
#4849 = FACE_OUTER_BOUND ( 'NONE', #2204, .T. ) ;
#4850 = ORIENTED_EDGE ( 'NONE', *, *, #11700, .T. ) ;
#4851 = VECTOR ( 'NONE', #4600, 1000.000000000000114 ) ;
#4852 = DIRECTION ( 'NONE',  ( 0.7071067811865494601, 0.7071067811865456854, 1.924707753543579833E-15 ) ) ;
#4853 = LINE ( 'NONE', #2448, #5158 ) ;
#4854 = VECTOR ( 'NONE', #12403, 1000.000000000000000 ) ;
#4855 = ORIENTED_EDGE ( 'NONE', *, *, #8821, .F. ) ;
#4856 = VERTEX_POINT ( 'NONE', #12408 ) ;
#4857 = LINE ( 'NONE', #3851, #10326 ) ;
#4858 = CARTESIAN_POINT ( 'NONE',  ( -13.64000000000000945, 0.2499999999999976130, -3.624999999999996003 ) ) ;
#4859 = CARTESIAN_POINT ( 'NONE',  ( 11.75000000000000711, -2.500000000000003997, -0.9500000000000005107 ) ) ;
#4860 = FACE_OUTER_BOUND ( 'NONE', #3034, .T. ) ;
#4861 = CARTESIAN_POINT ( 'NONE',  ( 1.125757575757576623, -2.939393939393943889, -1.125757575757578621 ) ) ;
#4862 = ORIENTED_EDGE ( 'NONE', *, *, #9777, .F. ) ;
#4863 = AXIS2_PLACEMENT_3D ( 'NONE', #5757, #10093, #8809 ) ;
#4864 = EDGE_LOOP ( 'NONE', ( #670, #8582, #6818, #12030 ) ) ;
#4865 = CARTESIAN_POINT ( 'NONE',  ( -1.138484848484844880, 9.228787878787880317, -1.401515151515146496 ) ) ;
#4866 = PLANE ( 'NONE',  #7184 ) ;
#4867 = VECTOR ( 'NONE', #8099, 999.9999999999998863 ) ;
#4868 = AXIS2_PLACEMENT_3D ( 'NONE', #11064, #1863, #13162 ) ;
#4869 =( NAMED_UNIT ( * ) SI_UNIT ( $, .STERADIAN. ) SOLID_ANGLE_UNIT ( ) );
#4870 = ORIENTED_EDGE ( 'NONE', *, *, #4794, .F. ) ;
#4871 = EDGE_CURVE ( 'NONE', #7522, #4184, #1113, .T. ) ;
#4872 = LINE ( 'NONE', #2784, #9915 ) ;
#4873 = VERTEX_POINT ( 'NONE', #8424 ) ;
#4874 = CARTESIAN_POINT ( 'NONE',  ( -3.489999999999995328, -32.81321928319991343, 0.9499999999999979572 ) ) ;
#4875 = ORIENTED_EDGE ( 'NONE', *, *, #8322, .F. ) ;
#4876 = DIRECTION ( 'NONE',  ( -1.000000000000000000, -2.220446049250308890E-16, -2.599483128751243459E-15 ) ) ;
#4877 = FILL_AREA_STYLE_COLOUR ( '', #3207 ) ;
#4878 = EDGE_LOOP ( 'NONE', ( #11882, #6517, #9819, #7078 ) ) ;
#4879 = CARTESIAN_POINT ( 'NONE',  ( -6.669999999999997264, -32.81321928319991343, -0.9500000000000021760 ) ) ;
#4880 = ORIENTED_EDGE ( 'NONE', *, *, #7552, .F. ) ;
#4881 = DIRECTION ( 'NONE',  ( 1.110223024625156294E-16, -1.224646799147353207E-16, 1.000000000000000000 ) ) ;
#4882 = CARTESIAN_POINT ( 'NONE',  ( 16.53000000000000114, 0.2499999999999967526, -0.4500000000000005107 ) ) ;
#4883 = AXIS2_PLACEMENT_3D ( 'NONE', #1393, #2347, #6457 ) ;
#4884 = ORIENTED_EDGE ( 'NONE', *, *, #1686, .F. ) ;
#4885 = ADVANCED_FACE ( 'NONE', ( #9226 ), #10178, .F. ) ;
#4886 = LINE ( 'NONE', #9020, #11213 ) ;
#4887 = EDGE_CURVE ( 'NONE', #5183, #2058, #2061, .T. ) ;
#4888 = EDGE_CURVE ( 'NONE', #6885, #7568, #980, .T. ) ;
#4889 = ORIENTED_EDGE ( 'NONE', *, *, #4888, .F. ) ;
#4890 = CARTESIAN_POINT ( 'NONE',  ( 2.621666666666654599, 2.421666666666668188, 0.08166666666666075325 ) ) ;
#4891 = LINE ( 'NONE', #12135, #3449 ) ;
#4892 = EDGE_LOOP ( 'NONE', ( #2312, #8725, #2415, #3659 ) ) ;
#4893 = DIRECTION ( 'NONE',  ( 2.220446049250311848E-16, -1.000000000000000000, -1.224646799147353454E-16 ) ) ;
#4894 = LINE ( 'NONE', #4017, #6714 ) ;
#4895 = AXIS2_PLACEMENT_3D ( 'NONE', #10066, #800, #9052 ) ;
#4896 = VECTOR ( 'NONE', #1528, 1000.000000000000000 ) ;
#4897 = LINE ( 'NONE', #9029, #5720 ) ;
#4898 = EDGE_CURVE ( 'NONE', #13326, #6980, #11401, .T. ) ;
#4899 = LINE ( 'NONE', #5912, #4132 ) ;
#4900 = EDGE_CURVE ( 'NONE', #3145, #1533, #8222, .T. ) ;
#4901 = DIRECTION ( 'NONE',  ( -0.3481553119113937056, -0.8703882797784899816, -0.3481553119113958705 ) ) ;
#4902 = DIRECTION ( 'NONE',  ( 1.000000000000000000, 0.000000000000000000, -1.110223024625156294E-16 ) ) ;
#4903 = ORIENTED_EDGE ( 'NONE', *, *, #9977, .F. ) ;
#4904 = ADVANCED_FACE ( 'NONE', ( #6250 ), #2197, .T. ) ;
#4905 = EDGE_CURVE ( 'NONE', #5864, #4395, #9365, .T. ) ;
#4906 = LINE ( 'NONE', #8830, #7508 ) ;
#4907 = VECTOR ( 'NONE', #5903, 1000.000000000000114 ) ;
#4908 = LINE ( 'NONE', #12010, #509 ) ;
#4909 = AXIS2_PLACEMENT_3D ( 'NONE', #10570, #10303, #97 ) ;
#4910 = DIRECTION ( 'NONE',  ( 1.110223024625156294E-16, -1.224646799147353207E-16, 1.000000000000000000 ) ) ;
#4911 = VECTOR ( 'NONE', #8488, 1000.000000000000000 ) ;
#4912 = EDGE_LOOP ( 'NONE', ( #3489, #3913, #10750, #5852 ) ) ;
#4913 = VERTEX_POINT ( 'NONE', #11329 ) ;
#4914 = DIRECTION ( 'NONE',  ( -1.110223024625156294E-16, 1.224646799147353207E-16, -1.000000000000000000 ) ) ;
#4915 = EDGE_LOOP ( 'NONE', ( #5577, #4152, #9940, #12753 ) ) ;
#4916 = CARTESIAN_POINT ( 'NONE',  ( 16.53000000000000114, 0.2499999999999967526, 1.649999999999999023 ) ) ;
#4917 = VECTOR ( 'NONE', #12170, 1000.000000000000000 ) ;
#4918 = DIRECTION ( 'NONE',  ( 2.220446049250312095E-16, -1.000000000000000000, -1.224646799147353207E-16 ) ) ;
#4919 = LINE ( 'NONE', #7016, #4867 ) ;
#4920 = EDGE_CURVE ( 'NONE', #7362, #7092, #105, .T. ) ;
#4921 = DIRECTION ( 'NONE',  ( 1.030816200048588727E-16, 0.3713906763541041101, 0.9284766908852591927 ) ) ;
#4922 = AXIS2_PLACEMENT_3D ( 'NONE', #11169, #5260, #9385 ) ;
#4923 = DIRECTION ( 'NONE',  ( -0.9284766908852596368, 0.3713906763541028333, 1.485638603078811822E-16 ) ) ;
#4924 = VERTEX_POINT ( 'NONE', #3208 ) ;
#4925 = ADVANCED_FACE ( 'NONE', ( #7342 ), #6314, .T. ) ;
#4926 = CARTESIAN_POINT ( 'NONE',  ( 6.669999999999997264, -2.500000000000003109, -0.9499999999999999556 ) ) ;
#4927 = PLANE ( 'NONE',  #1708 ) ;
#4928 = EDGE_CURVE ( 'NONE', #1533, #9636, #1245, .T. ) ;
#4929 = VECTOR ( 'NONE', #6090, 1000.000000000000114 ) ;
#4930 = EDGE_LOOP ( 'NONE', ( #13055, #10257, #6882, #9505 ) ) ;
#4931 = VECTOR ( 'NONE', #7205, 1000.000000000000000 ) ;
#4932 = EDGE_LOOP ( 'NONE', ( #6259, #8449, #11032, #6419, #10036 ) ) ;
#4933 = CARTESIAN_POINT ( 'NONE',  ( 6.029999999999994031, 8.099999999999999645, 1.590000000000001856 ) ) ;
#4934 = PLANE ( 'NONE',  #9091 ) ;
#4935 = CARTESIAN_POINT ( 'NONE',  ( 9.009999999999999787, 8.600000000000003197, -0.9499999999999989564 ) ) ;
#4936 = DIRECTION ( 'NONE',  ( -0.5773502691896271743, 0.5773502691896260641, 0.5773502691896240657 ) ) ;
#4937 = CARTESIAN_POINT ( 'NONE',  ( -3.490000000000001990, -2.500000000000002220, -0.9499999999999988454 ) ) ;
#4938 = ORIENTED_EDGE ( 'NONE', *, *, #9546, .T. ) ;
#4939 = MECHANICAL_DESIGN_GEOMETRIC_PRESENTATION_REPRESENTATION (  '', ( #2569 ), #4287 ) ;
#4940 = VERTEX_POINT ( 'NONE', #12612 ) ;
#4941 = CYLINDRICAL_SURFACE ( 'NONE', #327, 0.4250000000000000444 ) ;
#4942 = AXIS2_PLACEMENT_3D ( 'NONE', #9351, #1034, #7332 ) ;
#4943 = CARTESIAN_POINT ( 'NONE',  ( -11.75000000000000000, -32.81321928319991343, -1.590000000000001412 ) ) ;
#4944 = ORIENTED_EDGE ( 'NONE', *, *, #2749, .F. ) ;
#4945 = LINE ( 'NONE', #6908, #3006 ) ;
#4946 = FACE_OUTER_BOUND ( 'NONE', #12015, .T. ) ;
#4947 = EDGE_CURVE ( 'NONE', #3928, #13262, #8486, .T. ) ;
#4948 = VECTOR ( 'NONE', #9617, 1000.000000000000227 ) ;
#4949 = ORIENTED_EDGE ( 'NONE', *, *, #5380, .F. ) ;
#4950 = CARTESIAN_POINT ( 'NONE',  ( -0.4500000000000148881, 0.2499999999999958922, 4.425000000000001599 ) ) ;
#4951 = ORIENTED_EDGE ( 'NONE', *, *, #7630, .T. ) ;
#4952 = LINE ( 'NONE', #9144, #4476 ) ;
#4953 = LINE ( 'NONE', #10090, #2135 ) ;
#4954 = VERTEX_POINT ( 'NONE', #3340 ) ;
#4955 = CARTESIAN_POINT ( 'NONE',  ( -11.75000000000000711, 0.7499999999999972244, 1.590000000000003189 ) ) ;
#4956 = EDGE_LOOP ( 'NONE', ( #6231, #711, #5533, #3046 ) ) ;
#4957 = DIRECTION ( 'NONE',  ( -0.3481553119113937056, -0.8703882797784899816, -0.3481553119113958705 ) ) ;
#4958 = DIRECTION ( 'NONE',  ( -2.220446049250312095E-16, 1.000000000000000000, 1.224646799147353207E-16 ) ) ;
#4959 = CARTESIAN_POINT ( 'NONE',  ( -2.250000000000004441, 2.599999999999996536, 4.425000000000002487 ) ) ;
#4960 = EDGE_LOOP ( 'NONE', ( #5230, #3751, #120, #5206 ) ) ;
#4961 = DIRECTION ( 'NONE',  ( 1.110223024625156294E-16, -1.224646799147353207E-16, 1.000000000000000000 ) ) ;
#4962 = CARTESIAN_POINT ( 'NONE',  ( -0.9500000000000037303, 8.600000000000001421, 1.150000000000003242 ) ) ;
#4963 = ORIENTED_EDGE ( 'NONE', *, *, #8930, .F. ) ;
#4964 = PLANE ( 'NONE',  #6624 ) ;
#4965 = DIRECTION ( 'NONE',  ( 1.649305920077741323E-16, -0.9284766908852591927, -0.3713906763541040545 ) ) ;
#4966 = CARTESIAN_POINT ( 'NONE',  ( 16.53000000000000114, 0.2499999999999976130, -4.425000000000001599 ) ) ;
#4967 = CARTESIAN_POINT ( 'NONE',  ( -9.210000000000006182, 0.7499999999999972244, -0.9499999999999978462 ) ) ;
#4968 = ADVANCED_FACE ( 'NONE', ( #7473 ), #11657, .F. ) ;
#4969 = EDGE_CURVE ( 'NONE', #9420, #3378, #5432, .T. ) ;
#4970 = EDGE_CURVE ( 'NONE', #8333, #2820, #6381, .T. ) ;
#4971 = CARTESIAN_POINT ( 'NONE',  ( -10.73606060606060630, -1.565151515151523842, -0.5760606060606047185 ) ) ;
#4972 = DIRECTION ( 'NONE',  ( -1.000000000000000000, 0.000000000000000000, 1.110223024625156294E-16 ) ) ;
#4973 = ORIENTED_EDGE ( 'NONE', *, *, #12797, .T. ) ;
#4974 = CARTESIAN_POINT ( 'NONE',  ( -11.75000000000000711, 0.7499999999999981126, -1.589999999999997193 ) ) ;
#4975 = FACE_OUTER_BOUND ( 'NONE', #13201, .T. ) ;
#4976 = LINE ( 'NONE', #10122, #3195 ) ;
#4977 = ORIENTED_EDGE ( 'NONE', *, *, #12177, .T. ) ;
#4978 = ORIENTED_EDGE ( 'NONE', *, *, #11198, .F. ) ;
#4979 = ADVANCED_FACE ( 'NONE', ( #6510 ), #9565, .F. ) ;
#4980 = DIRECTION ( 'NONE',  ( -1.000000000000000000, 0.000000000000000000, 1.110223024625156294E-16 ) ) ;
#4981 = ORIENTED_EDGE ( 'NONE', *, *, #9702, .T. ) ;
#4982 = LINE ( 'NONE', #9107, #11165 ) ;
#4983 = FACE_OUTER_BOUND ( 'NONE', #9953, .T. ) ;
#4984 = DIRECTION ( 'NONE',  ( 0.9284766908852596368, 0.3713906763541028888, -5.759937970183664956E-17 ) ) ;
#4985 = EDGE_CURVE ( 'NONE', #10440, #4294, #4424, .T. ) ;
#4986 = DIRECTION ( 'NONE',  ( -1.000000000000000000, 0.000000000000000000, 1.110223024625156294E-16 ) ) ;
#4987 = CARTESIAN_POINT ( 'NONE',  ( 2.089999999999992308, 0.2499999999999967526, 4.425000000000001599 ) ) ;
#4988 = ORIENTED_EDGE ( 'NONE', *, *, #11906, .F. ) ;
#4989 = EDGE_CURVE ( 'NONE', #1058, #7362, #7540, .T. ) ;
#4990 = CARTESIAN_POINT ( 'NONE',  ( -15.48000000000000398, 2.599999999999997424, 3.175000000000003375 ) ) ;
#4991 = AXIS2_PLACEMENT_3D ( 'NONE', #4790, #13118, #9871 ) ;
#4992 = LINE ( 'NONE', #7288, #9482 ) ;
#4993 = AXIS2_PLACEMENT_3D ( 'NONE', #2914, #7040, #11107 ) ;
#4994 = ORIENTED_EDGE ( 'NONE', *, *, #8365, .F. ) ;
#4995 = EDGE_LOOP ( 'NONE', ( #8721, #2342, #10742, #5046 ) ) ;
#4996 = LINE ( 'NONE', #9125, #6861 ) ;
#4997 = CARTESIAN_POINT ( 'NONE',  ( 16.53000000000000114, 6.649999999999999467, 1.649999999999999689 ) ) ;
#4998 = LINE ( 'NONE', #7843, #5665 ) ;
#4999 = CARTESIAN_POINT ( 'NONE',  ( 2.089999999999991420, 0.2499999999999976130, -2.089999999999999414 ) ) ;
#5000 = CARTESIAN_POINT ( 'NONE',  ( 1.149999999999993694, 8.600000000000001421, -1.149999999999998579 ) ) ;
#5001 = ORIENTED_EDGE ( 'NONE', *, *, #4871, .T. ) ;
#5002 = EDGE_LOOP ( 'NONE', ( #9312, #4260 ) ) ;
#5003 = CARTESIAN_POINT ( 'NONE',  ( 6.669999999999996376, 2.599999999999999201, 1.590000000000001190 ) ) ;
#5004 = VECTOR ( 'NONE', #10227, 999.9999999999998863 ) ;
#5005 = LINE ( 'NONE', #12245, #2441 ) ;
#5006 = ORIENTED_EDGE ( 'NONE', *, *, #3301, .T. ) ;
#5007 = DIRECTION ( 'NONE',  ( -1.000000000000000000, 0.000000000000000000, 1.110223024625156294E-16 ) ) ;
#5008 = DIRECTION ( 'NONE',  ( -0.3481553119113939831, 0.8703882797784897596, 0.3481553119113959816 ) ) ;
#5009 = ADVANCED_FACE ( 'NONE', ( #10506 ), #12269, .T. ) ;
#5010 = AXIS2_PLACEMENT_3D ( 'NONE', #11674, #12829, #3557 ) ;
#5011 = AXIS2_PLACEMENT_3D ( 'NONE', #8670, #6295, #3253 ) ;
#5012 = PRESENTATION_LAYER_ASSIGNMENT (  '', '', ( #1562 ) ) ;
#5013 = CARTESIAN_POINT ( 'NONE',  ( 3.929999999999997939, -3.000000000000005329, -1.389999999999998792 ) ) ;
#5014 = ORIENTED_EDGE ( 'NONE', *, *, #2085, .F. ) ;
#5015 = CARTESIAN_POINT ( 'NONE',  ( -11.75000000000000000, -32.81321928319991343, 0.9499999999999987343 ) ) ;
#5016 = CARTESIAN_POINT ( 'NONE',  ( 13.87500000000000178, -1.375000000000002887, 1.174999999999999378 ) ) ;
#5017 = VERTEX_POINT ( 'NONE', #12134 ) ;
#5018 = EDGE_CURVE ( 'NONE', #9729, #5357, #9023, .T. ) ;
#5019 = ORIENTED_EDGE ( 'NONE', *, *, #5523, .F. ) ;
#5020 = LINE ( 'NONE', #8336, #12790 ) ;
#5021 = ADVANCED_FACE ( 'NONE', ( #1855 ), #6100, .F. ) ;
#5022 = VECTOR ( 'NONE', #6749, 1000.000000000000000 ) ;
#5023 = DIRECTION ( 'NONE',  ( -1.110223024625156294E-16, 1.224646799147353207E-16, -1.000000000000000000 ) ) ;
#5024 = SURFACE_SIDE_STYLE ('',( #8071 ) ) ;
#5025 = DIRECTION ( 'NONE',  ( 1.000000000000000000, 0.000000000000000000, -1.110223024625156294E-16 ) ) ;
#5026 = ORIENTED_EDGE ( 'NONE', *, *, #13351, .T. ) ;
#5027 = CARTESIAN_POINT ( 'NONE',  ( 9.209999999999997300, 8.600000000000003197, -0.9499999999999989564 ) ) ;
#5028 = DIRECTION ( 'NONE',  ( 2.220446049250312095E-16, -1.000000000000000000, -1.224646799147353207E-16 ) ) ;
#5029 = AXIS2_PLACEMENT_3D ( 'NONE', #10715, #12945, #11929 ) ;
#5030 = ORIENTED_EDGE ( 'NONE', *, *, #10520, .F. ) ;
#5031 = CARTESIAN_POINT ( 'NONE',  ( 6.669999999999997264, -2.500000000000003109, 1.590000000000000524 ) ) ;
#5032 = DIRECTION ( 'NONE',  ( 1.855469160087460128E-16, -0.3713906763541040545, 0.9284766908852591927 ) ) ;
#5033 = DIRECTION ( 'NONE',  ( -0.3481553119113935946, -0.8703882797784899816, 0.3481553119113957595 ) ) ;
#5034 = DIRECTION ( 'NONE',  ( 1.000000000000000000, 0.000000000000000000, -1.110223024625156294E-16 ) ) ;
#5035 = DIRECTION ( 'NONE',  ( -7.850462293418888160E-17, 0.7071067811865462405, -0.7071067811865487940 ) ) ;
#5036 = CARTESIAN_POINT ( 'NONE',  ( 4.129999999999995453, 2.599999999999998312, -0.9499999999999990674 ) ) ;
#5037 = ORIENTED_EDGE ( 'NONE', *, *, #4512, .F. ) ;
#5038 = CARTESIAN_POINT ( 'NONE',  ( 3.689999999999998170, 8.599999999999999645, -1.389999999999997682 ) ) ;
#5039 = PLANE ( 'NONE',  #11947 ) ;
#5041 = VECTOR ( 'NONE', #8962, 1000.000000000000000 ) ;
#5040 = CARTESIAN_POINT ( 'NONE',  ( 8.769999999999997797, 8.599999999999999645, -1.149999999999999245 ) ) ;
#5042 = VECTOR ( 'NONE', #11614, 1000.000000000000000 ) ;
#5043 = EDGE_CURVE ( 'NONE', #1217, #12743, #3880, .T. ) ;
#5044 = ORIENTED_EDGE ( 'NONE', *, *, #4887, .T. ) ;
#5045 = ADVANCED_FACE ( 'NONE', ( #2802 ), #5971, .F. ) ;
#5046 = ORIENTED_EDGE ( 'NONE', *, *, #5680, .F. ) ;
#5047 = ORIENTED_EDGE ( 'NONE', *, *, #4143, .F. ) ;
#5048 = PLANE ( 'NONE',  #9852 ) ;
#5049 = DIRECTION ( 'NONE',  ( 1.110223024625156294E-16, -1.224646799147353207E-16, 1.000000000000000000 ) ) ;
#5050 = CARTESIAN_POINT ( 'NONE',  ( -6.670000000000004370, -3.000000000000004441, 1.390000000000001235 ) ) ;
#5051 = CARTESIAN_POINT ( 'NONE',  ( 0.9499999999999978462, -2.500000000000003997, 1.590000000000001190 ) ) ;
#5052 = ORIENTED_EDGE ( 'NONE', *, *, #13330, .T. ) ;
#5053 = LINE ( 'NONE', #9247, #2319 ) ;
#5054 = CARTESIAN_POINT ( 'NONE',  ( 11.31000000000000405, -3.000000000000003553, 1.150000000000000577 ) ) ;
#5055 = EDGE_LOOP ( 'NONE', ( #8072, #1065, #10415, #3702 ) ) ;
#5056 = ADVANCED_FACE ( 'NONE', ( #13079 ), #9086, .F. ) ;
#5057 = ORIENTED_EDGE ( 'NONE', *, *, #9533, .F. ) ;
#5058 = EDGE_CURVE ( 'NONE', #10455, #11561, #2996, .T. ) ;
#5059 = EDGE_CURVE ( 'NONE', #11889, #8935, #11254, .T. ) ;
#5060 = DIRECTION ( 'NONE',  ( 2.220446049250312095E-16, -1.000000000000000000, -1.224646799147353207E-16 ) ) ;
#5061 = AXIS2_PLACEMENT_3D ( 'NONE', #251, #11608, #6459 ) ;
#5062 = DIRECTION ( 'NONE',  ( -7.850462293418859810E-17, 0.7071067811865470176, 0.7071067811865480168 ) ) ;
#5063 = CARTESIAN_POINT ( 'NONE',  ( 15.47999999999999687, 6.650000000000001243, 1.649999999999999911 ) ) ;
#5064 = DIRECTION ( 'NONE',  ( -1.110223024625156294E-16, 1.224646799147353207E-16, -1.000000000000000000 ) ) ;
#5065 = VECTOR ( 'NONE', #6694, 1000.000000000000000 ) ;
#5066 = ORIENTED_EDGE ( 'NONE', *, *, #12011, .F. ) ;
#5067 = ORIENTED_EDGE ( 'NONE', *, *, #4335, .F. ) ;
#5068 = CARTESIAN_POINT ( 'NONE',  ( -6.669999999999997264, -32.81321928319991343, -0.9500000000000021760 ) ) ;
#5069 = ADVANCED_FACE ( 'NONE', ( #10235 ), #1981, .F. ) ;
#5070 = VECTOR ( 'NONE', #8316, 1000.000000000000000 ) ;
#5071 = DIRECTION ( 'NONE',  ( -0.5773502691896271743, 0.5773502691896260641, 0.5773502691896240657 ) ) ;
#5072 = EDGE_CURVE ( 'NONE', #9869, #8458, #4081, .T. ) ;
#5073 = ORIENTED_EDGE ( 'NONE', *, *, #12503, .T. ) ;
#5074 = CARTESIAN_POINT ( 'NONE',  ( -4.130000000000003446, 0.7499999999999981126, 1.590000000000002300 ) ) ;
#5075 = DIRECTION ( 'NONE',  ( -1.110223024625156294E-16, 1.224646799147353207E-16, -1.000000000000000000 ) ) ;
#5076 = VECTOR ( 'NONE', #2607, 1000.000000000000000 ) ;
#5077 = PLANE ( 'NONE',  #3399 ) ;
#5078 = CARTESIAN_POINT ( 'NONE',  ( 12.29500000000000348, -2.500000000000003109, 0.9499999999999997335 ) ) ;
#5079 = EDGE_LOOP ( 'NONE', ( #9124, #12900, #9867, #1158 ) ) ;
#5080 = DIRECTION ( 'NONE',  ( -1.000000000000000000, 0.000000000000000000, 1.110223024625156294E-16 ) ) ;
#5081 = ORIENTED_EDGE ( 'NONE', *, *, #9059, .F. ) ;
#5082 = ORIENTED_EDGE ( 'NONE', *, *, #5454, .T. ) ;
#5083 = CARTESIAN_POINT ( 'NONE',  ( -8.570000000000005613, 8.099999999999999645, 1.590000000000003411 ) ) ;
#5084 = EDGE_CURVE ( 'NONE', #12433, #8620, #4229, .T. ) ;
#5085 = FILL_AREA_STYLE ('',( #965 ) ) ;
#5086 = SHAPE_DEFINITION_REPRESENTATION ( #10428, #11945 ) ;
#5087 = LINE ( 'NONE', #8141, #8190 ) ;
#5088 = ORIENTED_EDGE ( 'NONE', *, *, #5314, .F. ) ;
#5089 = LINE ( 'NONE', #7941, #4907 ) ;
#5090 = AXIS2_PLACEMENT_3D ( 'NONE', #4823, #11056, #13350 ) ;
#5091 = CARTESIAN_POINT ( 'NONE',  ( -1.336666666666661119, -3.133333333333334192, 1.203333333333330701 ) ) ;
#5092 = ORIENTED_EDGE ( 'NONE', *, *, #6683, .F. ) ;
#5093 = DIRECTION ( 'NONE',  ( 1.110223024625156294E-16, -1.224646799147352961E-16, 1.000000000000000000 ) ) ;
#5094 = CARTESIAN_POINT ( 'NONE',  ( 14.83499999999999552, 8.100000000000003197, 1.590000000000000968 ) ) ;
#5095 = PLANE ( 'NONE',  #3776 ) ;
#5096 = ORIENTED_EDGE ( 'NONE', *, *, #1105, .F. ) ;
#5097 = DIRECTION ( 'NONE',  ( -2.220446049250312095E-16, 1.000000000000000000, 1.224646799147353207E-16 ) ) ;
#5098 = DIRECTION ( 'NONE',  ( -1.000000000000000000, 0.000000000000000000, 1.110223024625156294E-16 ) ) ;
#5099 = VECTOR ( 'NONE', #2281, 1000.000000000000000 ) ;
#5100 = DIRECTION ( 'NONE',  ( -0.9284766908852596368, 0.3713906763541028333, 1.485638603078811822E-16 ) ) ;
#5101 = ORIENTED_EDGE ( 'NONE', *, *, #2101, .F. ) ;
#5102 = DIRECTION ( 'NONE',  ( -1.110223024625156294E-16, 1.224646799147353207E-16, -1.000000000000000000 ) ) ;
#5103 = LINE ( 'NONE', #917, #4818 ) ;
#5104 = CARTESIAN_POINT ( 'NONE',  ( -6.030000000000002025, 0.7499999999999972244, -0.9499999999999982903 ) ) ;
#5105 = EDGE_CURVE ( 'NONE', #6719, #1818, #7057, .T. ) ;
#5106 = ORIENTED_EDGE ( 'NONE', *, *, #7870, .F. ) ;
#5107 = VECTOR ( 'NONE', #10198, 1000.000000000000000 ) ;
#5108 = VECTOR ( 'NONE', #11522, 1000.000000000000000 ) ;
#5109 = EDGE_LOOP ( 'NONE', ( #6686, #4938, #12357, #5902 ) ) ;
#5110 = FACE_OUTER_BOUND ( 'NONE', #7718, .T. ) ;
#5111 = ORIENTED_EDGE ( 'NONE', *, *, #11189, .T. ) ;
#5112 = CARTESIAN_POINT ( 'NONE',  ( -1.590000000000005187, 8.100000000000001421, 1.590000000000002744 ) ) ;
#5113 = CARTESIAN_POINT ( 'NONE',  ( 1.589999999999996971, 8.100000000000001421, 1.590000000000002300 ) ) ;
#5114 = DIRECTION ( 'NONE',  ( 0.9284766908852596368, 0.3713906763541028888, -5.759937970183664956E-17 ) ) ;
#5115 = VECTOR ( 'NONE', #13214, 1000.000000000000000 ) ;
#5116 = EDGE_LOOP ( 'NONE', ( #9251, #11861, #377, #10879 ) ) ;
#5117 = EDGE_CURVE ( 'NONE', #12176, #11362, #903, .T. ) ;
#5118 = EDGE_CURVE ( 'NONE', #11409, #2291, #2051, .T. ) ;
#5119 = LINE ( 'NONE', #6131, #4042 ) ;
#5121 = AXIS2_PLACEMENT_3D ( 'NONE', #837, #6919, #11122 ) ;
#5120 = CARTESIAN_POINT ( 'NONE',  ( 6.669999999999991935, 8.099999999999999645, 1.590000000000001856 ) ) ;
#5122 = VECTOR ( 'NONE', #7044, 1000.000000000000000 ) ;
#5123 = ORIENTED_EDGE ( 'NONE', *, *, #11672, .T. ) ;
#5124 = VECTOR ( 'NONE', #6979, 1000.000000000000227 ) ;
#5125 = DIRECTION ( 'NONE',  ( -7.850462293418888160E-17, 0.7071067811865462405, -0.7071067811865487940 ) ) ;
#5126 =( NAMED_UNIT ( * ) SI_UNIT ( $, .STERADIAN. ) SOLID_ANGLE_UNIT ( ) );
#5127 = PRESENTATION_LAYER_ASSIGNMENT (  '', '', ( #12701 ) ) ;
#5128 = DIRECTION ( 'NONE',  ( 1.110223024625156294E-16, -1.224646799147353207E-16, 1.000000000000000000 ) ) ;
#5129 = DIRECTION ( 'NONE',  ( -2.220446049250312095E-16, 1.000000000000000000, 1.224646799147353207E-16 ) ) ;
#5130 = DIRECTION ( 'NONE',  ( -2.220446049250312095E-16, 1.000000000000000000, 1.224646799147353207E-16 ) ) ;
#5131 = ORIENTED_EDGE ( 'NONE', *, *, #9777, .T. ) ;
#5132 = ORIENTED_EDGE ( 'NONE', *, *, #188, .F. ) ;
#5133 = FACE_OUTER_BOUND ( 'NONE', #11865, .T. ) ;
#5134 = ADVANCED_FACE ( 'NONE', ( #4012 ), #12067, .F. ) ;
#5135 = EDGE_CURVE ( 'NONE', #5364, #10529, #5089, .T. ) ;
#5136 = DIRECTION ( 'NONE',  ( -2.220446049250312095E-16, 1.000000000000000000, 1.224646799147353207E-16 ) ) ;
#5137 = EDGE_CURVE ( 'NONE', #6114, #8229, #8009, .T. ) ;
#5138 = AXIS2_PLACEMENT_3D ( 'NONE', #12651, #5474, #7776 ) ;
#5139 = PRESENTATION_LAYER_ASSIGNMENT (  '', '', ( #1260 ) ) ;
#5140 = AXIS2_PLACEMENT_3D ( 'NONE', #821, #3926, #8055 ) ;
#5141 = ORIENTED_EDGE ( 'NONE', *, *, #4920, .T. ) ;
#5142 = CARTESIAN_POINT ( 'NONE',  ( -8.570000000000005613, 8.099999999999999645, 0.9500000000000035083 ) ) ;
#5143 = DIRECTION ( 'NONE',  ( -2.220446049250312095E-16, 1.000000000000000000, 1.224646799147353207E-16 ) ) ;
#5144 = ADVANCED_FACE ( 'NONE', ( #2866 ), #6438, .F. ) ;
#5145 = DIRECTION ( 'NONE',  ( -1.110223024625156294E-16, 1.224646799147353207E-16, -1.000000000000000000 ) ) ;
#5146 = LINE ( 'NONE', #9269, #9527 ) ;
#5147 = ORIENTED_EDGE ( 'NONE', *, *, #1538, .T. ) ;
#5148 = MECHANICAL_DESIGN_GEOMETRIC_PRESENTATION_REPRESENTATION (  '', ( #8178 ), #4066 ) ;
#5149 = CARTESIAN_POINT ( 'NONE',  ( 14.05500000000000149, 0.2499999999999976130, -4.338749999999999218 ) ) ;
#5150 = EDGE_CURVE ( 'NONE', #9789, #11339, #96, .T. ) ;
#5151 = FILL_AREA_STYLE_COLOUR ( '', #4189 ) ;
#5152 = VECTOR ( 'NONE', #4609, 1000.000000000000000 ) ;
#5153 = ORIENTED_EDGE ( 'NONE', *, *, #4480, .F. ) ;
#5154 = ORIENTED_EDGE ( 'NONE', *, *, #10951, .T. ) ;
#5155 = CARTESIAN_POINT ( 'NONE',  ( 9.209999999999995524, 2.599999999999999201, -1.589999999999999636 ) ) ;
#5156 = DIRECTION ( 'NONE',  ( -2.220446049250312095E-16, 1.000000000000000000, 1.224646799147353207E-16 ) ) ;
#5157 = CARTESIAN_POINT ( 'NONE',  ( 3.490000000000001101, 0.7499999999999981126, -0.9499999999999992895 ) ) ;
#5158 = VECTOR ( 'NONE', #6696, 1000.000000000000114 ) ;
#5159 = DIRECTION ( 'NONE',  ( -1.110223024625156294E-16, 1.224646799147353207E-16, -1.000000000000000000 ) ) ;
#5160 = EDGE_LOOP ( 'NONE', ( #9927, #10364, #8294, #3574 ) ) ;
#5161 = DIRECTION ( 'NONE',  ( -1.110223024625156294E-16, 1.224646799147353207E-16, -1.000000000000000000 ) ) ;
#5162 = ADVANCED_FACE ( 'NONE', ( #8545 ), #12667, .F. ) ;
#5163 = CARTESIAN_POINT ( 'NONE',  ( -3.490000000000002878, 2.599999999999997868, 1.590000000000002522 ) ) ;
#5164 = ADVANCED_FACE ( 'NONE', ( #12538 ), #11518, .F. ) ;
#5165 = ORIENTED_EDGE ( 'NONE', *, *, #3824, .F. ) ;
#5166 = DIRECTION ( 'NONE',  ( -1.000000000000000000, 0.000000000000000000, 1.110223024625156294E-16 ) ) ;
#5167 = FACE_OUTER_BOUND ( 'NONE', #8129, .T. ) ;
#5168 = LINE ( 'NONE', #5498, #9398 ) ;
#5169 = VERTEX_POINT ( 'NONE', #10497 ) ;
#5170 = DIRECTION ( 'NONE',  ( 0.9284766908852591927, -0.3713906763541040545, -1.485638603078812808E-16 ) ) ;
#5171 = VECTOR ( 'NONE', #4109, 999.9999999999998863 ) ;
#5172 = CARTESIAN_POINT ( 'NONE',  ( -13.64000000000000945, -3.469446951953614189E-15, 3.625000000000003553 ) ) ;
#5173 = CARTESIAN_POINT ( 'NONE',  ( 16.53000000000000114, 0.2499999999999976130, -4.425000000000001599 ) ) ;
#5174 = ORIENTED_EDGE ( 'NONE', *, *, #353, .T. ) ;
#5175 = DIRECTION ( 'NONE',  ( -1.000000000000000000, 0.000000000000000000, 1.110223024625156294E-16 ) ) ;
#5176 = DIRECTION ( 'NONE',  ( -1.000000000000000000, 0.000000000000000000, 1.110223024625156294E-16 ) ) ;
#5177 = CARTESIAN_POINT ( 'NONE',  ( 11.93500000000000405, 1.574999999999997513, 1.774999999999999911 ) ) ;
#5178 = CLOSED_SHELL ( 'NONE', ( #1707, #8543, #13306, #3665, #5330, #8131, #6121, #12449, #8774, #10350, #733, #3956, #11275, #3469 ) ) ;
#5179 = ORIENTED_EDGE ( 'NONE', *, *, #13247, .T. ) ;
#5180 = EDGE_CURVE ( 'NONE', #11916, #3810, #9485, .T. ) ;
#5181 = ORIENTED_EDGE ( 'NONE', *, *, #6485, .F. ) ;
#5182 = SURFACE_STYLE_USAGE ( .BOTH. , #11410 ) ;
#5183 = VERTEX_POINT ( 'NONE', #8414 ) ;
#5184 = LINE ( 'NONE', #6328, #8140 ) ;
#5185 = DIRECTION ( 'NONE',  ( -0.5773502691896261751, 0.5773502691896269523, 0.5773502691896241767 ) ) ;
#5186 = CARTESIAN_POINT ( 'NONE',  ( 4.129999999999996341, -2.500000000000003109, -0.9499999999999996225 ) ) ;
#5187 = ADVANCED_FACE ( 'NONE', ( #228 ), #6240, .F. ) ;
#5188 = CARTESIAN_POINT ( 'NONE',  ( -0.9500000000000019540, 0.7499999999999981126, 0.9500000000000017319 ) ) ;
#5189 = ORIENTED_EDGE ( 'NONE', *, *, #10831, .T. ) ;
#5190 = FACE_OUTER_BOUND ( 'NONE', #607, .T. ) ;
#5191 = CARTESIAN_POINT ( 'NONE',  ( -8.770000000000010232, -3.000000000000004441, 1.590000000000002300 ) ) ;
#5192 = ADVANCED_FACE ( 'NONE', ( #2323 ), #2189, .F. ) ;
#5193 = FACE_OUTER_BOUND ( 'NONE', #9995, .T. ) ;
#5194 = EDGE_LOOP ( 'NONE', ( #8682, #5014, #6901, #8156 ) ) ;
#5195 = ORIENTED_EDGE ( 'NONE', *, *, #9913, .T. ) ;
#5196 = CARTESIAN_POINT ( 'NONE',  ( 8.570000000000000284, 8.599999999999999645, -0.9499999999999989564 ) ) ;
#5197 = FILL_AREA_STYLE ('',( #1002 ) ) ;
#5198 = CARTESIAN_POINT ( 'NONE',  ( -2.990000000000001990, 0.2499999999999967526, 4.424999999999951861 ) ) ;
#5199 = LINE ( 'NONE', #1141, #5070 ) ;
#5200 = CARTESIAN_POINT ( 'NONE',  ( 2.249999999999996003, 2.599999999999997868, 3.175000000000001155 ) ) ;
#5201 = ORIENTED_EDGE ( 'NONE', *, *, #6421, .F. ) ;
#5202 = CARTESIAN_POINT ( 'NONE',  ( 6.030000000000002025, -32.81321928319991343, 1.589999999999996749 ) ) ;
#5203 = EDGE_LOOP ( 'NONE', ( #12484, #5218, #11392, #1146 ) ) ;
#5204 = AXIS2_PLACEMENT_3D ( 'NONE', #8080, #5032, #4965 ) ;
#5205 = CARTESIAN_POINT ( 'NONE',  ( 6.469999999999995310, 8.599999999999999645, -0.9499999999999987343 ) ) ;
#5206 = ORIENTED_EDGE ( 'NONE', *, *, #5893, .T. ) ;
#5207 = CARTESIAN_POINT ( 'NONE',  ( 0.9499999999999949596, 8.599999999999997868, -0.9499999999999980682 ) ) ;
#5208 = LINE ( 'NONE', #9334, #3912 ) ;
#5209 = AXIS2_PLACEMENT_3D ( 'NONE', #5739, #3852, #11092 ) ;
#5210 = EDGE_CURVE ( 'NONE', #6282, #899, #12467, .T. ) ;
#5211 = CARTESIAN_POINT ( 'NONE',  ( 9.754999999999997229, 8.100000000000003197, -1.589999999999998970 ) ) ;
#5212 = CARTESIAN_POINT ( 'NONE',  ( 1.823333333333350570, -7.103333333333310406, 9.443333333333320923 ) ) ;
#5214 = ORIENTED_EDGE ( 'NONE', *, *, #6878, .T. ) ;
#5213 = ADVANCED_FACE ( 'NONE', ( #3330 ), #7533, .T. ) ;
#5215 = CARTESIAN_POINT ( 'NONE',  ( -5.485000000000014531, 8.099999999999999645, 1.590000000000003189 ) ) ;
#5216 = FACE_OUTER_BOUND ( 'NONE', #6479, .T. ) ;
#5217 = VECTOR ( 'NONE', #3063, 1000.000000000000000 ) ;
#5218 = ORIENTED_EDGE ( 'NONE', *, *, #1582, .F. ) ;
#5219 = EDGE_LOOP ( 'NONE', ( #9246, #5275, #4624, #7418, #11507, #816, #446, #7043, #7974, #12479, #9630, #3406, #215, #8237, #1392, #7763, #1016, #6036 ) ) ;
#5220 = DIRECTION ( 'NONE',  ( -0.5773502691896252870, 0.5773502691896270633, 0.5773502691896250649 ) ) ;
#5221 = CARTESIAN_POINT ( 'NONE',  ( 6.669999999999997264, 0.7499999999999963363, 0.9500000000000008438 ) ) ;
#5222 = PLANE ( 'NONE',  #12485 ) ;
#5223 = ORIENTED_EDGE ( 'NONE', *, *, #543, .T. ) ;
#5224 = VECTOR ( 'NONE', #4271, 1000.000000000000000 ) ;
#5225 = FACE_OUTER_BOUND ( 'NONE', #1604, .T. ) ;
#5226 = ORIENTED_EDGE ( 'NONE', *, *, #1942, .F. ) ;
#5227 = DIRECTION ( 'NONE',  ( 1.359631073446890508E-32, 1.000000000000000000, 1.224646799147352961E-16 ) ) ;
#5228 = EDGE_CURVE ( 'NONE', #12721, #7123, #5422, .T. ) ;
#5229 = FACE_OUTER_BOUND ( 'NONE', #3474, .T. ) ;
#5230 = ORIENTED_EDGE ( 'NONE', *, *, #11839, .T. ) ;
#5231 = LINE ( 'NONE', #12400, #8578 ) ;
#5232 = LINE ( 'NONE', #3265, #25 ) ;
#5233 = CARTESIAN_POINT ( 'NONE',  ( -3.116060606060623961, -1.565151515151523842, 1.963939393939391653 ) ) ;
#5234 = ORIENTED_EDGE ( 'NONE', *, *, #12115, .F. ) ;
#5235 = CARTESIAN_POINT ( 'NONE',  ( 11.36333333333329776, -3.133333333333333304, -1.336666666666669112 ) ) ;
#5236 = AXIS2_PLACEMENT_3D ( 'NONE', #173, #6631, #4602 ) ;
#5237 = VECTOR ( 'NONE', #5329, 1000.000000000000000 ) ;
#5238 = DIRECTION ( 'NONE',  ( -2.220446049250312095E-16, 1.000000000000000000, 1.224646799147353207E-16 ) ) ;
#5239 = LINE ( 'NONE', #5173, #5441 ) ;
#5240 = ORIENTED_EDGE ( 'NONE', *, *, #4112, .F. ) ;
#5241 = VECTOR ( 'NONE', #10273, 1000.000000000000000 ) ;
#5242 = LINE ( 'NONE', #111, #1239 ) ;
#5243 = FACE_OUTER_BOUND ( 'NONE', #5284, .T. ) ;
#5244 = ADVANCED_FACE ( 'NONE', ( #1038 ), #8346, .T. ) ;
#5245 = CARTESIAN_POINT ( 'NONE',  ( 0.1300000000000403055, -7.950000000000009059, 10.29000000000000092 ) ) ;
#5246 = ORIENTED_EDGE ( 'NONE', *, *, #7329, .F. ) ;
#5247 = AXIS2_PLACEMENT_3D ( 'NONE', #4563, #5832, #9965 ) ;
#5248 = ORIENTED_EDGE ( 'NONE', *, *, #11699, .F. ) ;
#5249 = LINE ( 'NONE', #7077, #11835 ) ;
#5250 = ORIENTED_EDGE ( 'NONE', *, *, #10451, .F. ) ;
#5251 = CARTESIAN_POINT ( 'NONE',  ( -11.31000000000001116, -3.000000000000005329, -1.149999999999998135 ) ) ;
#5252 = CARTESIAN_POINT ( 'NONE',  ( -13.64000000000000945, 0.2499999999999967526, 3.625000000000003553 ) ) ;
#5253 = CARTESIAN_POINT ( 'NONE',  ( -6.030000000000004690, 8.599999999999999645, -1.149999999999997913 ) ) ;
#5254 = EDGE_LOOP ( 'NONE', ( #11586, #10622, #3948, #3245 ) ) ;
#5255 = AXIS2_PLACEMENT_3D ( 'NONE', #4440, #10723, #12696 ) ;
#5256 = PLANE ( 'NONE',  #5541 ) ;
#5257 = EDGE_CURVE ( 'NONE', #8224, #3731, #9286, .T. ) ;
#5258 = DIRECTION ( 'NONE',  ( 1.110223024625156294E-16, -1.224646799147352961E-16, 1.000000000000000000 ) ) ;
#5259 = VECTOR ( 'NONE', #7607, 999.9999999999998863 ) ;
#5260 = DIRECTION ( 'NONE',  ( 1.000000000000000000, 0.000000000000000000, -1.110223024625156294E-16 ) ) ;
#5261 = ORIENTED_EDGE ( 'NONE', *, *, #11176, .T. ) ;
#5262 = ADVANCED_FACE ( 'NONE', ( #4145 ), #8276, .F. ) ;
#5263 = ORIENTED_EDGE ( 'NONE', *, *, #11524, .T. ) ;
#5264 = LINE ( 'NONE', #12364, #8380 ) ;
#5265 = CARTESIAN_POINT ( 'NONE',  ( 9.754999999999999005, -2.500000000000004885, 1.590000000000000080 ) ) ;
#5266 = LINE ( 'NONE', #12510, #9343 ) ;
#5267 = DIRECTION ( 'NONE',  ( -1.110223024625156294E-16, 1.224646799147353207E-16, -1.000000000000000000 ) ) ;
#5268 =( GEOMETRIC_REPRESENTATION_CONTEXT ( 3 ) GLOBAL_UNCERTAINTY_ASSIGNED_CONTEXT ( ( #7744 ) ) GLOBAL_UNIT_ASSIGNED_CONTEXT ( ( #10784, #9961, #5966 ) ) REPRESENTATION_CONTEXT ( 'NONE', 'WORKASPACE' ) );
#5269 = DIRECTION ( 'NONE',  ( 1.110223024625156294E-16, -1.224646799147353207E-16, 1.000000000000000000 ) ) ;
#5270 = ORIENTED_EDGE ( 'NONE', *, *, #11278, .F. ) ;
#5271 = CARTESIAN_POINT ( 'NONE',  ( 0.9499999999999967359, 0.7499999999999981126, -0.9499999999999989564 ) ) ;
#5272 = VERTEX_POINT ( 'NONE', #1104 ) ;
#5273 = DIRECTION ( 'NONE',  ( 7.850462293418890625E-17, 0.7071067811865460184, 0.7071067811865490160 ) ) ;
#5274 = AXIS2_PLACEMENT_3D ( 'NONE', #5672, #4665, #5477 ) ;
#5275 = ORIENTED_EDGE ( 'NONE', *, *, #665, .F. ) ;
#5276 = ORIENTED_EDGE ( 'NONE', *, *, #12555, .F. ) ;
#5277 = VECTOR ( 'NONE', #1679, 1000.000000000000000 ) ;
#5278 = FACE_OUTER_BOUND ( 'NONE', #5568, .T. ) ;
#5279 = CARTESIAN_POINT ( 'NONE',  ( 6.494242424242423262, 8.539393939393940869, -1.414242424242417639 ) ) ;
#5280 = EDGE_LOOP ( 'NONE', ( #12757, #12387, #11633, #1336 ) ) ;
#5281 = DIRECTION ( 'NONE',  ( -2.821527733676277528E-15, 1.224646799147354193E-16, -1.000000000000000000 ) ) ;
#5282 = ORIENTED_EDGE ( 'NONE', *, *, #11687, .T. ) ;
#5283 = VECTOR ( 'NONE', #7969, 1000.000000000000000 ) ;
#5284 = EDGE_LOOP ( 'NONE', ( #6338, #12247, #13115, #5439 ) ) ;
#5285 = FACE_OUTER_BOUND ( 'NONE', #12193, .T. ) ;
#5286 = LINE ( 'NONE', #12390, #5810 ) ;
#5287 = EDGE_CURVE ( 'NONE', #19, #3831, #3197, .T. ) ;
#5288 = CARTESIAN_POINT ( 'NONE',  ( 3.689999999999998170, 8.599999999999997868, 1.150000000000002798 ) ) ;
#5289 = ORIENTED_EDGE ( 'NONE', *, *, #1263, .F. ) ;
#5290 = CARTESIAN_POINT ( 'NONE',  ( -7.170000000000004370, 0.2499999999999976130, -2.089999999999998082 ) ) ;
#5291 = VECTOR ( 'NONE', #5979, 1000.000000000000000 ) ;
#5292 = VERTEX_POINT ( 'NONE', #162 ) ;
#5293 = DIRECTION ( 'NONE',  ( 2.821527733676277528E-15, -1.224646799147354193E-16, 1.000000000000000000 ) ) ;
#5294 = CARTESIAN_POINT ( 'NONE',  ( -9.009999999999999787, -3.000000000000004441, 1.150000000000002798 ) ) ;
#5295 = VERTEX_POINT ( 'NONE', #4278 ) ;
#5296 = FACE_BOUND ( 'NONE', #3353, .T. ) ;
#5297 = DIRECTION ( 'NONE',  ( -1.000000000000000000, 0.000000000000000000, 1.110223024625156294E-16 ) ) ;
#5298 = DIRECTION ( 'NONE',  ( -1.000000000000000000, 0.000000000000000000, 1.110223024625156294E-16 ) ) ;
#5299 = ORIENTED_EDGE ( 'NONE', *, *, #7515, .F. ) ;
#5300 = DIRECTION ( 'NONE',  ( 1.110223024625156294E-16, -1.224646799147352961E-16, 1.000000000000000000 ) ) ;
#5301 = DIRECTION ( 'NONE',  ( 1.110223024625156294E-16, -1.224646799147353207E-16, 1.000000000000000000 ) ) ;
#5302 = DIRECTION ( 'NONE',  ( -1.110223024625156294E-16, 1.224646799147353207E-16, -1.000000000000000000 ) ) ;
#5303 = EDGE_CURVE ( 'NONE', #9932, #8319, #3261, .T. ) ;
#5304 = ADVANCED_FACE ( 'NONE', ( #3532 ), #7664, .F. ) ;
#5305 = FACE_OUTER_BOUND ( 'NONE', #11212, .T. ) ;
#5306 = EDGE_CURVE ( 'NONE', #1489, #678, #1506, .T. ) ;
#5307 = CARTESIAN_POINT ( 'NONE',  ( 15.47999999999999687, 2.599999999999999201, -3.174999999999999822 ) ) ;
#5308 = CARTESIAN_POINT ( 'NONE',  ( 11.10999999999999766, 2.600000000000000089, -1.589999999999999636 ) ) ;
#5309 = VECTOR ( 'NONE', #3270, 1000.000000000000000 ) ;
#5310 = ORIENTED_EDGE ( 'NONE', *, *, #12140, .F. ) ;
#5311 = VERTEX_POINT ( 'NONE', #5685 ) ;
#5312 = ORIENTED_EDGE ( 'NONE', *, *, #12008, .T. ) ;
#5313 = EDGE_CURVE ( 'NONE', #13194, #2855, #9824, .T. ) ;
#5314 = EDGE_CURVE ( 'NONE', #6321, #643, #11849, .T. ) ;
#5315 = SURFACE_STYLE_FILL_AREA ( #10457 ) ;
#5316 = ORIENTED_EDGE ( 'NONE', *, *, #6055, .T. ) ;
#5317 = PLANE ( 'NONE',  #2081 ) ;
#5318 = CARTESIAN_POINT ( 'NONE',  ( 0.7649999999999922418, 1.574999999999997069, 1.775000000000001021 ) ) ;
#5319 = ADVANCED_FACE ( 'NONE', ( #9754 ), #4742, .T. ) ;
#5320 = LINE ( 'NONE', #992, #8740 ) ;
#5321 = DIRECTION ( 'NONE',  ( -1.000000000000000000, 0.000000000000000000, 1.110223024625156294E-16 ) ) ;
#5322 = ORIENTED_EDGE ( 'NONE', *, *, #5339, .F. ) ;
#5323 = DIRECTION ( 'NONE',  ( -1.110223024625156294E-16, 1.224646799147353207E-16, -1.000000000000000000 ) ) ;
#5324 = LINE ( 'NONE', #9449, #5042 ) ;
#5325 = COLOUR_RGB ( '',0.8705882352941176627, 0.6313725490196078205, 0.1725490196078431349 ) ;
#5326 = ORIENTED_EDGE ( 'NONE', *, *, #10509, .T. ) ;
#5327 = EDGE_LOOP ( 'NONE', ( #6960, #12320, #11777, #7994 ) ) ;
#5328 = CARTESIAN_POINT ( 'NONE',  ( -4.130000000000006111, 8.599999999999999645, -0.9499999999999975131 ) ) ;
#5329 = DIRECTION ( 'NONE',  ( -2.220446049250312095E-16, 1.000000000000000000, 1.224646799147353207E-16 ) ) ;
#5330 = ADVANCED_FACE ( 'NONE', ( #10699 ), #3462, .T. ) ;
#5331 = DIRECTION ( 'NONE',  ( -0.3481553119113939831, 0.8703882797784897596, 0.3481553119113959816 ) ) ;
#5332 = AXIS2_PLACEMENT_3D ( 'NONE', #8277, #1303, #8416 ) ;
#5333 = LINE ( 'NONE', #4114, #6148 ) ;
#5334 = LINE ( 'NONE', #9461, #4227 ) ;
#5335 = EDGE_LOOP ( 'NONE', ( #1430, #7600, #5030, #2783 ) ) ;
#5336 = EDGE_CURVE ( 'NONE', #9154, #2129, #10834, .T. ) ;
#5337 = CARTESIAN_POINT ( 'NONE',  ( 10.60999999999999766, 0.2499999999999967526, 4.425000000000000711 ) ) ;
#5338 = AXIS2_PLACEMENT_3D ( 'NONE', #7837, #5932, #5861 ) ;
#5339 = EDGE_CURVE ( 'NONE', #6454, #12123, #3663, .T. ) ;
#5340 = ORIENTED_EDGE ( 'NONE', *, *, #10615, .T. ) ;
#5341 = DIRECTION ( 'NONE',  ( -1.000000000000000000, -2.220446049250308890E-16, -2.599483128751243459E-15 ) ) ;
#5342 = VECTOR ( 'NONE', #6502, 1000.000000000000000 ) ;
#5343 = ORIENTED_EDGE ( 'NONE', *, *, #10564, .F. ) ;
#5344 = ORIENTED_EDGE ( 'NONE', *, *, #5470, .T. ) ;
#5345 = AXIS2_PLACEMENT_3D ( 'NONE', #10984, #8272, #12263 ) ;
#5346 = LINE ( 'NONE', #1219, #7283 ) ;
#5347 = DIRECTION ( 'NONE',  ( 0.7071067811865490160, 0.7071067811865461294, -1.908525788164871536E-15 ) ) ;
#5348 = CARTESIAN_POINT ( 'NONE',  ( -9.210000000000007958, 8.599999999999999645, -1.589999999999996749 ) ) ;
#5349 = VERTEX_POINT ( 'NONE', #2590 ) ;
#5350 = VECTOR ( 'NONE', #11766, 1000.000000000000000 ) ;
#5351 = EDGE_LOOP ( 'NONE', ( #9501, #12688, #3535, #5066 ) ) ;
#5352 = DIRECTION ( 'NONE',  ( -0.7071067811865491270, 0.7071067811865459074, 1.651002285577380499E-16 ) ) ;
#5353 = STYLED_ITEM ( 'NONE', ( #2911 ), #11019 ) ;
#5354 = CARTESIAN_POINT ( 'NONE',  ( 8.569999999999998508, -3.000000000000004441, -0.9500000000000002887 ) ) ;
#5355 = SURFACE_STYLE_USAGE ( .BOTH. , #6432 ) ;
#5356 = ADVANCED_FACE ( 'NONE', ( #6702 ), #7598, .F. ) ;
#5357 = VERTEX_POINT ( 'NONE', #8618 ) ;
#5358 = CARTESIAN_POINT ( 'NONE',  ( -6.030000000000002913, 2.599999999999997868, 0.9500000000000023981 ) ) ;
#5359 = PRESENTATION_LAYER_ASSIGNMENT (  '', '', ( #7742 ) ) ;
#5360 = VECTOR ( 'NONE', #393, 1000.000000000000000 ) ;
#5361 = VERTEX_POINT ( 'NONE', #10901 ) ;
#5362 = CARTESIAN_POINT ( 'NONE',  ( 9.209999999999999076, 0.7499999999999972244, -1.589999999999999858 ) ) ;
#5363 = DIRECTION ( 'NONE',  ( 1.110223024625156294E-16, -1.224646799147353207E-16, 1.000000000000000000 ) ) ;
#5364 = VERTEX_POINT ( 'NONE', #1440 ) ;
#5365 = FACE_BOUND ( 'NONE', #4367, .T. ) ;
#5366 = CARTESIAN_POINT ( 'NONE',  ( 0.9499999999999948486, 8.599999999999997868, -1.589999999999997859 ) ) ;
#5367 = CARTESIAN_POINT ( 'NONE',  ( 0.4249999999999989897, -2.602085213965210642E-15, -3.624999999999997335 ) ) ;
#5368 = ORIENTED_EDGE ( 'NONE', *, *, #8163, .T. ) ;
#5369 = DIRECTION ( 'NONE',  ( -1.570092458683774920E-16, -0.7071067811865474617, -0.7071067811865475727 ) ) ;
#5370 = CARTESIAN_POINT ( 'NONE',  ( -0.4050000000000045786, -2.500000000000003997, -1.589999999999998970 ) ) ;
#5371 = CARTESIAN_POINT ( 'NONE',  ( -11.67242424242420462, 8.293939393939389504, 1.027575757575762916 ) ) ;
#5372 = VECTOR ( 'NONE', #12943, 1000.000000000000227 ) ;
#5373 = CARTESIAN_POINT ( 'NONE',  ( 11.75000000000000711, -2.500000000000004885, 1.590000000000000080 ) ) ;
#5374 = PLANE ( 'NONE',  #12821 ) ;
#5375 = DIRECTION ( 'NONE',  ( 1.000000000000000000, 0.000000000000000000, 0.000000000000000000 ) ) ;
#5376 = ORIENTED_EDGE ( 'NONE', *, *, #7869, .T. ) ;
#5377 = ORIENTED_EDGE ( 'NONE', *, *, #5737, .T. ) ;
#5378 = ORIENTED_EDGE ( 'NONE', *, *, #8144, .F. ) ;
#5379 = VECTOR ( 'NONE', #886, 1000.000000000000000 ) ;
#5380 = EDGE_CURVE ( 'NONE', #2129, #11343, #9690, .T. ) ;
#5381 = VERTEX_POINT ( 'NONE', #1636 ) ;
#5382 = PLANE ( 'NONE',  #361 ) ;
#5383 = EDGE_CURVE ( 'NONE', #13036, #7859, #11982, .T. ) ;
#5384 = ADVANCED_FACE ( 'NONE', ( #8804 ), #5561, .F. ) ;
#5385 = DIRECTION ( 'NONE',  ( 2.220446049250312095E-16, -1.000000000000000000, -1.224646799147353207E-16 ) ) ;
#5386 = PLANE ( 'NONE',  #11336 ) ;
#5387 = LINE ( 'NONE', #3860, #7231 ) ;
#5388 = DIRECTION ( 'NONE',  ( 2.220446049250312095E-16, -1.000000000000000000, -1.224646799147353207E-16 ) ) ;
#5389 = ORIENTED_EDGE ( 'NONE', *, *, #3979, .F. ) ;
#5390 = CARTESIAN_POINT ( 'NONE',  ( -6.469999999999997975, -3.000000000000004441, 1.150000000000002354 ) ) ;
#5391 = DIRECTION ( 'NONE',  ( 1.110223024625156294E-16, -1.224646799147353207E-16, 1.000000000000000000 ) ) ;
#5392 = CLOSED_SHELL ( 'NONE', ( #2497, #6390, #7428, #4722, #1317, #8812, #7225, #5356, #7122, #761, #2084, #6102, #8644, #204 ) ) ;
#5393 = FACE_OUTER_BOUND ( 'NONE', #7775, .T. ) ;
#5394 = EDGE_CURVE ( 'NONE', #1939, #7002, #11908, .T. ) ;
#5395 = ORIENTED_EDGE ( 'NONE', *, *, #6047, .T. ) ;
#5396 = VERTEX_POINT ( 'NONE', #626 ) ;
#5397 = CARTESIAN_POINT ( 'NONE',  ( -11.55000000000000071, -3.000000000000003553, -0.9499999999999980682 ) ) ;
#5398 = EDGE_CURVE ( 'NONE', #11444, #4924, #10630, .T. ) ;
#5399 = DIRECTION ( 'NONE',  ( -1.000000000000000000, 0.000000000000000000, 1.110223024625156294E-16 ) ) ;
#5400 = EDGE_CURVE ( 'NONE', #8437, #2681, #9623, .T. ) ;
#5401 = DIRECTION ( 'NONE',  ( -1.000000000000000000, 0.000000000000000000, 1.110223024625156294E-16 ) ) ;
#5402 = CARTESIAN_POINT ( 'NONE',  ( -8.570000000000003837, 2.599999999999998312, 1.590000000000002967 ) ) ;
#5403 = ORIENTED_EDGE ( 'NONE', *, *, #8562, .T. ) ;
#5404 = DIRECTION ( 'NONE',  ( -1.000000000000000000, 0.000000000000000000, 1.110223024625156294E-16 ) ) ;
#5405 = VERTEX_POINT ( 'NONE', #8676 ) ;
#5406 = CARTESIAN_POINT ( 'NONE',  ( -7.538333333333336661, 2.421666666666667744, 0.08166666666666189123 ) ) ;
#5407 = ORIENTED_EDGE ( 'NONE', *, *, #6048, .T. ) ;
#5408 = ORIENTED_EDGE ( 'NONE', *, *, #4390, .T. ) ;
#5409 = CARTESIAN_POINT ( 'NONE',  ( 4.674999999999999822, 2.799999999999999378, 1.590000000000001412 ) ) ;
#5410 = FACE_OUTER_BOUND ( 'NONE', #3443, .T. ) ;
#5411 = DIRECTION ( 'NONE',  ( -2.220446049250312095E-16, 1.000000000000000000, 1.224646799147353207E-16 ) ) ;
#5412 = EDGE_LOOP ( 'NONE', ( #4795, #8635, #13131, #5101 ) ) ;
#5413 = EDGE_LOOP ( 'NONE', ( #4587, #9004, #12222, #1649 ) ) ;
#5414 = PLANE ( 'NONE',  #8253 ) ;
#5415 = LINE ( 'NONE', #8340, #3649 ) ;
#5416 = DIRECTION ( 'NONE',  ( 0.9284766908852591927, -0.3713906763541040545, -1.485638603078812808E-16 ) ) ;
#5417 = ADVANCED_FACE ( 'NONE', ( #954 ), #5077, .F. ) ;
#5418 = MECHANICAL_DESIGN_GEOMETRIC_PRESENTATION_REPRESENTATION (  '', ( #11894 ), #6497 ) ;
#5419 = EDGE_LOOP ( 'NONE', ( #1149, #8623, #12784, #12689 ) ) ;
#5420 = PLANE ( 'NONE',  #8403 ) ;
#5421 = VERTEX_POINT ( 'NONE', #8128 ) ;
#5422 = LINE ( 'NONE', #3127, #12259 ) ;
#5423 = ADVANCED_FACE ( 'NONE', ( #1710 ), #691, .F. ) ;
#5424 = CARTESIAN_POINT ( 'NONE',  ( -1.389999999999997016, -3.000000000000005329, 1.150000000000001910 ) ) ;
#5425 = ORIENTED_EDGE ( 'NONE', *, *, #7381, .F. ) ;
#5426 = LINE ( 'NONE', #300, #1008 ) ;
#5427 = DIRECTION ( 'NONE',  ( 2.220446049250312095E-16, -1.000000000000000000, -1.224646799147353207E-16 ) ) ;
#5428 = CARTESIAN_POINT ( 'NONE',  ( -1.089961454425747402E-14, 4.674999999999999822, -4.424999999999998934 ) ) ;
#5429 = ADVANCED_FACE ( 'NONE', ( #6911 ), #7925, .T. ) ;
#5430 = ORIENTED_EDGE ( 'NONE', *, *, #977, .T. ) ;
#5431 = CARTESIAN_POINT ( 'NONE',  ( 11.11000000000000476, -2.500000000000004885, 1.590000000000000080 ) ) ;
#5432 = LINE ( 'NONE', #5370, #7689 ) ;
#5433 = VECTOR ( 'NONE', #11462, 1000.000000000000000 ) ;
#5434 = LINE ( 'NONE', #9566, #9234 ) ;
#5435 = DIRECTION ( 'NONE',  ( 1.000000000000000000, 0.000000000000000000, -1.110223024625156294E-16 ) ) ;
#5436 = LINE ( 'NONE', #4622, #1036 ) ;
#5437 = AXIS2_PLACEMENT_3D ( 'NONE', #1291, #2309, #6357 ) ;
#5438 = ORIENTED_EDGE ( 'NONE', *, *, #12733, .F. ) ;
#5439 = ORIENTED_EDGE ( 'NONE', *, *, #7133, .F. ) ;
#5440 = ORIENTED_EDGE ( 'NONE', *, *, #7658, .F. ) ;
#5441 = VECTOR ( 'NONE', #6045, 1000.000000000000000 ) ;
#5442 = VECTOR ( 'NONE', #658, 1000.000000000000000 ) ;
#5443 = VERTEX_POINT ( 'NONE', #12251 ) ;
#5444 = DIRECTION ( 'NONE',  ( -1.110223024625156294E-16, 1.224646799147353207E-16, -1.000000000000000000 ) ) ;
#5445 = DIRECTION ( 'NONE',  ( 1.110223024625156294E-16, -1.224646799147352961E-16, 1.000000000000000000 ) ) ;
#5446 = VECTOR ( 'NONE', #9660, 1000.000000000000114 ) ;
#5447 = PLANE ( 'NONE',  #1615 ) ;
#5448 = DIRECTION ( 'NONE',  ( -1.110223024625156294E-16, 1.224646799147353207E-16, -1.000000000000000000 ) ) ;
#5449 = ORIENTED_EDGE ( 'NONE', *, *, #10007, .F. ) ;
#5450 = CARTESIAN_POINT ( 'NONE',  ( 6.669999999999997264, -32.81321928319991343, -1.590000000000003411 ) ) ;
#5451 = DIRECTION ( 'NONE',  ( 1.110223024625156294E-16, -1.224646799147352961E-16, 1.000000000000000000 ) ) ;
#5453 = VECTOR ( 'NONE', #12613, 1000.000000000000000 ) ;
#5452 = CARTESIAN_POINT ( 'NONE',  ( 6.669999999999991935, 8.099999999999999645, -0.9499999999999987343 ) ) ;
#5454 = EDGE_CURVE ( 'NONE', #4270, #10761, #8932, .T. ) ;
#5455 = ORIENTED_EDGE ( 'NONE', *, *, #1263, .T. ) ;
#5456 = ORIENTED_EDGE ( 'NONE', *, *, #10154, .F. ) ;
#5457 = CARTESIAN_POINT ( 'NONE',  ( -11.11000000000000476, -2.500000000000003997, 1.590000000000002744 ) ) ;
#5458 = DIRECTION ( 'NONE',  ( -0.3481553119113956485, -0.8703882797784890935, 0.3481553119113957595 ) ) ;
#5459 = PLANE ( 'NONE',  #11288 ) ;
#5460 = CARTESIAN_POINT ( 'NONE',  ( -11.75000000000000711, 2.599999999999998312, -1.589999999999996971 ) ) ;
#5461 = PLANE ( 'NONE',  #2500 ) ;
#5462 = VECTOR ( 'NONE', #11693, 1000.000000000000114 ) ;
#5463 = ORIENTED_EDGE ( 'NONE', *, *, #12323, .F. ) ;
#5464 = LINE ( 'NONE', #7507, #13241 ) ;
#5465 = EDGE_LOOP ( 'NONE', ( #351, #2167 ) ) ;
#5466 = AXIS2_PLACEMENT_3D ( 'NONE', #4427, #8359, #12615 ) ;
#5467 = DIRECTION ( 'NONE',  ( 1.000000000000000000, 0.000000000000000000, -1.110223024625156294E-16 ) ) ;
#5468 = EDGE_CURVE ( 'NONE', #2920, #8192, #9005, .T. ) ;
#5469 = EDGE_CURVE ( 'NONE', #1527, #2942, #13266, .T. ) ;
#5470 = EDGE_CURVE ( 'NONE', #4739, #12721, #827, .T. ) ;
#5471 = VERTEX_POINT ( 'NONE', #1967 ) ;
#5472 = VECTOR ( 'NONE', #1197, 1000.000000000000000 ) ;
#5473 = VERTEX_POINT ( 'NONE', #3935 ) ;
#5474 = DIRECTION ( 'NONE',  ( -2.220446049250312095E-16, 1.000000000000000000, 1.224646799147353207E-16 ) ) ;
#5475 =( LENGTH_UNIT ( ) NAMED_UNIT ( * ) SI_UNIT ( .MILLI., .METRE. ) );
#5476 = FACE_BOUND ( 'NONE', #8758, .T. ) ;
#5477 = DIRECTION ( 'NONE',  ( -1.000000000000000000, 0.000000000000000000, 1.110223024625156294E-16 ) ) ;
#5478 = EDGE_CURVE ( 'NONE', #10210, #2895, #10220, .T. ) ;
#5479 = ORIENTED_EDGE ( 'NONE', *, *, #10590, .F. ) ;
#5480 = ORIENTED_EDGE ( 'NONE', *, *, #4568, .F. ) ;
#5481 = EDGE_CURVE ( 'NONE', #5667, #9264, #4063, .T. ) ;
#5482 = LINE ( 'NONE', #6561, #5651 ) ;
#5483 = STYLED_ITEM ( 'NONE', ( #4401 ), #6604 ) ;
#5484 = EDGE_CURVE ( 'NONE', #7499, #1144, #11040, .T. ) ;
#5485 = CARTESIAN_POINT ( 'NONE',  ( -6.670000000000004370, 0.7499999999999972244, 1.590000000000002300 ) ) ;
#5486 = PLANE ( 'NONE',  #10539 ) ;
#5487 = AXIS2_PLACEMENT_3D ( 'NONE', #1444, #5566, #9696 ) ;
#5488 = ORIENTED_EDGE ( 'NONE', *, *, #1457, .T. ) ;
#5489 = DIRECTION ( 'NONE',  ( 2.220446049250312095E-16, -1.000000000000000000, -1.224646799147353207E-16 ) ) ;
#5490 = ORIENTED_EDGE ( 'NONE', *, *, #11035, .F. ) ;
#5491 = VECTOR ( 'NONE', #6263, 1000.000000000000000 ) ;
#5492 = CARTESIAN_POINT ( 'NONE',  ( -4.130000000000004334, 2.599999999999998312, 1.590000000000002522 ) ) ;
#5493 = CARTESIAN_POINT ( 'NONE',  ( -11.11000000000000476, -2.500000000000003997, 0.9500000000000023981 ) ) ;
#5494 = VERTEX_POINT ( 'NONE', #3795 ) ;
#5495 = PLANE ( 'NONE',  #10299 ) ;
#5496 = EDGE_CURVE ( 'NONE', #8709, #9869, #1773, .T. ) ;
#5497 = VECTOR ( 'NONE', #6665, 1000.000000000000000 ) ;
#5498 = CARTESIAN_POINT ( 'NONE',  ( -3.490000000000002878, 2.599999999999997868, 0.9500000000000022871 ) ) ;
#5499 = EDGE_LOOP ( 'NONE', ( #2811, #12287, #6389, #2454 ) ) ;
#5500 = CARTESIAN_POINT ( 'NONE',  ( 16.53000000000000114, 0.2499999999999967526, 2.090000000000000746 ) ) ;
#5501 = VECTOR ( 'NONE', #3588, 999.9999999999998863 ) ;
#5502 = EDGE_CURVE ( 'NONE', #10875, #4388, #10020, .T. ) ;
#5503 = CARTESIAN_POINT ( 'NONE',  ( 3.489999999999999325, 8.599999999999999645, -0.9499999999999984013 ) ) ;
#5504 = VECTOR ( 'NONE', #6774, 1000.000000000000227 ) ;
#5505 = DIRECTION ( 'NONE',  ( -0.3713906763541042766, 0.9284766908852590817, 1.549382487594995162E-16 ) ) ;
#5506 = CARTESIAN_POINT ( 'NONE',  ( -6.029999999999995808, -32.81321928319991343, 1.589999999999998082 ) ) ;
#5507 = DIRECTION ( 'NONE',  ( -1.110223024625156294E-16, 1.224646799147353207E-16, -1.000000000000000000 ) ) ;
#5508 = ORIENTED_EDGE ( 'NONE', *, *, #948, .T. ) ;
#5509 = EDGE_LOOP ( 'NONE', ( #12910, #6364, #12319, #8174 ) ) ;
#5510 = VERTEX_POINT ( 'NONE', #5013 ) ;
#5511 = CIRCLE ( 'NONE', #1417, 0.4250000000000001554 ) ;
#5512 = ORIENTED_EDGE ( 'NONE', *, *, #1658, .F. ) ;
#5513 = LINE ( 'NONE', #2408, #5744 ) ;
#5514 = DIRECTION ( 'NONE',  ( 0.9284766908852591927, -0.3713906763541040545, -1.485638603078812808E-16 ) ) ;
#5515 = CARTESIAN_POINT ( 'NONE',  ( 14.83499999999999730, 2.799999999999998490, 0.9500000000000001776 ) ) ;
#5516 = CARTESIAN_POINT ( 'NONE',  ( 6.029999999999994031, 8.099999999999999645, 1.590000000000001856 ) ) ;
#5517 = LINE ( 'NONE', #8642, #10840 ) ;
#5518 = ORIENTED_EDGE ( 'NONE', *, *, #4821, .F. ) ;
#5519 = VECTOR ( 'NONE', #266, 1000.000000000000000 ) ;
#5520 = VECTOR ( 'NONE', #2136, 1000.000000000000000 ) ;
#5521 = DIRECTION ( 'NONE',  ( -1.000000000000000000, -2.220446049250308890E-16, -2.599483128751243459E-15 ) ) ;
#5522 = PLANE ( 'NONE',  #8495 ) ;
#5523 = EDGE_CURVE ( 'NONE', #1553, #8522, #1901, .T. ) ;
#5524 = LINE ( 'NONE', #9850, #5574 ) ;
#5525 = EDGE_LOOP ( 'NONE', ( #4767, #8029, #7900, #1680 ) ) ;
#5526 = ORIENTED_EDGE ( 'NONE', *, *, #2450, .F. ) ;
#5527 = CARTESIAN_POINT ( 'NONE',  ( 2.990000000000000213, 0.2499999999999976130, -2.089999999999999858 ) ) ;
#5528 = ORIENTED_EDGE ( 'NONE', *, *, #3759, .F. ) ;
#5529 = DIRECTION ( 'NONE',  ( 2.220446049250311848E-16, -1.000000000000000000, -1.224646799147353454E-16 ) ) ;
#5530 = FACE_OUTER_BOUND ( 'NONE', #1563, .T. ) ;
#5531 = LINE ( 'NONE', #8586, #4202 ) ;
#5532 = CARTESIAN_POINT ( 'NONE',  ( 9.709999999999997300, 0.2499999999999967526, 4.425000000000000711 ) ) ;
#5533 = ORIENTED_EDGE ( 'NONE', *, *, #8785, .F. ) ;
#5534 = DIRECTION ( 'NONE',  ( -1.110223024625156294E-16, 1.224646799147353207E-16, -1.000000000000000000 ) ) ;
#5535 = VERTEX_POINT ( 'NONE', #10087 ) ;
#5536 = LINE ( 'NONE', #9668, #2960 ) ;
#5537 = VERTEX_POINT ( 'NONE', #9073 ) ;
#5538 = ORIENTED_EDGE ( 'NONE', *, *, #12506, .T. ) ;
#5539 = LINE ( 'NONE', #4533, #1896 ) ;
#5540 = PLANE ( 'NONE',  #10818 ) ;
#5541 = AXIS2_PLACEMENT_3D ( 'NONE', #8238, #9382, #4306 ) ;
#5542 = FACE_OUTER_BOUND ( 'NONE', #12136, .T. ) ;
#5543 = VECTOR ( 'NONE', #13284, 1000.000000000000000 ) ;
#5544 =( LENGTH_UNIT ( ) NAMED_UNIT ( * ) SI_UNIT ( .MILLI., .METRE. ) );
#5545 = ADVANCED_FACE ( 'NONE', ( #13199 ), #10155, .F. ) ;
#5546 = EDGE_LOOP ( 'NONE', ( #5734, #10163, #12706, #7232 ) ) ;
#5547 = EDGE_CURVE ( 'NONE', #10767, #2685, #8061, .T. ) ;
#5548 = EDGE_CURVE ( 'NONE', #10802, #8941, #6837, .T. ) ;
#5549 = ORIENTED_EDGE ( 'NONE', *, *, #118, .F. ) ;
#5550 = CARTESIAN_POINT ( 'NONE',  ( 2.134999999999997122, 8.100000000000001421, -1.589999999999998082 ) ) ;
#5551 = VECTOR ( 'NONE', #4196, 1000.000000000000000 ) ;
#5552 = CARTESIAN_POINT ( 'NONE',  ( -13.21500000000000163, -3.469446951953614189E-15, 3.625000000000003553 ) ) ;
#5553 = CARTESIAN_POINT ( 'NONE',  ( 16.53000000000000114, 0.2499999999999967526, 0.4499999999999992339 ) ) ;
#5554 = MECHANICAL_DESIGN_GEOMETRIC_PRESENTATION_REPRESENTATION (  '', ( #7934 ), #3613 ) ;
#5555 = EDGE_LOOP ( 'NONE', ( #817, #3392, #8133, #6194 ) ) ;
#5556 = CARTESIAN_POINT ( 'NONE',  ( 16.53000000000000114, 0.2499999999999967526, 2.090000000000000746 ) ) ;
#5557 = EDGE_CURVE ( 'NONE', #6796, #13027, #280, .T. ) ;
#5558 = VECTOR ( 'NONE', #8619, 1000.000000000000000 ) ;
#5559 = EDGE_CURVE ( 'NONE', #6283, #5510, #2174, .T. ) ;
#5560 = EDGE_LOOP ( 'NONE', ( #4043, #2689, #4994, #2245 ) ) ;
#5561 = PLANE ( 'NONE',  #1677 ) ;
#5562 = AXIS2_PLACEMENT_3D ( 'NONE', #1620, #9870, #5669 ) ;
#5563 = FACE_OUTER_BOUND ( 'NONE', #261, .T. ) ;
#5564 = CARTESIAN_POINT ( 'NONE',  ( 1.589999999999996527, 8.599999999999999645, -1.389999999999997682 ) ) ;
#5565 = ORIENTED_EDGE ( 'NONE', *, *, #11564, .T. ) ;
#5566 = DIRECTION ( 'NONE',  ( 1.359631073446890508E-32, 1.000000000000000000, 1.224646799147352961E-16 ) ) ;
#5567 = PLANE ( 'NONE',  #3564 ) ;
#5568 = EDGE_LOOP ( 'NONE', ( #10040, #12515, #765, #11022 ) ) ;
#5569 = LINE ( 'NONE', #11655, #8464 ) ;
#5570 = LINE ( 'NONE', #1312, #1458 ) ;
#5571 = VECTOR ( 'NONE', #7649, 1000.000000000000000 ) ;
#5572 = CARTESIAN_POINT ( 'NONE',  ( 9.709999999999997300, 0.2499999999999976130, -2.089999999999999858 ) ) ;
#5573 = UNCERTAINTY_MEASURE_WITH_UNIT (LENGTH_MEASURE( 1.000000000000000082E-05 ), #11557, 'distance_accuracy_value', 'NONE');
#5574 = VECTOR ( 'NONE', #8832, 1000.000000000000000 ) ;
#5575 = CARTESIAN_POINT ( 'NONE',  ( -1.389999999999997238, -3.000000000000005329, -0.9499999999999992895 ) ) ;
#5576 = ORIENTED_EDGE ( 'NONE', *, *, #5383, .F. ) ;
#5577 = ORIENTED_EDGE ( 'NONE', *, *, #13029, .T. ) ;
#5578 = PLANE ( 'NONE',  #3515 ) ;
#5579 = LINE ( 'NONE', #12820, #9926 ) ;
#5580 = ORIENTED_EDGE ( 'NONE', *, *, #9857, .T. ) ;
#5581 = CARTESIAN_POINT ( 'NONE',  ( 2.990000000000001101, 0.2499999999999967526, 4.425000000000001599 ) ) ;
#5582 = CIRCLE ( 'NONE', #10549, 0.3362499999999997158 ) ;
#5583 = CARTESIAN_POINT ( 'NONE',  ( 2.134999999999998010, 2.799999999999998046, 1.590000000000001634 ) ) ;
#5584 = LINE ( 'NONE', #10721, #12631 ) ;
#5585 = AXIS2_PLACEMENT_3D ( 'NONE', #359, #4475, #11514 ) ;
#5586 = FACE_OUTER_BOUND ( 'NONE', #8181, .T. ) ;
#5587 = FACE_OUTER_BOUND ( 'NONE', #4585, .T. ) ;
#5588 = ORIENTED_EDGE ( 'NONE', *, *, #2219, .T. ) ;
#5589 = PLANE ( 'NONE',  #9002 ) ;
#5590 = CARTESIAN_POINT ( 'NONE',  ( 6.029999999999995808, -2.500000000000003109, -0.9499999999999998446 ) ) ;
#5591 = EDGE_CURVE ( 'NONE', #8026, #8923, #10418, .T. ) ;
#5592 = AXIS2_PLACEMENT_3D ( 'NONE', #737, #5933, #422 ) ;
#5593 = ORIENTED_EDGE ( 'NONE', *, *, #12516, .F. ) ;
#5594 = ORIENTED_EDGE ( 'NONE', *, *, #11824, .F. ) ;
#5595 = LINE ( 'NONE', #3435, #13128 ) ;
#5596 = ORIENTED_EDGE ( 'NONE', *, *, #9569, .F. ) ;
#5597 =( NAMED_UNIT ( * ) SI_UNIT ( $, .STERADIAN. ) SOLID_ANGLE_UNIT ( ) );
#5598 = EDGE_CURVE ( 'NONE', #7914, #3764, #10483, .T. ) ;
#5599 = PLANE ( 'NONE',  #6793 ) ;
#5600 = LINE ( 'NONE', #9594, #9625 ) ;
#5601 = ORIENTED_EDGE ( 'NONE', *, *, #7665, .T. ) ;
#5602 = DIRECTION ( 'NONE',  ( -2.599483128751245825E-15, -1.224646799147352221E-16, 1.000000000000000000 ) ) ;
#5603 = ORIENTED_EDGE ( 'NONE', *, *, #9426, .T. ) ;
#5604 = EDGE_CURVE ( 'NONE', #12609, #5421, #11569, .T. ) ;
#5605 = DIRECTION ( 'NONE',  ( -2.220446049250312095E-16, 1.000000000000000000, 1.224646799147353207E-16 ) ) ;
#5606 = EDGE_LOOP ( 'NONE', ( #9837, #4386, #1618, #6819 ) ) ;
#5607 = VERTEX_POINT ( 'NONE', #8328 ) ;
#5608 = PLANE ( 'NONE',  #13137 ) ;
#5609 = FACE_OUTER_BOUND ( 'NONE', #10140, .T. ) ;
#5610 = CARTESIAN_POINT ( 'NONE',  ( 3.489999999999999325, 8.599999999999999645, -0.9499999999999984013 ) ) ;
#5611 = FACE_OUTER_BOUND ( 'NONE', #5499, .T. ) ;
#5612 = VERTEX_POINT ( 'NONE', #6157 ) ;
#5613 = ORIENTED_EDGE ( 'NONE', *, *, #6797, .T. ) ;
#5614 = LINE ( 'NONE', #8924, #5065 ) ;
#5615 = CARTESIAN_POINT ( 'NONE',  ( 8.069999999999996732, 0.2499999999999976130, -2.089999999999999858 ) ) ;
#5616 = PLANE ( 'NONE',  #3432 ) ;
#5617 = FACE_OUTER_BOUND ( 'NONE', #12280, .T. ) ;
#5618 = ORIENTED_EDGE ( 'NONE', *, *, #8119, .F. ) ;
#5619 = EDGE_CURVE ( 'NONE', #4224, #12286, #7315, .T. ) ;
#5620 = CARTESIAN_POINT ( 'NONE',  ( -8.196060606060619591, 7.165151515151510608, -0.5760606060606021650 ) ) ;
#5621 = ADVANCED_FACE ( 'NONE', ( #9337 ), #2240, .T. ) ;
#5622 = ORIENTED_EDGE ( 'NONE', *, *, #4970, .T. ) ;
#5623 = CARTESIAN_POINT ( 'NONE',  ( 11.74999999999999467, 8.600000000000001421, -1.389999999999998348 ) ) ;
#5624 = CARTESIAN_POINT ( 'NONE',  ( -0.9499999999999944045, -32.81321928319991343, 1.589999999999997637 ) ) ;
#5625 = ORIENTED_EDGE ( 'NONE', *, *, #922, .T. ) ;
#5626 = CARTESIAN_POINT ( 'NONE',  ( -11.75000000000000888, 8.099999999999999645, 0.9500000000000037303 ) ) ;
#5627 = EDGE_LOOP ( 'NONE', ( #2766, #4332, #11938, #8011 ) ) ;
#5628 = CARTESIAN_POINT ( 'NONE',  ( -9.209999999999999076, -32.81321928319991343, 1.589999999999998526 ) ) ;
#5629 = AXIS2_PLACEMENT_3D ( 'NONE', #2056, #10042, #6996 ) ;
#5630 = CARTESIAN_POINT ( 'NONE',  ( -6.670000000000006146, 8.100000000000003197, -0.9499999999999971800 ) ) ;
#5631 = DIRECTION ( 'NONE',  ( -1.000000000000000000, 0.000000000000000000, 1.110223024625156294E-16 ) ) ;
#5632 = EDGE_CURVE ( 'NONE', #6177, #2042, #4328, .T. ) ;
#5633 = DIRECTION ( 'NONE',  ( -1.000000000000000000, -3.204747427460362211E-31, 2.821527733676277528E-15 ) ) ;
#5634 = EDGE_CURVE ( 'NONE', #3731, #9131, #5346, .T. ) ;
#5635 = EDGE_LOOP ( 'NONE', ( #10221, #4230, #6547, #8544 ) ) ;
#5636 = EDGE_LOOP ( 'NONE', ( #8256, #7597, #8970, #11815 ) ) ;
#5637 = DIRECTION ( 'NONE',  ( -2.220446049250312095E-16, 1.000000000000000000, 1.224646799147353207E-16 ) ) ;
#5638 = ORIENTED_EDGE ( 'NONE', *, *, #6124, .T. ) ;
#5639 = ORIENTED_EDGE ( 'NONE', *, *, #3068, .F. ) ;
#5640 = LINE ( 'NONE', #9775, #13319 ) ;
#5641 = CARTESIAN_POINT ( 'NONE',  ( -0.4050000000000045230, -2.500000000000003997, -0.9499999999999992895 ) ) ;
#5642 = DIRECTION ( 'NONE',  ( -1.000000000000000000, 0.000000000000000000, 1.110223024625156294E-16 ) ) ;
#5643 = VECTOR ( 'NONE', #9014, 1000.000000000000000 ) ;
#5644 = DIRECTION ( 'NONE',  ( -1.000000000000000000, 0.000000000000000000, 1.110223024625156294E-16 ) ) ;
#5645 = DIRECTION ( 'NONE',  ( 2.220446049250312095E-16, -1.000000000000000000, -1.224646799147353207E-16 ) ) ;
#5646 = VERTEX_POINT ( 'NONE', #9471 ) ;
#5647 = ADVANCED_FACE ( 'NONE', ( #5278 ), #10358, .T. ) ;
#5648 = PLANE ( 'NONE',  #10518 ) ;
#5649 = LINE ( 'NONE', #1055, #10219 ) ;
#5650 = SURFACE_STYLE_FILL_AREA ( #6603 ) ;
#5651 = VECTOR ( 'NONE', #355, 1000.000000000000000 ) ;
#5652 = EDGE_LOOP ( 'NONE', ( #5797, #1127, #11445, #7991 ) ) ;
#5653 = ORIENTED_EDGE ( 'NONE', *, *, #4406, .F. ) ;
#5654 = CARTESIAN_POINT ( 'NONE',  ( -11.55000000000000249, 8.599999999999999645, -0.9499999999999966249 ) ) ;
#5655 = ORIENTED_EDGE ( 'NONE', *, *, #1391, .T. ) ;
#5656 =( NAMED_UNIT ( * ) SI_UNIT ( $, .STERADIAN. ) SOLID_ANGLE_UNIT ( ) );
#5657 = CARTESIAN_POINT ( 'NONE',  ( -11.28575757575761429, 8.539393939393940869, 1.125757575757583062 ) ) ;
#5658 = FACE_OUTER_BOUND ( 'NONE', #10156, .T. ) ;
#5659 = EDGE_LOOP ( 'NONE', ( #12960, #8115, #5001, #3246 ) ) ;
#5660 = EDGE_CURVE ( 'NONE', #5349, #6351, #4127, .T. ) ;
#5661 = CARTESIAN_POINT ( 'NONE',  ( 5.529999999999999361, 0.2499999999999958922, 4.425000000000000711 ) ) ;
#5662 = ORIENTED_EDGE ( 'NONE', *, *, #7949, .F. ) ;
#5663 = AXIS2_PLACEMENT_3D ( 'NONE', #7, #1148, #10479 ) ;
#5664 = CARTESIAN_POINT ( 'NONE',  ( 1.589999999999999192, -2.500000000000003997, -0.9499999999999995115 ) ) ;
#5665 = VECTOR ( 'NONE', #9127, 1000.000000000000000 ) ;
#5666 = VERTEX_POINT ( 'NONE', #3311 ) ;
#5667 = VERTEX_POINT ( 'NONE', #12314 ) ;
#5668 = AXIS2_PLACEMENT_3D ( 'NONE', #8250, #4186, #8517 ) ;
#5669 = DIRECTION ( 'NONE',  ( 1.110223024625162210E-16, -2.832970111128502150E-15, 1.000000000000000000 ) ) ;
#5670 = PRESENTATION_STYLE_ASSIGNMENT (( #10554 ) ) ;
#5671 = FACE_BOUND ( 'NONE', #11356, .T. ) ;
#5672 = CARTESIAN_POINT ( 'NONE',  ( 0.9499999999999976241, -3.000000000000004441, -1.389999999999998570 ) ) ;
#5673 = ORIENTED_EDGE ( 'NONE', *, *, #8213, .T. ) ;
#5674 = EDGE_LOOP ( 'NONE', ( #378, #949, #8109, #4573 ) ) ;
#5675 = LINE ( 'NONE', #4865, #4851 ) ;
#5676 = DIRECTION ( 'NONE',  ( -1.000000000000000000, -3.204747427460362211E-31, 2.821527733676277528E-15 ) ) ;
#5677 = PLANE ( 'NONE',  #5592 ) ;
#5678 = AXIS2_PLACEMENT_3D ( 'NONE', #13035, #4923, #13107 ) ;
#5679 = CARTESIAN_POINT ( 'NONE',  ( 8.570000000000007390, -32.81321928319991343, 0.9499999999999965139 ) ) ;
#5680 = EDGE_CURVE ( 'NONE', #5295, #1865, #9268, .T. ) ;
#5681 = VERTEX_POINT ( 'NONE', #147 ) ;
#5682 = VECTOR ( 'NONE', #6939, 1000.000000000000000 ) ;
#5683 = CARTESIAN_POINT ( 'NONE',  ( -11.11000000000000654, 8.599999999999999645, -1.149999999999997025 ) ) ;
#5684 = ORIENTED_EDGE ( 'NONE', *, *, #1386, .F. ) ;
#5685 = CARTESIAN_POINT ( 'NONE',  ( -0.9500000000000036193, 8.100000000000001421, 0.9500000000000026201 ) ) ;
#5686 = CARTESIAN_POINT ( 'NONE',  ( -11.11000000000000476, 0.7499999999999981126, -1.589999999999997193 ) ) ;
#5687 = CARTESIAN_POINT ( 'NONE',  ( 8.569999999999998508, 2.599999999999997868, -0.9499999999999995115 ) ) ;
#5688 = ORIENTED_EDGE ( 'NONE', *, *, #2832, .T. ) ;
#5689 = CARTESIAN_POINT ( 'NONE',  ( -1.590000000000002967, -3.000000000000004441, -0.9499999999999991784 ) ) ;
#5690 = ORIENTED_EDGE ( 'NONE', *, *, #3580, .T. ) ;
#5691 = PLANE ( 'NONE',  #12782 ) ;
#5692 = VECTOR ( 'NONE', #7803, 1000.000000000000000 ) ;
#5693 = EDGE_CURVE ( 'NONE', #13326, #3587, #6284, .T. ) ;
#5694 = EDGE_CURVE ( 'NONE', #12609, #5494, #1084, .T. ) ;
#5695 = LINE ( 'NONE', #3671, #2463 ) ;
#5696 = FACE_OUTER_BOUND ( 'NONE', #11261, .T. ) ;
#5697 = VECTOR ( 'NONE', #13121, 999.9999999999998863 ) ;
#5698 = VERTEX_POINT ( 'NONE', #7175 ) ;
#5699 = LINE ( 'NONE', #6720, #1364 ) ;
#5700 = AXIS2_PLACEMENT_3D ( 'NONE', #12624, #4506, #5642 ) ;
#5701 = ORIENTED_EDGE ( 'NONE', *, *, #11422, .F. ) ;
#5702 = VECTOR ( 'NONE', #3821, 1000.000000000000114 ) ;
#5703 = VERTEX_POINT ( 'NONE', #12523 ) ;
#5704 = DIRECTION ( 'NONE',  ( -1.000000000000000000, 0.000000000000000000, 1.110223024625156294E-16 ) ) ;
#5705 = DIRECTION ( 'NONE',  ( -2.220446049250312095E-16, 1.000000000000000000, 1.224646799147353207E-16 ) ) ;
#5706 = DIRECTION ( 'NONE',  ( -1.110223024625156294E-16, 1.224646799147353207E-16, -1.000000000000000000 ) ) ;
#5707 = EDGE_CURVE ( 'NONE', #3348, #1198, #8398, .T. ) ;
#5708 = VECTOR ( 'NONE', #3766, 1000.000000000000000 ) ;
#5709 = EDGE_CURVE ( 'NONE', #2291, #7060, #12585, .T. ) ;
#5710 = EDGE_CURVE ( 'NONE', #2472, #126, #2307, .T. ) ;
#5711 = FACE_OUTER_BOUND ( 'NONE', #10787, .T. ) ;
#5712 = DIRECTION ( 'NONE',  ( 1.359631073446890508E-32, 1.000000000000000000, 1.224646799147352961E-16 ) ) ;
#5713 = ORIENTED_EDGE ( 'NONE', *, *, #11021, .T. ) ;
#5714 = DIRECTION ( 'NONE',  ( 1.030816200048588727E-16, 0.3713906763541041101, 0.9284766908852591927 ) ) ;
#5715 = DIRECTION ( 'NONE',  ( 1.110223024625156294E-16, -1.224646799147353207E-16, 1.000000000000000000 ) ) ;
#5716 = PLANE ( 'NONE',  #2351 ) ;
#5717 = EDGE_CURVE ( 'NONE', #11561, #1533, #3110, .T. ) ;
#5718 = ORIENTED_EDGE ( 'NONE', *, *, #4844, .T. ) ;
#5719 = EDGE_CURVE ( 'NONE', #2479, #4488, #7582, .T. ) ;
#5720 = VECTOR ( 'NONE', #6790, 1000.000000000000000 ) ;
#5721 = ORIENTED_EDGE ( 'NONE', *, *, #8119, .T. ) ;
#5722 = EDGE_CURVE ( 'NONE', #12497, #3928, #11701, .T. ) ;
#5723 = CARTESIAN_POINT ( 'NONE',  ( -15.48000000000000576, 8.499999999999998224, -3.174999999999995381 ) ) ;
#5724 = EDGE_LOOP ( 'NONE', ( #13179, #9388, #3420, #7211 ) ) ;
#5725 =( NAMED_UNIT ( * ) SI_UNIT ( $, .STERADIAN. ) SOLID_ANGLE_UNIT ( ) );
#5726 = LINE ( 'NONE', #5460, #12200 ) ;
#5727 = CARTESIAN_POINT ( 'NONE',  ( 9.209999999999999076, -2.500000000000003109, -0.9500000000000001776 ) ) ;
#5728 = VERTEX_POINT ( 'NONE', #10617 ) ;
#5729 = DIRECTION ( 'NONE',  ( -2.220446049250312095E-16, 1.000000000000000000, 1.224646799147353207E-16 ) ) ;
#5730 = PLANE ( 'NONE',  #938 ) ;
#5731 = ORIENTED_EDGE ( 'NONE', *, *, #4928, .F. ) ;
#5732 = DIRECTION ( 'NONE',  ( 2.220446049250312095E-16, -1.000000000000000000, -1.224646799147353207E-16 ) ) ;
#5733 = ORIENTED_EDGE ( 'NONE', *, *, #2082, .T. ) ;
#5734 = ORIENTED_EDGE ( 'NONE', *, *, #6388, .T. ) ;
#5735 = VECTOR ( 'NONE', #1993, 999.9999999999998863 ) ;
#5736 = ADVANCED_FACE ( 'NONE', ( #10884 ), #6689, .T. ) ;
#5737 = EDGE_CURVE ( 'NONE', #575, #5667, #10817, .T. ) ;
#5738 = DIRECTION ( 'NONE',  ( 2.220446049250312095E-16, -1.000000000000000000, -1.224646799147353207E-16 ) ) ;
#5739 = CARTESIAN_POINT ( 'NONE',  ( 0.9499999999999979572, -3.000000000000004441, 1.590000000000001190 ) ) ;
#5740 = DIRECTION ( 'NONE',  ( 0.7071067811865494601, 0.7071067811865456854, 1.924707753543579833E-15 ) ) ;
#5741 = EDGE_CURVE ( 'NONE', #8787, #4030, #8599, .T. ) ;
#5742 = CARTESIAN_POINT ( 'NONE',  ( 3.490000000000001545, -32.81321928319991343, 1.589999999999997193 ) ) ;
#5743 = ORIENTED_EDGE ( 'NONE', *, *, #2623, .T. ) ;
#5744 = VECTOR ( 'NONE', #3480, 1000.000000000000000 ) ;
#5745 = ORIENTED_EDGE ( 'NONE', *, *, #6735, .T. ) ;
#5746 = CARTESIAN_POINT ( 'NONE',  ( -0.9500000000000011768, -2.500000000000003997, 0.9500000000000012879 ) ) ;
#5747 = DIRECTION ( 'NONE',  ( 7.850462293418890625E-17, 0.7071067811865460184, 0.7071067811865490160 ) ) ;
#5748 = ORIENTED_EDGE ( 'NONE', *, *, #5784, .T. ) ;
#5749 = CARTESIAN_POINT ( 'NONE',  ( -1.590000000000003189, -3.000000000000004441, -1.389999999999998348 ) ) ;
#5750 = EDGE_CURVE ( 'NONE', #8572, #11409, #12724, .T. ) ;
#5751 = VECTOR ( 'NONE', #1108, 1000.000000000000000 ) ;
#5752 = VERTEX_POINT ( 'NONE', #9607 ) ;
#5753 = CARTESIAN_POINT ( 'NONE',  ( 4.129999999999993676, 8.599999999999999645, -0.9499999999999984013 ) ) ;
#5754 = DIRECTION ( 'NONE',  ( -1.110223024625156294E-16, 1.224646799147353207E-16, -1.000000000000000000 ) ) ;
#5755 = ORIENTED_EDGE ( 'NONE', *, *, #9599, .F. ) ;
#5756 = EDGE_CURVE ( 'NONE', #7764, #13049, #2442, .T. ) ;
#5757 = CARTESIAN_POINT ( 'NONE',  ( -8.570000000000005613, 8.599999999999999645, 1.590000000000003411 ) ) ;
#5758 = EDGE_LOOP ( 'NONE', ( #7274, #7142, #10426, #2144 ) ) ;
#5759 = FACE_OUTER_BOUND ( 'NONE', #2949, .T. ) ;
#5760 = AXIS2_PLACEMENT_3D ( 'NONE', #11350, #12359, #2078 ) ;
#5761 = EDGE_CURVE ( 'NONE', #915, #12777, #10680, .T. ) ;
#5762 = LINE ( 'NONE', #3877, #10744 ) ;
#5763 = DIRECTION ( 'NONE',  ( 1.110223024625156294E-16, -1.224646799147353207E-16, 1.000000000000000000 ) ) ;
#5764 = DIRECTION ( 'NONE',  ( -1.000000000000000000, -3.204747427460362211E-31, 2.821527733676277528E-15 ) ) ;
#5765 = VECTOR ( 'NONE', #4479, 1000.000000000000000 ) ;
#5766 = ORIENTED_EDGE ( 'NONE', *, *, #2817, .F. ) ;
#5767 = CARTESIAN_POINT ( 'NONE',  ( 0.9499999999999976241, -3.000000000000004441, -1.389999999999998570 ) ) ;
#5768 = AXIS2_PLACEMENT_3D ( 'NONE', #2464, #2272, #5505 ) ;
#5769 = LINE ( 'NONE', #7874, #3882 ) ;
#5770 = EDGE_LOOP ( 'NONE', ( #4164, #13310, #3572, #3216 ) ) ;
#5771 = PLANE ( 'NONE',  #3817 ) ;
#5772 = DIRECTION ( 'NONE',  ( 1.000000000000000000, 0.000000000000000000, -1.110223024625156294E-16 ) ) ;
#5773 = DIRECTION ( 'NONE',  ( -2.821527733676277528E-15, 1.224646799147354193E-16, -1.000000000000000000 ) ) ;
#5774 = CARTESIAN_POINT ( 'NONE',  ( 3.490000000000001990, -2.500000000000003997, 1.590000000000000968 ) ) ;
#5775 = AXIS2_PLACEMENT_3D ( 'NONE', #10954, #4789, #3984 ) ;
#5776 = LINE ( 'NONE', #3682, #1205 ) ;
#5777 = DIRECTION ( 'NONE',  ( -1.000000000000000000, 0.000000000000000000, 1.110223024625156294E-16 ) ) ;
#5778 = ORIENTED_EDGE ( 'NONE', *, *, #12794, .T. ) ;
#5779 = VECTOR ( 'NONE', #12345, 1000.000000000000000 ) ;
#5780 = CARTESIAN_POINT ( 'NONE',  ( -1.589999999999996305, -32.81321928319991343, 0.9499999999999977351 ) ) ;
#5782 = VECTOR ( 'NONE', #11776, 1000.000000000000000 ) ;
#5781 = DIRECTION ( 'NONE',  ( -2.220446049250312095E-16, 1.000000000000000000, 1.224646799147353207E-16 ) ) ;
#5783 = CARTESIAN_POINT ( 'NONE',  ( 14.38000000000000789, 0.2499999999999976130, -4.425000000000001599 ) ) ;
#5784 = EDGE_CURVE ( 'NONE', #389, #4666, #5539, .T. ) ;
#5785 = EDGE_LOOP ( 'NONE', ( #9797, #9102, #8390, #13183 ) ) ;
#5786 = EDGE_CURVE ( 'NONE', #6921, #5728, #8664, .T. ) ;
#5787 = VECTOR ( 'NONE', #2718, 999.9999999999998863 ) ;
#5788 = ORIENTED_EDGE ( 'NONE', *, *, #11601, .T. ) ;
#5789 = DIRECTION ( 'NONE',  ( 1.000000000000000000, 0.000000000000000000, 0.000000000000000000 ) ) ;
#5790 = EDGE_LOOP ( 'NONE', ( #4134, #12362, #10926, #429 ) ) ;
#5791 = DIRECTION ( 'NONE',  ( -2.220446049250312095E-16, 1.000000000000000000, 1.224646799147353207E-16 ) ) ;
#5792 = DIRECTION ( 'NONE',  ( 1.110223024625156294E-16, -1.224646799147352961E-16, 1.000000000000000000 ) ) ;
#5793 = DIRECTION ( 'NONE',  ( 1.110223024625156294E-16, -1.224646799147353207E-16, 1.000000000000000000 ) ) ;
#5794 = VERTEX_POINT ( 'NONE', #3645 ) ;
#5795 = LINE ( 'NONE', #7902, #10430 ) ;
#5796 = DIRECTION ( 'NONE',  ( -1.110223024625156294E-16, 1.224646799147353207E-16, -1.000000000000000000 ) ) ;
#5797 = ORIENTED_EDGE ( 'NONE', *, *, #2349, .T. ) ;
#5798 = LINE ( 'NONE', #13110, #10298 ) ;
#5799 = ADVANCED_FACE ( 'NONE', ( #2504 ), #5608, .F. ) ;
#5800 = VECTOR ( 'NONE', #1852, 1000.000000000000114 ) ;
#5801 = VERTEX_POINT ( 'NONE', #12853 ) ;
#5802 = EDGE_LOOP ( 'NONE', ( #6816, #4100, #731, #2203 ) ) ;
#5803 = EDGE_CURVE ( 'NONE', #7904, #7766, #3582, .T. ) ;
#5804 = ADVANCED_FACE ( 'NONE', ( #11831 ), #2573, .F. ) ;
#5805 = LINE ( 'NONE', #6821, #7296 ) ;
#5806 = FACE_OUTER_BOUND ( 'NONE', #12563, .T. ) ;
#5807 = CARTESIAN_POINT ( 'NONE',  ( 8.647575757575754807, 8.293939393939391280, 1.027575757575760473 ) ) ;
#5808 = CARTESIAN_POINT ( 'NONE',  ( 14.83499999999999730, -2.500000000000003997, -0.9500000000000008438 ) ) ;
#5809 = DIRECTION ( 'NONE',  ( -1.000000000000000000, 0.000000000000000000, 0.000000000000000000 ) ) ;
#5810 = VECTOR ( 'NONE', #156, 999.9999999999998863 ) ;
#5811 = ORIENTED_EDGE ( 'NONE', *, *, #1990, .T. ) ;
#5812 = VERTEX_POINT ( 'NONE', #611 ) ;
#5813 = CARTESIAN_POINT ( 'NONE',  ( -15.48000000000000398, 6.649999999999999467, -1.649999999999995470 ) ) ;
#5814 = LINE ( 'NONE', #11102, #12800 ) ;
#5815 = ADVANCED_FACE ( 'NONE', ( #9805 ), #544, .F. ) ;
#5816 = CARTESIAN_POINT ( 'NONE',  ( 11.31000000000000405, -3.000000000000002665, -1.150000000000000799 ) ) ;
#5817 = VECTOR ( 'NONE', #13282, 1000.000000000000114 ) ;
#5818 = VERTEX_POINT ( 'NONE', #6487 ) ;
#5819 = FACE_OUTER_BOUND ( 'NONE', #5770, .T. ) ;
#5820 = ORIENTED_EDGE ( 'NONE', *, *, #8369, .T. ) ;
#5821 = CARTESIAN_POINT ( 'NONE',  ( -2.458333333333349913, 2.421666666666667744, 0.08166666666666477781 ) ) ;
#5822 = CARTESIAN_POINT ( 'NONE',  ( -3.930000000000011706, -3.000000000000003553, 1.590000000000001856 ) ) ;
#5823 = DIRECTION ( 'NONE',  ( -1.000000000000000000, 0.000000000000000000, 1.110223024625156294E-16 ) ) ;
#5824 = ORIENTED_EDGE ( 'NONE', *, *, #140, .F. ) ;
#5825 = FACE_OUTER_BOUND ( 'NONE', #3528, .T. ) ;
#5826 = ORIENTED_EDGE ( 'NONE', *, *, #9783, .T. ) ;
#5827 = DIRECTION ( 'NONE',  ( 0.3481553119113962591, -0.8703882797784889824, 0.3481553119113957040 ) ) ;
#5828 = EDGE_CURVE ( 'NONE', #7023, #9956, #2635, .T. ) ;
#5829 = CARTESIAN_POINT ( 'NONE',  ( 3.490000000000001990, -3.000000000000004441, 1.150000000000001465 ) ) ;
#5830 = EDGE_CURVE ( 'NONE', #3677, #182, #7516, .T. ) ;
#5831 = ORIENTED_EDGE ( 'NONE', *, *, #11195, .F. ) ;
#5832 = DIRECTION ( 'NONE',  ( -1.110223024625156294E-16, 1.224646799147353207E-16, -1.000000000000000000 ) ) ;
#5833 = LINE ( 'NONE', #381, #9279 ) ;
#5834 = ORIENTED_EDGE ( 'NONE', *, *, #7789, .F. ) ;
#5835 = CARTESIAN_POINT ( 'NONE',  ( 6.030000000000001137, 2.599999999999996980, -1.589999999999999192 ) ) ;
#5836 = LINE ( 'NONE', #8511, #13004 ) ;
#5837 = CARTESIAN_POINT ( 'NONE',  ( -0.4250000000000037637, -4.336808689942017736E-15, 3.625000000000002220 ) ) ;
#5838 = FACE_OUTER_BOUND ( 'NONE', #8092, .T. ) ;
#5839 = AXIS2_PLACEMENT_3D ( 'NONE', #10442, #1174, #3334 ) ;
#5840 = DIRECTION ( 'NONE',  ( 1.359631073446890508E-32, 1.000000000000000000, 1.224646799147352961E-16 ) ) ;
#5841 = DIRECTION ( 'NONE',  ( 1.000000000000000000, 0.000000000000000000, -1.110223024625156294E-16 ) ) ;
#5842 = VERTEX_POINT ( 'NONE', #2897 ) ;
#5843 = EDGE_CURVE ( 'NONE', #6093, #5801, #5805, .T. ) ;
#5844 = DIRECTION ( 'NONE',  ( 1.000000000000000000, 0.000000000000000000, -1.110223024625156294E-16 ) ) ;
#5845 = DIRECTION ( 'NONE',  ( -1.110223024625156294E-16, 1.224646799147353207E-16, -1.000000000000000000 ) ) ;
#5846 = CARTESIAN_POINT ( 'NONE',  ( -11.75000000000000711, 0.7499999999999981126, -0.9499999999999976241 ) ) ;
#5847 = VECTOR ( 'NONE', #8917, 1000.000000000000000 ) ;
#5848 = ORIENTED_EDGE ( 'NONE', *, *, #1799, .T. ) ;
#5849 = ORIENTED_EDGE ( 'NONE', *, *, #2419, .F. ) ;
#5850 = VECTOR ( 'NONE', #12476, 1000.000000000000000 ) ;
#5851 = DIRECTION ( 'NONE',  ( -0.7071067811865491270, 0.7071067811865459074, 1.651002285577380499E-16 ) ) ;
#5852 = ORIENTED_EDGE ( 'NONE', *, *, #2740, .F. ) ;
#5853 = CARTESIAN_POINT ( 'NONE',  ( 8.769999999999997797, 8.599999999999999645, -1.389999999999998126 ) ) ;
#5854 = PLANE ( 'NONE',  #2049 ) ;
#5855 = DIRECTION ( 'NONE',  ( 1.855469160087460128E-16, -0.3713906763541040545, 0.9284766908852591927 ) ) ;
#5856 = EDGE_LOOP ( 'NONE', ( #3220, #9447, #2037, #10972 ) ) ;
#5857 = LINE ( 'NONE', #6883, #2657 ) ;
#5858 = DIRECTION ( 'NONE',  ( 2.220446049250311848E-16, -1.000000000000000000, -1.224646799147353454E-16 ) ) ;
#5859 = ORIENTED_EDGE ( 'NONE', *, *, #1793, .F. ) ;
#5860 = PRODUCT_DEFINITION ( 'UNKNOWN', '', #6554, #1647 ) ;
#5861 = DIRECTION ( 'NONE',  ( 1.110223024625156294E-16, -1.224646799147353207E-16, 1.000000000000000000 ) ) ;
#5862 = VECTOR ( 'NONE', #3456, 1000.000000000000000 ) ;
#5863 = VERTEX_POINT ( 'NONE', #11026 ) ;
#5864 = VERTEX_POINT ( 'NONE', #1886 ) ;
#5865 = DIRECTION ( 'NONE',  ( -2.220446049250312095E-16, 1.000000000000000000, 1.224646799147353207E-16 ) ) ;
#5866 = CARTESIAN_POINT ( 'NONE',  ( -4.130000000000003446, -3.000000000000002665, -0.9499999999999989564 ) ) ;
#5867 = DIRECTION ( 'NONE',  ( -1.110223024625156294E-16, 1.224646799147353207E-16, -1.000000000000000000 ) ) ;
#5868 = DIRECTION ( 'NONE',  ( 1.000000000000000000, 0.000000000000000000, -1.110223024625156294E-16 ) ) ;
#5869 = CARTESIAN_POINT ( 'NONE',  ( -12.25000000000000711, 0.2499999999999967526, -0.4499999999999974021 ) ) ;
#5870 = VECTOR ( 'NONE', #272, 1000.000000000000000 ) ;
#5871 = VERTEX_POINT ( 'NONE', #1952 ) ;
#5872 = VECTOR ( 'NONE', #11230, 1000.000000000000000 ) ;
#5873 = ORIENTED_EDGE ( 'NONE', *, *, #1671, .T. ) ;
#5874 = DIRECTION ( 'NONE',  ( -0.5773502691896271743, 0.5773502691896260641, 0.5773502691896240657 ) ) ;
#5875 = EDGE_CURVE ( 'NONE', #8617, #5698, #6070, .T. ) ;
#5876 = VECTOR ( 'NONE', #2161, 1000.000000000000000 ) ;
#5877 = ADVANCED_FACE ( 'NONE', ( #13250 ), #7980, .T. ) ;
#5878 = LINE ( 'NONE', #5946, #3721 ) ;
#5879 = EDGE_CURVE ( 'NONE', #13143, #10123, #12105, .T. ) ;
#5880 = CARTESIAN_POINT ( 'NONE',  ( 16.53000000000000114, 0.2499999999999958922, 4.424999999999999822 ) ) ;
#5881 = ORIENTED_EDGE ( 'NONE', *, *, #1652, .T. ) ;
#5882 = DIRECTION ( 'NONE',  ( 1.110223024625156294E-16, -1.224646799147353207E-16, 1.000000000000000000 ) ) ;
#5883 = AXIS2_PLACEMENT_3D ( 'NONE', #2654, #4254, #7233 ) ;
#5884 = EDGE_CURVE ( 'NONE', #11751, #1635, #2833, .T. ) ;
#5885 = ORIENTED_EDGE ( 'NONE', *, *, #1675, .T. ) ;
#5886 = EDGE_CURVE ( 'NONE', #9154, #12458, #2771, .T. ) ;
#5887 = CARTESIAN_POINT ( 'NONE',  ( 0.1299999999999825184, -7.950000000000005507, -10.29000000000000092 ) ) ;
#5888 = ORIENTED_EDGE ( 'NONE', *, *, #2533, .T. ) ;
#5889 = DIRECTION ( 'NONE',  ( -2.220446049250312095E-16, 1.000000000000000000, 1.224646799147353207E-16 ) ) ;
#5890 = EDGE_CURVE ( 'NONE', #1858, #3611, #6894, .T. ) ;
#5891 = CARTESIAN_POINT ( 'NONE',  ( -0.4050000000000112399, -2.500000000000003997, 0.9500000000000011768 ) ) ;
#5892 = VERTEX_POINT ( 'NONE', #809 ) ;
#5893 = EDGE_CURVE ( 'NONE', #12636, #1908, #741, .T. ) ;
#5894 = FACE_OUTER_BOUND ( 'NONE', #10324, .T. ) ;
#5895 = ORIENTED_EDGE ( 'NONE', *, *, #2013, .F. ) ;
#5896 = DIRECTION ( 'NONE',  ( -0.5773502691896252870, 0.5773502691896270633, 0.5773502691896250649 ) ) ;
#5897 = VECTOR ( 'NONE', #193, 1000.000000000000000 ) ;
#5898 = VECTOR ( 'NONE', #1268, 999.9999999999998863 ) ;
#5899 = CARTESIAN_POINT ( 'NONE',  ( -8.770000000000012008, 8.599999999999999645, -0.9499999999999969580 ) ) ;
#5900 = APPLICATION_PROTOCOL_DEFINITION ( 'draft international standard', 'automotive_design', 1998, #8536 ) ;
#5901 = CARTESIAN_POINT ( 'NONE',  ( 16.08000000000000185, 9.100000000000003197, 4.425000000000001599 ) ) ;
#5902 = ORIENTED_EDGE ( 'NONE', *, *, #1505, .T. ) ;
#5903 = DIRECTION ( 'NONE',  ( -0.3481553119113956485, -0.8703882797784890935, 0.3481553119113957595 ) ) ;
#5904 = ADVANCED_FACE ( 'NONE', ( #3916 ), #12233, .T. ) ;
#5905 = FACE_OUTER_BOUND ( 'NONE', #11461, .T. ) ;
#5906 = EDGE_CURVE ( 'NONE', #7587, #9318, #8916, .T. ) ;
#5907 = ORIENTED_EDGE ( 'NONE', *, *, #2019, .T. ) ;
#5908 = DIRECTION ( 'NONE',  ( -1.000000000000000000, -2.220446049250312341E-16, 1.110223024625156047E-16 ) ) ;
#5909 = PLANE ( 'NONE',  #5629 ) ;
#5910 = EDGE_CURVE ( 'NONE', #3014, #4203, #7025, .T. ) ;
#5911 = DIRECTION ( 'NONE',  ( 1.000000000000000000, 0.000000000000000000, -1.110223024625156294E-16 ) ) ;
#5912 = CARTESIAN_POINT ( 'NONE',  ( -11.18757575757580902, -2.693939393939391636, -1.512424242424236898 ) ) ;
#5913 = FACE_OUTER_BOUND ( 'NONE', #107, .T. ) ;
#5914 = DIRECTION ( 'NONE',  ( 2.220446049250312095E-16, -1.000000000000000000, -1.224646799147353207E-16 ) ) ;
#5915 = ORIENTED_EDGE ( 'NONE', *, *, #7647, .T. ) ;
#5916 = VECTOR ( 'NONE', #11896, 1000.000000000000114 ) ;
#5917 = DIRECTION ( 'NONE',  ( 1.000000000000000000, 0.000000000000000000, 0.000000000000000000 ) ) ;
#5918 = DIRECTION ( 'NONE',  ( -0.3481553119113937056, -0.8703882797784899816, -0.3481553119113958705 ) ) ;
#5919 = DIRECTION ( 'NONE',  ( -2.220446049250312095E-16, 1.000000000000000000, 1.224646799147353207E-16 ) ) ;
#5920 = AXIS2_PLACEMENT_3D ( 'NONE', #3571, #12843, #336 ) ;
#5921 = ORIENTED_EDGE ( 'NONE', *, *, #2992, .T. ) ;
#5922 = ORIENTED_EDGE ( 'NONE', *, *, #8000, .T. ) ;
#5924 = FACE_OUTER_BOUND ( 'NONE', #6046, .T. ) ;
#5923 = VECTOR ( 'NONE', #1811, 1000.000000000000000 ) ;
#5925 = ORIENTED_EDGE ( 'NONE', *, *, #5722, .F. ) ;
#5926 =( LENGTH_UNIT ( ) NAMED_UNIT ( * ) SI_UNIT ( .MILLI., .METRE. ) );
#5927 = LINE ( 'NONE', #11953, #8530 ) ;
#5928 = DIRECTION ( 'NONE',  ( -2.220446049250312095E-16, 1.000000000000000000, 1.224646799147353207E-16 ) ) ;
#5929 = PLANE ( 'NONE',  #500 ) ;
#5930 = DIRECTION ( 'NONE',  ( 1.110223024625156294E-16, -1.224646799147353207E-16, 1.000000000000000000 ) ) ;
#5931 = EDGE_LOOP ( 'NONE', ( #433, #1777, #6608, #987 ) ) ;
#5932 = DIRECTION ( 'NONE',  ( 2.220446049250311848E-16, -1.000000000000000000, -1.224646799147353454E-16 ) ) ;
#5933 = DIRECTION ( 'NONE',  ( 7.850462293418890625E-17, 0.7071067811865460184, 0.7071067811865490160 ) ) ;
#5934 = ADVANCED_FACE ( 'NONE', ( #11091 ), #7909, .F. ) ;
#5935 = VECTOR ( 'NONE', #4763, 1000.000000000000000 ) ;
#5936 = EDGE_LOOP ( 'NONE', ( #4218, #12340, #9072, #2159 ) ) ;
#5937 = ORIENTED_EDGE ( 'NONE', *, *, #13086, .F. ) ;
#5938 = CARTESIAN_POINT ( 'NONE',  ( -6.670000000000004370, 0.7499999999999972244, 1.590000000000002300 ) ) ;
#5939 = DIRECTION ( 'NONE',  ( 1.000000000000000000, 0.000000000000000000, -1.110223024625156294E-16 ) ) ;
#5940 = DIRECTION ( 'NONE',  ( 2.220446049250312095E-16, -1.000000000000000000, -1.224646799147353207E-16 ) ) ;
#5941 = CARTESIAN_POINT ( 'NONE',  ( 11.74999999999999645, 2.599999999999998312, -1.589999999999999636 ) ) ;
#5942 = PLANE ( 'NONE',  #7008 ) ;
#5943 = ORIENTED_EDGE ( 'NONE', *, *, #6580, .T. ) ;
#5944 = VERTEX_POINT ( 'NONE', #5938 ) ;
#5945 = PLANE ( 'NONE',  #2045 ) ;
#5946 = CARTESIAN_POINT ( 'NONE',  ( 6.903333333333353750, -4.563333333333354780, -6.903333333333329769 ) ) ;
#5947 = VECTOR ( 'NONE', #815, 1000.000000000000000 ) ;
#5948 = VECTOR ( 'NONE', #11194, 1000.000000000000000 ) ;
#5949 =( LENGTH_UNIT ( ) NAMED_UNIT ( * ) SI_UNIT ( .MILLI., .METRE. ) );
#5950 = ORIENTED_EDGE ( 'NONE', *, *, #7570, .T. ) ;
#5951 = CARTESIAN_POINT ( 'NONE',  ( -6.469999999999997975, -3.000000000000004441, -0.9499999999999986233 ) ) ;
#5952 = DIRECTION ( 'NONE',  ( 1.110223024625156294E-16, -1.224646799147353207E-16, 1.000000000000000000 ) ) ;
#5954 = EDGE_CURVE ( 'NONE', #2277, #11745, #6009, .T. ) ;
#5953 = VERTEX_POINT ( 'NONE', #10070 ) ;
#5955 = DIRECTION ( 'NONE',  ( -0.5773502691896250649, -0.5773502691896273964, 0.5773502691896250649 ) ) ;
#5956 = EDGE_CURVE ( 'NONE', #2030, #10455, #4996, .T. ) ;
#5958 = ORIENTED_EDGE ( 'NONE', *, *, #2843, .T. ) ;
#5957 = EDGE_CURVE ( 'NONE', #7587, #7641, #4857, .T. ) ;
#5959 = PLANE ( 'NONE',  #6847 ) ;
#5960 = DIRECTION ( 'NONE',  ( -1.000000000000000000, 0.000000000000000000, 1.110223024625156294E-16 ) ) ;
#5961 = ORIENTED_EDGE ( 'NONE', *, *, #2815, .F. ) ;
#5962 = LINE ( 'NONE', #12127, #8969 ) ;
#5963 = ORIENTED_EDGE ( 'NONE', *, *, #6889, .F. ) ;
#5964 = DIRECTION ( 'NONE',  ( -0.5773502691896250649, -0.5773502691896273964, 0.5773502691896250649 ) ) ;
#5965 = DIRECTION ( 'NONE',  ( 2.220446049250312095E-16, -1.000000000000000000, -1.224646799147353207E-16 ) ) ;
#5966 =( NAMED_UNIT ( * ) SI_UNIT ( $, .STERADIAN. ) SOLID_ANGLE_UNIT ( ) );
#5967 =( GEOMETRIC_REPRESENTATION_CONTEXT ( 3 ) GLOBAL_UNCERTAINTY_ASSIGNED_CONTEXT ( ( #8006 ) ) GLOBAL_UNIT_ASSIGNED_CONTEXT ( ( #5926, #10871, #5725 ) ) REPRESENTATION_CONTEXT ( 'NONE', 'WORKASPACE' ) );
#5968 = ADVANCED_FACE ( 'NONE', ( #8850 ), #12974, .T. ) ;
#5969 = LINE ( 'NONE', #3739, #12288 ) ;
#5970 = ORIENTED_EDGE ( 'NONE', *, *, #1845, .F. ) ;
#5971 = PLANE ( 'NONE',  #8978 ) ;
#5972 = ADVANCED_FACE ( 'NONE', ( #2700 ), #939, .F. ) ;
#5973 = CARTESIAN_POINT ( 'NONE',  ( 3.490000000000000657, 2.599999999999998312, -1.589999999999998748 ) ) ;
#5974 = EDGE_CURVE ( 'NONE', #6146, #4459, #8444, .T. ) ;
#5975 = ORIENTED_EDGE ( 'NONE', *, *, #3346, .T. ) ;
#5976 = CARTESIAN_POINT ( 'NONE',  ( -11.75000000000000888, 8.099999999999999645, -0.9499999999999967359 ) ) ;
#5977 = CARTESIAN_POINT ( 'NONE',  ( -0.4500000000000012879, 0.2499999999999976130, 2.090000000000002522 ) ) ;
#5978 = VECTOR ( 'NONE', #2015, 1000.000000000000000 ) ;
#5979 = DIRECTION ( 'NONE',  ( -1.000000000000000000, 0.000000000000000000, 1.110223024625156294E-16 ) ) ;
#5980 = CARTESIAN_POINT ( 'NONE',  ( 6.030000000000002025, 0.7499999999999963363, 1.590000000000000968 ) ) ;
#5981 = CARTESIAN_POINT ( 'NONE',  ( 8.069999999999996732, 0.2499999999999976130, -0.4499999999999996225 ) ) ;
#5982 = CARTESIAN_POINT ( 'NONE',  ( -6.670000000000004370, -3.000000000000004441, 1.590000000000001856 ) ) ;
#5983 = ORIENTED_EDGE ( 'NONE', *, *, #3910, .F. ) ;
#5984 = DIRECTION ( 'NONE',  ( -1.268196935725447699E-17, 1.224646799147352961E-16, -1.000000000000000000 ) ) ;
#5985 = VECTOR ( 'NONE', #12738, 999.9999999999998863 ) ;
#5986 = DIRECTION ( 'NONE',  ( 1.000000000000000000, 0.000000000000000000, -1.110223024625156294E-16 ) ) ;
#5987 = CARTESIAN_POINT ( 'NONE',  ( -1.512424242424242893, 8.293939393939393057, 1.027575757575761584 ) ) ;
#5988 = AXIS2_PLACEMENT_3D ( 'NONE', #9298, #12480, #2943 ) ;
#5989 = ORIENTED_EDGE ( 'NONE', *, *, #1749, .F. ) ;
#5990 = ORIENTED_EDGE ( 'NONE', *, *, #6855, .T. ) ;
#5991 = CARTESIAN_POINT ( 'NONE',  ( -4.130000000000003446, 0.7499999999999981126, 1.590000000000002300 ) ) ;
#5992 = ORIENTED_EDGE ( 'NONE', *, *, #6704, .F. ) ;
#5993 = FILL_AREA_STYLE ('',( #1810 ) ) ;
#5994 = VECTOR ( 'NONE', #4519, 1000.000000000000000 ) ;
#5995 = CARTESIAN_POINT ( 'NONE',  ( -8.025000000000000355, 2.799999999999998490, -0.9499999999999978462 ) ) ;
#5996 = FACE_OUTER_BOUND ( 'NONE', #13345, .T. ) ;
#5997 = CARTESIAN_POINT ( 'NONE',  ( -2.945000000000007390, 8.100000000000001421, -0.9499999999999976241 ) ) ;
#5998 = AXIS2_PLACEMENT_3D ( 'NONE', #11036, #1768, #7851 ) ;
#5999 = CARTESIAN_POINT ( 'NONE',  ( -15.48000000000000398, 0.2499999999999967526, 1.650000000000002798 ) ) ;
#6000 = ORIENTED_EDGE ( 'NONE', *, *, #10111, .F. ) ;
#6001 = FACE_OUTER_BOUND ( 'NONE', #8643, .T. ) ;
#6002 = ADVANCED_FACE ( 'NONE', ( #3295 ), #6340, .F. ) ;
#6003 = FACE_OUTER_BOUND ( 'NONE', #6119, .T. ) ;
#6004 = VECTOR ( 'NONE', #989, 1000.000000000000000 ) ;
#6005 = ORIENTED_EDGE ( 'NONE', *, *, #8387, .F. ) ;
#6006 = COLOUR_RGB ( '',0.8705882352941176627, 0.6313725490196078205, 0.1725490196078431349 ) ;
#6007 = ORIENTED_EDGE ( 'NONE', *, *, #9725, .T. ) ;
#6008 = EDGE_CURVE ( 'NONE', #6360, #10571, #9252, .T. ) ;
#6009 = LINE ( 'NONE', #3780, #2338 ) ;
#6010 = CARTESIAN_POINT ( 'NONE',  ( -6.416666666666662522, -3.133333333333335080, -1.336666666666667336 ) ) ;
#6011 = LINE ( 'NONE', #4859, #12804 ) ;
#6012 = ADVANCED_FACE ( 'NONE', ( #2160 ), #3028, .F. ) ;
#6013 = FACE_OUTER_BOUND ( 'NONE', #11307, .T. ) ;
#6014 = DIRECTION ( 'NONE',  ( -1.110223024625156294E-16, 1.224646799147353207E-16, -1.000000000000000000 ) ) ;
#6015 = VERTEX_POINT ( 'NONE', #2021 ) ;
#6016 = ORIENTED_EDGE ( 'NONE', *, *, #10829, .T. ) ;
#6017 = DIRECTION ( 'NONE',  ( 1.000000000000000000, 0.000000000000000000, -1.110223024625156294E-16 ) ) ;
#6018 = AXIS2_PLACEMENT_3D ( 'NONE', #7938, #12065, #6238 ) ;
#6019 = DIRECTION ( 'NONE',  ( -2.220446049250312095E-16, 1.000000000000000000, 1.224646799147353207E-16 ) ) ;
#6020 = VERTEX_POINT ( 'NONE', #8382 ) ;
#6021 = DIRECTION ( 'NONE',  ( 1.649305920077741323E-16, -0.9284766908852591927, -0.3713906763541040545 ) ) ;
#6022 = FACE_OUTER_BOUND ( 'NONE', #8348, .T. ) ;
#6023 = VECTOR ( 'NONE', #7326, 1000.000000000000000 ) ;
#6024 = CARTESIAN_POINT ( 'NONE',  ( -0.3283333333333421367, -0.5283333333333319892, 2.868333333333331403 ) ) ;
#6025 = ORIENTED_EDGE ( 'NONE', *, *, #5803, .T. ) ;
#6026 = CARTESIAN_POINT ( 'NONE',  ( -9.132424242424246330, 8.293939393939387728, 1.027575757575762472 ) ) ;
#6027 = PLANE ( 'NONE',  #11846 ) ;
#6028 = EDGE_LOOP ( 'NONE', ( #269, #12346, #5639, #12972 ) ) ;
#6029 = ORIENTED_EDGE ( 'NONE', *, *, #8455, .F. ) ;
#6030 = CARTESIAN_POINT ( 'NONE',  ( -6.030000000000002025, -2.500000000000004885, -0.9499999999999987343 ) ) ;
#6031 = ADVANCED_FACE ( 'NONE', ( #7364 ), #11485, .F. ) ;
#6032 = DIRECTION ( 'NONE',  ( 2.220446049250311848E-16, -1.000000000000000000, -1.224646799147353454E-16 ) ) ;
#6033 = ADVANCED_FACE ( 'NONE', ( #1139 ), #7433, .F. ) ;
#6034 = ORIENTED_EDGE ( 'NONE', *, *, #936, .T. ) ;
#6035 = CARTESIAN_POINT ( 'NONE',  ( -2.090000000000003855, 0.2499999999999958922, 4.425000000000001599 ) ) ;
#6036 = ORIENTED_EDGE ( 'NONE', *, *, #4844, .F. ) ;
#6037 = DIRECTION ( 'NONE',  ( 1.359631073446890508E-32, 1.000000000000000000, 1.224646799147352961E-16 ) ) ;
#6038 = CARTESIAN_POINT ( 'NONE',  ( -8.569999999999998508, -32.81321928319991343, -0.9500000000000019540 ) ) ;
#6039 = VERTEX_POINT ( 'NONE', #9389 ) ;
#6040 = FACE_OUTER_BOUND ( 'NONE', #1446, .T. ) ;
#6041 = DIRECTION ( 'NONE',  ( 1.110223024625156294E-16, -1.224646799147352961E-16, 1.000000000000000000 ) ) ;
#6042 = CARTESIAN_POINT ( 'NONE',  ( -8.647575757575753030, -2.693939393939393412, -1.512424242424237342 ) ) ;
#6043 = DIRECTION ( 'NONE',  ( -1.110223024625156294E-16, 1.224646799147353207E-16, -1.000000000000000000 ) ) ;
#6044 = CARTESIAN_POINT ( 'NONE',  ( 13.21500000000000163, 0.2499999999999967526, -3.624999999999998668 ) ) ;
#6045 = DIRECTION ( 'NONE',  ( -1.000000000000000000, 0.000000000000000000, 1.110223024625156294E-16 ) ) ;
#6046 = EDGE_LOOP ( 'NONE', ( #8267, #598, #11685, #1504 ) ) ;
#6047 = EDGE_CURVE ( 'NONE', #6360, #2395, #12508, .T. ) ;
#6048 = EDGE_CURVE ( 'NONE', #1962, #7929, #5264, .T. ) ;
#6049 = LINE ( 'NONE', #4225, #7074 ) ;
#6050 = ADVANCED_FACE ( 'NONE', ( #133 ), #8313, .F. ) ;
#6051 = LINE ( 'NONE', #9168, #10648 ) ;
#6052 = FACE_OUTER_BOUND ( 'NONE', #1429, .T. ) ;
#6053 = ORIENTED_EDGE ( 'NONE', *, *, #11601, .F. ) ;
#6054 = ORIENTED_EDGE ( 'NONE', *, *, #402, .F. ) ;
#6055 = EDGE_CURVE ( 'NONE', #3644, #3794, #3234, .T. ) ;
#6056 = ORIENTED_EDGE ( 'NONE', *, *, #6518, .T. ) ;
#6057 = SURFACE_STYLE_USAGE ( .BOTH. , #10189 ) ;
#6058 = LINE ( 'NONE', #926, #2907 ) ;
#6059 = ADVANCED_FACE ( 'NONE', ( #1204 ), #3092, .F. ) ;
#6060 = PLANE ( 'NONE',  #7873 ) ;
#6061 = FACE_OUTER_BOUND ( 'NONE', #5856, .T. ) ;
#6062 = DIRECTION ( 'NONE',  ( 2.220446049250312095E-16, -1.000000000000000000, -1.224646799147353207E-16 ) ) ;
#6063 = ORIENTED_EDGE ( 'NONE', *, *, #4794, .T. ) ;
#6064 = CARTESIAN_POINT ( 'NONE',  ( 8.569999999999998508, -3.000000000000004441, 1.389999999999999902 ) ) ;
#6065 = PRESENTATION_LAYER_ASSIGNMENT (  '', '', ( #11894 ) ) ;
#6066 = DIRECTION ( 'NONE',  ( -0.5773502691896245098, -0.5773502691896279515, 0.5773502691896246208 ) ) ;
#6067 = AXIS2_PLACEMENT_3D ( 'NONE', #6153, #10285, #13265 ) ;
#6068 = ORIENTED_EDGE ( 'NONE', *, *, #813, .F. ) ;
#6069 = ORIENTED_EDGE ( 'NONE', *, *, #409, .T. ) ;
#6070 = LINE ( 'NONE', #13184, #8805 ) ;
#6071 = CARTESIAN_POINT ( 'NONE',  ( 11.10999999999999943, 8.099999999999999645, 1.590000000000001412 ) ) ;
#6072 = EDGE_CURVE ( 'NONE', #7509, #11932, #1001, .T. ) ;
#6073 = PLANE ( 'NONE',  #704 ) ;
#6074 = CARTESIAN_POINT ( 'NONE',  ( 6.030000000000001137, 2.599999999999996536, 1.590000000000001190 ) ) ;
#6075 = FACE_OUTER_BOUND ( 'NONE', #5055, .T. ) ;
#6076 = ORIENTED_EDGE ( 'NONE', *, *, #10176, .F. ) ;
#6077 = ORIENTED_EDGE ( 'NONE', *, *, #12633, .F. ) ;
#6078 = CARTESIAN_POINT ( 'NONE',  ( -4.130000000000003446, 0.7499999999999981126, 0.9500000000000020650 ) ) ;
#6079 = VECTOR ( 'NONE', #647, 1000.000000000000000 ) ;
#6080 = LINE ( 'NONE', #3863, #709 ) ;
#6081 = CIRCLE ( 'NONE', #263, 0.3362499999999997158 ) ;
#6082 = ORIENTED_EDGE ( 'NONE', *, *, #8700, .T. ) ;
#6083 = LINE ( 'NONE', #11301, #4089 ) ;
#6084 = CARTESIAN_POINT ( 'NONE',  ( -6.030000000000004690, 8.599999999999999645, -0.9499999999999974021 ) ) ;
#6085 = AXIS2_PLACEMENT_3D ( 'NONE', #7018, #5858, #1878 ) ;
#6086 = VECTOR ( 'NONE', #2755, 1000.000000000000000 ) ;
#6087 = CARTESIAN_POINT ( 'NONE',  ( 11.10999999999999588, 8.599999999999999645, -0.9499999999999991784 ) ) ;
#6088 = VERTEX_POINT ( 'NONE', #9456 ) ;
#6089 = LINE ( 'NONE', #2717, #12040 ) ;
#6090 = DIRECTION ( 'NONE',  ( 0.5773502691896235106, -0.5773502691896282846, 0.5773502691896256200 ) ) ;
#6091 = VERTEX_POINT ( 'NONE', #9187 ) ;
#6092 = AXIS2_PLACEMENT_3D ( 'NONE', #10206, #12440, #5062 ) ;
#6093 = VERTEX_POINT ( 'NONE', #202 ) ;
#6094 = DIRECTION ( 'NONE',  ( 0.9284766908852596368, 0.3713906763541028888, -5.759937970183664956E-17 ) ) ;
#6095 = EDGE_CURVE ( 'NONE', #2699, #8548, #6205, .T. ) ;
#6096 = VECTOR ( 'NONE', #12904, 1000.000000000000114 ) ;
#6097 = PLANE ( 'NONE',  #10979 ) ;
#6098 = DIRECTION ( 'NONE',  ( 1.110223024625156294E-16, -1.224646799147352961E-16, 1.000000000000000000 ) ) ;
#6099 = ORIENTED_EDGE ( 'NONE', *, *, #8991, .F. ) ;
#6100 = PLANE ( 'NONE',  #10062 ) ;
#6101 = DIRECTION ( 'NONE',  ( 1.030816200048588727E-16, 0.3713906763541041101, 0.9284766908852591927 ) ) ;
#6102 = ADVANCED_FACE ( 'NONE', ( #13312 ), #4046, .F. ) ;
#6103 = EDGE_CURVE ( 'NONE', #406, #6279, #5595, .T. ) ;
#6104 = VECTOR ( 'NONE', #5729, 1000.000000000000000 ) ;
#6105 = ORIENTED_EDGE ( 'NONE', *, *, #10177, .F. ) ;
#6106 = DIRECTION ( 'NONE',  ( -1.000000000000000000, 0.000000000000000000, 1.110223024625156294E-16 ) ) ;
#6107 = DIRECTION ( 'NONE',  ( -1.000000000000000000, 0.000000000000000000, 1.110223024625156294E-16 ) ) ;
#6108 = LINE ( 'NONE', #8152, #4433 ) ;
#6109 = ORIENTED_EDGE ( 'NONE', *, *, #4721, .F. ) ;
#6110 = CARTESIAN_POINT ( 'NONE',  ( 11.10999999999999766, -3.000000000000002665, -1.389999999999999680 ) ) ;
#6111 = AXIS2_PLACEMENT_3D ( 'NONE', #12890, #5781, #9911 ) ;
#6112 = DIRECTION ( 'NONE',  ( 1.000000000000000000, 0.000000000000000000, 0.000000000000000000 ) ) ;
#6113 = DIRECTION ( 'NONE',  ( -2.220446049250312095E-16, 1.000000000000000000, 1.224646799147353207E-16 ) ) ;
#6114 = VERTEX_POINT ( 'NONE', #10734 ) ;
#6115 = LINE ( 'NONE', #2140, #13342 ) ;
#6116 = CARTESIAN_POINT ( 'NONE',  ( 6.030000000000002025, 0.7499999999999963363, -1.589999999999999414 ) ) ;
#6118 = AXIS2_PLACEMENT_3D ( 'NONE', #3822, #10860, #649 ) ;
#6117 = CARTESIAN_POINT ( 'NONE',  ( 11.11000000000000476, -32.81321928319991343, -1.590000000000003855 ) ) ;
#6119 = EDGE_LOOP ( 'NONE', ( #6917, #9802, #2298, #8243 ) ) ;
#6120 = VERTEX_POINT ( 'NONE', #9791 ) ;
#6121 = ADVANCED_FACE ( 'NONE', ( #8581 ), #4580, .F. ) ;
#6122 = EDGE_LOOP ( 'NONE', ( #419, #7532, #7703, #9000 ) ) ;
#6123 = CARTESIAN_POINT ( 'NONE',  ( 16.53000000000000114, 0.2499999999999967526, -0.4500000000000005107 ) ) ;
#6124 = EDGE_CURVE ( 'NONE', #1872, #5752, #6474, .T. ) ;
#6125 = ADVANCED_FACE ( 'NONE', ( #9728 ), #12708, .F. ) ;
#6126 = CARTESIAN_POINT ( 'NONE',  ( 3.516666666666676822, -6.256666666666704124, -8.596666666666658685 ) ) ;
#6127 = DIRECTION ( 'NONE',  ( -2.220446049250312095E-16, 1.000000000000000000, 1.224646799147353207E-16 ) ) ;
#6128 = VECTOR ( 'NONE', #1955, 1000.000000000000114 ) ;
#6129 = LINE ( 'NONE', #3224, #7391 ) ;
#6130 = ORIENTED_EDGE ( 'NONE', *, *, #547, .T. ) ;
#6131 = CARTESIAN_POINT ( 'NONE',  ( 9.583939393939390428, -1.565151515151523842, -0.5760606060606070500 ) ) ;
#6132 = DIRECTION ( 'NONE',  ( -0.3481553119113937056, -0.8703882797784899816, -0.3481553119113958705 ) ) ;
#6133 = EDGE_CURVE ( 'NONE', #6796, #9988, #12838, .T. ) ;
#6134 = ADVANCED_FACE ( 'NONE', ( #7765 ), #529, .F. ) ;
#6135 = ADVANCED_FACE ( 'NONE', ( #11620 ), #463, .F. ) ;
#6136 = VERTEX_POINT ( 'NONE', #7696 ) ;
#6137 = VECTOR ( 'NONE', #10207, 1000.000000000000000 ) ;
#6138 = CARTESIAN_POINT ( 'NONE',  ( -1.589999999999996305, -32.81321928319991343, -0.9500000000000027311 ) ) ;
#6139 = CARTESIAN_POINT ( 'NONE',  ( -13.73000000000000398, 9.099999999999999645, -4.424999999999994493 ) ) ;
#6140 = VECTOR ( 'NONE', #579, 1000.000000000000000 ) ;
#6141 = CARTESIAN_POINT ( 'NONE',  ( 9.009999999999996234, 8.600000000000003197, 1.390000000000000790 ) ) ;
#6142 = DIRECTION ( 'NONE',  ( -1.110223024625156294E-16, 1.224646799147353207E-16, -1.000000000000000000 ) ) ;
#6143 = LINE ( 'NONE', #7230, #6162 ) ;
#6144 = VECTOR ( 'NONE', #3652, 1000.000000000000000 ) ;
#6145 = ORIENTED_EDGE ( 'NONE', *, *, #7835, .T. ) ;
#6146 = VERTEX_POINT ( 'NONE', #5527 ) ;
#6147 = DIRECTION ( 'NONE',  ( -0.3481553119113937056, -0.8703882797784899816, -0.3481553119113958705 ) ) ;
#6148 = VECTOR ( 'NONE', #6209, 1000.000000000000000 ) ;
#6149 = PLANE ( 'NONE',  #60 ) ;
#6150 = ADVANCED_FACE ( 'NONE', ( #2560 ), #12771, .T. ) ;
#6151 = ORIENTED_EDGE ( 'NONE', *, *, #9491, .T. ) ;
#6152 = DIRECTION ( 'NONE',  ( -1.000000000000000000, 0.000000000000000000, 1.110223024625156294E-16 ) ) ;
#6153 = CARTESIAN_POINT ( 'NONE',  ( -2.084443728733729669E-15, 0.2499999999999958922, 3.625000000000002220 ) ) ;
#6154 = EDGE_CURVE ( 'NONE', #6946, #8750, #1337, .T. ) ;
#6155 = EDGE_CURVE ( 'NONE', #10629, #4484, #2487, .T. ) ;
#6156 = VECTOR ( 'NONE', #1376, 1000.000000000000000 ) ;
#6157 = CARTESIAN_POINT ( 'NONE',  ( -6.470000000000000639, 8.599999999999999645, -1.389999999999996794 ) ) ;
#6158 = LINE ( 'NONE', #3041, #3256 ) ;
#6159 = ORIENTED_EDGE ( 'NONE', *, *, #877, .T. ) ;
#6160 = CARTESIAN_POINT ( 'NONE',  ( 16.53000000000000114, 0.2499999999999967526, 0.4499999999999992339 ) ) ;
#6161 = ORIENTED_EDGE ( 'NONE', *, *, #6777, .T. ) ;
#6162 = VECTOR ( 'NONE', #3299, 1000.000000000000114 ) ;
#6163 = ORIENTED_EDGE ( 'NONE', *, *, #3072, .T. ) ;
#6164 = PLANE ( 'NONE',  #4139 ) ;
#6165 = LINE ( 'NONE', #4075, #7735 ) ;
#6166 = EDGE_CURVE ( 'NONE', #7914, #779, #2423, .T. ) ;
#6167 = CARTESIAN_POINT ( 'NONE',  ( 11.10999999999999588, 8.599999999999999645, 0.9500000000000012879 ) ) ;
#6168 = ORIENTED_EDGE ( 'NONE', *, *, #6643, .F. ) ;
#6169 = CARTESIAN_POINT ( 'NONE',  ( -9.009999999999999787, -3.000000000000004441, 1.590000000000002300 ) ) ;
#6170 = ADVANCED_FACE ( 'NONE', ( #10804 ), #1543, .F. ) ;
#6171 = PLANE ( 'NONE',  #10516 ) ;
#6172 = ORIENTED_EDGE ( 'NONE', *, *, #4495, .F. ) ;
#6173 = CARTESIAN_POINT ( 'NONE',  ( 1.389999999999990798, 8.599999999999997868, -1.389999999999997682 ) ) ;
#6174 = DIRECTION ( 'NONE',  ( 2.220446049250312095E-16, -1.000000000000000000, -1.224646799147353207E-16 ) ) ;
#6175 = DIRECTION ( 'NONE',  ( 2.220446049250312095E-16, -1.000000000000000000, -1.224646799147353207E-16 ) ) ;
#6176 = EDGE_CURVE ( 'NONE', #13317, #1977, #9657, .T. ) ;
#6177 = VERTEX_POINT ( 'NONE', #4380 ) ;
#6178 = CARTESIAN_POINT ( 'NONE',  ( 9.209999999999993747, 8.600000000000003197, 1.590000000000001412 ) ) ;
#6179 = CARTESIAN_POINT ( 'NONE',  ( 6.029999999999999361, 8.599999999999996092, -1.589999999999998526 ) ) ;
#6180 = LINE ( 'NONE', #106, #7172 ) ;
#6181 = ORIENTED_EDGE ( 'NONE', *, *, #3070, .T. ) ;
#6182 = FACE_OUTER_BOUND ( 'NONE', #5109, .T. ) ;
#6183 = CARTESIAN_POINT ( 'NONE',  ( -9.210000000000006182, -3.000000000000004441, -0.9499999999999984013 ) ) ;
#6184 = LINE ( 'NONE', #8293, #3630 ) ;
#6185 = ORIENTED_EDGE ( 'NONE', *, *, #5180, .T. ) ;
#6186 = VECTOR ( 'NONE', #56, 1000.000000000000000 ) ;
#6187 = VECTOR ( 'NONE', #908, 1000.000000000000000 ) ;
#6188 = EDGE_LOOP ( 'NONE', ( #8837, #7182, #6942, #11364 ) ) ;
#6189 = PLANE ( 'NONE',  #2985 ) ;
#6190 = EDGE_LOOP ( 'NONE', ( #12175, #3337, #2304, #5688, #2305 ) ) ;
#6191 = DIRECTION ( 'NONE',  ( 5.130696249588551266E-16, -0.7071067811865475727, 0.7071067811865475727 ) ) ;
#6192 = LINE ( 'NONE', #7147, #10465 ) ;
#6193 = LINE ( 'NONE', #3085, #11918 ) ;
#6194 = ORIENTED_EDGE ( 'NONE', *, *, #6791, .T. ) ;
#6195 = CARTESIAN_POINT ( 'NONE',  ( -11.75000000000000711, 2.599999999999998312, -0.9499999999999974021 ) ) ;
#6197 = VECTOR ( 'NONE', #3410, 1000.000000000000000 ) ;
#6196 = CARTESIAN_POINT ( 'NONE',  ( 3.489999999999992220, 8.100000000000001421, -1.589999999999998082 ) ) ;
#6198 = EDGE_CURVE ( 'NONE', #860, #406, #12639, .T. ) ;
#6199 = DIRECTION ( 'NONE',  ( -2.821527733676277528E-15, 1.224646799147354193E-16, -1.000000000000000000 ) ) ;
#6200 = VECTOR ( 'NONE', #3597, 1000.000000000000000 ) ;
#6201 = EDGE_CURVE ( 'NONE', #3538, #10475, #11750, .T. ) ;
#6202 = ORIENTED_EDGE ( 'NONE', *, *, #11110, .T. ) ;
#6203 = AXIS2_PLACEMENT_3D ( 'NONE', #5753, #4676, #6640 ) ;
#6204 = ORIENTED_EDGE ( 'NONE', *, *, #3735, .T. ) ;
#6205 = LINE ( 'NONE', #2087, #1248 ) ;
#6206 = DIRECTION ( 'NONE',  ( -2.220446049250312095E-16, 1.000000000000000000, 1.224646799147353207E-16 ) ) ;
#6207 = PRESENTATION_LAYER_ASSIGNMENT (  '', '', ( #5353 ) ) ;
#6208 = DIRECTION ( 'NONE',  ( -1.000000000000000000, -2.220446049250312341E-16, 1.110223024625156047E-16 ) ) ;
#6209 = DIRECTION ( 'NONE',  ( -2.220446049250312095E-16, 1.000000000000000000, 1.224646799147353207E-16 ) ) ;
#6210 = CARTESIAN_POINT ( 'NONE',  ( 3.490000000000001990, -2.500000000000003109, -0.9499999999999996225 ) ) ;
#6211 = ORIENTED_EDGE ( 'NONE', *, *, #5886, .T. ) ;
#6212 = LINE ( 'NONE', #4387, #8707 ) ;
#6213 = ORIENTED_EDGE ( 'NONE', *, *, #9531, .T. ) ;
#6214 = EDGE_CURVE ( 'NONE', #406, #5871, #6806, .T. ) ;
#6215 = CARTESIAN_POINT ( 'NONE',  ( -3.489999999999995328, -32.81321928319991343, 1.589999999999998082 ) ) ;
#6216 = DIRECTION ( 'NONE',  ( 1.000000000000000000, 0.000000000000000000, 0.000000000000000000 ) ) ;
#6217 = AXIS2_PLACEMENT_3D ( 'NONE', #11556, #4180, #4314 ) ;
#6218 = VECTOR ( 'NONE', #8895, 1000.000000000000000 ) ;
#6219 = EDGE_CURVE ( 'NONE', #11018, #8864, #3691, .T. ) ;
#6220 = ADVANCED_FACE ( 'NONE', ( #1739 ), #9918, .T. ) ;
#6221 = ORIENTED_EDGE ( 'NONE', *, *, #30, .F. ) ;
#6222 = CARTESIAN_POINT ( 'NONE',  ( -5.484999999999999432, 2.799999999999998490, 0.9500000000000025091 ) ) ;
#6223 = CARTESIAN_POINT ( 'NONE',  ( -6.670000000000004370, 0.7499999999999972244, -0.9499999999999980682 ) ) ;
#6224 = CARTESIAN_POINT ( 'NONE',  ( 11.75000000000000711, -2.500000000000003997, -0.9500000000000005107 ) ) ;
#6225 = CARTESIAN_POINT ( 'NONE',  ( 1.963939393939384992, 7.165151515151509720, -0.5760606060606032752 ) ) ;
#6226 = EDGE_LOOP ( 'NONE', ( #5131, #3899, #7141, #3045 ) ) ;
#6227 = VECTOR ( 'NONE', #3798, 1000.000000000000000 ) ;
#6228 = DIRECTION ( 'NONE',  ( -0.7071067811865481278, 0.7071067811865469066, 1.651002285577380499E-16 ) ) ;
#6229 = AXIS2_PLACEMENT_3D ( 'NONE', #1634, #13058, #10017 ) ;
#6230 = ORIENTED_EDGE ( 'NONE', *, *, #12723, .T. ) ;
#6231 = ORIENTED_EDGE ( 'NONE', *, *, #855, .F. ) ;
#6232 = ADVANCED_FACE ( 'NONE', ( #11950 ), #11009, .F. ) ;
#6233 = LINE ( 'NONE', #1909, #10412 ) ;
#6234 = DIRECTION ( 'NONE',  ( 1.359631073446890508E-32, 1.000000000000000000, 1.224646799147352961E-16 ) ) ;
#6235 = DIRECTION ( 'NONE',  ( 1.110223024625156294E-16, -1.224646799147353207E-16, 1.000000000000000000 ) ) ;
#6236 = ORIENTED_EDGE ( 'NONE', *, *, #5879, .F. ) ;
#6237 = VECTOR ( 'NONE', #9200, 1000.000000000000000 ) ;
#6238 = DIRECTION ( 'NONE',  ( 2.220446049250312095E-16, -1.000000000000000000, -1.224646799147353207E-16 ) ) ;
#6239 = VERTEX_POINT ( 'NONE', #12152 ) ;
#6240 = PLANE ( 'NONE',  #11184 ) ;
#6241 = CARTESIAN_POINT ( 'NONE',  ( -11.11000000000000654, 8.599999999999999645, -0.9499999999999967359 ) ) ;
#6242 = VERTEX_POINT ( 'NONE', #726 ) ;
#6243 = CARTESIAN_POINT ( 'NONE',  ( -8.570000000000005613, 8.599999999999999645, -0.9499999999999969580 ) ) ;
#6244 = DIRECTION ( 'NONE',  ( 2.220446049250312095E-16, -1.000000000000000000, -1.224646799147353207E-16 ) ) ;
#6245 = EDGE_CURVE ( 'NONE', #6360, #3666, #8836, .T. ) ;
#6246 = DIRECTION ( 'NONE',  ( -2.220446049250312095E-16, 1.000000000000000000, 1.224646799147353207E-16 ) ) ;
#6247 = ORIENTED_EDGE ( 'NONE', *, *, #5598, .F. ) ;
#6248 = FACE_OUTER_BOUND ( 'NONE', #10462, .T. ) ;
#6249 = VECTOR ( 'NONE', #13382, 1000.000000000000000 ) ;
#6250 = FACE_OUTER_BOUND ( 'NONE', #3778, .T. ) ;
#6251 = CARTESIAN_POINT ( 'NONE',  ( -11.75000000000000711, 2.599999999999998312, -1.589999999999996971 ) ) ;
#6252 = VERTEX_POINT ( 'NONE', #4841 ) ;
#6253 = EDGE_CURVE ( 'NONE', #12231, #4488, #12086, .T. ) ;
#6254 = FACE_OUTER_BOUND ( 'NONE', #2728, .T. ) ;
#6255 = LINE ( 'NONE', #12147, #9800 ) ;
#6256 = DIRECTION ( 'NONE',  ( 0.5773502691896251759, 0.5773502691896271743, 0.5773502691896250649 ) ) ;
#6257 = CLOSED_SHELL ( 'NONE', ( #4096, #12043, #2922, #6050, #1992, #287, #9724, #5384, #8090, #1365, #8710, #2551, #4650, #6958 ) ) ;
#6258 = ORIENTED_EDGE ( 'NONE', *, *, #8342, .F. ) ;
#6259 = ORIENTED_EDGE ( 'NONE', *, *, #4431, .F. ) ;
#6260 = CARTESIAN_POINT ( 'NONE',  ( -8.570000000000005613, 8.099999999999999645, -0.9499999999999969580 ) ) ;
#6261 = ORIENTED_EDGE ( 'NONE', *, *, #4221, .T. ) ;
#6262 = LINE ( 'NONE', #8367, #8567 ) ;
#6263 = DIRECTION ( 'NONE',  ( 1.000000000000000000, 0.000000000000000000, -1.110223024625156294E-16 ) ) ;
#6264 = FACE_OUTER_BOUND ( 'NONE', #7256, .T. ) ;
#6265 = CARTESIAN_POINT ( 'NONE',  ( 1.589999999999999192, -2.500000000000003997, -0.9499999999999995115 ) ) ;
#6266 = EDGE_LOOP ( 'NONE', ( #3550, #11605, #11385, #4840 ) ) ;
#6267 = LINE ( 'NONE', #12429, #3816 ) ;
#6268 = CARTESIAN_POINT ( 'NONE',  ( 4.129999999999996341, -2.500000000000003997, 0.9500000000000007327 ) ) ;
#6269 = LINE ( 'NONE', #7037, #12711 ) ;
#6270 = ORIENTED_EDGE ( 'NONE', *, *, #376, .F. ) ;
#6271 = EDGE_LOOP ( 'NONE', ( #4402, #4268, #12128, #4689 ) ) ;
#6272 = CARTESIAN_POINT ( 'NONE',  ( 16.53000000000000114, 0.2499999999999967526, 0.4499999999999992339 ) ) ;
#6273 = DIRECTION ( 'NONE',  ( -0.3481553119113939831, 0.8703882797784897596, 0.3481553119113959816 ) ) ;
#6274 = CARTESIAN_POINT ( 'NONE',  ( 0.9499999999999977351, -2.500000000000003997, 0.9500000000000010658 ) ) ;
#6275 = CARTESIAN_POINT ( 'NONE',  ( 11.10999999999999588, 8.599999999999999645, -1.589999999999998970 ) ) ;
#6276 = DIRECTION ( 'NONE',  ( -1.000000000000000000, -2.220446049250312341E-16, 1.110223024625156047E-16 ) ) ;
#6277 = VERTEX_POINT ( 'NONE', #12016 ) ;
#6278 = CARTESIAN_POINT ( 'NONE',  ( -6.670000000000007034, 8.600000000000003197, -1.589999999999997193 ) ) ;
#6279 = VERTEX_POINT ( 'NONE', #2819 ) ;
#6280 = AXIS2_PLACEMENT_3D ( 'NONE', #3002, #10239, #1792 ) ;
#6281 = DIRECTION ( 'NONE',  ( -1.110223024625156294E-16, 1.224646799147353207E-16, -1.000000000000000000 ) ) ;
#6282 = VERTEX_POINT ( 'NONE', #8095 ) ;
#6283 = VERTEX_POINT ( 'NONE', #2753 ) ;
#6284 = LINE ( 'NONE', #5211, #1234 ) ;
#6285 = CARTESIAN_POINT ( 'NONE',  ( 6.283333333333336768, -3.133333333333333304, -1.336666666666668668 ) ) ;
#6286 = ORIENTED_EDGE ( 'NONE', *, *, #3779, .T. ) ;
#6287 = DIRECTION ( 'NONE',  ( -1.110223024625156294E-16, 1.224646799147353207E-16, -1.000000000000000000 ) ) ;
#6288 = LINE ( 'NONE', #10619, #13040 ) ;
#6289 = VECTOR ( 'NONE', #10504, 1000.000000000000000 ) ;
#6290 = ADVANCED_FACE ( 'NONE', ( #2684 ), #10937, .F. ) ;
#6291 = EDGE_LOOP ( 'NONE', ( #5377, #2370, #13385, #13311 ) ) ;
#6292 = EDGE_CURVE ( 'NONE', #8056, #481, #8900, .T. ) ;
#6293 = EDGE_CURVE ( 'NONE', #4503, #1709, #6739, .T. ) ;
#6294 = ORIENTED_EDGE ( 'NONE', *, *, #13075, .T. ) ;
#6295 = DIRECTION ( 'NONE',  ( 2.220446049250311848E-16, -1.000000000000000000, -1.224646799147353454E-16 ) ) ;
#6296 = LINE ( 'NONE', #4205, #6455 ) ;
#6297 = CARTESIAN_POINT ( 'NONE',  ( 8.569999999999998508, 0.7499999999999972244, -1.589999999999999414 ) ) ;
#6298 = EDGE_CURVE ( 'NONE', #12188, #11431, #5582, .T. ) ;
#6299 = ORIENTED_EDGE ( 'NONE', *, *, #11128, .T. ) ;
#6300 = AXIS2_PLACEMENT_3D ( 'NONE', #9811, #9877, #12858 ) ;
#6301 = LINE ( 'NONE', #967, #1912 ) ;
#6302 = EDGE_CURVE ( 'NONE', #5801, #126, #13146, .T. ) ;
#6303 = ADVANCED_FACE ( 'NONE', ( #5924 ), #792, .F. ) ;
#6304 = EDGE_LOOP ( 'NONE', ( #1193, #5368, #4138, #12066 ) ) ;
#6305 = DIRECTION ( 'NONE',  ( 1.110223024625162210E-16, -2.832970111128507277E-15, 1.000000000000000000 ) ) ;
#6306 = CARTESIAN_POINT ( 'NONE',  ( -9.210000000000007958, 8.099999999999999645, 1.590000000000003411 ) ) ;
#6307 = ORIENTED_EDGE ( 'NONE', *, *, #5383, .T. ) ;
#6308 = FACE_BOUND ( 'NONE', #3057, .T. ) ;
#6309 = CARTESIAN_POINT ( 'NONE',  ( 8.769999999999996021, -3.000000000000004441, -1.389999999999999458 ) ) ;
#6310 = LINE ( 'NONE', #7339, #4854 ) ;
#6311 = VERTEX_POINT ( 'NONE', #656 ) ;
#6312 = CARTESIAN_POINT ( 'NONE',  ( -15.48000000000000398, 6.649999999999999467, -1.649999999999995470 ) ) ;
#6313 = VECTOR ( 'NONE', #6903, 1000.000000000000000 ) ;
#6314 = PLANE ( 'NONE',  #7480 ) ;
#6315 = DIRECTION ( 'NONE',  ( 1.110223024625156294E-16, -1.224646799147352961E-16, 1.000000000000000000 ) ) ;
#6316 = CARTESIAN_POINT ( 'NONE',  ( -3.930000000000011706, -3.000000000000002665, -0.9499999999999990674 ) ) ;
#6317 = PLANE ( 'NONE',  #1152 ) ;
#6318 = FACE_OUTER_BOUND ( 'NONE', #8179, .T. ) ;
#6319 = EDGE_CURVE ( 'NONE', #13262, #3385, #13026, .T. ) ;
#6320 = ORIENTED_EDGE ( 'NONE', *, *, #3323, .T. ) ;
#6321 = VERTEX_POINT ( 'NONE', #5723 ) ;
#6322 = VECTOR ( 'NONE', #11491, 1000.000000000000000 ) ;
#6323 = EDGE_CURVE ( 'NONE', #10292, #3397, #9855, .T. ) ;
#6325 = EDGE_CURVE ( 'NONE', #9264, #11193, #11146, .T. ) ;
#6324 = EDGE_LOOP ( 'NONE', ( #10612, #12385, #5044, #3268 ) ) ;
#6326 = DIRECTION ( 'NONE',  ( 1.855469160087460128E-16, -0.3713906763541040545, 0.9284766908852591927 ) ) ;
#6327 = ORIENTED_EDGE ( 'NONE', *, *, #4340, .T. ) ;
#6328 = CARTESIAN_POINT ( 'NONE',  ( -9.210000000000006182, -3.000000000000004441, -1.389999999999997682 ) ) ;
#6329 = DIRECTION ( 'NONE',  ( -2.220446049250312095E-16, 1.000000000000000000, 1.224646799147353207E-16 ) ) ;
#6330 = LINE ( 'NONE', #10328, #11976 ) ;
#6331 = DIRECTION ( 'NONE',  ( -0.3481553119113961481, 0.8703882797784888714, 0.3481553119113960371 ) ) ;
#6332 = ORIENTED_EDGE ( 'NONE', *, *, #3520, .T. ) ;
#6333 = VECTOR ( 'NONE', #11082, 1000.000000000000000 ) ;
#6334 = DIRECTION ( 'NONE',  ( -2.220446049250312095E-16, 1.000000000000000000, 1.224646799147353207E-16 ) ) ;
#6335 = FACE_OUTER_BOUND ( 'NONE', #7574, .T. ) ;
#6336 = VECTOR ( 'NONE', #7818, 1000.000000000000000 ) ;
#6337 = CARTESIAN_POINT ( 'NONE',  ( -9.210000000000007958, 8.099999999999999645, -0.9499999999999969580 ) ) ;
#6338 = ORIENTED_EDGE ( 'NONE', *, *, #8752, .F. ) ;
#6339 = ORIENTED_EDGE ( 'NONE', *, *, #8947, .F. ) ;
#6340 = PLANE ( 'NONE',  #7521 ) ;
#6341 = DIRECTION ( 'NONE',  ( 1.649305920077741323E-16, -0.9284766908852591927, -0.3713906763541040545 ) ) ;
#6342 = LINE ( 'NONE', #10472, #11927 ) ;
#6343 = PLANE ( 'NONE',  #12411 ) ;
#6344 = LINE ( 'NONE', #11489, #11995 ) ;
#6345 = EDGE_LOOP ( 'NONE', ( #12857, #5895, #12443, #11875 ) ) ;
#6346 = CARTESIAN_POINT ( 'NONE',  ( 6.669999999999997264, -32.81321928319991343, -1.590000000000003411 ) ) ;
#6347 = EDGE_LOOP ( 'NONE', ( #12791, #2326, #7344, #5240 ) ) ;
#6348 = EDGE_CURVE ( 'NONE', #7944, #6612, #7894, .T. ) ;
#6349 = CARTESIAN_POINT ( 'NONE',  ( -9.210000000000007958, 8.599999999999999645, 1.590000000000003411 ) ) ;
#6350 = AXIS2_PLACEMENT_3D ( 'NONE', #2507, #1428, #3711 ) ;
#6351 = VERTEX_POINT ( 'NONE', #11342 ) ;
#6352 = EDGE_LOOP ( 'NONE', ( #8496, #9916, #7996, #3879 ) ) ;
#6353 = VECTOR ( 'NONE', #6525, 1000.000000000000000 ) ;
#6354 = VECTOR ( 'NONE', #706, 1000.000000000000227 ) ;
#6355 = DIRECTION ( 'NONE',  ( -1.000000000000000000, 0.000000000000000000, 1.110223024625156294E-16 ) ) ;
#6356 = CARTESIAN_POINT ( 'NONE',  ( 13.21500000000000163, -2.602085213965210642E-15, 3.625000000000000888 ) ) ;
#6357 = DIRECTION ( 'NONE',  ( -1.110223024625156294E-16, 1.224646799147353207E-16, -1.000000000000000000 ) ) ;
#6358 = ORIENTED_EDGE ( 'NONE', *, *, #3228, .F. ) ;
#6359 = VECTOR ( 'NONE', #11623, 1000.000000000000114 ) ;
#6360 = VERTEX_POINT ( 'NONE', #13298 ) ;
#6361 = DIRECTION ( 'NONE',  ( 1.000000000000000000, 0.000000000000000000, -1.110223024625156294E-16 ) ) ;
#6362 = LINE ( 'NONE', #289, #212 ) ;
#6363 = FACE_OUTER_BOUND ( 'NONE', #5194, .T. ) ;
#6364 = ORIENTED_EDGE ( 'NONE', *, *, #11367, .T. ) ;
#6365 = ADVANCED_FACE ( 'NONE', ( #12349 ), #9237, .F. ) ;
#6366 = DIRECTION ( 'NONE',  ( -2.220446049250312095E-16, 1.000000000000000000, 1.224646799147353207E-16 ) ) ;
#6367 = VECTOR ( 'NONE', #4696, 1000.000000000000227 ) ;
#6368 = ADVANCED_FACE ( 'NONE', ( #9374 ), #6189, .F. ) ;
#6369 = VECTOR ( 'NONE', #2637, 1000.000000000000000 ) ;
#6370 = EDGE_CURVE ( 'NONE', #1744, #1625, #3079, .T. ) ;
#6371 = EDGE_LOOP ( 'NONE', ( #8733, #9897, #9948, #1061 ) ) ;
#6372 = DIRECTION ( 'NONE',  ( -1.000000000000000000, 0.000000000000000000, 1.110223024625156294E-16 ) ) ;
#6373 = CARTESIAN_POINT ( 'NONE',  ( 9.755000000000002558, 2.799999999999997602, 1.590000000000000746 ) ) ;
#6374 = ORIENTED_EDGE ( 'NONE', *, *, #10546, .F. ) ;
#6375 = FACE_BOUND ( 'NONE', #11484, .T. ) ;
#6376 = CARTESIAN_POINT ( 'NONE',  ( 6.669999999999997264, -2.500000000000003109, -0.9499999999999999556 ) ) ;
#6377 = DIRECTION ( 'NONE',  ( -1.110223024625156294E-16, 1.224646799147353207E-16, -1.000000000000000000 ) ) ;
#6378 = EDGE_LOOP ( 'NONE', ( #1930, #1028, #6247, #3792 ) ) ;
#6379 = LINE ( 'NONE', #5500, #6289 ) ;
#6380 = MANIFOLD_SOLID_BREP ( '61202021621.stp<1>[20]', #9068 ) ;
#6381 = LINE ( 'NONE', #5503, #9412 ) ;
#6382 = DIRECTION ( 'NONE',  ( -1.110223024625156294E-16, 1.224646799147353207E-16, -1.000000000000000000 ) ) ;
#6383 = EDGE_CURVE ( 'NONE', #4469, #4739, #5249, .T. ) ;
#6384 = DIRECTION ( 'NONE',  ( -2.220446049250312095E-16, 1.000000000000000000, 1.224646799147353207E-16 ) ) ;
#6385 = DIRECTION ( 'NONE',  ( -2.220446049250312095E-16, 1.000000000000000000, 1.224646799147353207E-16 ) ) ;
#6386 = CARTESIAN_POINT ( 'NONE',  ( -9.009999999999999787, -3.000000000000004441, -1.149999999999998579 ) ) ;
#6387 = AXIS2_PLACEMENT_3D ( 'NONE', #4831, #12211, #8961 ) ;
#6388 = EDGE_CURVE ( 'NONE', #11442, #969, #12420, .T. ) ;
#6389 = ORIENTED_EDGE ( 'NONE', *, *, #8004, .T. ) ;
#6390 = ADVANCED_FACE ( 'NONE', ( #5110 ), #184, .F. ) ;
#6391 = ORIENTED_EDGE ( 'NONE', *, *, #610, .T. ) ;
#6392 = VERTEX_POINT ( 'NONE', #6260 ) ;
#6393 = DIRECTION ( 'NONE',  ( 1.110223024625156294E-16, -1.224646799147352961E-16, 1.000000000000000000 ) ) ;
#6394 = ORIENTED_EDGE ( 'NONE', *, *, #11839, .F. ) ;
#6395 = CARTESIAN_POINT ( 'NONE',  ( 6.669999999999996376, 2.599999999999999645, -0.9499999999999994005 ) ) ;
#6396 = DIRECTION ( 'NONE',  ( 1.110223024625156294E-16, -1.224646799147353207E-16, 1.000000000000000000 ) ) ;
#6397 = FACE_OUTER_BOUND ( 'NONE', #3250, .T. ) ;
#6398 = ORIENTED_EDGE ( 'NONE', *, *, #12069, .F. ) ;
#6399 = DIRECTION ( 'NONE',  ( 1.110223024625156294E-16, -1.224646799147353207E-16, 1.000000000000000000 ) ) ;
#6400 = CARTESIAN_POINT ( 'NONE',  ( -11.11000000000000654, 8.099999999999999645, -0.9499999999999967359 ) ) ;
#6401 = CARTESIAN_POINT ( 'NONE',  ( 4.129999999999996341, 0.7499999999999972244, 0.9500000000000011768 ) ) ;
#6402 = MANIFOLD_SOLID_BREP ( '61202021621.stp<1>[1]', #13178 ) ;
#6403 = VECTOR ( 'NONE', #2220, 1000.000000000000000 ) ;
#6404 = EDGE_LOOP ( 'NONE', ( #7293, #1454, #7643, #3999 ) ) ;
#6405 = ORIENTED_EDGE ( 'NONE', *, *, #9118, .F. ) ;
#6406 = DIRECTION ( 'NONE',  ( 0.9284766908852591927, -0.3713906763541040545, -1.485638603078812808E-16 ) ) ;
#6407 = CARTESIAN_POINT ( 'NONE',  ( -4.130000000000005222, 8.100000000000001421, -0.9499999999999975131 ) ) ;
#6408 = FACE_OUTER_BOUND ( 'NONE', #11801, .T. ) ;
#6409 = PLANE ( 'NONE',  #774 ) ;
#6410 = ORIENTED_EDGE ( 'NONE', *, *, #11269, .F. ) ;
#6411 = EDGE_CURVE ( 'NONE', #12268, #214, #10389, .T. ) ;
#6412 = CARTESIAN_POINT ( 'NONE',  ( 1.589999999999998082, 2.599999999999997868, 0.9500000000000016209 ) ) ;
#6413 = VECTOR ( 'NONE', #1534, 999.9999999999998863 ) ;
#6414 = VERTEX_POINT ( 'NONE', #5687 ) ;
#6415 = CARTESIAN_POINT ( 'NONE',  ( -3.490000000000011315, 8.100000000000001421, 0.9500000000000029532 ) ) ;
#6416 = ADVANCED_FACE ( 'NONE', ( #7667 ), #9952, .F. ) ;
#6417 = VECTOR ( 'NONE', #9355, 1000.000000000000000 ) ;
#6418 = ORIENTED_EDGE ( 'NONE', *, *, #3775, .T. ) ;
#6419 = ORIENTED_EDGE ( 'NONE', *, *, #10177, .T. ) ;
#6420 = AXIS2_PLACEMENT_3D ( 'NONE', #1247, #2534, #3273 ) ;
#6421 = EDGE_CURVE ( 'NONE', #5892, #9729, #8678, .T. ) ;
#6422 = MANIFOLD_SOLID_BREP ( '61202021621.stp<1>[6]', #9492 ) ;
#6423 = CARTESIAN_POINT ( 'NONE',  ( -9.210000000000006182, -3.000000000000004441, 1.390000000000001679 ) ) ;
#6424 = DIRECTION ( 'NONE',  ( 1.110223024625156294E-16, -1.224646799147353207E-16, 1.000000000000000000 ) ) ;
#6425 = LINE ( 'NONE', #11500, #11280 ) ;
#6426 = PRESENTATION_STYLE_ASSIGNMENT (( #9341 ) ) ;
#6427 = ORIENTED_EDGE ( 'NONE', *, *, #527, .T. ) ;
#6428 = ORIENTED_EDGE ( 'NONE', *, *, #1442, .F. ) ;
#6429 = DIRECTION ( 'NONE',  ( 2.220446049250312095E-16, -1.000000000000000000, -1.224646799147353207E-16 ) ) ;
#6430 = VECTOR ( 'NONE', #2121, 1000.000000000000000 ) ;
#6431 = FACE_OUTER_BOUND ( 'NONE', #4039, .T. ) ;
#6432 = SURFACE_SIDE_STYLE ('',( #9210 ) ) ;
#6433 = ORIENTED_EDGE ( 'NONE', *, *, #1120, .F. ) ;
#6434 = CARTESIAN_POINT ( 'NONE',  ( 0.9499999999999954037, 8.100000000000001421, 1.590000000000002522 ) ) ;
#6435 = AXIS2_PLACEMENT_3D ( 'NONE', #1808, #9105, #10055 ) ;
#6436 = AXIS2_PLACEMENT_3D ( 'NONE', #11003, #3829, #918 ) ;
#6437 = VERTEX_POINT ( 'NONE', #2652 ) ;
#6438 = PLANE ( 'NONE',  #9231 ) ;
#6439 = CARTESIAN_POINT ( 'NONE',  ( 11.33499999999999730, -1.375000000000001998, 1.174999999999999822 ) ) ;
#6440 = ORIENTED_EDGE ( 'NONE', *, *, #5084, .T. ) ;
#6441 = CARTESIAN_POINT ( 'NONE',  ( 11.10999999999999766, 0.7499999999999972244, -1.589999999999999858 ) ) ;
#6442 = FACE_OUTER_BOUND ( 'NONE', #94, .T. ) ;
#6443 = DIRECTION ( 'NONE',  ( 1.000000000000000000, 0.000000000000000000, -1.110223024625156294E-16 ) ) ;
#6444 = ORIENTED_EDGE ( 'NONE', *, *, #8322, .T. ) ;
#6445 = CARTESIAN_POINT ( 'NONE',  ( 9.709999999999997300, 0.2499999999999967526, 2.090000000000001634 ) ) ;
#6446 = ADVANCED_FACE ( 'NONE', ( #3598 ), #1712, .T. ) ;
#6447 = DIRECTION ( 'NONE',  ( 1.359631073446890508E-32, 1.000000000000000000, 1.224646799147352961E-16 ) ) ;
#6448 = VECTOR ( 'NONE', #488, 1000.000000000000000 ) ;
#6449 = FACE_OUTER_BOUND ( 'NONE', #9289, .T. ) ;
#6450 = CARTESIAN_POINT ( 'NONE',  ( -1.590000000000003189, -2.500000000000003997, 0.9500000000000013989 ) ) ;
#6451 = DIRECTION ( 'NONE',  ( 0.5773502691896245098, -0.5773502691896281735, 0.5773502691896246208 ) ) ;
#6452 = ORIENTED_EDGE ( 'NONE', *, *, #4079, .F. ) ;
#6453 = EDGE_LOOP ( 'NONE', ( #12844, #3684, #10733, #907 ) ) ;
#6454 = VERTEX_POINT ( 'NONE', #11541 ) ;
#6455 = VECTOR ( 'NONE', #9346, 1000.000000000000000 ) ;
#6456 = ORIENTED_EDGE ( 'NONE', *, *, #11840, .F. ) ;
#6457 = DIRECTION ( 'NONE',  ( 1.000000000000000000, 0.000000000000000000, 0.000000000000000000 ) ) ;
#6458 = LINE ( 'NONE', #12759, #11565 ) ;
#6459 = DIRECTION ( 'NONE',  ( 2.220446049250312095E-16, -1.000000000000000000, -1.224646799147353207E-16 ) ) ;
#6460 = ADVANCED_FACE ( 'NONE', ( #3534 ), #561, .F. ) ;
#6461 = EDGE_CURVE ( 'NONE', #8192, #12743, #4548, .T. ) ;
#6462 = ADVANCED_FACE ( 'NONE', ( #12932 ), #10775, .T. ) ;
#6463 = LINE ( 'NONE', #387, #8558 ) ;
#6464 = CARTESIAN_POINT ( 'NONE',  ( -11.75000000000000888, 8.599999999999999645, -0.9499999999999967359 ) ) ;
#6465 = ORIENTED_EDGE ( 'NONE', *, *, #10587, .T. ) ;
#6466 = CARTESIAN_POINT ( 'NONE',  ( 5.529999999999999361, 0.2499999999999958922, 4.425000000000000711 ) ) ;
#6467 = PLANE ( 'NONE',  #7197 ) ;
#6468 = CLOSED_SHELL ( 'NONE', ( #3498, #3027, #13323, #7951, #6150, #2499, #6536, #9692, #9108, #10113, #10777, #9120, #3653, #7009 ) ) ;
#6469 = CARTESIAN_POINT ( 'NONE',  ( 0.4499999999999970135, 0.2499999999999958922, 4.425000000000001599 ) ) ;
#6470 = EDGE_LOOP ( 'NONE', ( #9587, #5047, #5745, #9573 ) ) ;
#6471 = EDGE_CURVE ( 'NONE', #7641, #6783, #628, .T. ) ;
#6472 = ORIENTED_EDGE ( 'NONE', *, *, #2580, .T. ) ;
#6473 = ADVANCED_FACE ( 'NONE', ( #2592 ), #9888, .T. ) ;
#6474 = LINE ( 'NONE', #10537, #2975 ) ;
#6475 = LINE ( 'NONE', #1338, #4366 ) ;
#6476 = DIRECTION ( 'NONE',  ( 1.110223024625156294E-16, -1.224646799147353207E-16, 1.000000000000000000 ) ) ;
#6477 = CARTESIAN_POINT ( 'NONE',  ( 4.129999999999995453, 2.599999999999998757, -1.589999999999998748 ) ) ;
#6478 = DIRECTION ( 'NONE',  ( 1.110223024625156294E-16, -1.224646799147353207E-16, 1.000000000000000000 ) ) ;
#6479 = EDGE_LOOP ( 'NONE', ( #11907, #10056, #4839, #12537 ) ) ;
#6480 = LINE ( 'NONE', #1344, #7629 ) ;
#6481 = VERTEX_POINT ( 'NONE', #12868 ) ;
#6482 = CARTESIAN_POINT ( 'NONE',  ( -14.06500000000000483, -2.602085213965210642E-15, 3.625000000000003997 ) ) ;
#6483 = ORIENTED_EDGE ( 'NONE', *, *, #4478, .F. ) ;
#6484 = ORIENTED_EDGE ( 'NONE', *, *, #10007, .T. ) ;
#6485 = EDGE_CURVE ( 'NONE', #3611, #9394, #6706, .T. ) ;
#6486 = EDGE_CURVE ( 'NONE', #8787, #7376, #8869, .T. ) ;
#6487 = CARTESIAN_POINT ( 'NONE',  ( 9.209999999999999076, -2.500000000000003109, 0.9500000000000001776 ) ) ;
#6488 = DIRECTION ( 'NONE',  ( -1.110223024625156294E-16, 1.224646799147353207E-16, -1.000000000000000000 ) ) ;
#6489 = CYLINDRICAL_SURFACE ( 'NONE', #13071, 0.3362499999999997158 ) ;
#6490 = CARTESIAN_POINT ( 'NONE',  ( -6.030000000000002025, 0.7499999999999972244, -1.589999999999998082 ) ) ;
#6491 = ORIENTED_EDGE ( 'NONE', *, *, #9161, .T. ) ;
#6492 = VECTOR ( 'NONE', #5075, 1000.000000000000000 ) ;
#6493 = ORIENTED_EDGE ( 'NONE', *, *, #4989, .T. ) ;
#6494 = DIRECTION ( 'NONE',  ( 0.3481553119113958150, 0.8703882797784890935, 0.3481553119113959260 ) ) ;
#6495 = PLANE ( 'NONE',  #9701 ) ;
#6496 = CARTESIAN_POINT ( 'NONE',  ( -0.9500000000000038414, 8.100000000000001421, -0.9499999999999978462 ) ) ;
#6497 =( GEOMETRIC_REPRESENTATION_CONTEXT ( 3 ) GLOBAL_UNCERTAINTY_ASSIGNED_CONTEXT ( ( #6654 ) ) GLOBAL_UNIT_ASSIGNED_CONTEXT ( ( #5475, #6690, #8526 ) ) REPRESENTATION_CONTEXT ( 'NONE', 'WORKASPACE' ) );
#6498 = VERTEX_POINT ( 'NONE', #11309 ) ;
#6499 = LINE ( 'NONE', #4342, #5152 ) ;
#6500 = AXIS2_PLACEMENT_3D ( 'NONE', #11527, #7404, #1378 ) ;
#6501 = ORIENTED_EDGE ( 'NONE', *, *, #12938, .F. ) ;
#6502 = DIRECTION ( 'NONE',  ( -1.110223024625156294E-16, 1.224646799147353207E-16, -1.000000000000000000 ) ) ;
#6503 = PLANE ( 'NONE',  #2103 ) ;
#6504 = EDGE_LOOP ( 'NONE', ( #8251, #1168, #84, #4724 ) ) ;
#6505 = CARTESIAN_POINT ( 'NONE',  ( -13.64000000000000945, 0.2499999999999967526, 3.625000000000003553 ) ) ;
#6506 = ADVANCED_FACE ( 'NONE', ( #1970 ), #1844, .F. ) ;
#6507 = DIRECTION ( 'NONE',  ( 1.110223024625156294E-16, -1.224646799147352961E-16, 1.000000000000000000 ) ) ;
#6508 = ORIENTED_EDGE ( 'NONE', *, *, #6155, .F. ) ;
#6509 = FACE_OUTER_BOUND ( 'NONE', #12617, .T. ) ;
#6510 = FACE_OUTER_BOUND ( 'NONE', #13340, .T. ) ;
#6511 = VECTOR ( 'NONE', #2196, 1000.000000000000114 ) ;
#6512 = DIRECTION ( 'NONE',  ( 2.220446049250311848E-16, -1.000000000000000000, -1.224646799147353454E-16 ) ) ;
#6513 = CARTESIAN_POINT ( 'NONE',  ( 8.769999999999997797, 8.599999999999999645, 1.590000000000001634 ) ) ;
#6514 = UNCERTAINTY_MEASURE_WITH_UNIT (LENGTH_MEASURE( 1.000000000000000082E-05 ), #1602, 'distance_accuracy_value', 'NONE');
#6515 = CYLINDRICAL_SURFACE ( 'NONE', #6865, 0.4250000000000001554 ) ;
#6516 = VECTOR ( 'NONE', #5889, 1000.000000000000000 ) ;
#6517 = ORIENTED_EDGE ( 'NONE', *, *, #3738, .T. ) ;
#6518 = EDGE_CURVE ( 'NONE', #8229, #11568, #4953, .T. ) ;
#6519 = ORIENTED_EDGE ( 'NONE', *, *, #10684, .F. ) ;
#6520 = EDGE_LOOP ( 'NONE', ( #6761, #4285, #10534, #9571 ) ) ;
#6521 = PRESENTATION_LAYER_ASSIGNMENT (  '', '', ( #9121 ) ) ;
#6522 = ORIENTED_EDGE ( 'NONE', *, *, #1391, .F. ) ;
#6523 = CARTESIAN_POINT ( 'NONE',  ( 11.54999999999999361, -3.000000000000003553, 1.150000000000000577 ) ) ;
#6524 = CARTESIAN_POINT ( 'NONE',  ( 8.985000000000002984, -1.375000000000003775, 1.174999999999999822 ) ) ;
#6525 = DIRECTION ( 'NONE',  ( -2.220446049250312095E-16, 1.000000000000000000, 1.224646799147353207E-16 ) ) ;
#6526 = VECTOR ( 'NONE', #2968, 1000.000000000000000 ) ;
#6527 = CARTESIAN_POINT ( 'NONE',  ( -6.670000000000007034, 8.600000000000003197, -0.9499999999999971800 ) ) ;
#6528 = DIRECTION ( 'NONE',  ( -1.110223024625156294E-16, 1.224646799147353207E-16, -1.000000000000000000 ) ) ;
#6529 = ORIENTED_EDGE ( 'NONE', *, *, #10296, .T. ) ;
#6530 = CARTESIAN_POINT ( 'NONE',  ( -11.75000000000000711, -2.500000000000003109, -1.589999999999997637 ) ) ;
#6531 = CARTESIAN_POINT ( 'NONE',  ( 6.669999999999997264, -2.500000000000003109, -0.9499999999999999556 ) ) ;
#6532 = VECTOR ( 'NONE', #3790, 1000.000000000000000 ) ;
#6533 = EDGE_CURVE ( 'NONE', #639, #12863, #764, .T. ) ;
#6534 = VERTEX_POINT ( 'NONE', #9076 ) ;
#6535 = EDGE_CURVE ( 'NONE', #10475, #3650, #2852, .T. ) ;
#6536 = ADVANCED_FACE ( 'NONE', ( #1905 ), #6027, .F. ) ;
#6537 = EDGE_LOOP ( 'NONE', ( #12618, #7286, #4118, #2596 ) ) ;
#6538 = DIRECTION ( 'NONE',  ( 1.110223024625150377E-16, 2.588040751299051575E-15, 1.000000000000000000 ) ) ;
#6539 = ORIENTED_EDGE ( 'NONE', *, *, #1362, .T. ) ;
#6540 = FACE_OUTER_BOUND ( 'NONE', #4434, .T. ) ;
#6541 = DIRECTION ( 'NONE',  ( 1.110223024625156294E-16, -1.224646799147353207E-16, 1.000000000000000000 ) ) ;
#6542 = CARTESIAN_POINT ( 'NONE',  ( 3.489999999999992220, 8.100000000000001421, -0.9499999999999984013 ) ) ;
#6543 = LINE ( 'NONE', #5532, #11782 ) ;
#6544 = VECTOR ( 'NONE', #564, 1000.000000000000000 ) ;
#6545 = ORIENTED_EDGE ( 'NONE', *, *, #7422, .T. ) ;
#6546 = CARTESIAN_POINT ( 'NONE',  ( 3.489999999999992220, 8.100000000000001421, -0.9499999999999984013 ) ) ;
#6547 = ORIENTED_EDGE ( 'NONE', *, *, #8004, .F. ) ;
#6548 = AXIS2_PLACEMENT_3D ( 'NONE', #11406, #12283, #3962 ) ;
#6549 = EDGE_CURVE ( 'NONE', #3928, #11247, #12318, .T. ) ;
#6550 = CARTESIAN_POINT ( 'NONE',  ( -6.669999999999997264, -32.81321928319991343, 1.589999999999998082 ) ) ;
#6551 = ADVANCED_FACE ( 'NONE', ( #11245 ), #10158, .T. ) ;
#6552 = ORIENTED_EDGE ( 'NONE', *, *, #11421, .T. ) ;
#6553 = VERTEX_POINT ( 'NONE', #958 ) ;
#6554 = PRODUCT_DEFINITION_FORMATION_WITH_SPECIFIED_SOURCE ( 'ANY', '', #178, .NOT_KNOWN. ) ;
#6555 = CARTESIAN_POINT ( 'NONE',  ( 7.701666666666662664, 2.421666666666668633, 0.08166666666666019814 ) ) ;
#6556 = CARTESIAN_POINT ( 'NONE',  ( 2.134999999999998010, 2.799999999999998490, -1.589999999999998748 ) ) ;
#6557 = CARTESIAN_POINT ( 'NONE',  ( -12.25000000000000711, 0.2499999999999976130, -2.089999999999998082 ) ) ;
#6558 = LINE ( 'NONE', #1624, #319 ) ;
#6559 = ORIENTED_EDGE ( 'NONE', *, *, #8136, .F. ) ;
#6560 = VERTEX_POINT ( 'NONE', #10291 ) ;
#6561 = CARTESIAN_POINT ( 'NONE',  ( 15.47999999999999687, 2.599999999999998312, 3.174999999999999822 ) ) ;
#6562 =( GEOMETRIC_REPRESENTATION_CONTEXT ( 3 ) GLOBAL_UNCERTAINTY_ASSIGNED_CONTEXT ( ( #11925 ) ) GLOBAL_UNIT_ASSIGNED_CONTEXT ( ( #8463, #10363, #4331 ) ) REPRESENTATION_CONTEXT ( 'NONE', 'WORKASPACE' ) );
#6563 = LINE ( 'NONE', #4472, #4948 ) ;
#6564 = EDGE_CURVE ( 'NONE', #11282, #400, #7113, .T. ) ;
#6565 = PLANE ( 'NONE',  #6853 ) ;
#6566 = AXIS2_PLACEMENT_3D ( 'NONE', #4937, #11785, #12237 ) ;
#6567 = ORIENTED_EDGE ( 'NONE', *, *, #11476, .F. ) ;
#6568 = DIRECTION ( 'NONE',  ( -1.110223024625156294E-16, 1.224646799147353207E-16, -1.000000000000000000 ) ) ;
#6569 = VERTEX_POINT ( 'NONE', #3938 ) ;
#6570 = VECTOR ( 'NONE', #8716, 999.9999999999998863 ) ;
#6571 = DIRECTION ( 'NONE',  ( 1.110223024625156294E-16, -1.224646799147353207E-16, 1.000000000000000000 ) ) ;
#6572 = DIRECTION ( 'NONE',  ( -1.110223024625156294E-16, 1.224646799147353207E-16, -1.000000000000000000 ) ) ;
#6573 = ORIENTED_EDGE ( 'NONE', *, *, #5957, .F. ) ;
#6574 = FACE_BOUND ( 'NONE', #4300, .T. ) ;
#6575 = LINE ( 'NONE', #7470, #6156 ) ;
#6576 = ORIENTED_EDGE ( 'NONE', *, *, #8967, .F. ) ;
#6577 = CARTESIAN_POINT ( 'NONE',  ( 16.53000000000000114, 0.2499999999999967526, -0.4500000000000005107 ) ) ;
#6578 = VECTOR ( 'NONE', #679, 1000.000000000000000 ) ;
#6579 = MANIFOLD_SOLID_BREP ( '61202021621.stp<1>[2]', #5178 ) ;
#6580 = EDGE_CURVE ( 'NONE', #8597, #6921, #1025, .T. ) ;
#6581 = VECTOR ( 'NONE', #12275, 1000.000000000000000 ) ;
#6582 = CARTESIAN_POINT ( 'NONE',  ( 2.134999999999992681, -2.500000000000003997, -1.589999999999999414 ) ) ;
#6583 = CARTESIAN_POINT ( 'NONE',  ( 0.9499999999999950706, 8.100000000000001421, -0.9499999999999980682 ) ) ;
#6584 = CARTESIAN_POINT ( 'NONE',  ( -9.772738174262939500E-15, -2.602085213965210642E-15, -3.624999999999997335 ) ) ;
#6585 = EDGE_CURVE ( 'NONE', #3699, #9744, #3872, .T. ) ;
#6586 = VERTEX_POINT ( 'NONE', #7998 ) ;
#6587 = EDGE_LOOP ( 'NONE', ( #7960, #10868, #5721, #3129 ) ) ;
#6588 = CARTESIAN_POINT ( 'NONE',  ( 11.10999999999999766, -3.000000000000003553, 1.150000000000000577 ) ) ;
#6589 = ORIENTED_EDGE ( 'NONE', *, *, #5974, .F. ) ;
#6590 = EDGE_CURVE ( 'NONE', #7625, #8312, #12125, .T. ) ;
#6591 = VECTOR ( 'NONE', #7931, 1000.000000000000000 ) ;
#6592 = ORIENTED_EDGE ( 'NONE', *, *, #3151, .F. ) ;
#6593 = DIRECTION ( 'NONE',  ( 1.000000000000000000, 0.000000000000000000, -1.110223024625156294E-16 ) ) ;
#6594 = CARTESIAN_POINT ( 'NONE',  ( 11.30999999999999517, 8.600000000000003197, 1.150000000000001910 ) ) ;
#6595 = LINE ( 'NONE', #7488, #6353 ) ;
#6596 = CARTESIAN_POINT ( 'NONE',  ( 3.690000000000000391, -3.000000000000006217, 1.390000000000000346 ) ) ;
#6597 = CARTESIAN_POINT ( 'NONE',  ( 1.589999999999999414, -2.500000000000003997, 1.590000000000000968 ) ) ;
#6598 = ORIENTED_EDGE ( 'NONE', *, *, #8858, .T. ) ;
#6599 = VECTOR ( 'NONE', #5130, 1000.000000000000000 ) ;
#6600 = VECTOR ( 'NONE', #1531, 1000.000000000000000 ) ;
#6601 = DIRECTION ( 'NONE',  ( 1.000000000000000000, 0.000000000000000000, -1.110223024625156294E-16 ) ) ;
#6602 = PLANE ( 'NONE',  #10880 ) ;
#6603 = FILL_AREA_STYLE ('',( #3492 ) ) ;
#6604 = MANIFOLD_SOLID_BREP ( '61202021621.stp<1>[4]', #6468 ) ;
#6605 = ORIENTED_EDGE ( 'NONE', *, *, #3417, .F. ) ;
#6606 = VERTEX_POINT ( 'NONE', #9408 ) ;
#6607 = DIRECTION ( 'NONE',  ( -0.9284766908852596368, 0.3713906763541028333, 1.485638603078811822E-16 ) ) ;
#6608 = ORIENTED_EDGE ( 'NONE', *, *, #4705, .F. ) ;
#6609 = CARTESIAN_POINT ( 'NONE',  ( 6.469999999999997975, -3.000000000000004441, 1.150000000000001021 ) ) ;
#6610 = LINE ( 'NONE', #12842, #11554 ) ;
#6611 = DIRECTION ( 'NONE',  ( -7.850462293418888160E-17, 0.7071067811865462405, -0.7071067811865487940 ) ) ;
#6612 = VERTEX_POINT ( 'NONE', #17 ) ;
#6613 = DIRECTION ( 'NONE',  ( 1.000000000000000000, 0.000000000000000000, -1.110223024625156294E-16 ) ) ;
#6614 = ORIENTED_EDGE ( 'NONE', *, *, #12733, .T. ) ;
#6615 = EDGE_CURVE ( 'NONE', #8142, #8229, #1157, .T. ) ;
#6616 = CARTESIAN_POINT ( 'NONE',  ( 0.9500000000000041744, -32.81321928319991343, -0.9500000000000030642 ) ) ;
#6617 = EDGE_CURVE ( 'NONE', #9672, #11513, #10423, .T. ) ;
#6618 = ORIENTED_EDGE ( 'NONE', *, *, #12555, .T. ) ;
#6619 = ORIENTED_EDGE ( 'NONE', *, *, #2793, .F. ) ;
#6620 = DIRECTION ( 'NONE',  ( -0.5773502691896239547, 0.5773502691896277295, 0.5773502691896256200 ) ) ;
#6621 = FACE_OUTER_BOUND ( 'NONE', #13134, .T. ) ;
#6622 = VECTOR ( 'NONE', #323, 1000.000000000000000 ) ;
#6623 = FACE_BOUND ( 'NONE', #12917, .T. ) ;
#6624 = AXIS2_PLACEMENT_3D ( 'NONE', #11651, #8418, #1237 ) ;
#6625 = DIRECTION ( 'NONE',  ( 1.110223024625156294E-16, -1.224646799147353207E-16, 1.000000000000000000 ) ) ;
#6626 = ORIENTED_EDGE ( 'NONE', *, *, #11506, .T. ) ;
#6627 = ORIENTED_EDGE ( 'NONE', *, *, #1847, .F. ) ;
#6628 = LINE ( 'NONE', #10762, #11765 ) ;
#6629 = EDGE_CURVE ( 'NONE', #8312, #8709, #3114, .T. ) ;
#6630 = ADVANCED_FACE ( 'NONE', ( #11572 ), #1088, .T. ) ;
#6631 = DIRECTION ( 'NONE',  ( 2.220446049250311848E-16, -1.000000000000000000, -1.224646799147353454E-16 ) ) ;
#6632 = AXIS2_PLACEMENT_3D ( 'NONE', #12803, #2522, #491 ) ;
#6633 = FACE_OUTER_BOUND ( 'NONE', #4774, .T. ) ;
#6635 = CARTESIAN_POINT ( 'NONE',  ( -6.230000000000011084, 8.599999999999999645, -1.389999999999996794 ) ) ;
#6634 = APPLICATION_CONTEXT ( 'automotive_design' ) ;
#6636 = AXIS2_PLACEMENT_3D ( 'NONE', #7345, #11333, #4161 ) ;
#6637 = ORIENTED_EDGE ( 'NONE', *, *, #5548, .T. ) ;
#6638 = DIRECTION ( 'NONE',  ( -1.000000000000000000, 0.000000000000000000, 1.110223024625156294E-16 ) ) ;
#6639 = VERTEX_POINT ( 'NONE', #6490 ) ;
#6640 = DIRECTION ( 'NONE',  ( -2.220446049250312095E-16, 1.000000000000000000, 1.224646799147353207E-16 ) ) ;
#6641 = VECTOR ( 'NONE', #7226, 1000.000000000000000 ) ;
#6642 = CARTESIAN_POINT ( 'NONE',  ( -11.10999999999999766, -32.81321928319991343, -0.9500000000000017319 ) ) ;
#6643 = EDGE_CURVE ( 'NONE', #11418, #12721, #6288, .T. ) ;
#6644 = PRESENTATION_STYLE_ASSIGNMENT (( #3728 ) ) ;
#6645 = ORIENTED_EDGE ( 'NONE', *, *, #9564, .T. ) ;
#6646 = DIRECTION ( 'NONE',  ( -1.000000000000000000, -2.220446049250312341E-16, 1.110223024625156047E-16 ) ) ;
#6647 = VECTOR ( 'NONE', #11577, 1000.000000000000000 ) ;
#6648 = DIRECTION ( 'NONE',  ( -2.220446049250312095E-16, 1.000000000000000000, 1.224646799147353207E-16 ) ) ;
#6649 = ORIENTED_EDGE ( 'NONE', *, *, #1927, .F. ) ;
#6650 = DIRECTION ( 'NONE',  ( 1.110223024625156294E-16, -1.224646799147352961E-16, 1.000000000000000000 ) ) ;
#6651 = CARTESIAN_POINT ( 'NONE',  ( 15.47999999999999687, 6.650000000000001243, 1.649999999999999911 ) ) ;
#6652 = VECTOR ( 'NONE', #9987, 1000.000000000000000 ) ;
#6653 = FACE_OUTER_BOUND ( 'NONE', #13147, .T. ) ;
#6654 = UNCERTAINTY_MEASURE_WITH_UNIT (LENGTH_MEASURE( 1.000000000000000082E-05 ), #5475, 'distance_accuracy_value', 'NONE');
#6655 = MECHANICAL_DESIGN_GEOMETRIC_PRESENTATION_REPRESENTATION (  '', ( #1260 ), #2559 ) ;
#6656 = DIRECTION ( 'NONE',  ( 2.220446049250312095E-16, -1.000000000000000000, -1.224646799147353207E-16 ) ) ;
#6657 = ORIENTED_EDGE ( 'NONE', *, *, #10268, .T. ) ;
#6658 = ORIENTED_EDGE ( 'NONE', *, *, #10923, .T. ) ;
#6659 = CARTESIAN_POINT ( 'NONE',  ( 3.929999999999995275, 8.599999999999999645, -0.9499999999999984013 ) ) ;
#6660 = ADVANCED_FACE ( 'NONE', ( #5216 ), #12589, .T. ) ;
#6661 = ORIENTED_EDGE ( 'NONE', *, *, #7095, .T. ) ;
#6662 = ORIENTED_EDGE ( 'NONE', *, *, #12994, .F. ) ;
#6663 = DIRECTION ( 'NONE',  ( 1.000000000000000000, 0.000000000000000000, -1.110223024625156294E-16 ) ) ;
#6664 = LINE ( 'NONE', #7487, #4644 ) ;
#6665 = DIRECTION ( 'NONE',  ( 1.000000000000000000, 0.000000000000000000, -1.110223024625156294E-16 ) ) ;
#6666 = VECTOR ( 'NONE', #7867, 1000.000000000000000 ) ;
#6667 = DIRECTION ( 'NONE',  ( -0.3481553119113937056, -0.8703882797784899816, -0.3481553119113958705 ) ) ;
#6668 = PLANE ( 'NONE',  #3526 ) ;
#6669 = EDGE_LOOP ( 'NONE', ( #12260, #873, #2018, #12029 ) ) ;
#6670 = DIRECTION ( 'NONE',  ( 1.110223024625150377E-16, 2.588040751299036981E-15, 1.000000000000000000 ) ) ;
#6671 = DIRECTION ( 'NONE',  ( -0.3481553119113939831, 0.8703882797784897596, 0.3481553119113959816 ) ) ;
#6672 = CARTESIAN_POINT ( 'NONE',  ( -2.090000000000004743, 0.2499999999999967526, -2.089999999999998526 ) ) ;
#6673 = MANIFOLD_SOLID_BREP ( '61202021621.stp<1>[10]', #4097 ) ;
#6674 = VECTOR ( 'NONE', #11709, 1000.000000000000000 ) ;
#6675 = ORIENTED_EDGE ( 'NONE', *, *, #1362, .F. ) ;
#6676 = ORIENTED_EDGE ( 'NONE', *, *, #5843, .T. ) ;
#6677 = CARTESIAN_POINT ( 'NONE',  ( 14.83499999999999552, 8.100000000000003197, 0.9500000000000008438 ) ) ;
#6678 = ORIENTED_EDGE ( 'NONE', *, *, #2316, .F. ) ;
#6679 = DIRECTION ( 'NONE',  ( -1.000000000000000000, 0.000000000000000000, 1.110223024625156294E-16 ) ) ;
#6680 = DIRECTION ( 'NONE',  ( 1.110223024625156294E-16, -1.224646799147352961E-16, 1.000000000000000000 ) ) ;
#6681 = ORIENTED_EDGE ( 'NONE', *, *, #12337, .F. ) ;
#6682 = DIRECTION ( 'NONE',  ( -0.3481553119113935946, -0.8703882797784899816, 0.3481553119113957595 ) ) ;
#6683 = EDGE_CURVE ( 'NONE', #7660, #10440, #11501, .T. ) ;
#6684 = EDGE_LOOP ( 'NONE', ( #12025, #2642, #1103, #2354 ) ) ;
#6685 = DIRECTION ( 'NONE',  ( 1.855469160087460128E-16, -0.3713906763541040545, 0.9284766908852591927 ) ) ;
#6686 = ORIENTED_EDGE ( 'NONE', *, *, #2242, .T. ) ;
#6687 = ORIENTED_EDGE ( 'NONE', *, *, #10100, .F. ) ;
#6688 = MANIFOLD_SOLID_BREP ( '61202021621.stp<1>[14]', #5392 ) ;
#6689 = CYLINDRICAL_SURFACE ( 'NONE', #5138, 0.4250000000000000444 ) ;
#6690 =( NAMED_UNIT ( * ) PLANE_ANGLE_UNIT ( ) SI_UNIT ( $, .RADIAN. ) );
#6691 = CARTESIAN_POINT ( 'NONE',  ( -8.570000000000005613, 8.599999999999999645, -1.389999999999996350 ) ) ;
#6692 = ORIENTED_EDGE ( 'NONE', *, *, #6811, .F. ) ;
#6693 = ORIENTED_EDGE ( 'NONE', *, *, #3244, .F. ) ;
#6694 = DIRECTION ( 'NONE',  ( -1.110223024625156294E-16, 1.224646799147353207E-16, -1.000000000000000000 ) ) ;
#6695 = CARTESIAN_POINT ( 'NONE',  ( 11.57424242424239758, 8.539393939393942645, -1.414242424242418084 ) ) ;
#6696 = DIRECTION ( 'NONE',  ( -0.3481553119113956485, -0.8703882797784890935, 0.3481553119113957595 ) ) ;
#6697 = SURFACE_SIDE_STYLE ('',( #9945 ) ) ;
#6698 = ORIENTED_EDGE ( 'NONE', *, *, #12341, .T. ) ;
#6699 = CARTESIAN_POINT ( 'NONE',  ( 8.569999999999998508, -2.500000000000003109, 1.590000000000000524 ) ) ;
#6701 = ORIENTED_EDGE ( 'NONE', *, *, #10100, .T. ) ;
#6700 = ADVANCED_FACE ( 'NONE', ( #349 ), #11769, .F. ) ;
#6702 = FACE_OUTER_BOUND ( 'NONE', #9517, .T. ) ;
#6703 = ADVANCED_FACE ( 'NONE', ( #11969 ), #3521, .F. ) ;
#6704 = EDGE_CURVE ( 'NONE', #8096, #4913, #3453, .T. ) ;
#6705 = CARTESIAN_POINT ( 'NONE',  ( -2.990000000000001990, 0.2499999999999967526, 4.425000000000052225 ) ) ;
#6706 = LINE ( 'NONE', #1574, #12062 ) ;
#6707 = ORIENTED_EDGE ( 'NONE', *, *, #7828, .T. ) ;
#6708 = LINE ( 'NONE', #4955, #770 ) ;
#6709 = VERTEX_POINT ( 'NONE', #10755 ) ;
#6710 = CARTESIAN_POINT ( 'NONE',  ( -3.490000000000001990, -2.500000000000003109, 0.9500000000000016209 ) ) ;
#6711 = VECTOR ( 'NONE', #1887, 1000.000000000000114 ) ;
#6712 = EDGE_CURVE ( 'NONE', #9362, #11963, #1559, .T. ) ;
#6713 = EDGE_CURVE ( 'NONE', #2626, #2042, #6558, .T. ) ;
#6714 = VECTOR ( 'NONE', #6107, 1000.000000000000000 ) ;
#6715 = SURFACE_STYLE_FILL_AREA ( #4753 ) ;
#6716 = CARTESIAN_POINT ( 'NONE',  ( -0.9500000000000039524, 8.600000000000001421, -0.9499999999999978462 ) ) ;
#6717 = EDGE_CURVE ( 'NONE', #5349, #4545, #1494, .T. ) ;
#6718 = PLANE ( 'NONE',  #8180 ) ;
#6719 = VERTEX_POINT ( 'NONE', #2639 ) ;
#6720 = CARTESIAN_POINT ( 'NONE',  ( 3.490000000000001990, -2.500000000000003109, -0.9499999999999996225 ) ) ;
#6721 = LINE ( 'NONE', #4693, #10574 ) ;
#6722 = ORIENTED_EDGE ( 'NONE', *, *, #6535, .F. ) ;
#6723 = LINE ( 'NONE', #2670, #9212 ) ;
#6724 = PLANE ( 'NONE',  #3342 ) ;
#6725 = PLANE ( 'NONE',  #12131 ) ;
#6726 = VECTOR ( 'NONE', #5034, 1000.000000000000000 ) ;
#6727 = CARTESIAN_POINT ( 'NONE',  ( 9.009999999999996234, 8.600000000000003197, 1.590000000000001412 ) ) ;
#6728 = CARTESIAN_POINT ( 'NONE',  ( 4.129999999999993676, 8.599999999999999645, -1.589999999999998082 ) ) ;
#6729 = ORIENTED_EDGE ( 'NONE', *, *, #1350, .T. ) ;
#6730 = CARTESIAN_POINT ( 'NONE',  ( 3.665757575757580877, -2.939393939393943889, -1.125757575757578621 ) ) ;
#6731 = ADVANCED_FACE ( 'NONE', ( #1358 ), #479, .F. ) ;
#6732 = DIRECTION ( 'NONE',  ( -0.9284766908852596368, 0.3713906763541028333, 1.485638603078811822E-16 ) ) ;
#6733 = LINE ( 'NONE', #3626, #11416 ) ;
#6734 = ADVANCED_FACE ( 'NONE', ( #5611 ), #9743, .F. ) ;
#6735 = EDGE_CURVE ( 'NONE', #13317, #1217, #8732, .T. ) ;
#6736 = VECTOR ( 'NONE', #10943, 1000.000000000000000 ) ;
#6737 = ORIENTED_EDGE ( 'NONE', *, *, #948, .F. ) ;
#6738 = ORIENTED_EDGE ( 'NONE', *, *, #12207, .T. ) ;
#6739 = LINE ( 'NONE', #8971, #7089 ) ;
#6740 = ORIENTED_EDGE ( 'NONE', *, *, #8858, .F. ) ;
#6741 = SURFACE_STYLE_USAGE ( .BOTH. , #2622 ) ;
#6742 = FACE_OUTER_BOUND ( 'NONE', #2484, .T. ) ;
#6743 = DIRECTION ( 'NONE',  ( 2.599483128751245825E-15, 1.224646799147352221E-16, -1.000000000000000000 ) ) ;
#6744 = EDGE_LOOP ( 'NONE', ( #10568, #4581, #6029, #5463 ) ) ;
#6745 = LINE ( 'NONE', #10877, #6104 ) ;
#6746 = LINE ( 'NONE', #9311, #2236 ) ;
#6747 = ORIENTED_EDGE ( 'NONE', *, *, #12165, .F. ) ;
#6748 = AXIS2_PLACEMENT_3D ( 'NONE', #8660, #11825, #5467 ) ;
#6749 = DIRECTION ( 'NONE',  ( -2.220446049250312095E-16, 1.000000000000000000, 1.224646799147353207E-16 ) ) ;
#6750 = ORIENTED_EDGE ( 'NONE', *, *, #8244, .F. ) ;
#6751 = ORIENTED_EDGE ( 'NONE', *, *, #12341, .F. ) ;
#6752 = ADVANCED_FACE ( 'NONE', ( #8602 ), #12727, .T. ) ;
#6753 = VECTOR ( 'NONE', #1145, 1000.000000000000000 ) ;
#6754 = DIRECTION ( 'NONE',  ( 0.5773502691896238437, 0.5773502691896279515, 0.5773502691896256200 ) ) ;
#6755 = DIRECTION ( 'NONE',  ( 1.000000000000000000, 0.000000000000000000, -1.110223024625156294E-16 ) ) ;
#6756 = DIRECTION ( 'NONE',  ( -1.000000000000000000, -2.220446049250312341E-16, 1.110223024625156047E-16 ) ) ;
#6757 = EDGE_CURVE ( 'NONE', #2188, #1625, #4729, .T. ) ;
#6758 = PRESENTATION_STYLE_ASSIGNMENT (( #548 ) ) ;
#6759 = VECTOR ( 'NONE', #3686, 1000.000000000000000 ) ;
#6760 = VERTEX_POINT ( 'NONE', #614 ) ;
#6761 = ORIENTED_EDGE ( 'NONE', *, *, #4568, .T. ) ;
#6762 = CARTESIAN_POINT ( 'NONE',  ( 16.53000000000000114, 0.2499999999999976130, -4.425000000000001599 ) ) ;
#6763 = PLANE ( 'NONE',  #10639 ) ;
#6764 = VECTOR ( 'NONE', #5796, 1000.000000000000000 ) ;
#6765 = DIRECTION ( 'NONE',  ( 1.000000000000000000, 0.000000000000000000, -1.110223024625156294E-16 ) ) ;
#6766 = ORIENTED_EDGE ( 'NONE', *, *, #10587, .F. ) ;
#6767 = AXIS2_PLACEMENT_3D ( 'NONE', #3755, #2553, #2613 ) ;
#6768 = CARTESIAN_POINT ( 'NONE',  ( 1.589999999999996527, 8.599999999999999645, -1.389999999999997682 ) ) ;
#6769 = ORIENTED_EDGE ( 'NONE', *, *, #12978, .T. ) ;
#6770 = DIRECTION ( 'NONE',  ( 1.000000000000000000, 0.000000000000000000, -1.110223024625156294E-16 ) ) ;
#6771 = DIRECTION ( 'NONE',  ( -1.110223024625156294E-16, 1.224646799147353207E-16, -1.000000000000000000 ) ) ;
#6772 = SURFACE_STYLE_FILL_AREA ( #11912 ) ;
#6773 = ORIENTED_EDGE ( 'NONE', *, *, #10058, .T. ) ;
#6774 = DIRECTION ( 'NONE',  ( 0.5773502691896273964, -0.5773502691896261751, 0.5773502691896236216 ) ) ;
#6775 = VERTEX_POINT ( 'NONE', #4999 ) ;
#6776 = CARTESIAN_POINT ( 'NONE',  ( -1.590000000000005409, 8.100000000000001421, -0.9499999999999977351 ) ) ;
#6777 = EDGE_CURVE ( 'NONE', #9846, #12895, #10145, .T. ) ;
#6778 = CARTESIAN_POINT ( 'NONE',  ( 13.64000000000000234, -4.336808689942017736E-15, -3.624999999999998668 ) ) ;
#6779 = EDGE_CURVE ( 'NONE', #2495, #9085, #1759, .T. ) ;
#6780 = CARTESIAN_POINT ( 'NONE',  ( -3.665757575757583542, 8.539393939393942645, -1.414242424242416307 ) ) ;
#6781 = LINE ( 'NONE', #11053, #5800 ) ;
#6782 = VECTOR ( 'NONE', #4936, 1000.000000000000000 ) ;
#6783 = VERTEX_POINT ( 'NONE', #5941 ) ;
#6784 = PLANE ( 'NONE',  #10646 ) ;
#6785 = VECTOR ( 'NONE', #6396, 1000.000000000000000 ) ;
#6786 = VERTEX_POINT ( 'NONE', #4050 ) ;
#6787 = AXIS2_PLACEMENT_3D ( 'NONE', #8500, #8701, #12828 ) ;
#6788 = EDGE_LOOP ( 'NONE', ( #1374, #1524, #891, #7150 ) ) ;
#6789 = DIRECTION ( 'NONE',  ( -0.3481553119113956485, -0.8703882797784890935, 0.3481553119113957595 ) ) ;
#6790 = DIRECTION ( 'NONE',  ( -2.220446049250312095E-16, 1.000000000000000000, 1.224646799147353207E-16 ) ) ;
#6791 = EDGE_CURVE ( 'NONE', #5471, #11813, #6964, .T. ) ;
#6792 = CARTESIAN_POINT ( 'NONE',  ( 6.669999999999991935, 8.099999999999999645, -1.589999999999998526 ) ) ;
#6793 = AXIS2_PLACEMENT_3D ( 'NONE', #9731, #2563, #531 ) ;
#6794 = DIRECTION ( 'NONE',  ( -0.3481553119113939831, 0.8703882797784897596, 0.3481553119113959816 ) ) ;
#6795 = CARTESIAN_POINT ( 'NONE',  ( -6.030000000000002913, 2.599999999999998312, -1.589999999999997859 ) ) ;
#6796 = VERTEX_POINT ( 'NONE', #8185 ) ;
#6797 = EDGE_CURVE ( 'NONE', #9988, #3067, #6897, .T. ) ;
#6798 = DIRECTION ( 'NONE',  ( 1.000000000000000000, 0.000000000000000000, -1.110223024625156294E-16 ) ) ;
#6799 = DIRECTION ( 'NONE',  ( -5.043836348835594563E-16, 1.224646799147352961E-16, -1.000000000000000000 ) ) ;
#6800 = EDGE_CURVE ( 'NONE', #11199, #2668, #2836, .T. ) ;
#6801 = LINE ( 'NONE', #10930, #6218 ) ;
#6802 = ORIENTED_EDGE ( 'NONE', *, *, #8699, .T. ) ;
#6803 = VECTOR ( 'NONE', #12995, 1000.000000000000227 ) ;
#6804 = CIRCLE ( 'NONE', #551, 0.4250000000000001554 ) ;
#6805 = ORIENTED_EDGE ( 'NONE', *, *, #10266, .F. ) ;
#6806 = LINE ( 'NONE', #862, #6652 ) ;
#6807 = VERTEX_POINT ( 'NONE', #745 ) ;
#6808 = CARTESIAN_POINT ( 'NONE',  ( -11.31000000000001293, 8.599999999999999645, -0.9499999999999966249 ) ) ;
#6809 = VECTOR ( 'NONE', #11361, 1000.000000000000000 ) ;
#6810 = PLANE ( 'NONE',  #3762 ) ;
#6811 = EDGE_CURVE ( 'NONE', #11010, #10185, #7912, .T. ) ;
#6812 = CARTESIAN_POINT ( 'NONE',  ( -8.570000000000005613, 8.599999999999999645, -1.389999999999996350 ) ) ;
#6813 = ORIENTED_EDGE ( 'NONE', *, *, #12090, .F. ) ;
#6814 = DIRECTION ( 'NONE',  ( 2.599483128751245825E-15, 1.224646799147352221E-16, -1.000000000000000000 ) ) ;
#6815 = LINE ( 'NONE', #2762, #9117 ) ;
#6816 = ORIENTED_EDGE ( 'NONE', *, *, #2147, .T. ) ;
#6817 = CARTESIAN_POINT ( 'NONE',  ( 1.589999999999996749, 8.599999999999999645, -0.9499999999999981792 ) ) ;
#6818 = ORIENTED_EDGE ( 'NONE', *, *, #4071, .T. ) ;
#6819 = ORIENTED_EDGE ( 'NONE', *, *, #3266, .F. ) ;
#6820 = AXIS2_PLACEMENT_3D ( 'NONE', #2333, #6447, #1311 ) ;
#6821 = CARTESIAN_POINT ( 'NONE',  ( 0.3249999999999959033, 0.2499999999999976130, -4.424999999999999822 ) ) ;
#6822 = PLANE ( 'NONE',  #10579 ) ;
#6823 = EDGE_CURVE ( 'NONE', #1198, #8275, #3031, .T. ) ;
#6824 = CARTESIAN_POINT ( 'NONE',  ( -15.48000000000000398, 2.599999999999998312, -3.174999999999996270 ) ) ;
#6825 = DIRECTION ( 'NONE',  ( -2.220446049250312095E-16, 1.000000000000000000, 1.224646799147353207E-16 ) ) ;
#6826 = ORIENTED_EDGE ( 'NONE', *, *, #1100, .T. ) ;
#6827 = EDGE_LOOP ( 'NONE', ( #2789, #8897, #6418, #7099 ) ) ;
#6828 = PLANE ( 'NONE',  #12634 ) ;
#6829 = ADVANCED_FACE ( 'NONE', ( #4860 ), #1696, .T. ) ;
#6830 = CARTESIAN_POINT ( 'NONE',  ( 0.9499999999999966249, 2.599999999999997868, 1.590000000000001856 ) ) ;
#6831 = PLANE ( 'NONE',  #5998 ) ;
#6832 = EDGE_LOOP ( 'NONE', ( #495, #4822, #11618, #10344 ) ) ;
#6833 = DIRECTION ( 'NONE',  ( -0.3481553119113961481, 0.8703882797784888714, 0.3481553119113960371 ) ) ;
#6834 = AXIS2_PLACEMENT_3D ( 'NONE', #11613, #4574, #6670 ) ;
#6835 = CIRCLE ( 'NONE', #13113, 0.4250000000000000444 ) ;
#6836 = ORIENTED_EDGE ( 'NONE', *, *, #1015, .F. ) ;
#6837 = LINE ( 'NONE', #10973, #11405 ) ;
#6838 = DIRECTION ( 'NONE',  ( -1.110223024625156294E-16, 1.224646799147353207E-16, -1.000000000000000000 ) ) ;
#6839 = DIRECTION ( 'NONE',  ( 1.855469160087460128E-16, -0.3713906763541040545, 0.9284766908852591927 ) ) ;
#6840 = EDGE_LOOP ( 'NONE', ( #8041, #7258, #4598, #7384 ) ) ;
#6841 = VECTOR ( 'NONE', #11519, 1000.000000000000000 ) ;
#6842 = CARTESIAN_POINT ( 'NONE',  ( 2.089999999999992308, 0.2499999999999967526, 2.090000000000002078 ) ) ;
#6843 = EDGE_LOOP ( 'NONE', ( #2343, #6358, #3969, #4712 ) ) ;
#6844 = FACE_OUTER_BOUND ( 'NONE', #9664, .T. ) ;
#6845 = AXIS2_PLACEMENT_3D ( 'NONE', #2877, #1664, #6866 ) ;
#6846 = LINE ( 'NONE', #13001, #3391 ) ;
#6847 = AXIS2_PLACEMENT_3D ( 'NONE', #8063, #3871, #7997 ) ;
#6848 = CARTESIAN_POINT ( 'NONE',  ( -6.670000000000005258, 2.599999999999997868, 1.590000000000002522 ) ) ;
#6849 = DIRECTION ( 'NONE',  ( -2.220446049250312095E-16, 1.000000000000000000, 1.224646799147353207E-16 ) ) ;
#6850 = AXIS2_PLACEMENT_3D ( 'NONE', #11780, #6770, #11715 ) ;
#6851 = ORIENTED_EDGE ( 'NONE', *, *, #7121, .F. ) ;
#6852 = PLANE ( 'NONE',  #11724 ) ;
#6853 = AXIS2_PLACEMENT_3D ( 'NONE', #7657, #5416, #8408 ) ;
#6854 = LINE ( 'NONE', #574, #7117 ) ;
#6855 = EDGE_CURVE ( 'NONE', #2346, #10402, #12037, .T. ) ;
#6856 = ORIENTED_EDGE ( 'NONE', *, *, #4721, .T. ) ;
#6857 = DIRECTION ( 'NONE',  ( 0.3481553119113962591, -0.8703882797784889824, 0.3481553119113957040 ) ) ;
#6858 = CARTESIAN_POINT ( 'NONE',  ( -8.956666666666665222, -3.133333333333335080, 1.203333333333331590 ) ) ;
#6859 = DIRECTION ( 'NONE',  ( 1.000000000000000000, 0.000000000000000000, -1.110223024625156294E-16 ) ) ;
#6860 = CARTESIAN_POINT ( 'NONE',  ( -11.55000000000000249, 8.599999999999999645, -1.389999999999995905 ) ) ;
#6861 = VECTOR ( 'NONE', #7093, 1000.000000000000000 ) ;
#6862 = CARTESIAN_POINT ( 'NONE',  ( 3.929999999999995275, 8.599999999999999645, 1.590000000000002300 ) ) ;
#6863 = CARTESIAN_POINT ( 'NONE',  ( 7.169999999999998153, 0.2499999999999976130, 4.425000000000000711 ) ) ;
#6864 = ORIENTED_EDGE ( 'NONE', *, *, #999, .T. ) ;
#6865 = AXIS2_PLACEMENT_3D ( 'NONE', #6584, #8687, #5375 ) ;
#6866 = DIRECTION ( 'NONE',  ( -1.110223024625156294E-16, 1.224646799147353207E-16, -1.000000000000000000 ) ) ;
#6868 = VECTOR ( 'NONE', #12702, 1000.000000000000000 ) ;
#6867 = CARTESIAN_POINT ( 'NONE',  ( 6.030000000000002025, -32.81321928319991343, -0.9500000000000036193 ) ) ;
#6869 = LINE ( 'NONE', #12217, #9895 ) ;
#6870 = ORIENTED_EDGE ( 'NONE', *, *, #2428, .F. ) ;
#6871 = MECHANICAL_DESIGN_GEOMETRIC_PRESENTATION_REPRESENTATION (  '', ( #1699 ), #13362 ) ;
#6872 = ORIENTED_EDGE ( 'NONE', *, *, #5339, .T. ) ;
#6873 = VECTOR ( 'NONE', #10695, 1000.000000000000000 ) ;
#6874 = ADVANCED_FACE ( 'NONE', ( #6013 ), #13253, .T. ) ;
#6875 = DIRECTION ( 'NONE',  ( 1.000000000000000000, 0.000000000000000000, -1.110223024625156294E-16 ) ) ;
#6876 = ORIENTED_EDGE ( 'NONE', *, *, #8465, .F. ) ;
#6877 = CARTESIAN_POINT ( 'NONE',  ( 9.709999999999997300, 0.2499999999999967526, 0.4500000000000000111 ) ) ;
#6878 = EDGE_CURVE ( 'NONE', #6553, #9044, #675, .T. ) ;
#6879 = EDGE_CURVE ( 'NONE', #4631, #9988, #8919, .T. ) ;
#6880 = FACE_OUTER_BOUND ( 'NONE', #10409, .T. ) ;
#6881 = DIRECTION ( 'NONE',  ( -1.000000000000000000, 0.000000000000000000, 1.110223024625156294E-16 ) ) ;
#6882 = ORIENTED_EDGE ( 'NONE', *, *, #7717, .T. ) ;
#6883 = CARTESIAN_POINT ( 'NONE',  ( 6.229999999999998650, 8.599999999999999645, -0.9499999999999986233 ) ) ;
#6884 = FACE_OUTER_BOUND ( 'NONE', #7774, .T. ) ;
#6885 = VERTEX_POINT ( 'NONE', #3988 ) ;
#6886 = LINE ( 'NONE', #13180, #9436 ) ;
#6887 = EDGE_CURVE ( 'NONE', #12458, #9792, #10004, .T. ) ;
#6888 = VECTOR ( 'NONE', #9682, 1000.000000000000000 ) ;
#6889 = EDGE_CURVE ( 'NONE', #11297, #6639, #7028, .T. ) ;
#6890 = ORIENTED_EDGE ( 'NONE', *, *, #1274, .F. ) ;
#6891 = EDGE_CURVE ( 'NONE', #1962, #10916, #3855, .T. ) ;
#6892 = VERTEX_POINT ( 'NONE', #8046 ) ;
#6893 = EDGE_CURVE ( 'NONE', #7056, #7634, #12236, .T. ) ;
#6894 = LINE ( 'NONE', #6961, #8168 ) ;
#6895 = CARTESIAN_POINT ( 'NONE',  ( 6.029999999999994031, 8.099999999999999645, 1.590000000000001856 ) ) ;
#6896 = DIRECTION ( 'NONE',  ( 1.000000000000000000, 0.000000000000000000, -1.110223024625156294E-16 ) ) ;
#6897 = LINE ( 'NONE', #2774, #2683 ) ;
#6898 = DIRECTION ( 'NONE',  ( 0.7071067811865490160, 0.7071067811865461294, -1.908525788164871536E-15 ) ) ;
#6899 = VECTOR ( 'NONE', #6066, 1000.000000000000227 ) ;
#6900 = EDGE_LOOP ( 'NONE', ( #9853, #131, #3436, #3651 ) ) ;
#6901 = ORIENTED_EDGE ( 'NONE', *, *, #4365, .F. ) ;
#6902 = LINE ( 'NONE', #6762, #9973 ) ;
#6903 = DIRECTION ( 'NONE',  ( -1.000000000000000000, 0.000000000000000000, 1.110223024625156294E-16 ) ) ;
#6904 =( NAMED_UNIT ( * ) PLANE_ANGLE_UNIT ( ) SI_UNIT ( $, .RADIAN. ) );
#6905 = EDGE_CURVE ( 'NONE', #6136, #3192, #7097, .T. ) ;
#6906 = CLOSED_SHELL ( 'NONE', ( #3396, #6460, #633, #5021, #12301, #1433, #12326, #8025, #5144, #9700, #1535, #2797, #273, #1092 ) ) ;
#6907 = EDGE_LOOP ( 'NONE', ( #11164, #304, #5456, #3163 ) ) ;
#6908 = CARTESIAN_POINT ( 'NONE',  ( -0.9500000000000037303, 8.600000000000001421, 0.9500000000000026201 ) ) ;
#6909 = EDGE_CURVE ( 'NONE', #6242, #1874, #942, .T. ) ;
#6910 = ORIENTED_EDGE ( 'NONE', *, *, #12760, .F. ) ;
#6911 = FACE_OUTER_BOUND ( 'NONE', #1663, .T. ) ;
#6912 = ORIENTED_EDGE ( 'NONE', *, *, #9287, .T. ) ;
#6913 = LINE ( 'NONE', #11043, #6516 ) ;
#6914 = DIRECTION ( 'NONE',  ( 2.220446049250312095E-16, -1.000000000000000000, -1.224646799147353207E-16 ) ) ;
#6915 = ORIENTED_EDGE ( 'NONE', *, *, #12879, .T. ) ;
#6916 = CARTESIAN_POINT ( 'NONE',  ( -1.590000000000005409, 8.100000000000001421, -0.9499999999999977351 ) ) ;
#6917 = ORIENTED_EDGE ( 'NONE', *, *, #7241, .F. ) ;
#6918 = DIRECTION ( 'NONE',  ( -2.220446049250312095E-16, 1.000000000000000000, 1.224646799147353207E-16 ) ) ;
#6919 = DIRECTION ( 'NONE',  ( 0.9284766908852596368, 0.3713906763541028888, -5.759937970183664956E-17 ) ) ;
#6920 = CARTESIAN_POINT ( 'NONE',  ( 16.53000000000000114, 0.2499999999999967526, -2.090000000000000746 ) ) ;
#6921 = VERTEX_POINT ( 'NONE', #8247 ) ;
#6922 = UNCERTAINTY_MEASURE_WITH_UNIT (LENGTH_MEASURE( 1.000000000000000082E-05 ), #12300, 'distance_accuracy_value', 'NONE');
#6923 = DIRECTION ( 'NONE',  ( -1.000000000000000000, 0.000000000000000000, 1.110223024625156294E-16 ) ) ;
#6924 = ORIENTED_EDGE ( 'NONE', *, *, #8865, .T. ) ;
#6925 = CARTESIAN_POINT ( 'NONE',  ( -9.210000000000006182, -3.000000000000004441, -1.149999999999998579 ) ) ;
#6926 = EDGE_CURVE ( 'NONE', #7484, #6885, #12367, .T. ) ;
#6927 = PLANE ( 'NONE',  #3388 ) ;
#6928 = EDGE_LOOP ( 'NONE', ( #11190, #7677, #10637, #4446 ) ) ;
#6929 = CARTESIAN_POINT ( 'NONE',  ( 11.74999999999999467, 8.599999999999999645, 1.590000000000001412 ) ) ;
#6930 = LINE ( 'NONE', #3059, #8453 ) ;
#6931 = LINE ( 'NONE', #13156, #758 ) ;
#6932 = ADVANCED_FACE ( 'NONE', ( #207 ), #70, .F. ) ;
#6933 = DIRECTION ( 'NONE',  ( -0.3713906763541042766, 0.9284766908852590817, 1.549382487594995162E-16 ) ) ;
#6934 = AXIS2_PLACEMENT_3D ( 'NONE', #3039, #7171, #5952 ) ;
#6935 = CARTESIAN_POINT ( 'NONE',  ( -3.490000000000011315, 8.100000000000001421, -0.9499999999999975131 ) ) ;
#6936 = DIRECTION ( 'NONE',  ( -2.821527733676277528E-15, 1.224646799147354193E-16, -1.000000000000000000 ) ) ;
#6937 = ORIENTED_EDGE ( 'NONE', *, *, #12518, .T. ) ;
#6938 = DIRECTION ( 'NONE',  ( -2.220446049250312095E-16, 1.000000000000000000, 1.224646799147353207E-16 ) ) ;
#6939 = DIRECTION ( 'NONE',  ( -2.220446049250312095E-16, 1.000000000000000000, 1.224646799147353207E-16 ) ) ;
#6940 = LINE ( 'NONE', #12958, #7745 ) ;
#6941 = VECTOR ( 'NONE', #4064, 1000.000000000000114 ) ;
#6942 = ORIENTED_EDGE ( 'NONE', *, *, #5135, .F. ) ;
#6943 = ORIENTED_EDGE ( 'NONE', *, *, #2937, .F. ) ;
#6944 = AXIS2_PLACEMENT_3D ( 'NONE', #13144, #1643, #11048 ) ;
#6945 = DIRECTION ( 'NONE',  ( 1.110223024625156294E-16, -1.224646799147353207E-16, 1.000000000000000000 ) ) ;
#6946 = VERTEX_POINT ( 'NONE', #10342 ) ;
#6947 = DIRECTION ( 'NONE',  ( 1.030816200048588727E-16, 0.3713906763541041101, 0.9284766908852591927 ) ) ;
#6948 = DIRECTION ( 'NONE',  ( 1.110223024625156294E-16, -1.224646799147352961E-16, 1.000000000000000000 ) ) ;
#6949 = PLANE ( 'NONE',  #1389 ) ;
#6950 = LINE ( 'NONE', #11081, #4817 ) ;
#6951 = DIRECTION ( 'NONE',  ( -1.000000000000000000, 0.000000000000000000, 1.110223024625156294E-16 ) ) ;
#6952 = ORIENTED_EDGE ( 'NONE', *, *, #110, .T. ) ;
#6953 = DIRECTION ( 'NONE',  ( -0.3481553119113961481, 0.8703882797784888714, 0.3481553119113960371 ) ) ;
#6954 = DIRECTION ( 'NONE',  ( -1.000000000000000000, 0.000000000000000000, 1.110223024625156294E-16 ) ) ;
#6955 = VECTOR ( 'NONE', #962, 1000.000000000000000 ) ;
#6956 = EDGE_CURVE ( 'NONE', #11431, #11000, #5199, .T. ) ;
#6957 = ADVANCED_FACE ( 'NONE', ( #7366 ), #12572, .F. ) ;
#6958 = ADVANCED_FACE ( 'NONE', ( #2023 ), #4317, .F. ) ;
#6959 = ORIENTED_EDGE ( 'NONE', *, *, #10482, .F. ) ;
#6960 = ORIENTED_EDGE ( 'NONE', *, *, #933, .T. ) ;
#6961 = CARTESIAN_POINT ( 'NONE',  ( 6.669999999999997264, 0.7499999999999963363, 1.590000000000000968 ) ) ;
#6962 = DIRECTION ( 'NONE',  ( 1.000000000000000000, 0.000000000000000000, -1.110223024625156294E-16 ) ) ;
#6963 = LINE ( 'NONE', #4935, #2437 ) ;
#6964 = LINE ( 'NONE', #12108, #9812 ) ;
#6965 = PLANE ( 'NONE',  #11121 ) ;
#6966 = VECTOR ( 'NONE', #4057, 1000.000000000000000 ) ;
#6967 = EDGE_LOOP ( 'NONE', ( #3162, #5881, #7780, #11604 ) ) ;
#6968 = COLOUR_RGB ( '',0.8705882352941176627, 0.6313725490196078205, 0.1725490196078431349 ) ;
#6969 = ORIENTED_EDGE ( 'NONE', *, *, #5591, .T. ) ;
#6970 = ADVANCED_FACE ( 'NONE', ( #6408 ), #6343, .T. ) ;
#6971 = LINE ( 'NONE', #11099, #964 ) ;
#6972 = VECTOR ( 'NONE', #1954, 1000.000000000000000 ) ;
#6973 = DIRECTION ( 'NONE',  ( 2.220446049250312095E-16, -1.000000000000000000, -1.224646799147353207E-16 ) ) ;
#6974 = LINE ( 'NONE', #9067, #12240 ) ;
#6975 = ORIENTED_EDGE ( 'NONE', *, *, #6302, .F. ) ;
#6976 = DIRECTION ( 'NONE',  ( -2.220446049250312095E-16, 1.000000000000000000, 1.224646799147353207E-16 ) ) ;
#6977 = VECTOR ( 'NONE', #8634, 1000.000000000000000 ) ;
#6978 = ORIENTED_EDGE ( 'NONE', *, *, #10675, .T. ) ;
#6979 = DIRECTION ( 'NONE',  ( 0.5773502691896247319, 0.5773502691896278405, 0.5773502691896246208 ) ) ;
#6980 = VERTEX_POINT ( 'NONE', #12642 ) ;
#6981 = LINE ( 'NONE', #892, #4788 ) ;
#6982 = CARTESIAN_POINT ( 'NONE',  ( 1.774999999999989253, 1.574999999999999067, 1.775000000000000799 ) ) ;
#6983 = ORIENTED_EDGE ( 'NONE', *, *, #7105, .T. ) ;
#6984 = DIRECTION ( 'NONE',  ( 1.000000000000000000, 0.000000000000000000, 0.000000000000000000 ) ) ;
#6985 = ORIENTED_EDGE ( 'NONE', *, *, #8584, .T. ) ;
#6986 = CARTESIAN_POINT ( 'NONE',  ( -11.11000000000000476, -2.500000000000003997, 1.590000000000002744 ) ) ;
#6987 = VECTOR ( 'NONE', #5388, 1000.000000000000000 ) ;
#6988 = VECTOR ( 'NONE', #4513, 1000.000000000000000 ) ;
#6989 = DIRECTION ( 'NONE',  ( -1.000000000000000000, 0.000000000000000000, 1.110223024625156294E-16 ) ) ;
#6990 = DIRECTION ( 'NONE',  ( 1.110223024625156294E-16, -1.224646799147353207E-16, 1.000000000000000000 ) ) ;
#6991 = VERTEX_POINT ( 'NONE', #3096 ) ;
#6992 = DIRECTION ( 'NONE',  ( -2.599483128751245825E-15, -1.224646799147352221E-16, 1.000000000000000000 ) ) ;
#6993 = LINE ( 'NONE', #5091, #7563 ) ;
#6994 = EDGE_LOOP ( 'NONE', ( #8649, #12892, #12410, #12305 ) ) ;
#6995 = CARTESIAN_POINT ( 'NONE',  ( -2.250000000000005773, 6.175000000000001599, 0.8500000000000030864 ) ) ;
#6996 = DIRECTION ( 'NONE',  ( 1.000000000000000000, 0.000000000000000000, -1.110223024625156294E-16 ) ) ;
#6997 = EDGE_CURVE ( 'NONE', #5612, #5364, #9255, .T. ) ;
#6998 = DIRECTION ( 'NONE',  ( 2.220446049250312095E-16, -1.000000000000000000, -1.224646799147353207E-16 ) ) ;
#6999 = LINE ( 'NONE', #4830, #6140 ) ;
#7000 = DIRECTION ( 'NONE',  ( 1.000000000000000000, 0.000000000000000000, -1.110223024625156294E-16 ) ) ;
#7001 = DIRECTION ( 'NONE',  ( -0.5773502691896272854, 0.5773502691896250649, -0.5773502691896247319 ) ) ;
#7002 = VERTEX_POINT ( 'NONE', #9392 ) ;
#7003 = AXIS2_PLACEMENT_3D ( 'NONE', #5808, #1825, #9937 ) ;
#7004 = EDGE_CURVE ( 'NONE', #695, #13008, #9324, .T. ) ;
#7005 = LINE ( 'NONE', #5780, #2747 ) ;
#7006 = DIRECTION ( 'NONE',  ( -1.000000000000000000, 0.000000000000000000, 1.110223024625156294E-16 ) ) ;
#7007 = DIRECTION ( 'NONE',  ( 0.9284766908852591927, -0.3713906763541040545, -1.485638603078812808E-16 ) ) ;
#7008 = AXIS2_PLACEMENT_3D ( 'NONE', #12174, #880, #1956 ) ;
#7009 = ADVANCED_FACE ( 'NONE', ( #11488 ), #11559, .F. ) ;
#7010 = EDGE_LOOP ( 'NONE', ( #11583, #1907, #2731, #5690 ) ) ;
#7011 = ORIENTED_EDGE ( 'NONE', *, *, #7449, .T. ) ;
#7013 = DIRECTION ( 'NONE',  ( 1.110223024625156294E-16, -1.224646799147353207E-16, 1.000000000000000000 ) ) ;
#7012 = AXIS2_PLACEMENT_3D ( 'NONE', #1128, #3081, #11414 ) ;
#7014 = ORIENTED_EDGE ( 'NONE', *, *, #10395, .F. ) ;
#7015 = LINE ( 'NONE', #7898, #2697 ) ;
#7016 = CARTESIAN_POINT ( 'NONE',  ( -1.775000000000008349, 1.574999999999997735, 1.775000000000001243 ) ) ;
#7017 = CARTESIAN_POINT ( 'NONE',  ( 1.963939393939387656, -1.565151515151522954, 1.963939393939391209 ) ) ;
#7018 = CARTESIAN_POINT ( 'NONE',  ( 6.669999999999994600, 8.599999999999996092, 1.590000000000001856 ) ) ;
#7019 = ORIENTED_EDGE ( 'NONE', *, *, #1013, .T. ) ;
#7020 = CARTESIAN_POINT ( 'NONE',  ( -1.150000000000009681, 8.599999999999999645, -1.149999999999998135 ) ) ;
#7021 = LINE ( 'NONE', #11351, #6249 ) ;
#7022 = VECTOR ( 'NONE', #9842, 1000.000000000000000 ) ;
#7023 = VERTEX_POINT ( 'NONE', #4251 ) ;
#7024 = ORIENTED_EDGE ( 'NONE', *, *, #13331, .F. ) ;
#7025 = LINE ( 'NONE', #9934, #10102 ) ;
#7026 = CARTESIAN_POINT ( 'NONE',  ( 6.669999999999997264, 0.7499999999999963363, 1.590000000000000968 ) ) ;
#7027 = LINE ( 'NONE', #10003, #12363 ) ;
#7028 = LINE ( 'NONE', #8113, #3329 ) ;
#7029 = DIRECTION ( 'NONE',  ( 0.5773502691896250649, -0.5773502691896279515, 0.5773502691896243988 ) ) ;
#7030 = EDGE_CURVE ( 'NONE', #13059, #4786, #7301, .T. ) ;
#7031 = ORIENTED_EDGE ( 'NONE', *, *, #108, .T. ) ;
#7032 = EDGE_CURVE ( 'NONE', #779, #2778, #2227, .T. ) ;
#7033 = ORIENTED_EDGE ( 'NONE', *, *, #9765, .T. ) ;
#7034 = FACE_OUTER_BOUND ( 'NONE', #8287, .T. ) ;
#7035 = DIRECTION ( 'NONE',  ( 1.110223024625156294E-16, -1.224646799147353207E-16, 1.000000000000000000 ) ) ;
#7036 = VECTOR ( 'NONE', #7953, 1000.000000000000114 ) ;
#7037 = CARTESIAN_POINT ( 'NONE',  ( -3.678484848484858905, 9.228787878787882093, 1.138484848484852652 ) ) ;
#7038 = EDGE_LOOP ( 'NONE', ( #3359, #7529, #9274, #7114 ) ) ;
#7039 = CARTESIAN_POINT ( 'NONE',  ( 11.75000000000000711, -2.500000000000003997, -1.590000000000000302 ) ) ;
#7040 = DIRECTION ( 'NONE',  ( 1.110223024625156294E-16, -1.224646799147352961E-16, 1.000000000000000000 ) ) ;
#7041 = EDGE_LOOP ( 'NONE', ( #5622, #9750, #3319, #9372 ) ) ;
#7042 = DIRECTION ( 'NONE',  ( 0.7071067811865477948, 0.7071067811865472397, 1.924707753543580622E-15 ) ) ;
#7043 = ORIENTED_EDGE ( 'NONE', *, *, #10029, .F. ) ;
#7044 = DIRECTION ( 'NONE',  ( -1.110223024625156294E-16, 1.224646799147353207E-16, -1.000000000000000000 ) ) ;
#7045 = DIRECTION ( 'NONE',  ( -0.3481553119113956485, -0.8703882797784890935, 0.3481553119113957595 ) ) ;
#7046 = EDGE_CURVE ( 'NONE', #2855, #4639, #1004, .T. ) ;
#7047 = EDGE_LOOP ( 'NONE', ( #7431, #929, #8667, #10671 ) ) ;
#7048 = EDGE_CURVE ( 'NONE', #4488, #1236, #10541, .T. ) ;
#7049 = ADVANCED_FACE ( 'NONE', ( #11360 ), #265, .T. ) ;
#7050 = ORIENTED_EDGE ( 'NONE', *, *, #4312, .F. ) ;
#7051 = DIRECTION ( 'NONE',  ( -0.9284766908852590817, -0.3713906763541042766, 5.759937970183641537E-17 ) ) ;
#7052 = CARTESIAN_POINT ( 'NONE',  ( -6.030000000000004690, 8.599999999999999645, 0.9500000000000030642 ) ) ;
#7053 =( GEOMETRIC_REPRESENTATION_CONTEXT ( 3 ) GLOBAL_UNCERTAINTY_ASSIGNED_CONTEXT ( ( #570 ) ) GLOBAL_UNIT_ASSIGNED_CONTEXT ( ( #9239, #7212, #12758 ) ) REPRESENTATION_CONTEXT ( 'NONE', 'WORKASPACE' ) );
#7054 = CARTESIAN_POINT ( 'NONE',  ( 12.25000000000000355, 0.2499999999999950040, 4.424999999999999822 ) ) ;
#7055 = EDGE_CURVE ( 'NONE', #6498, #11112, #5333, .T. ) ;
#7056 = VERTEX_POINT ( 'NONE', #1341 ) ;
#7057 = LINE ( 'NONE', #5027, #5948 ) ;
#7058 = LINE ( 'NONE', #845, #5817 ) ;
#7059 = VECTOR ( 'NONE', #493, 1000.000000000000000 ) ;
#7060 = VERTEX_POINT ( 'NONE', #1545 ) ;
#7061 = CARTESIAN_POINT ( 'NONE',  ( -0.3250000000000018985, 0.2499999999999976130, -4.424999999999999822 ) ) ;
#7062 = DIRECTION ( 'NONE',  ( -1.000000000000000000, 0.000000000000000000, 1.110223024625156294E-16 ) ) ;
#7063 = VECTOR ( 'NONE', #11020, 1000.000000000000000 ) ;
#7064 = CARTESIAN_POINT ( 'NONE',  ( 3.490000000000001990, -3.000000000000003553, -1.149999999999999911 ) ) ;
#7065 = DIRECTION ( 'NONE',  ( -1.110223024625156294E-16, 1.224646799147353207E-16, -1.000000000000000000 ) ) ;
#7066 = CARTESIAN_POINT ( 'NONE',  ( -1.590000000000002744, -3.000000000000004441, 1.590000000000001412 ) ) ;
#7067 = PLANE ( 'NONE',  #3710 ) ;
#7068 = ORIENTED_EDGE ( 'NONE', *, *, #3070, .F. ) ;
#7069 = LINE ( 'NONE', #11208, #3830 ) ;
#7070 = VECTOR ( 'NONE', #2107, 1000.000000000000000 ) ;
#7071 = FACE_OUTER_BOUND ( 'NONE', #13272, .T. ) ;
#7072 = CARTESIAN_POINT ( 'NONE',  ( -1.589999999999996527, -32.81321928319991343, -1.590000000000002744 ) ) ;
#7073 = ADVANCED_FACE ( 'NONE', ( #12775 ), #5599, .F. ) ;
#7074 = VECTOR ( 'NONE', #1932, 1000.000000000000114 ) ;
#7075 = ORIENTED_EDGE ( 'NONE', *, *, #6564, .T. ) ;
#7076 = ORIENTED_EDGE ( 'NONE', *, *, #8297, .F. ) ;
#7077 = CARTESIAN_POINT ( 'NONE',  ( 11.11000000000000476, -32.81321928319991343, 0.9499999999999962919 ) ) ;
#7078 = ORIENTED_EDGE ( 'NONE', *, *, #12255, .T. ) ;
#7079 = CARTESIAN_POINT ( 'NONE',  ( -9.009999999999999787, -3.000000000000004441, -0.9499999999999984013 ) ) ;
#7080 = VECTOR ( 'NONE', #6620, 999.9999999999998863 ) ;
#7081 = DIRECTION ( 'NONE',  ( -0.5773502691896239547, 0.5773502691896277295, 0.5773502691896256200 ) ) ;
#7082 = PLANE ( 'NONE',  #8974 ) ;
#7083 = DIRECTION ( 'NONE',  ( 1.110223024625156294E-16, -1.224646799147353207E-16, 1.000000000000000000 ) ) ;
#7084 = MECHANICAL_DESIGN_GEOMETRIC_PRESENTATION_REPRESENTATION (  '', ( #5353 ), #1472 ) ;
#7085 = CARTESIAN_POINT ( 'NONE',  ( 0.9499999999999952927, 8.100000000000001421, 0.9500000000000023981 ) ) ;
#7086 = VERTEX_POINT ( 'NONE', #6477 ) ;
#7087 = LINE ( 'NONE', #6817, #5107 ) ;
#7088 = CARTESIAN_POINT ( 'NONE',  ( -7.948333333333331474, -0.5283333333333424253, 2.868333333333332291 ) ) ;
#7089 = VECTOR ( 'NONE', #10869, 1000.000000000000000 ) ;
#7090 = VERTEX_POINT ( 'NONE', #10666 ) ;
#7091 = VECTOR ( 'NONE', #9586, 1000.000000000000000 ) ;
#7092 = VERTEX_POINT ( 'NONE', #335 ) ;
#7093 = DIRECTION ( 'NONE',  ( 1.000000000000000000, 0.000000000000000000, -1.110223024625156294E-16 ) ) ;
#7094 = CARTESIAN_POINT ( 'NONE',  ( 5.529999999999998472, 0.2499999999999967526, -0.4499999999999992895 ) ) ;
#7095 = EDGE_CURVE ( 'NONE', #9172, #7412, #5726, .T. ) ;
#7096 = CARTESIAN_POINT ( 'NONE',  ( -3.490000000000011315, 8.599999999999999645, 0.9500000000000029532 ) ) ;
#7097 = LINE ( 'NONE', #11233, #6128 ) ;
#7098 = FACE_OUTER_BOUND ( 'NONE', #10713, .T. ) ;
#7099 = ORIENTED_EDGE ( 'NONE', *, *, #1491, .T. ) ;
#7100 = ORIENTED_EDGE ( 'NONE', *, *, #10658, .T. ) ;
#7101 = CARTESIAN_POINT ( 'NONE',  ( -15.48000000000000398, 0.2499999999999967526, -1.649999999999996136 ) ) ;
#7102 = VECTOR ( 'NONE', #1300, 1000.000000000000000 ) ;
#7103 = DIRECTION ( 'NONE',  ( -0.3481553119113940942, 0.8703882797784897596, -0.3481553119113955930 ) ) ;
#7104 = ORIENTED_EDGE ( 'NONE', *, *, #6909, .F. ) ;
#7105 = EDGE_CURVE ( 'NONE', #3123, #12231, #2364, .T. ) ;
#7106 = EDGE_CURVE ( 'NONE', #5871, #10732, #4583, .T. ) ;
#7107 = DIRECTION ( 'NONE',  ( 1.110223024625156294E-16, -1.224646799147352961E-16, 1.000000000000000000 ) ) ;
#7108 = DIRECTION ( 'NONE',  ( 2.220446049250311848E-16, -1.000000000000000000, -1.224646799147353454E-16 ) ) ;
#7109 = VECTOR ( 'NONE', #12184, 1000.000000000000000 ) ;
#7110 = DIRECTION ( 'NONE',  ( 2.599483128751245825E-15, 1.224646799147352221E-16, -1.000000000000000000 ) ) ;
#7111 = VERTEX_POINT ( 'NONE', #10607 ) ;
#7112 = LINE ( 'NONE', #5822, #5122 ) ;
#7113 = LINE ( 'NONE', #6982, #8400 ) ;
#7114 = ORIENTED_EDGE ( 'NONE', *, *, #11, .T. ) ;
#7115 = ORIENTED_EDGE ( 'NONE', *, *, #6956, .F. ) ;
#7116 = DIRECTION ( 'NONE',  ( -1.000000000000000000, 0.000000000000000000, 1.110223024625156294E-16 ) ) ;
#7117 = VECTOR ( 'NONE', #3743, 1000.000000000000000 ) ;
#7118 = FACE_OUTER_BOUND ( 'NONE', #3374, .T. ) ;
#7119 = EDGE_CURVE ( 'NONE', #5842, #9917, #7572, .T. ) ;
#7120 = CARTESIAN_POINT ( 'NONE',  ( 11.11000000000000476, -2.500000000000004885, 0.9499999999999999556 ) ) ;
#7121 = EDGE_CURVE ( 'NONE', #267, #7314, #6610, .T. ) ;
#7122 = ADVANCED_FACE ( 'NONE', ( #9662 ), #9794, .F. ) ;
#7123 = VERTEX_POINT ( 'NONE', #8654 ) ;
#7124 = CARTESIAN_POINT ( 'NONE',  ( -4.630000000000003446, 0.2499999999999967526, 4.425000000000002487 ) ) ;
#7125 = LINE ( 'NONE', #11255, #9217 ) ;
#7126 = ORIENTED_EDGE ( 'NONE', *, *, #2270, .T. ) ;
#7127 = PLANE ( 'NONE',  #3172 ) ;
#7128 = FACE_OUTER_BOUND ( 'NONE', #3599, .T. ) ;
#7129 = PLANE ( 'NONE',  #3787 ) ;
#7130 = ORIENTED_EDGE ( 'NONE', *, *, #5843, .F. ) ;
#7131 = EDGE_CURVE ( 'NONE', #10805, #7625, #8779, .T. ) ;
#7132 = CARTESIAN_POINT ( 'NONE',  ( 0.9500000000000043965, -32.81321928319991343, 0.9499999999999974021 ) ) ;
#7133 = EDGE_CURVE ( 'NONE', #9598, #2699, #3634, .T. ) ;
#7134 = LINE ( 'NONE', #12278, #7253 ) ;
#7135 = CARTESIAN_POINT ( 'NONE',  ( 7.215000000000000746, -2.500000000000004885, 1.590000000000000524 ) ) ;
#7136 = ORIENTED_EDGE ( 'NONE', *, *, #12986, .F. ) ;
#7137 = EDGE_CURVE ( 'NONE', #945, #8333, #7768, .T. ) ;
#7138 = FACE_OUTER_BOUND ( 'NONE', #5931, .T. ) ;
#7139 = PLANE ( 'NONE',  #11304 ) ;
#7140 = DIRECTION ( 'NONE',  ( 1.000000000000000000, 0.000000000000000000, -1.110223024625156294E-16 ) ) ;
#7141 = ORIENTED_EDGE ( 'NONE', *, *, #5118, .T. ) ;
#7142 = ORIENTED_EDGE ( 'NONE', *, *, #856, .T. ) ;
#7143 = DIRECTION ( 'NONE',  ( 1.649305920077741323E-16, -0.9284766908852591927, -0.3713906763541040545 ) ) ;
#7144 = ORIENTED_EDGE ( 'NONE', *, *, #11296, .T. ) ;
#7145 = DIRECTION ( 'NONE',  ( -0.3481553119113937056, -0.8703882797784899816, -0.3481553119113958705 ) ) ;
#7146 = DIRECTION ( 'NONE',  ( -2.220446049250312095E-16, 1.000000000000000000, 1.224646799147353207E-16 ) ) ;
#7147 = CARTESIAN_POINT ( 'NONE',  ( -8.570000000000005613, 8.599999999999999645, -1.149999999999997469 ) ) ;
#7148 = EDGE_CURVE ( 'NONE', #6534, #7123, #11880, .T. ) ;
#7149 = DIRECTION ( 'NONE',  ( 1.110223024625156294E-16, -1.224646799147352961E-16, 1.000000000000000000 ) ) ;
#7150 = ORIENTED_EDGE ( 'NONE', *, *, #11100, .T. ) ;
#7151 = ADVANCED_FACE ( 'NONE', ( #1481 ), #1608, .T. ) ;
#7152 = CARTESIAN_POINT ( 'NONE',  ( 16.53000000000000114, 0.2499999999999958922, 4.424999999999999822 ) ) ;
#7153 = AXIS2_PLACEMENT_3D ( 'NONE', #8791, #1555, #8729 ) ;
#7154 = CARTESIAN_POINT ( 'NONE',  ( 6.669999999999996376, 2.599999999999999201, 0.9500000000000010658 ) ) ;
#7155 = ADVANCED_FACE ( 'NONE', ( #6742 ), #2491, .T. ) ;
#7156 = EDGE_LOOP ( 'NONE', ( #558, #3000, #6427, #9529 ) ) ;
#7157 = DIRECTION ( 'NONE',  ( -0.5773502691896250649, -0.5773502691896273964, 0.5773502691896250649 ) ) ;
#7158 = DIRECTION ( 'NONE',  ( 1.030816200048588727E-16, 0.3713906763541041101, 0.9284766908852591927 ) ) ;
#7159 = DIRECTION ( 'NONE',  ( -1.000000000000000000, 0.000000000000000000, 1.110223024625156294E-16 ) ) ;
#7160 = FACE_OUTER_BOUND ( 'NONE', #6122, .T. ) ;
#7161 = EDGE_LOOP ( 'NONE', ( #12488, #11433, #791, #3875 ) ) ;
#7162 = ADVANCED_FACE ( 'NONE', ( #4452 ), #2429, .F. ) ;
#7163 = EDGE_LOOP ( 'NONE', ( #8560, #12050, #9900, #12350 ) ) ;
#7164 = DIRECTION ( 'NONE',  ( 1.110223024625156294E-16, -1.224646799147353207E-16, 1.000000000000000000 ) ) ;
#7165 = AXIS2_PLACEMENT_3D ( 'NONE', #4697, #8887, #8959 ) ;
#7166 = CARTESIAN_POINT ( 'NONE',  ( 6.669999999999994600, 8.599999999999996092, -1.589999999999998526 ) ) ;
#7167 = EDGE_CURVE ( 'NONE', #8096, #8931, #10740, .T. ) ;
#7168 = AXIS2_PLACEMENT_3D ( 'NONE', #11443, #8462, #3113 ) ;
#7169 = EDGE_LOOP ( 'NONE', ( #4579, #6813, #11377, #6751 ) ) ;
#7170 = DIRECTION ( 'NONE',  ( 1.855469160087460128E-16, -0.3713906763541040545, 0.9284766908852591927 ) ) ;
#7171 = DIRECTION ( 'NONE',  ( 2.220446049250311848E-16, -1.000000000000000000, -1.224646799147353454E-16 ) ) ;
#7172 = VECTOR ( 'NONE', #1994, 1000.000000000000000 ) ;
#7173 = EDGE_CURVE ( 'NONE', #10081, #4806, #5531, .T. ) ;
#7174 = VECTOR ( 'NONE', #401, 1000.000000000000000 ) ;
#7175 = CARTESIAN_POINT ( 'NONE',  ( -1.590000000000003855, 2.599999999999997868, 1.590000000000002078 ) ) ;
#7176 = DIRECTION ( 'NONE',  ( -0.9284766908852590817, -0.3713906763541042766, 5.759937970183641537E-17 ) ) ;
#7177 = ORIENTED_EDGE ( 'NONE', *, *, #9141, .T. ) ;
#7178 = FACE_OUTER_BOUND ( 'NONE', #8529, .T. ) ;
#7179 = DIRECTION ( 'NONE',  ( 2.220446049250312095E-16, -1.000000000000000000, -1.224646799147353207E-16 ) ) ;
#7180 = ORIENTED_EDGE ( 'NONE', *, *, #1847, .T. ) ;
#7181 = VECTOR ( 'NONE', #5399, 1000.000000000000000 ) ;
#7182 = ORIENTED_EDGE ( 'NONE', *, *, #3566, .F. ) ;
#7183 = DIRECTION ( 'NONE',  ( -1.110223024625156294E-16, 1.224646799147353207E-16, -1.000000000000000000 ) ) ;
#7184 = AXIS2_PLACEMENT_3D ( 'NONE', #8998, #1895, #1767 ) ;
#7185 = LINE ( 'NONE', #6297, #6430 ) ;
#7186 = PLANE ( 'NONE',  #7965 ) ;
#7187 = ORIENTED_EDGE ( 'NONE', *, *, #3315, .T. ) ;
#7188 = CARTESIAN_POINT ( 'NONE',  ( -8.570000000000003837, 0.7499999999999981126, -1.589999999999997637 ) ) ;
#7189 = LINE ( 'NONE', #9156, #11017 ) ;
#7190 = VECTOR ( 'NONE', #5404, 1000.000000000000000 ) ;
#7191 = EDGE_LOOP ( 'NONE', ( #13244, #13283, #5181, #12399 ) ) ;
#7192 = CARTESIAN_POINT ( 'NONE',  ( 3.929999999999995275, 8.599999999999999645, -0.9499999999999984013 ) ) ;
#7193 = CARTESIAN_POINT ( 'NONE',  ( 9.754999999999997229, 8.100000000000003197, 0.9500000000000012879 ) ) ;
#7194 = DIRECTION ( 'NONE',  ( 1.110223024625156294E-16, -1.224646799147352961E-16, 1.000000000000000000 ) ) ;
#7195 = VERTEX_POINT ( 'NONE', #9921 ) ;
#7196 = LINE ( 'NONE', #3539, #12342 ) ;
#7197 = AXIS2_PLACEMENT_3D ( 'NONE', #6531, #1401, #2481 ) ;
#7198 = ADVANCED_FACE ( 'NONE', ( #659 ), #3903, .F. ) ;
#7199 = ADVANCED_FACE ( 'NONE', ( #8031 ), #6810, .T. ) ;
#7200 = CARTESIAN_POINT ( 'NONE',  ( 3.954242424242425891, 8.539393939393939092, 1.125757575757581286 ) ) ;
#7201 = CARTESIAN_POINT ( 'NONE',  ( -6.030000000000002025, -2.500000000000004885, -0.9499999999999987343 ) ) ;
#7202 = ORIENTED_EDGE ( 'NONE', *, *, #13331, .T. ) ;
#7203 = DIRECTION ( 'NONE',  ( 1.000000000000000000, 0.000000000000000000, -1.110223024625156294E-16 ) ) ;
#7204 = DIRECTION ( 'NONE',  ( 1.000000000000000000, 0.000000000000000000, -1.110223024625156294E-16 ) ) ;
#7205 = DIRECTION ( 'NONE',  ( -1.000000000000000000, 0.000000000000000000, 1.110223024625156294E-16 ) ) ;
#7206 = VECTOR ( 'NONE', #9833, 1000.000000000000000 ) ;
#7207 = VERTEX_POINT ( 'NONE', #9046 ) ;
#7208 = VERTEX_POINT ( 'NONE', #9990 ) ;
#7209 = EDGE_CURVE ( 'NONE', #5794, #7396, #795, .T. ) ;
#7210 = DIRECTION ( 'NONE',  ( 1.110223024625156294E-16, -1.224646799147353207E-16, 1.000000000000000000 ) ) ;
#7211 = ORIENTED_EDGE ( 'NONE', *, *, #13295, .F. ) ;
#7212 =( NAMED_UNIT ( * ) PLANE_ANGLE_UNIT ( ) SI_UNIT ( $, .RADIAN. ) );
#7213 = CARTESIAN_POINT ( 'NONE',  ( -16.53000000000001180, 9.099999999999999645, 3.775000000000005684 ) ) ;
#7214 = DIRECTION ( 'NONE',  ( 2.220446049250312095E-16, -1.000000000000000000, -1.224646799147353207E-16 ) ) ;
#7215 = VECTOR ( 'NONE', #3184, 1000.000000000000000 ) ;
#7216 = EDGE_CURVE ( 'NONE', #13065, #7362, #5927, .T. ) ;
#7217 = DIRECTION ( 'NONE',  ( -2.220446049250312095E-16, 1.000000000000000000, 1.224646799147353207E-16 ) ) ;
#7218 = EDGE_LOOP ( 'NONE', ( #9909, #7553, #2063, #10315 ) ) ;
#7219 = EDGE_CURVE ( 'NONE', #8597, #7340, #10060, .T. ) ;
#7220 = PLANE ( 'NONE',  #5760 ) ;
#7221 = AXIS2_PLACEMENT_3D ( 'NONE', #10608, #405, #9795 ) ;
#7222 = CARTESIAN_POINT ( 'NONE',  ( 11.57424242424239758, 8.539393939393942645, 1.125757575757580620 ) ) ;
#7223 = EDGE_LOOP ( 'NONE', ( #3091, #9185, #139, #2424 ) ) ;
#7224 = AXIS2_PLACEMENT_3D ( 'NONE', #10473, #11292, #1278 ) ;
#7225 = ADVANCED_FACE ( 'NONE', ( #4983 ), #13030, .F. ) ;
#7226 = DIRECTION ( 'NONE',  ( -2.220446049250312095E-16, 1.000000000000000000, 1.224646799147353207E-16 ) ) ;
#7227 = SURFACE_STYLE_FILL_AREA ( #8383 ) ;
#7228 = DIRECTION ( 'NONE',  ( -2.220446049250312095E-16, 1.000000000000000000, 1.224646799147353207E-16 ) ) ;
#7229 = CARTESIAN_POINT ( 'NONE',  ( -4.130000000000003446, 0.7499999999999981126, 0.9500000000000020650 ) ) ;
#7230 = CARTESIAN_POINT ( 'NONE',  ( 10.28999999999999737, -2.870000000000001883, 5.209999999999999964 ) ) ;
#7231 = VECTOR ( 'NONE', #12112, 1000.000000000000000 ) ;
#7232 = ORIENTED_EDGE ( 'NONE', *, *, #11228, .F. ) ;
#7233 = DIRECTION ( 'NONE',  ( 2.220446049250312095E-16, -1.000000000000000000, -1.224646799147353207E-16 ) ) ;
#7234 = ORIENTED_EDGE ( 'NONE', *, *, #3808, .F. ) ;
#7235 = DIRECTION ( 'NONE',  ( 1.030816200048588727E-16, 0.3713906763541041101, 0.9284766908852591927 ) ) ;
#7236 = VECTOR ( 'NONE', #7402, 1000.000000000000227 ) ;
#7237 = PLANE ( 'NONE',  #5663 ) ;
#7238 = ORIENTED_EDGE ( 'NONE', *, *, #11795, .T. ) ;
#7239 = LINE ( 'NONE', #3929, #5379 ) ;
#7240 = DIRECTION ( 'NONE',  ( 1.110223024625156294E-16, -1.224646799147353207E-16, 1.000000000000000000 ) ) ;
#7241 = EDGE_CURVE ( 'NONE', #4344, #3263, #13174, .T. ) ;
#7242 = AXIS2_PLACEMENT_3D ( 'NONE', #10905, #1576, #6984 ) ;
#7243 = DIRECTION ( 'NONE',  ( 2.220446049250312095E-16, -1.000000000000000000, -1.224646799147353207E-16 ) ) ;
#7244 = DIRECTION ( 'NONE',  ( -0.3481553119113961481, 0.8703882797784888714, 0.3481553119113960371 ) ) ;
#7245 = ORIENTED_EDGE ( 'NONE', *, *, #1853, .T. ) ;
#7246 = PLANE ( 'NONE',  #5437 ) ;
#7247 =( NAMED_UNIT ( * ) PLANE_ANGLE_UNIT ( ) SI_UNIT ( $, .RADIAN. ) );
#7248 = EDGE_LOOP ( 'NONE', ( #4416, #1836, #8631, #650 ) ) ;
#7249 = EDGE_CURVE ( 'NONE', #7056, #7439, #7015, .T. ) ;
#7250 = VECTOR ( 'NONE', #6881, 1000.000000000000000 ) ;
#7251 = ORIENTED_EDGE ( 'NONE', *, *, #12748, .F. ) ;
#7252 = CARTESIAN_POINT ( 'NONE',  ( 6.469999999999995310, 8.599999999999999645, 1.590000000000001856 ) ) ;
#7253 = VECTOR ( 'NONE', #11463, 1000.000000000000000 ) ;
#7254 = CARTESIAN_POINT ( 'NONE',  ( 9.210000000000000853, 8.100000000000003197, -1.589999999999998970 ) ) ;
#7255 = CARTESIAN_POINT ( 'NONE',  ( 7.169999999999997264, 0.2499999999999985012, 0.4500000000000001776 ) ) ;
#7256 = EDGE_LOOP ( 'NONE', ( #11628, #11317, #9270, #9712 ) ) ;
#7257 = PLANE ( 'NONE',  #7754 ) ;
#7258 = ORIENTED_EDGE ( 'NONE', *, *, #7137, .F. ) ;
#7259 = CARTESIAN_POINT ( 'NONE',  ( 16.53000000000000114, 0.2499999999999958922, 4.424999999999999822 ) ) ;
#7260 = PLANE ( 'NONE',  #12031 ) ;
#7261 = ORIENTED_EDGE ( 'NONE', *, *, #9982, .F. ) ;
#7262 = DIRECTION ( 'NONE',  ( 1.000000000000000000, 0.000000000000000000, -1.110223024625156294E-16 ) ) ;
#7263 = LINE ( 'NONE', #12401, #11681 ) ;
#7264 = DIRECTION ( 'NONE',  ( 1.110223024625156294E-16, -1.224646799147353207E-16, 1.000000000000000000 ) ) ;
#7265 = VERTEX_POINT ( 'NONE', #12019 ) ;
#7266 = FACE_OUTER_BOUND ( 'NONE', #9757, .T. ) ;
#7267 = DIRECTION ( 'NONE',  ( -1.110223024625156294E-16, 1.224646799147353207E-16, -1.000000000000000000 ) ) ;
#7268 = VECTOR ( 'NONE', #6857, 999.9999999999998863 ) ;
#7269 = DIRECTION ( 'NONE',  ( 1.855469160087460128E-16, -0.3713906763541040545, 0.9284766908852591927 ) ) ;
#7270 = ORIENTED_EDGE ( 'NONE', *, *, #7329, .T. ) ;
#7271 = PLANE ( 'NONE',  #13119 ) ;
#7272 = CARTESIAN_POINT ( 'NONE',  ( -10.61000000000000476, 0.2499999999999967526, 0.4500000000000022871 ) ) ;
#7273 = DIRECTION ( 'NONE',  ( -1.110223024625156294E-16, 1.224646799147353207E-16, -1.000000000000000000 ) ) ;
#7274 = ORIENTED_EDGE ( 'NONE', *, *, #7371, .T. ) ;
#7275 = AXIS2_PLACEMENT_3D ( 'NONE', #3376, #472, #1418 ) ;
#7276 = VECTOR ( 'NONE', #2870, 1000.000000000000000 ) ;
#7277 = ORIENTED_EDGE ( 'NONE', *, *, #9970, .T. ) ;
#7278 = CARTESIAN_POINT ( 'NONE',  ( -4.130000000000006111, 8.599999999999999645, 1.590000000000003189 ) ) ;
#7279 = EDGE_LOOP ( 'NONE', ( #7550, #3788, #1474, #6645 ) ) ;
#7280 = LINE ( 'NONE', #7485, #1222 ) ;
#7281 = CARTESIAN_POINT ( 'NONE',  ( -9.210000000000007958, 8.599999999999999645, -0.9499999999999969580 ) ) ;
#7282 = CARTESIAN_POINT ( 'NONE',  ( -6.670000000000005258, 2.599999999999997868, 0.9500000000000026201 ) ) ;
#7283 = VECTOR ( 'NONE', #11372, 1000.000000000000000 ) ;
#7284 = LINE ( 'NONE', #10330, #3741 ) ;
#7285 = AXIS2_PLACEMENT_3D ( 'NONE', #3950, #13152, #3881 ) ;
#7286 = ORIENTED_EDGE ( 'NONE', *, *, #3428, .F. ) ;
#7287 = DIRECTION ( 'NONE',  ( -1.000000000000000000, -2.220446049250312341E-16, 1.110223024625156047E-16 ) ) ;
#7289 = AXIS2_PLACEMENT_3D ( 'NONE', #9764, #6512, #10641 ) ;
#7288 = CARTESIAN_POINT ( 'NONE',  ( 16.53000000000000114, 0.2499999999999967526, -0.4500000000000005107 ) ) ;
#7290 = DIRECTION ( 'NONE',  ( 1.110223024625156294E-16, -1.224646799147353207E-16, 1.000000000000000000 ) ) ;
#7291 = VECTOR ( 'NONE', #5080, 1000.000000000000000 ) ;
#7292 = ADVANCED_FACE ( 'NONE', ( #6880 ), #1875, .T. ) ;
#7293 = ORIENTED_EDGE ( 'NONE', *, *, #3725, .T. ) ;
#7294 = EDGE_CURVE ( 'NONE', #11691, #13326, #3971, .T. ) ;
#7295 = EDGE_CURVE ( 'NONE', #1951, #8909, #1940, .T. ) ;
#7296 = VECTOR ( 'NONE', #10142, 1000.000000000000000 ) ;
#7297 = ORIENTED_EDGE ( 'NONE', *, *, #2099, .T. ) ;
#7298 = CARTESIAN_POINT ( 'NONE',  ( 5.161666666666655523, 2.421666666666668188, 0.08166666666666047569 ) ) ;
#7299 =( GEOMETRIC_REPRESENTATION_CONTEXT ( 3 ) GLOBAL_UNCERTAINTY_ASSIGNED_CONTEXT ( ( #4621 ) ) GLOBAL_UNIT_ASSIGNED_CONTEXT ( ( #10493, #1228, #9480 ) ) REPRESENTATION_CONTEXT ( 'NONE', 'WORKASPACE' ) );
#7300 = LINE ( 'NONE', #1003, #1137 ) ;
#7301 = LINE ( 'NONE', #11429, #8744 ) ;
#7302 = DIRECTION ( 'NONE',  ( -1.000000000000000000, 0.000000000000000000, 1.110223024625156294E-16 ) ) ;
#7303 = ORIENTED_EDGE ( 'NONE', *, *, #2514, .T. ) ;
#7304 = DIRECTION ( 'NONE',  ( 1.110223024625156294E-16, -1.224646799147353207E-16, 1.000000000000000000 ) ) ;
#7305 = ORIENTED_EDGE ( 'NONE', *, *, #5058, .F. ) ;
#7306 = EDGE_CURVE ( 'NONE', #3263, #4924, #1678, .T. ) ;
#7307 = ADVANCED_FACE ( 'NONE', ( #4845 ), #5854, .T. ) ;
#7308 = DIRECTION ( 'NONE',  ( -0.7071067811865491270, 0.7071067811865459074, 1.651002285577380499E-16 ) ) ;
#7309 = AXIS2_PLACEMENT_3D ( 'NONE', #3898, #8028, #1605 ) ;
#7310 = EDGE_CURVE ( 'NONE', #5842, #11418, #2952, .T. ) ;
#7311 = VECTOR ( 'NONE', #8228, 1000.000000000000000 ) ;
#7312 = EDGE_CURVE ( 'NONE', #3616, #2421, #6058, .T. ) ;
#7313 = ORIENTED_EDGE ( 'NONE', *, *, #12407, .T. ) ;
#7314 = VERTEX_POINT ( 'NONE', #12965 ) ;
#7315 = LINE ( 'NONE', #6224, #5551 ) ;
#7316 = CARTESIAN_POINT ( 'NONE',  ( -14.05500000000001037, 9.099999999999999645, -4.338749999999992113 ) ) ;
#7317 = ORIENTED_EDGE ( 'NONE', *, *, #5287, .T. ) ;
#7318 = VECTOR ( 'NONE', #8651, 1000.000000000000000 ) ;
#7319 = PLANE ( 'NONE',  #7168 ) ;
#7320 =( NAMED_UNIT ( * ) SI_UNIT ( $, .STERADIAN. ) SOLID_ANGLE_UNIT ( ) );
#7321 = VECTOR ( 'NONE', #6833, 999.9999999999998863 ) ;
#7322 = ORIENTED_EDGE ( 'NONE', *, *, #9123, .T. ) ;
#7323 = ORIENTED_EDGE ( 'NONE', *, *, #10626, .T. ) ;
#7324 = DIRECTION ( 'NONE',  ( -0.3481553119113956485, -0.8703882797784890935, 0.3481553119113957595 ) ) ;
#7325 = EDGE_CURVE ( 'NONE', #7549, #695, #3693, .T. ) ;
#7326 = DIRECTION ( 'NONE',  ( 2.821527733676277528E-15, -1.224646799147354193E-16, 1.000000000000000000 ) ) ;
#7327 = ADVANCED_FACE ( 'NONE', ( #2282 ), #4302, .F. ) ;
#7328 = LINE ( 'NONE', #7052, #8598 ) ;
#7329 = EDGE_CURVE ( 'NONE', #1865, #6606, #7420, .T. ) ;
#7330 = ORIENTED_EDGE ( 'NONE', *, *, #13322, .T. ) ;
#7331 = VECTOR ( 'NONE', #8241, 1000.000000000000000 ) ;
#7332 = DIRECTION ( 'NONE',  ( 1.110223024625156294E-16, -1.224646799147353207E-16, 1.000000000000000000 ) ) ;
#7333 = ORIENTED_EDGE ( 'NONE', *, *, #13160, .F. ) ;
#7334 = CARTESIAN_POINT ( 'NONE',  ( 9.209999999999999076, 0.7499999999999972244, 0.9500000000000006217 ) ) ;
#7335 = DIRECTION ( 'NONE',  ( 0.9284766908852591927, -0.3713906763541040545, -1.485638603078812808E-16 ) ) ;
#7336 = ORIENTED_EDGE ( 'NONE', *, *, #7032, .T. ) ;
#7337 = FACE_BOUND ( 'NONE', #5627, .T. ) ;
#7338 = LINE ( 'NONE', #8480, #9094 ) ;
#7339 = CARTESIAN_POINT ( 'NONE',  ( 11.75000000000000711, -2.500000000000004885, 1.590000000000000080 ) ) ;
#7340 = VERTEX_POINT ( 'NONE', #5112 ) ;
#7341 = CARTESIAN_POINT ( 'NONE',  ( -1.389999999999997016, -3.000000000000005329, 1.590000000000001412 ) ) ;
#7342 = FACE_OUTER_BOUND ( 'NONE', #12839, .T. ) ;
#7343 = LINE ( 'NONE', #981, #3060 ) ;
#7344 = ORIENTED_EDGE ( 'NONE', *, *, #924, .F. ) ;
#7345 = CARTESIAN_POINT ( 'NONE',  ( 8.569999999999998508, -3.000000000000004441, -1.389999999999999236 ) ) ;
#7346 = FACE_OUTER_BOUND ( 'NONE', #9437, .T. ) ;
#7347 = CARTESIAN_POINT ( 'NONE',  ( 4.129999999999996341, -2.500000000000003997, 1.590000000000000968 ) ) ;
#7348 = ORIENTED_EDGE ( 'NONE', *, *, #11534, .T. ) ;
#7349 = CLOSED_SHELL ( 'NONE', ( #10135, #2588, #57, #4359, #13261, #7543, #4646, #13076, #4752, #1188, #4238, #8625, #7465, #3204 ) ) ;
#7350 = ORIENTED_EDGE ( 'NONE', *, *, #4400, .F. ) ;
#7351 = ORIENTED_EDGE ( 'NONE', *, *, #1181, .F. ) ;
#7352 = ADVANCED_FACE ( 'NONE', ( #2074 ), #11346, .F. ) ;
#7353 = EDGE_LOOP ( 'NONE', ( #1115, #10388, #7014, #4949 ) ) ;
#7354 =( NAMED_UNIT ( * ) SI_UNIT ( $, .STERADIAN. ) SOLID_ANGLE_UNIT ( ) );
#7355 = DIRECTION ( 'NONE',  ( 1.030816200048588727E-16, 0.3713906763541041101, 0.9284766908852591927 ) ) ;
#7356 = CARTESIAN_POINT ( 'NONE',  ( -11.11000000000000476, 2.599999999999998312, -0.9499999999999974021 ) ) ;
#7357 = FACE_OUTER_BOUND ( 'NONE', #7041, .T. ) ;
#7358 = VERTEX_POINT ( 'NONE', #190 ) ;
#7359 = DIRECTION ( 'NONE',  ( 7.850462293418890625E-17, 0.7071067811865460184, 0.7071067811865490160 ) ) ;
#7360 = CARTESIAN_POINT ( 'NONE',  ( -9.210000000000006182, 2.599999999999997424, 1.590000000000002967 ) ) ;
#7361 = CARTESIAN_POINT ( 'NONE',  ( -1.175000000000004485, -1.375000000000002887, 1.175000000000001155 ) ) ;
#7362 = VERTEX_POINT ( 'NONE', #10524 ) ;
#7363 = ORIENTED_EDGE ( 'NONE', *, *, #158, .T. ) ;
#7364 = FACE_OUTER_BOUND ( 'NONE', #6404, .T. ) ;
#7365 = LINE ( 'NONE', #2022, #11078 ) ;
#7366 = FACE_OUTER_BOUND ( 'NONE', #161, .T. ) ;
#7367 = DIRECTION ( 'NONE',  ( 1.030816200048588727E-16, 0.3713906763541041101, 0.9284766908852591927 ) ) ;
#7368 = ORIENTED_EDGE ( 'NONE', *, *, #10780, .F. ) ;
#7369 = CARTESIAN_POINT ( 'NONE',  ( -15.48000000000000398, 6.649999999999999467, 1.650000000000003464 ) ) ;
#7370 = ORIENTED_EDGE ( 'NONE', *, *, #813, .T. ) ;
#7371 = EDGE_CURVE ( 'NONE', #13194, #10185, #8234, .T. ) ;
#7372 = VECTOR ( 'NONE', #12673, 1000.000000000000000 ) ;
#7373 = ADVANCED_FACE ( 'NONE', ( #8370 ), #1195, .T. ) ;
#7374 = FACE_OUTER_BOUND ( 'NONE', #11639, .T. ) ;
#7375 = ADVANCED_FACE ( 'NONE', ( #10393 ), #11277, .F. ) ;
#7376 = VERTEX_POINT ( 'NONE', #2008 ) ;
#7377 = EDGE_LOOP ( 'NONE', ( #13169, #2486, #1408, #7506, #1131, #12852, #7986, #2611 ) ) ;
#7378 = CARTESIAN_POINT ( 'NONE',  ( 4.052424242424244483, -2.693939393939393412, -1.512424242424238674 ) ) ;
#7379 = CARTESIAN_POINT ( 'NONE',  ( -1.390000000000006786, 8.600000000000001421, -0.9499999999999978462 ) ) ;
#7380 = DIRECTION ( 'NONE',  ( 1.110223024625156294E-16, -1.224646799147353207E-16, 1.000000000000000000 ) ) ;
#7381 = EDGE_CURVE ( 'NONE', #11834, #5311, #9176, .T. ) ;
#7382 = CARTESIAN_POINT ( 'NONE',  ( 4.674999999999995381, 8.100000000000001421, 1.590000000000002078 ) ) ;
#7383 = VECTOR ( 'NONE', #566, 999.9999999999998863 ) ;
#7384 = ORIENTED_EDGE ( 'NONE', *, *, #3932, .F. ) ;
#7385 = ORIENTED_EDGE ( 'NONE', *, *, #2738, .T. ) ;
#7386 = DIRECTION ( 'NONE',  ( 1.000000000000000000, 0.000000000000000000, -1.110223024625156294E-16 ) ) ;
#7387 = ADVANCED_FACE ( 'NONE', ( #8434 ), #9441, .F. ) ;
#7388 = EDGE_CURVE ( 'NONE', #9122, #11899, #12560, .T. ) ;
#7389 = LINE ( 'NONE', #2315, #6023 ) ;
#7390 = LINE ( 'NONE', #8537, #6647 ) ;
#7391 = VECTOR ( 'NONE', #10195, 1000.000000000000114 ) ;
#7392 = ORIENTED_EDGE ( 'NONE', *, *, #1053, .F. ) ;
#7393 = AXIS2_PLACEMENT_3D ( 'NONE', #13341, #4135, #13207 ) ;
#7394 = FACE_OUTER_BOUND ( 'NONE', #4956, .T. ) ;
#7395 = VECTOR ( 'NONE', #8583, 1000.000000000000000 ) ;
#7396 = VERTEX_POINT ( 'NONE', #5251 ) ;
#7397 = CARTESIAN_POINT ( 'NONE',  ( -1.150000000000009459, 8.599999999999999645, -0.9499999999999978462 ) ) ;
#7398 = LINE ( 'NONE', #7534, #7930 ) ;
#7399 = ORIENTED_EDGE ( 'NONE', *, *, #11340, .F. ) ;
#7400 = CARTESIAN_POINT ( 'NONE',  ( 14.83499999999999730, -2.500000000000003997, -1.590000000000000746 ) ) ;
#7401 = CARTESIAN_POINT ( 'NONE',  ( 8.569999999999998508, 0.7499999999999972244, 1.590000000000000968 ) ) ;
#7402 = DIRECTION ( 'NONE',  ( -0.3481553119113935946, -0.8703882797784899816, 0.3481553119113957595 ) ) ;
#7403 = EDGE_LOOP ( 'NONE', ( #8881, #3324, #4393, #10977 ) ) ;
#7404 = DIRECTION ( 'NONE',  ( 1.000000000000000000, 0.000000000000000000, -1.110223024625156294E-16 ) ) ;
#7405 = VECTOR ( 'NONE', #1012, 999.9999999999998863 ) ;
#7406 = LINE ( 'NONE', #4156, #5309 ) ;
#7407 = DIRECTION ( 'NONE',  ( -1.000000000000000000, 0.000000000000000000, 1.110223024625156294E-16 ) ) ;
#7408 = VECTOR ( 'NONE', #205, 1000.000000000000000 ) ;
#7409 = LINE ( 'NONE', #12681, #11395 ) ;
#7410 = LINE ( 'NONE', #12482, #11733 ) ;
#7411 = CARTESIAN_POINT ( 'NONE',  ( 6.469999999999995310, 8.599999999999999645, 1.590000000000001856 ) ) ;
#7412 = VERTEX_POINT ( 'NONE', #12291 ) ;
#7413 = VERTEX_POINT ( 'NONE', #2212 ) ;
#7414 = VECTOR ( 'NONE', #12845, 1000.000000000000000 ) ;
#7415 = EDGE_CURVE ( 'NONE', #2402, #5752, #3019, .T. ) ;
#7416 = EDGE_LOOP ( 'NONE', ( #4319, #13067, #12151, #11764 ) ) ;
#7417 = CARTESIAN_POINT ( 'NONE',  ( 0.9500000000000040634, -32.81321928319991343, -1.590000000000002967 ) ) ;
#7418 = ORIENTED_EDGE ( 'NONE', *, *, #10958, .F. ) ;
#7419 = CARTESIAN_POINT ( 'NONE',  ( 1.589999999999996749, 8.599999999999999645, -0.9499999999999981792 ) ) ;
#7420 = LINE ( 'NONE', #6395, #11332 ) ;
#7421 = CARTESIAN_POINT ( 'NONE',  ( 6.107575757575755659, 8.293939393939387728, -1.512424242424237786 ) ) ;
#7422 = EDGE_CURVE ( 'NONE', #5646, #6177, #10459, .T. ) ;
#7423 = CARTESIAN_POINT ( 'NONE',  ( 16.53000000000000114, 0.2499999999999967526, -0.4500000000000005107 ) ) ;
#7424 = ORIENTED_EDGE ( 'NONE', *, *, #13086, .T. ) ;
#7425 = VECTOR ( 'NONE', #5777, 1000.000000000000000 ) ;
#7426 = DIRECTION ( 'NONE',  ( -0.9284766908852596368, 0.3713906763541028333, 1.485638603078811822E-16 ) ) ;
#7427 = CARTESIAN_POINT ( 'NONE',  ( -11.11000000000000654, 8.599999999999999645, -0.9499999999999967359 ) ) ;
#7428 = ADVANCED_FACE ( 'NONE', ( #122 ), #12493, .T. ) ;
#7429 = AXIS2_PLACEMENT_3D ( 'NONE', #3607, #4819, #12063 ) ;
#7430 = CARTESIAN_POINT ( 'NONE',  ( -8.647575757575753030, -2.693939393939393412, 1.027575757575761140 ) ) ;
#7431 = ORIENTED_EDGE ( 'NONE', *, *, #123, .T. ) ;
#7432 = ORIENTED_EDGE ( 'NONE', *, *, #3409, .T. ) ;
#7433 = PLANE ( 'NONE',  #6217 ) ;
#7434 = PLANE ( 'NONE',  #6092 ) ;
#7435 = DIRECTION ( 'NONE',  ( 1.110223024625156294E-16, -1.224646799147353207E-16, 1.000000000000000000 ) ) ;
#7436 = CARTESIAN_POINT ( 'NONE',  ( 11.10999999999999943, 8.100000000000001421, -1.589999999999998970 ) ) ;
#7437 = EDGE_LOOP ( 'NONE', ( #3037, #7653 ) ) ;
#7438 = FACE_OUTER_BOUND ( 'NONE', #5509, .T. ) ;
#7439 = VERTEX_POINT ( 'NONE', #9309 ) ;
#7440 = DIRECTION ( 'NONE',  ( 0.7071067811865494601, 0.7071067811865456854, 1.924707753543579833E-15 ) ) ;
#7441 = STYLED_ITEM ( 'NONE', ( #6758 ), #6688 ) ;
#7442 = ORIENTED_EDGE ( 'NONE', *, *, #2630, .F. ) ;
#7443 = ORIENTED_EDGE ( 'NONE', *, *, #11744, .T. ) ;
#7444 = VECTOR ( 'NONE', #4303, 1000.000000000000000 ) ;
#7445 = AXIS2_PLACEMENT_3D ( 'NONE', #9647, #2477, #3425 ) ;
#7446 = EDGE_CURVE ( 'NONE', #9869, #13008, #52, .T. ) ;
#7447 = DIRECTION ( 'NONE',  ( 1.110223024625156294E-16, -1.224646799147353207E-16, 1.000000000000000000 ) ) ;
#7448 = DIRECTION ( 'NONE',  ( -2.220446049250312095E-16, 1.000000000000000000, 1.224646799147353207E-16 ) ) ;
#7449 = EDGE_CURVE ( 'NONE', #7520, #50, #12423, .T. ) ;
#7450 = DIRECTION ( 'NONE',  ( 1.000000000000000000, 0.000000000000000000, -1.110223024625156294E-16 ) ) ;
#7451 = FILL_AREA_STYLE_COLOUR ( '', #1169 ) ;
#7452 = ORIENTED_EDGE ( 'NONE', *, *, #12238, .F. ) ;
#7453 = AXIS2_PLACEMENT_3D ( 'NONE', #8839, #4523, #3370 ) ;
#7454 = ORIENTED_EDGE ( 'NONE', *, *, #5890, .T. ) ;
#7455 = LINE ( 'NONE', #11575, #688 ) ;
#7456 = DIRECTION ( 'NONE',  ( 1.000000000000000000, 0.000000000000000000, -1.110223024625156294E-16 ) ) ;
#7457 = LINE ( 'NONE', #6496, #5782 ) ;
#7458 = ORIENTED_EDGE ( 'NONE', *, *, #1888, .T. ) ;
#7459 = CARTESIAN_POINT ( 'NONE',  ( 3.929999999999995275, 8.599999999999999645, 1.590000000000002300 ) ) ;
#7460 = AXIS2_PLACEMENT_3D ( 'NONE', #714, #7194, #9292 ) ;
#7462 = EDGE_CURVE ( 'NONE', #1762, #5535, #3152, .T. ) ;
#7461 = ORIENTED_EDGE ( 'NONE', *, *, #5018, .T. ) ;
#7463 = CARTESIAN_POINT ( 'NONE',  ( 0.9500000000000045075, -32.81321928319991343, 1.589999999999997415 ) ) ;
#7464 = ADVANCED_FACE ( 'NONE', ( #2348 ), #6724, .T. ) ;
#7465 = ADVANCED_FACE ( 'NONE', ( #12884 ), #9644, .F. ) ;
#7466 = DIRECTION ( 'NONE',  ( -0.3481553119113961481, 0.8703882797784888714, 0.3481553119113960371 ) ) ;
#7467 = ORIENTED_EDGE ( 'NONE', *, *, #9673, .F. ) ;
#7468 = FACE_BOUND ( 'NONE', #9864, .T. ) ;
#7469 = LINE ( 'NONE', #7401, #461 ) ;
#7470 = CARTESIAN_POINT ( 'NONE',  ( 2.249999999999996003, 2.599999999999997868, 3.175000000000001155 ) ) ;
#7471 = ORIENTED_EDGE ( 'NONE', *, *, #9601, .F. ) ;
#7472 = CARTESIAN_POINT ( 'NONE',  ( -1.390000000000007008, 8.600000000000001421, -1.389999999999997238 ) ) ;
#7473 = FACE_OUTER_BOUND ( 'NONE', #3975, .T. ) ;
#7474 = LINE ( 'NONE', #3589, #8485 ) ;
#7475 = ADVANCED_FACE ( 'NONE', ( #12692 ), #11803, .F. ) ;
#7476 = DIRECTION ( 'NONE',  ( -1.110223024625156294E-16, 1.224646799147353207E-16, -1.000000000000000000 ) ) ;
#7477 = CARTESIAN_POINT ( 'NONE',  ( -3.490000000000001990, -2.500000000000003109, 1.590000000000001856 ) ) ;
#7478 = EDGE_CURVE ( 'NONE', #1635, #11444, #6664, .T. ) ;
#7479 = FACE_OUTER_BOUND ( 'NONE', #12057, .T. ) ;
#7480 = AXIS2_PLACEMENT_3D ( 'NONE', #10447, #9428, #1381 ) ;
#7481 = ORIENTED_EDGE ( 'NONE', *, *, #10756, .T. ) ;
#7482 = ORIENTED_EDGE ( 'NONE', *, *, #9427, .F. ) ;
#7483 = ORIENTED_EDGE ( 'NONE', *, *, #10691, .T. ) ;
#7484 = VERTEX_POINT ( 'NONE', #2545 ) ;
#7485 = CARTESIAN_POINT ( 'NONE',  ( 6.592424242424255176, -2.693939393939393412, -1.512424242424239118 ) ) ;
#7486 = PRESENTATION_LAYER_ASSIGNMENT (  '', '', ( #2520 ) ) ;
#7487 = CARTESIAN_POINT ( 'NONE',  ( -6.855000000000009308, 1.574999999999997735, 1.775000000000001910 ) ) ;
#7488 = CARTESIAN_POINT ( 'NONE',  ( -14.06500000000000483, -1.734723475976807094E-15, -3.624999999999995559 ) ) ;
#7489 = DIRECTION ( 'NONE',  ( 1.110223024625156294E-16, -1.224646799147352961E-16, 1.000000000000000000 ) ) ;
#7490 = CARTESIAN_POINT ( 'NONE',  ( 5.529999999999998472, 0.2499999999999967526, 0.4500000000000004552 ) ) ;
#7491 = ORIENTED_EDGE ( 'NONE', *, *, #11744, .F. ) ;
#7492 = LINE ( 'NONE', #2355, #6413 ) ;
#7493 = ADVANCED_FACE ( 'NONE', ( #4436 ), #4369, .F. ) ;
#7494 = CARTESIAN_POINT ( 'NONE',  ( -8.570000000000003837, -2.500000000000003109, -0.9499999999999982903 ) ) ;
#7495 = LINE ( 'NONE', #1330, #7091 ) ;
#7496 = VECTOR ( 'NONE', #5844, 1000.000000000000000 ) ;
#7497 = VECTOR ( 'NONE', #9290, 1000.000000000000000 ) ;
#7498 = ORIENTED_EDGE ( 'NONE', *, *, #3993, .F. ) ;
#7499 = VERTEX_POINT ( 'NONE', #4505 ) ;
#7500 = DIRECTION ( 'NONE',  ( 1.110223024625156294E-16, -1.224646799147353207E-16, 1.000000000000000000 ) ) ;
#7501 = LINE ( 'NONE', #12640, #7395 ) ;
#7502 = LINE ( 'NONE', #11622, #7181 ) ;
#7503 = VECTOR ( 'NONE', #8953, 1000.000000000000000 ) ;
#7504 = CARTESIAN_POINT ( 'NONE',  ( -0.5760606060606168199, -1.565151515151522954, -0.5760606060606057177 ) ) ;
#7505 = DIRECTION ( 'NONE',  ( 2.220446049250312095E-16, -1.000000000000000000, -1.224646799147353207E-16 ) ) ;
#7506 = ORIENTED_EDGE ( 'NONE', *, *, #12358, .F. ) ;
#7507 = CARTESIAN_POINT ( 'NONE',  ( -11.55000000000000071, -3.000000000000004441, 1.590000000000002744 ) ) ;
#7508 = VECTOR ( 'NONE', #11939, 1000.000000000000000 ) ;
#7509 = VERTEX_POINT ( 'NONE', #11607 ) ;
#7510 = DIRECTION ( 'NONE',  ( 1.030816200048588727E-16, 0.3713906763541041101, 0.9284766908852591927 ) ) ;
#7511 = VECTOR ( 'NONE', #4611, 1000.000000000000000 ) ;
#7512 = ORIENTED_EDGE ( 'NONE', *, *, #6956, .T. ) ;
#7513 = ORIENTED_EDGE ( 'NONE', *, *, #9118, .T. ) ;
#7514 = AXIS2_PLACEMENT_3D ( 'NONE', #5373, #4356, #7476 ) ;
#7515 = EDGE_CURVE ( 'NONE', #5169, #4707, #9578, .T. ) ;
#7516 = LINE ( 'NONE', #11635, #175 ) ;
#7517 = CARTESIAN_POINT ( 'NONE',  ( 2.089999999999991864, 0.2499999999999967526, 0.4500000000000008438 ) ) ;
#7518 = FACE_BOUND ( 'NONE', #11599, .T. ) ;
#7519 = DIRECTION ( 'NONE',  ( -1.000000000000000000, 0.000000000000000000, 1.110223024625156294E-16 ) ) ;
#7520 = VERTEX_POINT ( 'NONE', #3422 ) ;
#7521 = AXIS2_PLACEMENT_3D ( 'NONE', #4248, #8245, #11289 ) ;
#7522 = VERTEX_POINT ( 'NONE', #1463 ) ;
#7523 = DIRECTION ( 'NONE',  ( -0.3481553119113940942, 0.8703882797784897596, -0.3481553119113955930 ) ) ;
#7524 = AXIS2_PLACEMENT_3D ( 'NONE', #4137, #8070, #8207 ) ;
#7525 = DIRECTION ( 'NONE',  ( 2.220446049250312095E-16, -1.000000000000000000, -1.224646799147353207E-16 ) ) ;
#7526 = EDGE_CURVE ( 'NONE', #10252, #11276, #512, .T. ) ;
#7527 = ADVANCED_FACE ( 'NONE', ( #1323 ), #7620, .T. ) ;
#7528 = DIRECTION ( 'NONE',  ( -1.110223024625156294E-16, 1.224646799147353207E-16, -1.000000000000000000 ) ) ;
#7529 = ORIENTED_EDGE ( 'NONE', *, *, #11891, .T. ) ;
#7530 = CARTESIAN_POINT ( 'NONE',  ( -16.53000000000001180, 9.099999999999999645, 4.425000000000005151 ) ) ;
#7531 = VECTOR ( 'NONE', #2321, 1000.000000000000000 ) ;
#7532 = ORIENTED_EDGE ( 'NONE', *, *, #10268, .F. ) ;
#7533 = PLANE ( 'NONE',  #10737 ) ;
#7534 = CARTESIAN_POINT ( 'NONE',  ( -11.28575757575761429, 8.539393939393940869, -1.414242424242415419 ) ) ;
#7535 = ORIENTED_EDGE ( 'NONE', *, *, #11054, .F. ) ;
#7536 = FACE_BOUND ( 'NONE', #2891, .T. ) ;
#7537 = CARTESIAN_POINT ( 'NONE',  ( 1.590000000000005853, -32.81321928319991343, -0.9500000000000031752 ) ) ;
#7538 = ORIENTED_EDGE ( 'NONE', *, *, #4159, .T. ) ;
#7539 = DIRECTION ( 'NONE',  ( -0.3481553119113937056, -0.8703882797784899816, -0.3481553119113958705 ) ) ;
#7540 = LINE ( 'NONE', #2397, #1423 ) ;
#7541 = AXIS2_PLACEMENT_3D ( 'NONE', #5901, #3946, #6990 ) ;
#7542 = EDGE_CURVE ( 'NONE', #7207, #2495, #11867, .T. ) ;
#7543 = ADVANCED_FACE ( 'NONE', ( #10792 ), #7555, .T. ) ;
#7544 = FACE_OUTER_BOUND ( 'NONE', #12213, .T. ) ;
#7545 = ADVANCED_FACE ( 'NONE', ( #1529 ), #11668, .T. ) ;
#7546 = DIRECTION ( 'NONE',  ( 1.110223024625156294E-16, -1.224646799147353207E-16, 1.000000000000000000 ) ) ;
#7547 = CARTESIAN_POINT ( 'NONE',  ( -1.590000000000003855, 2.599999999999997868, 1.590000000000002078 ) ) ;
#7548 = VERTEX_POINT ( 'NONE', #8498 ) ;
#7549 = VERTEX_POINT ( 'NONE', #2410 ) ;
#7550 = ORIENTED_EDGE ( 'NONE', *, *, #5830, .T. ) ;
#7551 = VECTOR ( 'NONE', #2183, 1000.000000000000000 ) ;
#7552 = EDGE_CURVE ( 'NONE', #3799, #1688, #10651, .T. ) ;
#7553 = ORIENTED_EDGE ( 'NONE', *, *, #7619, .T. ) ;
#7554 = CARTESIAN_POINT ( 'NONE',  ( 3.689999999999998170, 8.599999999999999645, -0.9499999999999984013 ) ) ;
#7555 = PLANE ( 'NONE',  #12419 ) ;
#7556 = EDGE_CURVE ( 'NONE', #7509, #3009, #6458, .T. ) ;
#7557 = PLANE ( 'NONE',  #12195 ) ;
#7558 = DIRECTION ( 'NONE',  ( -2.220446049250312095E-16, 1.000000000000000000, 1.224646799147353207E-16 ) ) ;
#7559 = PLANE ( 'NONE',  #5010 ) ;
#7560 = ORIENTED_EDGE ( 'NONE', *, *, #543, .F. ) ;
#7561 = FACE_OUTER_BOUND ( 'NONE', #10517, .T. ) ;
#7562 = CARTESIAN_POINT ( 'NONE',  ( 16.53000000000000114, 6.649999999999999467, -1.649999999999999023 ) ) ;
#7563 = VECTOR ( 'NONE', #9216, 1000.000000000000114 ) ;
#7564 = DIRECTION ( 'NONE',  ( 1.030816200048588727E-16, 0.3713906763541041101, 0.9284766908852591927 ) ) ;
#7565 = VERTEX_POINT ( 'NONE', #2474 ) ;
#7566 = EDGE_LOOP ( 'NONE', ( #11221, #1568, #727, #12730 ) ) ;
#7567 = CARTESIAN_POINT ( 'NONE',  ( -4.130000000000003446, -3.000000000000003553, 1.590000000000001856 ) ) ;
#7568 = VERTEX_POINT ( 'NONE', #6594 ) ;
#7569 = FILL_AREA_STYLE_COLOUR ( '', #9552 ) ;
#7570 = EDGE_CURVE ( 'NONE', #2421, #11010, #10720, .T. ) ;
#7571 = CARTESIAN_POINT ( 'NONE',  ( 13.64000000000000234, -5.204170427930421283E-15, 3.625000000000000888 ) ) ;
#7572 = LINE ( 'NONE', #11818, #3116 ) ;
#7573 = DIRECTION ( 'NONE',  ( 2.220446049250312095E-16, -1.000000000000000000, -1.224646799147353207E-16 ) ) ;
#7574 = EDGE_LOOP ( 'NONE', ( #1399, #5989, #9856, #13172 ) ) ;
#7575 = EDGE_CURVE ( 'NONE', #6639, #9085, #10919, .T. ) ;
#7576 = DIRECTION ( 'NONE',  ( 1.649305920077741323E-16, -0.9284766908852591927, -0.3713906763541040545 ) ) ;
#7577 = EDGE_CURVE ( 'NONE', #8024, #1762, #3680, .T. ) ;
#7578 = ORIENTED_EDGE ( 'NONE', *, *, #6214, .T. ) ;
#7579 = CARTESIAN_POINT ( 'NONE',  ( -1.590000000000003411, -2.500000000000003997, -1.589999999999998970 ) ) ;
#7580 = VERTEX_POINT ( 'NONE', #8886 ) ;
#7581 = EDGE_LOOP ( 'NONE', ( #464, #6915, #11675, #7709 ) ) ;
#7582 = LINE ( 'NONE', #4462, #11617 ) ;
#7583 = CARTESIAN_POINT ( 'NONE',  ( -1.590000000000005187, 8.100000000000001421, 1.590000000000002744 ) ) ;
#7584 = EDGE_CURVE ( 'NONE', #3666, #13370, #849, .T. ) ;
#7585 = DIRECTION ( 'NONE',  ( 2.220446049250311848E-16, -1.000000000000000000, -1.224646799147353454E-16 ) ) ;
#7586 = DIRECTION ( 'NONE',  ( 1.110223024625150377E-16, 2.588040751299051575E-15, 1.000000000000000000 ) ) ;
#7587 = VERTEX_POINT ( 'NONE', #12073 ) ;
#7588 = VECTOR ( 'NONE', #100, 1000.000000000000000 ) ;
#7589 = ORIENTED_EDGE ( 'NONE', *, *, #1386, .T. ) ;
#7590 = FACE_OUTER_BOUND ( 'NONE', #5936, .T. ) ;
#7591 = EDGE_CURVE ( 'NONE', #11710, #55, #7879, .T. ) ;
#7592 = CARTESIAN_POINT ( 'NONE',  ( 1.589999999999998526, 0.7499999999999972244, -0.9499999999999990674 ) ) ;
#7593 = EDGE_CURVE ( 'NONE', #2472, #12188, #2938, .T. ) ;
#7594 = ORIENTED_EDGE ( 'NONE', *, *, #5750, .T. ) ;
#7595 = DIRECTION ( 'NONE',  ( 0.3481553119113958150, 0.8703882797784890935, 0.3481553119113959260 ) ) ;
#7596 = AXIS2_PLACEMENT_3D ( 'NONE', #9893, #632, #4816 ) ;
#7597 = ORIENTED_EDGE ( 'NONE', *, *, #425, .T. ) ;
#7598 = PLANE ( 'NONE',  #6203 ) ;
#7599 = DIRECTION ( 'NONE',  ( -2.599483128751245825E-15, -1.224646799147352221E-16, 1.000000000000000000 ) ) ;
#7600 = ORIENTED_EDGE ( 'NONE', *, *, #3738, .F. ) ;
#7601 = FACE_OUTER_BOUND ( 'NONE', #9207, .T. ) ;
#7602 = PLANE ( 'NONE',  #2279 ) ;
#7603 = EDGE_LOOP ( 'NONE', ( #468, #7594, #8603, #12083 ) ) ;
#7604 = CARTESIAN_POINT ( 'NONE',  ( -3.490000000000002878, 2.599999999999997868, -0.9499999999999981792 ) ) ;
#7605 = AXIS2_PLACEMENT_3D ( 'NONE', #5813, #618, #2582 ) ;
#7606 = DIRECTION ( 'NONE',  ( 1.000000000000000000, 0.000000000000000000, -1.110223024625156294E-16 ) ) ;
#7607 = DIRECTION ( 'NONE',  ( 0.3481553119113962591, -0.8703882797784889824, 0.3481553119113957040 ) ) ;
#7608 = UNCERTAINTY_MEASURE_WITH_UNIT (LENGTH_MEASURE( 1.000000000000000082E-05 ), #3235, 'distance_accuracy_value', 'NONE');
#7609 = LINE ( 'NONE', #10846, #2987 ) ;
#7610 = ORIENTED_EDGE ( 'NONE', *, *, #5481, .T. ) ;
#7611 = EDGE_LOOP ( 'NONE', ( #254, #460, #4006, #10882 ) ) ;
#7612 = DIRECTION ( 'NONE',  ( 1.110223024625156294E-16, -1.224646799147353207E-16, 1.000000000000000000 ) ) ;
#7613 = CARTESIAN_POINT ( 'NONE',  ( 11.54999999999999538, 8.599999999999999645, -1.149999999999999467 ) ) ;
#7614 = ADVANCED_FACE ( 'NONE', ( #1659 ), #13085, .T. ) ;
#7615 = VECTOR ( 'NONE', #3925, 1000.000000000000000 ) ;
#7616 = MECHANICAL_DESIGN_GEOMETRIC_PRESENTATION_REPRESENTATION (  '', ( #2435 ), #1991 ) ;
#7617 = ORIENTED_EDGE ( 'NONE', *, *, #10254, .F. ) ;
#7618 = CARTESIAN_POINT ( 'NONE',  ( 2.249999999999996003, 2.599999999999997424, 4.425000000000002487 ) ) ;
#7619 = EDGE_CURVE ( 'NONE', #2188, #3145, #3818, .T. ) ;
#7620 = PLANE ( 'NONE',  #12856 ) ;
#7621 = FACE_OUTER_BOUND ( 'NONE', #8211, .T. ) ;
#7622 = VECTOR ( 'NONE', #1073, 1000.000000000000114 ) ;
#7623 = FACE_OUTER_BOUND ( 'NONE', #1542, .T. ) ;
#7624 = FACE_OUTER_BOUND ( 'NONE', #2233, .T. ) ;
#7625 = VERTEX_POINT ( 'NONE', #578 ) ;
#7626 = CARTESIAN_POINT ( 'NONE',  ( 7.214999999999998970, 8.099999999999999645, 1.590000000000001856 ) ) ;
#7627 = DIRECTION ( 'NONE',  ( 1.649305920077741323E-16, -0.9284766908852591927, -0.3713906763541040545 ) ) ;
#7629 = VECTOR ( 'NONE', #2232, 1000.000000000000000 ) ;
#7628 = DIRECTION ( 'NONE',  ( 1.110223024625156294E-16, -1.224646799147353207E-16, 1.000000000000000000 ) ) ;
#7630 = EDGE_CURVE ( 'NONE', #7090, #8794, #6931, .T. ) ;
#7631 = ORIENTED_EDGE ( 'NONE', *, *, #1990, .F. ) ;
#7632 = ORIENTED_EDGE ( 'NONE', *, *, #6585, .F. ) ;
#7633 = DIRECTION ( 'NONE',  ( 1.000000000000000000, 0.000000000000000000, -1.110223024625156294E-16 ) ) ;
#7634 = VERTEX_POINT ( 'NONE', #3747 ) ;
#7635 = PRESENTATION_STYLE_ASSIGNMENT (( #1276 ) ) ;
#7636 = ADVANCED_FACE ( 'NONE', ( #1794 ), #11934, .F. ) ;
#7637 = CARTESIAN_POINT ( 'NONE',  ( 0.9499999999999949596, 8.100000000000001421, -1.589999999999997859 ) ) ;
#7638 = CARTESIAN_POINT ( 'NONE',  ( 12.29500000000000348, -2.500000000000003109, 1.590000000000000080 ) ) ;
#7639 = DIRECTION ( 'NONE',  ( -1.000000000000000000, 0.000000000000000000, 1.110223024625156294E-16 ) ) ;
#7640 = AXIS2_PLACEMENT_3D ( 'NONE', #4509, #3488, #10528 ) ;
#7641 = VERTEX_POINT ( 'NONE', #8014 ) ;
#7642 = CARTESIAN_POINT ( 'NONE',  ( -1.089961454425747402E-14, 4.674999999999999822, -4.424999999999998934 ) ) ;
#7643 = ORIENTED_EDGE ( 'NONE', *, *, #7131, .F. ) ;
#7644 = AXIS2_PLACEMENT_3D ( 'NONE', #7427, #11480, #5391 ) ;
#7645 = CARTESIAN_POINT ( 'NONE',  ( -3.489999999999995328, -32.81321928319991343, 1.589999999999998082 ) ) ;
#7646 = ORIENTED_EDGE ( 'NONE', *, *, #12506, .F. ) ;
#7647 = EDGE_CURVE ( 'NONE', #4459, #200, #4897, .T. ) ;
#7648 = ORIENTED_EDGE ( 'NONE', *, *, #11946, .F. ) ;
#7649 = DIRECTION ( 'NONE',  ( -1.110223024625156294E-16, 1.224646799147353207E-16, -1.000000000000000000 ) ) ;
#7650 = DIRECTION ( 'NONE',  ( -1.000000000000000000, 0.000000000000000000, 1.110223024625156294E-16 ) ) ;
#7651 = FACE_OUTER_BOUND ( 'NONE', #12078, .T. ) ;
#7652 = ORIENTED_EDGE ( 'NONE', *, *, #3819, .T. ) ;
#7653 = ORIENTED_EDGE ( 'NONE', *, *, #302, .F. ) ;
#7654 = CARTESIAN_POINT ( 'NONE',  ( -1.389999999999997016, -3.000000000000005329, 1.590000000000001412 ) ) ;
#7655 = VECTOR ( 'NONE', #9061, 1000.000000000000000 ) ;
#7656 = DIRECTION ( 'NONE',  ( 1.110223024625156294E-16, -1.224646799147352961E-16, 1.000000000000000000 ) ) ;
#7657 = CARTESIAN_POINT ( 'NONE',  ( -1.590000000000005409, 8.100000000000001421, -0.9499999999999977351 ) ) ;
#7658 = EDGE_CURVE ( 'NONE', #7660, #7265, #3887, .T. ) ;
#7659 = AXIS2_PLACEMENT_3D ( 'NONE', #4524, #6680, #10809 ) ;
#7660 = VERTEX_POINT ( 'NONE', #3955 ) ;
#7661 = CARTESIAN_POINT ( 'NONE',  ( 4.129999999999994564, 8.100000000000001421, -0.9499999999999984013 ) ) ;
#7662 = VERTEX_POINT ( 'NONE', #5837 ) ;
#7663 = VECTOR ( 'NONE', #4383, 1000.000000000000000 ) ;
#7664 = PLANE ( 'NONE',  #4045 ) ;
#7665 = EDGE_CURVE ( 'NONE', #3192, #4361, #8081, .T. ) ;
#7666 = CARTESIAN_POINT ( 'NONE',  ( -4.130000000000003446, -2.500000000000003997, -0.9499999999999988454 ) ) ;
#7667 = FACE_OUTER_BOUND ( 'NONE', #7169, .T. ) ;
#7668 = ORIENTED_EDGE ( 'NONE', *, *, #12787, .T. ) ;
#7669 = DIRECTION ( 'NONE',  ( 2.220446049250312095E-16, -1.000000000000000000, -1.224646799147353207E-16 ) ) ;
#7670 = CARTESIAN_POINT ( 'NONE',  ( -6.469999999999997975, -3.000000000000004441, 1.590000000000001856 ) ) ;
#7671 = ORIENTED_EDGE ( 'NONE', *, *, #9016, .F. ) ;
#7672 = CARTESIAN_POINT ( 'NONE',  ( 9.009999999999998010, -3.000000000000003553, -1.389999999999999680 ) ) ;
#7673 = VECTOR ( 'NONE', #7264, 1000.000000000000000 ) ;
#7674 = FACE_OUTER_BOUND ( 'NONE', #10390, .T. ) ;
#7675 = CARTESIAN_POINT ( 'NONE',  ( -0.9500000000000022871, 0.7499999999999981126, -1.589999999999998526 ) ) ;
#7676 = DIRECTION ( 'NONE',  ( 0.3481553119113958150, 0.8703882797784890935, 0.3481553119113959260 ) ) ;
#7677 = ORIENTED_EDGE ( 'NONE', *, *, #8697, .T. ) ;
#7678 = ORIENTED_EDGE ( 'NONE', *, *, #4536, .T. ) ;
#7679 = CARTESIAN_POINT ( 'NONE',  ( 1.589999999999996749, 8.100000000000001421, -0.9499999999999981792 ) ) ;
#7680 = DIRECTION ( 'NONE',  ( -2.220446049250312095E-16, 1.000000000000000000, 1.224646799147353207E-16 ) ) ;
#7681 = ORIENTED_EDGE ( 'NONE', *, *, #9610, .F. ) ;
#7682 = CARTESIAN_POINT ( 'NONE',  ( 15.47999999999999687, 6.650000000000001243, 1.649999999999999911 ) ) ;
#7683 = CARTESIAN_POINT ( 'NONE',  ( 9.009999999999999787, 8.600000000000003197, -0.9499999999999989564 ) ) ;
#7684 = FACE_OUTER_BOUND ( 'NONE', #11246, .T. ) ;
#7685 = CARTESIAN_POINT ( 'NONE',  ( 0.9499999999999954037, 8.100000000000001421, 1.590000000000002522 ) ) ;
#7686 = DIRECTION ( 'NONE',  ( -1.110223024625156294E-16, 1.224646799147353207E-16, -1.000000000000000000 ) ) ;
#7687 = ORIENTED_EDGE ( 'NONE', *, *, #7734, .F. ) ;
#7688 = VECTOR ( 'NONE', #8993, 1000.000000000000000 ) ;
#7689 = VECTOR ( 'NONE', #2268, 1000.000000000000000 ) ;
#7690 = LINE ( 'NONE', #2416, #11603 ) ;
#7691 = DIRECTION ( 'NONE',  ( -1.110223024625156294E-16, 1.224646799147353207E-16, -1.000000000000000000 ) ) ;
#7692 = EDGE_CURVE ( 'NONE', #3401, #7111, #13013, .T. ) ;
#7693 = LINE ( 'NONE', #2483, #1039 ) ;
#7694 = ORIENTED_EDGE ( 'NONE', *, *, #6133, .T. ) ;
#7695 = ORIENTED_EDGE ( 'NONE', *, *, #6253, .T. ) ;
#7696 = CARTESIAN_POINT ( 'NONE',  ( 4.129999999999996341, -2.500000000000003109, -0.9499999999999996225 ) ) ;
#7697 = ORIENTED_EDGE ( 'NONE', *, *, #6713, .F. ) ;
#7698 = LINE ( 'NONE', #2294, #8260 ) ;
#7699 = CARTESIAN_POINT ( 'NONE',  ( 3.490000000000001990, -3.000000000000003553, -0.9499999999999997335 ) ) ;
#7700 = CARTESIAN_POINT ( 'NONE',  ( -8.770000000000012008, 8.599999999999999645, 1.390000000000003011 ) ) ;
#7701 = VERTEX_POINT ( 'NONE', #12950 ) ;
#7702 = DIRECTION ( 'NONE',  ( 0.3481553119113962591, -0.8703882797784889824, 0.3481553119113957040 ) ) ;
#7703 = ORIENTED_EDGE ( 'NONE', *, *, #10538, .F. ) ;
#7704 = DIRECTION ( 'NONE',  ( -0.3481553119113937056, -0.8703882797784899816, -0.3481553119113958705 ) ) ;
#7705 = VECTOR ( 'NONE', #13234, 1000.000000000000000 ) ;
#7706 = EDGE_CURVE ( 'NONE', #8941, #9394, #646, .T. ) ;
#7707 = ADVANCED_FACE ( 'NONE', ( #11135 ), #12002, .T. ) ;
#7708 = ADVANCED_FACE ( 'NONE', ( #10995 ), #9971, .T. ) ;
#7709 = ORIENTED_EDGE ( 'NONE', *, *, #6201, .T. ) ;
#7710 = ORIENTED_EDGE ( 'NONE', *, *, #4312, .T. ) ;
#7711 = CARTESIAN_POINT ( 'NONE',  ( 0.4249999999999997669, -3.469446951953614189E-15, 3.625000000000002220 ) ) ;
#7712 = LINE ( 'NONE', #7583, #11259 ) ;
#7713 = VECTOR ( 'NONE', #10120, 1000.000000000000000 ) ;
#7714 = LINE ( 'NONE', #6691, #2706 ) ;
#7715 = SURFACE_STYLE_FILL_AREA ( #10887 ) ;
#7716 = ADVANCED_FACE ( 'NONE', ( #3061 ), #9223, .F. ) ;
#7717 = EDGE_CURVE ( 'NONE', #8319, #3761, #3003, .T. ) ;
#7718 = EDGE_LOOP ( 'NONE', ( #7726, #2629, #1476, #13233 ) ) ;
#7719 = VERTEX_POINT ( 'NONE', #10172 ) ;
#7720 = EDGE_CURVE ( 'NONE', #3810, #8572, #6310, .T. ) ;
#7721 = DIRECTION ( 'NONE',  ( -1.000000000000000000, 0.000000000000000000, 1.110223024625156294E-16 ) ) ;
#7722 = LINE ( 'NONE', #5371, #4154 ) ;
#7723 = AXIS2_PLACEMENT_3D ( 'NONE', #11242, #8197, #2716 ) ;
#7724 = DIRECTION ( 'NONE',  ( 1.000000000000000000, 0.000000000000000000, -1.110223024625156294E-16 ) ) ;
#7725 = PLANE ( 'NONE',  #10968 ) ;
#7726 = ORIENTED_EDGE ( 'NONE', *, *, #11579, .T. ) ;
#7727 = CARTESIAN_POINT ( 'NONE',  ( 9.754999999999999005, -2.500000000000004885, -1.590000000000000302 ) ) ;
#7728 = ORIENTED_EDGE ( 'NONE', *, *, #1380, .F. ) ;
#7729 = DIRECTION ( 'NONE',  ( -1.000000000000000000, 0.000000000000000000, 1.110223024625156294E-16 ) ) ;
#7730 = AXIS2_PLACEMENT_3D ( 'NONE', #12894, #1478, #7500 ) ;
#7731 = CARTESIAN_POINT ( 'NONE',  ( 0.9499999999999969580, 0.7499999999999981126, 0.9500000000000015099 ) ) ;
#7732 = DIRECTION ( 'NONE',  ( 1.000000000000000000, 0.000000000000000000, -1.110223024625156294E-16 ) ) ;
#7733 = VERTEX_POINT ( 'NONE', #1045 ) ;
#7734 = EDGE_CURVE ( 'NONE', #7733, #10732, #6108, .T. ) ;
#7735 = VECTOR ( 'NONE', #8341, 1000.000000000000000 ) ;
#7736 = CARTESIAN_POINT ( 'NONE',  ( 1.589999999999998748, 0.7499999999999972244, 1.590000000000001412 ) ) ;
#7737 = EDGE_LOOP ( 'NONE', ( #9884, #7668, #2207, #8357 ) ) ;
#7738 = LINE ( 'NONE', #8942, #9962 ) ;
#7739 = EDGE_CURVE ( 'NONE', #3004, #1854, #4086, .T. ) ;
#7740 = ADVANCED_FACE ( 'NONE', ( #2194 ), #7129, .T. ) ;
#7741 = CARTESIAN_POINT ( 'NONE',  ( 8.569999999999998508, 0.7499999999999972244, 0.9500000000000006217 ) ) ;
#7742 = STYLED_ITEM ( 'NONE', ( #8165 ), #6402 ) ;
#7743 = CARTESIAN_POINT ( 'NONE',  ( -9.210000000000006182, -2.500000000000003109, 1.590000000000002300 ) ) ;
#7744 = UNCERTAINTY_MEASURE_WITH_UNIT (LENGTH_MEASURE( 1.000000000000000082E-05 ), #10784, 'distance_accuracy_value', 'NONE');
#7745 = VECTOR ( 'NONE', #3687, 999.9999999999998863 ) ;
#7746 = CARTESIAN_POINT ( 'NONE',  ( 4.629999999999997229, 0.2499999999999976130, 0.4500000000000005662 ) ) ;
#7747 = ORIENTED_EDGE ( 'NONE', *, *, #6533, .F. ) ;
#7748 = CARTESIAN_POINT ( 'NONE',  ( -8.985000000000002984, -1.375000000000001998, 1.174999999999972511 ) ) ;
#7749 = ORIENTED_EDGE ( 'NONE', *, *, #2334, .F. ) ;
#7750 = ORIENTED_EDGE ( 'NONE', *, *, #6095, .F. ) ;
#7751 = CARTESIAN_POINT ( 'NONE',  ( -4.630000000000003446, 0.2499999999999967526, 4.425000000000002487 ) ) ;
#7752 = CARTESIAN_POINT ( 'NONE',  ( 6.669999999999997264, -32.81321928319991343, 1.589999999999996749 ) ) ;
#7753 = CARTESIAN_POINT ( 'NONE',  ( -11.75000000000000000, -32.81321928319991343, -1.590000000000001412 ) ) ;
#7754 = AXIS2_PLACEMENT_3D ( 'NONE', #11191, #11316, #2048 ) ;
#7755 = DIRECTION ( 'NONE',  ( 1.855469160087460128E-16, -0.3713906763541040545, 0.9284766908852591927 ) ) ;
#7756 = LINE ( 'NONE', #785, #2880 ) ;
#7757 = ORIENTED_EDGE ( 'NONE', *, *, #7446, .T. ) ;
#7758 = CARTESIAN_POINT ( 'NONE',  ( -0.5760606060606184853, 7.165151515151511497, 1.963939393939392986 ) ) ;
#7759 = DIRECTION ( 'NONE',  ( 1.000000000000000000, 4.930380657631321594E-32, -5.043836348835594563E-16 ) ) ;
#7760 = CARTESIAN_POINT ( 'NONE',  ( -11.55000000000000071, -3.000000000000004441, 1.390000000000002123 ) ) ;
#7761 = EDGE_CURVE ( 'NONE', #6120, #4733, #8420, .T. ) ;
#7762 = VECTOR ( 'NONE', #950, 1000.000000000000000 ) ;
#7763 = ORIENTED_EDGE ( 'NONE', *, *, #6298, .F. ) ;
#7764 = VERTEX_POINT ( 'NONE', #3267 ) ;
#7765 = FACE_OUTER_BOUND ( 'NONE', #3695, .T. ) ;
#7766 = VERTEX_POINT ( 'NONE', #11396 ) ;
#7767 = CARTESIAN_POINT ( 'NONE',  ( 8.570000000000000284, 8.599999999999999645, -1.589999999999998526 ) ) ;
#7768 = LINE ( 'NONE', #6542, #330 ) ;
#7769 = LINE ( 'NONE', #11881, #7250 ) ;
#7770 = EDGE_LOOP ( 'NONE', ( #10069, #5490, #519, #7305 ) ) ;
#7771 = CARTESIAN_POINT ( 'NONE',  ( -1.150000000000009681, 8.599999999999999645, -1.389999999999997238 ) ) ;
#7772 = ORIENTED_EDGE ( 'NONE', *, *, #12436, .T. ) ;
#7773 = CARTESIAN_POINT ( 'NONE',  ( 3.490000000000001990, -3.000000000000004441, 1.150000000000001465 ) ) ;
#7774 = EDGE_LOOP ( 'NONE', ( #5961, #12783, #6398, #5081 ) ) ;
#7775 = EDGE_LOOP ( 'NONE', ( #12919, #5111, #10707, #2581 ) ) ;
#7776 = DIRECTION ( 'NONE',  ( 1.000000000000000000, 0.000000000000000000, 0.000000000000000000 ) ) ;
#7777 = DIRECTION ( 'NONE',  ( 2.220446049250312095E-16, -1.000000000000000000, -1.224646799147353207E-16 ) ) ;
#7778 = PLANE ( 'NONE',  #11914 ) ;
#7779 = EDGE_CURVE ( 'NONE', #12497, #3385, #10377, .T. ) ;
#7780 = ORIENTED_EDGE ( 'NONE', *, *, #7371, .F. ) ;
#7781 = EDGE_CURVE ( 'NONE', #575, #10812, #4217, .T. ) ;
#7782 = EDGE_CURVE ( 'NONE', #1977, #12636, #1923, .T. ) ;
#7783 = ORIENTED_EDGE ( 'NONE', *, *, #6370, .T. ) ;
#7784 = CARTESIAN_POINT ( 'NONE',  ( -8.025000000000002132, 8.099999999999999645, -1.589999999999996749 ) ) ;
#7785 = CARTESIAN_POINT ( 'NONE',  ( -4.130000000000003446, -3.000000000000003553, 1.150000000000002354 ) ) ;
#7786 = CARTESIAN_POINT ( 'NONE',  ( -0.4050000000000069100, 8.100000000000001421, -0.9499999999999979572 ) ) ;
#7787 = ORIENTED_EDGE ( 'NONE', *, *, #2857, .T. ) ;
#7788 = DIRECTION ( 'NONE',  ( 1.000000000000000000, 0.000000000000000000, -1.110223024625156294E-16 ) ) ;
#7789 = EDGE_CURVE ( 'NONE', #2895, #8923, #8351, .T. ) ;
#7790 = EDGE_LOOP ( 'NONE', ( #4171, #6592, #9022, #10088 ) ) ;
#7791 = DIRECTION ( 'NONE',  ( -1.000000000000000000, -2.220446049250312341E-16, 1.110223024625156047E-16 ) ) ;
#7792 = CARTESIAN_POINT ( 'NONE',  ( 9.209999999999993747, 8.600000000000003197, 1.590000000000001412 ) ) ;
#7793 = CARTESIAN_POINT ( 'NONE',  ( 8.570000000000007390, -32.81321928319991343, -0.9500000000000039524 ) ) ;
#7794 = ORIENTED_EDGE ( 'NONE', *, *, #10521, .T. ) ;
#7795 = EDGE_CURVE ( 'NONE', #1000, #6569, #8282, .T. ) ;
#7796 = CARTESIAN_POINT ( 'NONE',  ( 16.53000000000000114, 0.2499999999999967526, 0.4499999999999992339 ) ) ;
#7797 = ORIENTED_EDGE ( 'NONE', *, *, #9184, .F. ) ;
#7798 = ADVANCED_FACE ( 'NONE', ( #9160 ), #5095, .T. ) ;
#7799 = CARTESIAN_POINT ( 'NONE',  ( 4.129999999999993676, 8.599999999999999645, -1.149999999999998579 ) ) ;
#7800 = AXIS2_PLACEMENT_3D ( 'NONE', #9740, #477, #11893 ) ;
#7801 = AXIS2_PLACEMENT_3D ( 'NONE', #6084, #11370, #10217 ) ;
#7802 = CARTESIAN_POINT ( 'NONE',  ( 8.769999999999996021, -3.000000000000004441, -0.9500000000000002887 ) ) ;
#7803 = DIRECTION ( 'NONE',  ( -2.220446049250312095E-16, 1.000000000000000000, 1.224646799147353207E-16 ) ) ;
#7804 = PLANE ( 'NONE',  #12502 ) ;
#7805 = ORIENTED_EDGE ( 'NONE', *, *, #10538, .T. ) ;
#7806 = DIRECTION ( 'NONE',  ( 2.220446049250312095E-16, -1.000000000000000000, -1.224646799147353207E-16 ) ) ;
#7807 = ORIENTED_EDGE ( 'NONE', *, *, #302, .T. ) ;
#7808 = ORIENTED_EDGE ( 'NONE', *, *, #5547, .F. ) ;
#7809 = LINE ( 'NONE', #4760, #7268 ) ;
#7810 = CARTESIAN_POINT ( 'NONE',  ( 8.570000000000007390, -32.81321928319991343, -1.590000000000003411 ) ) ;
#7811 = DIRECTION ( 'NONE',  ( -1.110223024625156294E-16, 1.224646799147353207E-16, -1.000000000000000000 ) ) ;
#7812 = AXIS2_PLACEMENT_3D ( 'NONE', #12194, #8268, #9345 ) ;
#7813 = DIRECTION ( 'NONE',  ( 1.110223024625156294E-16, -1.224646799147352961E-16, 1.000000000000000000 ) ) ;
#7814 = CARTESIAN_POINT ( 'NONE',  ( -13.34666666666671198, 6.366666666666680463, -1.041666666666665408 ) ) ;
#7815 = ORIENTED_EDGE ( 'NONE', *, *, #10058, .F. ) ;
#7816 = VECTOR ( 'NONE', #11113, 1000.000000000000000 ) ;
#7817 = LINE ( 'NONE', #7957, #4691 ) ;
#7818 = DIRECTION ( 'NONE',  ( 1.000000000000000000, 0.000000000000000000, -1.110223024625156294E-16 ) ) ;
#7819 = CARTESIAN_POINT ( 'NONE',  ( 0.4499999999999965694, 0.2499999999999967526, 0.4500000000000009548 ) ) ;
#7820 = ADVANCED_FACE ( 'NONE', ( #4151 ), #8219, .F. ) ;
#7821 = VECTOR ( 'NONE', #12478, 1000.000000000000114 ) ;
#7822 = ORIENTED_EDGE ( 'NONE', *, *, #3604, .T. ) ;
#7823 = STYLED_ITEM ( 'NONE', ( #7635 ), #2046 ) ;
#7824 = ORIENTED_EDGE ( 'NONE', *, *, #10281, .F. ) ;
#7825 = DIRECTION ( 'NONE',  ( -1.110223024625156294E-16, 1.224646799147353207E-16, -1.000000000000000000 ) ) ;
#7826 = ORIENTED_EDGE ( 'NONE', *, *, #1274, .T. ) ;
#7827 = AXIS2_PLACEMENT_3D ( 'NONE', #10540, #8653, #12072 ) ;
#7828 = EDGE_CURVE ( 'NONE', #639, #6088, #12334, .T. ) ;
#7829 = CARTESIAN_POINT ( 'NONE',  ( -9.209999999999999076, -32.81321928319991343, -1.590000000000001856 ) ) ;
#7830 = CARTESIAN_POINT ( 'NONE',  ( -9.710000000000006182, 0.2499999999999967526, -2.089999999999998082 ) ) ;
#7831 = ORIENTED_EDGE ( 'NONE', *, *, #7046, .F. ) ;
#7832 = DIRECTION ( 'NONE',  ( 1.000000000000000000, 0.000000000000000000, -1.110223024625156294E-16 ) ) ;
#7833 = FACE_OUTER_BOUND ( 'NONE', #11758, .T. ) ;
#7834 = ORIENTED_EDGE ( 'NONE', *, *, #8171, .T. ) ;
#7835 = EDGE_CURVE ( 'NONE', #7092, #5818, #2057, .T. ) ;
#7836 = VECTOR ( 'NONE', #8223, 1000.000000000000000 ) ;
#7837 = CARTESIAN_POINT ( 'NONE',  ( 11.74999999999999467, 8.599999999999999645, 1.590000000000001412 ) ) ;
#7838 = VERTEX_POINT ( 'NONE', #10309 ) ;
#7839 = ORIENTED_EDGE ( 'NONE', *, *, #1799, .F. ) ;
#7840 = VECTOR ( 'NONE', #9710, 1000.000000000000000 ) ;
#7841 = DIRECTION ( 'NONE',  ( 1.110223024625156294E-16, -1.224646799147352961E-16, 1.000000000000000000 ) ) ;
#7842 = LINE ( 'NONE', #8851, #6711 ) ;
#7843 = CARTESIAN_POINT ( 'NONE',  ( 8.569999999999998508, 2.599999999999997868, 1.590000000000001190 ) ) ;
#7844 = DIRECTION ( 'NONE',  ( 1.000000000000000000, 0.000000000000000000, -1.110223024625156294E-16 ) ) ;
#7845 = VECTOR ( 'NONE', #6385, 1000.000000000000000 ) ;
#7846 = ORIENTED_EDGE ( 'NONE', *, *, #4812, .F. ) ;
#7847 = ORIENTED_EDGE ( 'NONE', *, *, #183, .T. ) ;
#7848 = CARTESIAN_POINT ( 'NONE',  ( -0.4500000000000010103, 0.2499999999999967526, 4.425000000000052225 ) ) ;
#7849 = LINE ( 'NONE', #11974, #10209 ) ;
#7850 = AXIS2_PLACEMENT_3D ( 'NONE', #6464, #8702, #3426 ) ;
#7851 = DIRECTION ( 'NONE',  ( -1.110223024625156294E-16, 1.224646799147353207E-16, -1.000000000000000000 ) ) ;
#7852 = EDGE_LOOP ( 'NONE', ( #3586, #9373, #12416, #5438 ) ) ;
#7853 = LINE ( 'NONE', #12927, #13148 ) ;
#7854 = EDGE_CURVE ( 'NONE', #6586, #331, #5168, .T. ) ;
#7855 = EDGE_LOOP ( 'NONE', ( #9186, #413, #3703, #4978 ) ) ;
#7856 = DIRECTION ( 'NONE',  ( -2.220446049250312095E-16, 1.000000000000000000, 1.224646799147353207E-16 ) ) ;
#7857 = CARTESIAN_POINT ( 'NONE',  ( -9.210000000000007958, 8.599999999999999645, -0.9499999999999969580 ) ) ;
#7858 = SURFACE_SIDE_STYLE ('',( #6772 ) ) ;
#7859 = VERTEX_POINT ( 'NONE', #9560 ) ;
#7860 = VECTOR ( 'NONE', #6142, 1000.000000000000000 ) ;
#7861 = CARTESIAN_POINT ( 'NONE',  ( 16.53000000000000114, 0.2499999999999967526, 0.4499999999999992339 ) ) ;
#7862 = ORIENTED_EDGE ( 'NONE', *, *, #11436, .T. ) ;
#7863 = CARTESIAN_POINT ( 'NONE',  ( 10.60999999999999766, 0.2499999999999967526, 2.090000000000000746 ) ) ;
#7864 = CARTESIAN_POINT ( 'NONE',  ( 11.10999999999999943, 8.100000000000001421, 0.9500000000000012879 ) ) ;
#7865 = DIRECTION ( 'NONE',  ( 1.110223024625156294E-16, -1.224646799147353207E-16, 1.000000000000000000 ) ) ;
#7866 = EDGE_CURVE ( 'NONE', #9649, #4092, #3466, .T. ) ;
#7867 = DIRECTION ( 'NONE',  ( 0.5773502691896251759, 0.5773502691896271743, 0.5773502691896250649 ) ) ;
#7868 = VECTOR ( 'NONE', #7081, 999.9999999999998863 ) ;
#7869 = EDGE_CURVE ( 'NONE', #13062, #4500, #6575, .T. ) ;
#7870 = EDGE_CURVE ( 'NONE', #11853, #10851, #3336, .T. ) ;
#7871 = ORIENTED_EDGE ( 'NONE', *, *, #5228, .T. ) ;
#7872 = CARTESIAN_POINT ( 'NONE',  ( -6.205757575757583133, 8.539393939393944422, -1.414242424242416307 ) ) ;
#7873 = AXIS2_PLACEMENT_3D ( 'NONE', #10191, #927, #3423 ) ;
#7874 = CARTESIAN_POINT ( 'NONE',  ( -2.990000000000001990, 0.2499999999999967526, 4.425000000000052225 ) ) ;
#7875 = AXIS2_PLACEMENT_3D ( 'NONE', #9261, #6, #6017 ) ;
#7876 = VERTEX_POINT ( 'NONE', #11589 ) ;
#7877 = LINE ( 'NONE', #10041, #4896 ) ;
#7878 = CARTESIAN_POINT ( 'NONE',  ( -11.75000000000000711, -3.000000000000003553, -1.149999999999998135 ) ) ;
#7879 = LINE ( 'NONE', #7810, #4210 ) ;
#7880 = CARTESIAN_POINT ( 'NONE',  ( -6.230000000000011084, 8.599999999999999645, 1.590000000000003189 ) ) ;
#7881 = ADVANCED_FACE ( 'NONE', ( #368 ), #4487, .T. ) ;
#7882 = VECTOR ( 'NONE', #865, 1000.000000000000000 ) ;
#7883 = LINE ( 'NONE', #648, #5702 ) ;
#7884 = DIRECTION ( 'NONE',  ( -0.3481553119113937056, -0.8703882797784899816, -0.3481553119113958705 ) ) ;
#7885 = ORIENTED_EDGE ( 'NONE', *, *, #5660, .T. ) ;
#7886 = ADVANCED_FACE ( 'NONE', ( #12742 ), #5567, .F. ) ;
#7887 = ADVANCED_FACE ( 'NONE', ( #4420 ), #10706, .T. ) ;
#7888 = CARTESIAN_POINT ( 'NONE',  ( 15.47999999999999687, 2.599999999999998312, 3.174999999999999822 ) ) ;
#7889 = PLANE ( 'NONE',  #12382 ) ;
#7890 = LINE ( 'NONE', #1868, #12281 ) ;
#7891 = VERTEX_POINT ( 'NONE', #4350 ) ;
#7892 = AXIS2_PLACEMENT_3D ( 'NONE', #496, #10502, #8622 ) ;
#7893 = ORIENTED_EDGE ( 'NONE', *, *, #9858, .F. ) ;
#7894 = LINE ( 'NONE', #4711, #9466 ) ;
#7895 = ORIENTED_EDGE ( 'NONE', *, *, #5257, .T. ) ;
#7896 = PRESENTATION_STYLE_ASSIGNMENT (( #2886 ) ) ;
#7897 = VECTOR ( 'NONE', #5064, 1000.000000000000000 ) ;
#7898 = CARTESIAN_POINT ( 'NONE',  ( 4.675000000000000711, -2.500000000000003109, -1.589999999999999636 ) ) ;
#7899 = DIRECTION ( 'NONE',  ( 1.110223024625156294E-16, -1.224646799147353207E-16, 1.000000000000000000 ) ) ;
#7900 = ORIENTED_EDGE ( 'NONE', *, *, #11352, .T. ) ;
#7901 = ADVANCED_FACE ( 'NONE', ( #3537 ), #7602, .T. ) ;
#7902 = CARTESIAN_POINT ( 'NONE',  ( 4.129999999999995453, 2.599999999999998757, -1.589999999999998748 ) ) ;
#7903 = CARTESIAN_POINT ( 'NONE',  ( 4.129999999999993676, 8.599999999999999645, 1.590000000000002300 ) ) ;
#7904 = VERTEX_POINT ( 'NONE', #8482 ) ;
#7905 = EDGE_CURVE ( 'NONE', #699, #12458, #1513, .T. ) ;
#7906 = DIRECTION ( 'NONE',  ( 1.030816200048588727E-16, 0.3713906763541041101, 0.9284766908852591927 ) ) ;
#7907 = ORIENTED_EDGE ( 'NONE', *, *, #6887, .F. ) ;
#7908 = ORIENTED_EDGE ( 'NONE', *, *, #977, .F. ) ;
#7909 = PLANE ( 'NONE',  #9240 ) ;
#7910 = DIRECTION ( 'NONE',  ( -0.3481553119113935946, -0.8703882797784899816, 0.3481553119113957595 ) ) ;
#7911 = CARTESIAN_POINT ( 'NONE',  ( -6.107575757575751219, -2.693939393939393412, -1.512424242424237786 ) ) ;
#7912 = LINE ( 'NONE', #8992, #7655 ) ;
#7913 = FACE_OUTER_BOUND ( 'NONE', #10371, .T. ) ;
#7914 = VERTEX_POINT ( 'NONE', #303 ) ;
#7915 = AXIS2_PLACEMENT_3D ( 'NONE', #9577, #11735, #316 ) ;
#7916 = ORIENTED_EDGE ( 'NONE', *, *, #2143, .F. ) ;
#7917 = DIRECTION ( 'NONE',  ( 1.110223024625156294E-16, -1.224646799147353207E-16, 1.000000000000000000 ) ) ;
#7918 = CARTESIAN_POINT ( 'NONE',  ( -1.590000000000003189, -3.000000000000004441, -1.149999999999999467 ) ) ;
#7919 = EDGE_CURVE ( 'NONE', #400, #5535, #436, .T. ) ;
#7920 = ORIENTED_EDGE ( 'NONE', *, *, #13161, .T. ) ;
#7921 = CARTESIAN_POINT ( 'NONE',  ( -13.73000000000000220, 0.2499999999999976130, -4.424999999999996270 ) ) ;
#7922 = AXIS2_PLACEMENT_3D ( 'NONE', #7773, #7510, #2372 ) ;
#7923 = VECTOR ( 'NONE', #1591, 1000.000000000000000 ) ;
#7924 = ORIENTED_EDGE ( 'NONE', *, *, #12361, .F. ) ;
#7925 = PLANE ( 'NONE',  #808 ) ;
#7926 = ORIENTED_EDGE ( 'NONE', *, *, #2367, .T. ) ;
#7927 = LINE ( 'NONE', #2790, #7816 ) ;
#7928 = CARTESIAN_POINT ( 'NONE',  ( -4.130000000000003446, -32.81321928319991343, 0.9499999999999979572 ) ) ;
#7929 = VERTEX_POINT ( 'NONE', #12674 ) ;
#7930 = VECTOR ( 'NONE', #7466, 999.9999999999998863 ) ;
#7931 = DIRECTION ( 'NONE',  ( -1.000000000000000000, 0.000000000000000000, 1.110223024625156294E-16 ) ) ;
#7932 = EDGE_LOOP ( 'NONE', ( #1390, #11105, #1371, #2694 ) ) ;
#7933 = CARTESIAN_POINT ( 'NONE',  ( -11.11000000000000476, 0.7499999999999972244, 1.590000000000003189 ) ) ;
#7934 = STYLED_ITEM ( 'NONE', ( #11051 ), #10746 ) ;
#7935 = CARTESIAN_POINT ( 'NONE',  ( 4.129999999999993676, 8.599999999999999645, 1.150000000000002798 ) ) ;
#7936 = VECTOR ( 'NONE', #11181, 1000.000000000000000 ) ;
#7937 = LINE ( 'NONE', #6780, #8928 ) ;
#7938 = CARTESIAN_POINT ( 'NONE',  ( -0.4050000000000057998, 2.799999999999998490, -1.589999999999998304 ) ) ;
#7939 = AXIS2_PLACEMENT_3D ( 'NONE', #12397, #10436, #6305 ) ;
#7940 = ORIENTED_EDGE ( 'NONE', *, *, #2099, .F. ) ;
#7941 = CARTESIAN_POINT ( 'NONE',  ( -6.218484848484845173, 9.228787878787882093, -1.401515151515146052 ) ) ;
#7942 = VECTOR ( 'NONE', #5023, 1000.000000000000000 ) ;
#7943 = LINE ( 'NONE', #1788, #1666 ) ;
#7944 = VERTEX_POINT ( 'NONE', #3405 ) ;
#7945 = DIRECTION ( 'NONE',  ( -2.220446049250312095E-16, 1.000000000000000000, 1.224646799147353207E-16 ) ) ;
#7946 = CARTESIAN_POINT ( 'NONE',  ( -13.64000000000000945, -2.602085213965210642E-15, -3.624999999999996003 ) ) ;
#7947 = CARTESIAN_POINT ( 'NONE',  ( 11.10999999999999766, -3.000000000000002665, -1.150000000000000799 ) ) ;
#7948 = DIRECTION ( 'NONE',  ( 1.110223024625156294E-16, -1.224646799147353207E-16, 1.000000000000000000 ) ) ;
#7949 = EDGE_CURVE ( 'NONE', #5169, #1081, #12809, .T. ) ;
#7950 = EDGE_CURVE ( 'NONE', #7999, #11411, #2060, .T. ) ;
#7951 = ADVANCED_FACE ( 'NONE', ( #9493 ), #10636, .F. ) ;
#7952 = AXIS2_PLACEMENT_3D ( 'NONE', #12299, #6406, #11358 ) ;
#7953 = DIRECTION ( 'NONE',  ( -0.3481553119113940942, 0.8703882797784897596, -0.3481553119113955930 ) ) ;
#7954 = LINE ( 'NONE', #7814, #8718 ) ;
#7955 = VERTEX_POINT ( 'NONE', #5626 ) ;
#7956 = VECTOR ( 'NONE', #6256, 1000.000000000000000 ) ;
#7957 = CARTESIAN_POINT ( 'NONE',  ( 6.030000000000002025, -32.81321928319991343, 0.9499999999999968470 ) ) ;
#7958 = PLANE ( 'NONE',  #12611 ) ;
#7959 = LINE ( 'NONE', #7072, #192 ) ;
#7960 = ORIENTED_EDGE ( 'NONE', *, *, #2117, .F. ) ;
#7961 = EDGE_CURVE ( 'NONE', #12286, #3616, #4615, .T. ) ;
#7962 = AXIS2_PLACEMENT_3D ( 'NONE', #12254, #13064, #3044 ) ;
#7963 = ORIENTED_EDGE ( 'NONE', *, *, #9400, .F. ) ;
#7964 = EDGE_CURVE ( 'NONE', #4411, #200, #11525, .T. ) ;
#7965 = AXIS2_PLACEMENT_3D ( 'NONE', #3193, #6098, #11386 ) ;
#7966 = CARTESIAN_POINT ( 'NONE',  ( -1.590000000000003633, 0.7499999999999981126, -0.9499999999999986233 ) ) ;
#7967 = EDGE_LOOP ( 'NONE', ( #12591, #3546, #11679, #6952 ) ) ;
#7968 = DIRECTION ( 'NONE',  ( -1.110223024625156294E-16, 1.224646799147353207E-16, -1.000000000000000000 ) ) ;
#7969 = DIRECTION ( 'NONE',  ( 1.000000000000000000, 0.000000000000000000, -1.110223024625156294E-16 ) ) ;
#7970 = LINE ( 'NONE', #5727, #9383 ) ;
#7971 = EDGE_LOOP ( 'NONE', ( #2260, #4403, #312, #1070 ) ) ;
#7972 = PLANE ( 'NONE',  #3302 ) ;
#7973 = DIRECTION ( 'NONE',  ( 0.7071067811865477948, 0.7071067811865472397, 1.924707753543580622E-15 ) ) ;
#7974 = ORIENTED_EDGE ( 'NONE', *, *, #5210, .T. ) ;
#7975 = DIRECTION ( 'NONE',  ( -1.110223024625156294E-16, 1.224646799147353207E-16, -1.000000000000000000 ) ) ;
#7976 = LINE ( 'NONE', #10624, #1926 ) ;
#7977 = VECTOR ( 'NONE', #5007, 1000.000000000000000 ) ;
#7978 = EDGE_LOOP ( 'NONE', ( #4850, #5937, #11300, #7498 ) ) ;
#7979 = VERTEX_POINT ( 'NONE', #5367 ) ;
#7980 = PLANE ( 'NONE',  #5775 ) ;
#7981 = CARTESIAN_POINT ( 'NONE',  ( 11.54999999999999538, 8.599999999999999645, -0.9499999999999994005 ) ) ;
#7982 = CARTESIAN_POINT ( 'NONE',  ( -2.250000000000004441, 2.599999999999996980, 3.175000000000002043 ) ) ;
#7983 = DIRECTION ( 'NONE',  ( 1.000000000000000000, 0.000000000000000000, -1.110223024625156294E-16 ) ) ;
#7984 = CARTESIAN_POINT ( 'NONE',  ( -13.21500000000000163, 0.2499999999999976130, -3.624999999999996003 ) ) ;
#7985 = ORIENTED_EDGE ( 'NONE', *, *, #12723, .F. ) ;
#7986 = ORIENTED_EDGE ( 'NONE', *, *, #4340, .F. ) ;
#7987 = CARTESIAN_POINT ( 'NONE',  ( 11.74999999999999645, 2.599999999999998312, -1.589999999999999636 ) ) ;
#7988 = DIRECTION ( 'NONE',  ( -0.3481553119113937056, -0.8703882797784899816, -0.3481553119113958705 ) ) ;
#7989 = DIRECTION ( 'NONE',  ( -0.7071067811865491270, 0.7071067811865459074, 1.651002285577380499E-16 ) ) ;
#7990 = VECTOR ( 'NONE', #9087, 1000.000000000000000 ) ;
#7991 = ORIENTED_EDGE ( 'NONE', *, *, #4633, .F. ) ;
#7992 = DIRECTION ( 'NONE',  ( -2.220446049250312095E-16, 1.000000000000000000, 1.224646799147353207E-16 ) ) ;
#7993 = EDGE_CURVE ( 'NONE', #4913, #3884, #234, .T. ) ;
#7994 = ORIENTED_EDGE ( 'NONE', *, *, #4837, .F. ) ;
#7995 = DIRECTION ( 'NONE',  ( -1.000000000000000000, 0.000000000000000000, 1.110223024625156294E-16 ) ) ;
#7996 = ORIENTED_EDGE ( 'NONE', *, *, #9502, .T. ) ;
#7997 = DIRECTION ( 'NONE',  ( -1.110223024625156294E-16, 1.224646799147353207E-16, -1.000000000000000000 ) ) ;
#7998 = CARTESIAN_POINT ( 'NONE',  ( -3.490000000000002878, 2.599999999999997868, 0.9500000000000022871 ) ) ;
#7999 = VERTEX_POINT ( 'NONE', #4748 ) ;
#8000 = EDGE_CURVE ( 'NONE', #3123, #50, #2794, .T. ) ;
#8001 = LINE ( 'NONE', #4879, #11353 ) ;
#8002 = ORIENTED_EDGE ( 'NONE', *, *, #1097, .T. ) ;
#8003 = LINE ( 'NONE', #1780, #5643 ) ;
#8004 = EDGE_CURVE ( 'NONE', #7056, #395, #1778, .T. ) ;
#8005 = DIRECTION ( 'NONE',  ( -1.110223024625156294E-16, 1.224646799147353207E-16, -1.000000000000000000 ) ) ;
#8006 = UNCERTAINTY_MEASURE_WITH_UNIT (LENGTH_MEASURE( 1.000000000000000082E-05 ), #5926, 'distance_accuracy_value', 'NONE');
#8007 = PLANE ( 'NONE',  #7541 ) ;
#8008 = ORIENTED_EDGE ( 'NONE', *, *, #8208, .T. ) ;
#8009 = LINE ( 'NONE', #4890, #9879 ) ;
#8010 = DIRECTION ( 'NONE',  ( -2.220446049250312095E-16, 1.000000000000000000, 1.224646799147353207E-16 ) ) ;
#8011 = ORIENTED_EDGE ( 'NONE', *, *, #7577, .T. ) ;
#8012 = CARTESIAN_POINT ( 'NONE',  ( -1.590000000000004077, 2.599999999999998312, -0.9499999999999984013 ) ) ;
#8013 = CARTESIAN_POINT ( 'NONE',  ( -2.250000000000004441, 2.599999999999996980, 3.175000000000002043 ) ) ;
#8014 = CARTESIAN_POINT ( 'NONE',  ( 11.75000000000000000, 0.7499999999999972244, -1.589999999999999858 ) ) ;
#8015 = LINE ( 'NONE', #12141, #3272 ) ;
#8016 = VECTOR ( 'NONE', #13084, 1000.000000000000000 ) ;
#8017 = PLANE ( 'NONE',  #3990 ) ;
#8018 = CARTESIAN_POINT ( 'NONE',  ( -11.11000000000000476, -2.500000000000003109, -1.589999999999997637 ) ) ;
#8019 = ORIENTED_EDGE ( 'NONE', *, *, #7570, .F. ) ;
#8020 = LINE ( 'NONE', #8964, #10956 ) ;
#8021 = DIRECTION ( 'NONE',  ( -1.000000000000000000, 0.000000000000000000, 1.110223024625156294E-16 ) ) ;
#8022 = DIRECTION ( 'NONE',  ( -1.000000000000000000, 0.000000000000000000, 1.110223024625156294E-16 ) ) ;
#8023 = ADVANCED_FACE ( 'NONE', ( #5825 ), #1848, .T. ) ;
#8024 = VERTEX_POINT ( 'NONE', #6842 ) ;
#8025 = ADVANCED_FACE ( 'NONE', ( #3730 ), #1641, .F. ) ;
#8026 = VERTEX_POINT ( 'NONE', #9891 ) ;
#8027 = VECTOR ( 'NONE', #8811, 1000.000000000000000 ) ;
#8028 = DIRECTION ( 'NONE',  ( 0.9284766908852596368, 0.3713906763541028888, -5.759937970183664956E-17 ) ) ;
#8029 = ORIENTED_EDGE ( 'NONE', *, *, #925, .T. ) ;
#8030 = FACE_OUTER_BOUND ( 'NONE', #11097, .T. ) ;
#8031 = FACE_OUTER_BOUND ( 'NONE', #2655, .T. ) ;
#8032 = CARTESIAN_POINT ( 'NONE',  ( -5.484999999999998543, -2.500000000000004885, 0.9500000000000018430 ) ) ;
#8033 = DIRECTION ( 'NONE',  ( -1.000000000000000000, 0.000000000000000000, 1.110223024625156294E-16 ) ) ;
#8034 = DIRECTION ( 'NONE',  ( 1.030816200048588727E-16, 0.3713906763541041101, 0.9284766908852591927 ) ) ;
#8035 = ORIENTED_EDGE ( 'NONE', *, *, #2428, .T. ) ;
#8036 = PLANE ( 'NONE',  #1882 ) ;
#8037 = CARTESIAN_POINT ( 'NONE',  ( -6.469999999999997975, -3.000000000000004441, -1.389999999999997904 ) ) ;
#8038 = VECTOR ( 'NONE', #6361, 1000.000000000000000 ) ;
#8039 = ORIENTED_EDGE ( 'NONE', *, *, #11992, .F. ) ;
#8040 = EDGE_CURVE ( 'NONE', #2265, #2359, #5962, .T. ) ;
#8041 = ORIENTED_EDGE ( 'NONE', *, *, #12534, .T. ) ;
#8042 = EDGE_CURVE ( 'NONE', #10821, #7979, #5511, .T. ) ;
#8043 = CARTESIAN_POINT ( 'NONE',  ( 16.53000000000000114, 0.2499999999999967526, -2.090000000000000746 ) ) ;
#8044 = LINE ( 'NONE', #10143, #5847 ) ;
#8045 = LINE ( 'NONE', #12172, #6972 ) ;
#8046 = CARTESIAN_POINT ( 'NONE',  ( 8.769999999999997797, 8.599999999999999645, 1.150000000000002132 ) ) ;
#8047 = PLANE ( 'NONE',  #6566 ) ;
#8048 = VECTOR ( 'NONE', #11366, 1000.000000000000000 ) ;
#8049 = ORIENTED_EDGE ( 'NONE', *, *, #8136, .T. ) ;
#8050 = ORIENTED_EDGE ( 'NONE', *, *, #5786, .T. ) ;
#8051 = DIRECTION ( 'NONE',  ( 1.000000000000000000, 0.000000000000000000, -1.110223024625156294E-16 ) ) ;
#8052 = VECTOR ( 'NONE', #4250, 1000.000000000000000 ) ;
#8053 = DIRECTION ( 'NONE',  ( -1.000000000000000000, 0.000000000000000000, 1.110223024625156294E-16 ) ) ;
#8054 = EDGE_CURVE ( 'NONE', #1762, #11282, #9955, .T. ) ;
#8055 = DIRECTION ( 'NONE',  ( -2.220446049250312095E-16, 1.000000000000000000, 1.224646799147353207E-16 ) ) ;
#8056 = VERTEX_POINT ( 'NONE', #698 ) ;
#8057 = LINE ( 'NONE', #11369, #11645 ) ;
#8058 = AXIS2_PLACEMENT_3D ( 'NONE', #13176, #12226, #2824 ) ;
#8059 = DIRECTION ( 'NONE',  ( -1.110223024625156294E-16, 1.224646799147353207E-16, -1.000000000000000000 ) ) ;
#8060 = ORIENTED_EDGE ( 'NONE', *, *, #9930, .T. ) ;
#8061 = LINE ( 'NONE', #889, #1885 ) ;
#8062 = ORIENTED_EDGE ( 'NONE', *, *, #4247, .T. ) ;
#8063 = CARTESIAN_POINT ( 'NONE',  ( -11.75000000000000000, -32.81321928319991343, 1.589999999999998970 ) ) ;
#8064 = EDGE_LOOP ( 'NONE', ( #3744, #9285, #10838, #6456 ) ) ;
#8065 = ORIENTED_EDGE ( 'NONE', *, *, #3084, .T. ) ;
#8066 = CARTESIAN_POINT ( 'NONE',  ( 1.149999999999996358, -3.000000000000004441, -1.149999999999999911 ) ) ;
#8067 = VECTOR ( 'NONE', #454, 1000.000000000000114 ) ;
#8068 = EDGE_CURVE ( 'NONE', #5349, #1497, #6708, .T. ) ;
#8069 = AXIS2_PLACEMENT_3D ( 'NONE', #2288, #5451, #9585 ) ;
#8070 = DIRECTION ( 'NONE',  ( -2.220446049250312095E-16, 1.000000000000000000, 1.224646799147353207E-16 ) ) ;
#8071 = SURFACE_STYLE_FILL_AREA ( #8273 ) ;
#8072 = ORIENTED_EDGE ( 'NONE', *, *, #3862, .T. ) ;
#8073 = LINE ( 'NONE', #9896, #11638 ) ;
#8074 = ORIENTED_EDGE ( 'NONE', *, *, #1243, .F. ) ;
#8075 = DIRECTION ( 'NONE',  ( 1.855469160087460128E-16, -0.3713906763541040545, 0.9284766908852591927 ) ) ;
#8076 = FACE_OUTER_BOUND ( 'NONE', #2653, .T. ) ;
#8077 = AXIS2_PLACEMENT_3D ( 'NONE', #9766, #1645, #5631 ) ;
#8078 = ORIENTED_EDGE ( 'NONE', *, *, #8506, .F. ) ;
#8079 = DIRECTION ( 'NONE',  ( -1.110223024625156294E-16, 1.224646799147353207E-16, -1.000000000000000000 ) ) ;
#8080 = CARTESIAN_POINT ( 'NONE',  ( -2.945000000000004725, -2.500000000000003997, -0.9499999999999989564 ) ) ;
#8081 = LINE ( 'NONE', #7064, #8106 ) ;
#8082 = DIRECTION ( 'NONE',  ( 2.220446049250312095E-16, -1.000000000000000000, -1.224646799147353207E-16 ) ) ;
#8083 = PLANE ( 'NONE',  #2720 ) ;
#8084 = DIRECTION ( 'NONE',  ( 1.000000000000000000, 0.000000000000000000, -1.110223024625156294E-16 ) ) ;
#8085 = EDGE_LOOP ( 'NONE', ( #9698, #13123, #10609, #5625 ) ) ;
#8086 = DIRECTION ( 'NONE',  ( 7.850462293418890625E-17, 0.7071067811865460184, 0.7071067811865490160 ) ) ;
#8087 = LINE ( 'NONE', #1998, #2881 ) ;
#8088 = CARTESIAN_POINT ( 'NONE',  ( 9.209999999999999076, -2.500000000000003109, -0.9500000000000001776 ) ) ;
#8089 = AXIS2_PLACEMENT_3D ( 'NONE', #3767, #730, #7899 ) ;
#8090 = ADVANCED_FACE ( 'NONE', ( #4813 ), #9078, .F. ) ;
#8091 = VECTOR ( 'NONE', #3007, 1000.000000000000000 ) ;
#8092 = EDGE_LOOP ( 'NONE', ( #1415, #5082, #2446, #11145 ) ) ;
#8093 = VERTEX_POINT ( 'NONE', #11118 ) ;
#8095 = CARTESIAN_POINT ( 'NONE',  ( 16.53000000000000114, 0.2499999999999958922, 4.424999999999999822 ) ) ;
#8094 = VECTOR ( 'NONE', #5185, 1000.000000000000114 ) ;
#8096 = VERTEX_POINT ( 'NONE', #10027 ) ;
#8097 = DIRECTION ( 'NONE',  ( -1.000000000000000000, 0.000000000000000000, 1.110223024625156294E-16 ) ) ;
#8098 = CARTESIAN_POINT ( 'NONE',  ( -11.75000000000000711, 2.599999999999998312, 0.9500000000000030642 ) ) ;
#8099 = DIRECTION ( 'NONE',  ( -0.5773502691896239547, 0.5773502691896277295, 0.5773502691896256200 ) ) ;
#8100 = PLANE ( 'NONE',  #8058 ) ;
#8101 = DIRECTION ( 'NONE',  ( 1.110223024625156294E-16, -1.224646799147353207E-16, 1.000000000000000000 ) ) ;
#8102 = ORIENTED_EDGE ( 'NONE', *, *, #3363, .T. ) ;
#8103 = ADVANCED_FACE ( 'NONE', ( #5894 ), #8871, .F. ) ;
#8104 = PLANE ( 'NONE',  #2094 ) ;
#8105 = LINE ( 'NONE', #12230, #10356 ) ;
#8106 = VECTOR ( 'NONE', #1592, 1000.000000000000000 ) ;
#8107 = AXIS2_PLACEMENT_3D ( 'NONE', #1623, #5740, #9873 ) ;
#8108 = ORIENTED_EDGE ( 'NONE', *, *, #9536, .F. ) ;
#8109 = ORIENTED_EDGE ( 'NONE', *, *, #12654, .T. ) ;
#8110 = CARTESIAN_POINT ( 'NONE',  ( 12.29499999999999460, 8.100000000000001421, -1.589999999999998970 ) ) ;
#8111 = PLANE ( 'NONE',  #12778 ) ;
#8112 = LINE ( 'NONE', #4791, #11716 ) ;
#8113 = CARTESIAN_POINT ( 'NONE',  ( 1.823333333333324147, -7.103333333333305077, -9.443333333333320923 ) ) ;
#8114 = LINE ( 'NONE', #10074, #1175 ) ;
#8115 = ORIENTED_EDGE ( 'NONE', *, *, #118, .T. ) ;
#8116 = ORIENTED_EDGE ( 'NONE', *, *, #933, .F. ) ;
#8117 = PLANE ( 'NONE',  #7875 ) ;
#8118 = EDGE_CURVE ( 'NONE', #3293, #1553, #766, .T. ) ;
#8119 = EDGE_CURVE ( 'NONE', #6560, #1479, #8001, .T. ) ;
#8120 = CARTESIAN_POINT ( 'NONE',  ( 16.53000000000000114, 0.2499999999999967526, 0.4499999999999992339 ) ) ;
#8121 = EDGE_CURVE ( 'NONE', #11836, #2479, #13142, .T. ) ;
#8122 = VECTOR ( 'NONE', #10104, 1000.000000000000000 ) ;
#8123 = EDGE_LOOP ( 'NONE', ( #9639, #9358, #12740, #9069 ) ) ;
#8124 = LINE ( 'NONE', #12378, #7977 ) ;
#8125 = CARTESIAN_POINT ( 'NONE',  ( 4.129999999999996341, 0.7499999999999972244, 0.9500000000000011768 ) ) ;
#8126 = EDGE_CURVE ( 'NONE', #6534, #3251, #2854, .T. ) ;
#8127 = EDGE_CURVE ( 'NONE', #10267, #12777, #12935, .T. ) ;
#8128 = CARTESIAN_POINT ( 'NONE',  ( 3.490000000000001990, -2.500000000000003109, -1.589999999999999414 ) ) ;
#8129 = EDGE_LOOP ( 'NONE', ( #11227, #2458, #10346, #8719 ) ) ;
#8130 = CARTESIAN_POINT ( 'NONE',  ( 1.149999999999996803, -3.000000000000004441, 1.390000000000000346 ) ) ;
#8131 = ADVANCED_FACE ( 'NONE', ( #11915 ), #4681, .T. ) ;
#8132 = CARTESIAN_POINT ( 'NONE',  ( -2.945000000000006501, 2.799999999999997158, 0.9500000000000021760 ) ) ;
#8133 = ORIENTED_EDGE ( 'NONE', *, *, #2013, .T. ) ;
#8134 = EDGE_LOOP ( 'NONE', ( #2988, #9576, #5067, #11763 ) ) ;
#8135 = CARTESIAN_POINT ( 'NONE',  ( 4.503939393939386804, 7.165151515151513273, 1.963939393939392097 ) ) ;
#8136 = EDGE_CURVE ( 'NONE', #3699, #8437, #6212, .T. ) ;
#8138 = CARTESIAN_POINT ( 'NONE',  ( 11.10999999999999766, 2.600000000000000089, -0.9499999999999997335 ) ) ;
#8137 = VECTOR ( 'NONE', #7290, 1000.000000000000000 ) ;
#8139 = PRODUCT_CONTEXT ( 'NONE', #6634, 'mechanical' ) ;
#8140 = VECTOR ( 'NONE', #10258, 1000.000000000000000 ) ;
#8141 = CARTESIAN_POINT ( 'NONE',  ( 16.53000000000000114, 0.2499999999999967526, 2.090000000000000746 ) ) ;
#8142 = VERTEX_POINT ( 'NONE', #5271 ) ;
#8143 = DIRECTION ( 'NONE',  ( 1.110223024625156294E-16, -1.224646799147353207E-16, 1.000000000000000000 ) ) ;
#8144 = EDGE_CURVE ( 'NONE', #2251, #10481, #8451, .T. ) ;
#8145 = CARTESIAN_POINT ( 'NONE',  ( 4.129999999999996341, -2.500000000000003997, 1.590000000000000968 ) ) ;
#8146 = ADVANCED_FACE ( 'NONE', ( #3373 ), #12575, .T. ) ;
#8147 = EDGE_LOOP ( 'NONE', ( #2431, #7787, #805, #11886 ) ) ;
#8148 = FACE_OUTER_BOUND ( 'NONE', #10586, .T. ) ;
#8149 = LINE ( 'NONE', #909, #11041 ) ;
#8150 = AXIS2_PLACEMENT_3D ( 'NONE', #4834, #6938, #5917 ) ;
#8151 = ADVANCED_FACE ( 'NONE', ( #7438 ), #11562, .T. ) ;
#8152 = CARTESIAN_POINT ( 'NONE',  ( -11.31000000000001293, 8.599999999999999645, 1.590000000000003855 ) ) ;
#8153 = CARTESIAN_POINT ( 'NONE',  ( 6.205757575757581357, -2.939393939393943889, -1.125757575757579065 ) ) ;
#8154 = DIRECTION ( 'NONE',  ( 1.000000000000000000, 0.000000000000000000, 0.000000000000000000 ) ) ;
#8155 = FACE_OUTER_BOUND ( 'NONE', #11042, .T. ) ;
#8156 = ORIENTED_EDGE ( 'NONE', *, *, #1593, .F. ) ;
#8157 = PLANE ( 'NONE',  #6636 ) ;
#8158 = VECTOR ( 'NONE', #5293, 1000.000000000000000 ) ;
#8159 = CARTESIAN_POINT ( 'NONE',  ( -11.11000000000000654, 8.599999999999999645, -1.389999999999995905 ) ) ;
#8160 = LINE ( 'NONE', #7347, #12056 ) ;
#8161 = VECTOR ( 'NONE', #3541, 1000.000000000000000 ) ;
#8162 = ORIENTED_EDGE ( 'NONE', *, *, #11397, .T. ) ;
#8163 = EDGE_CURVE ( 'NONE', #2795, #8093, #72, .T. ) ;
#8164 = ORIENTED_EDGE ( 'NONE', *, *, #12214, .T. ) ;
#8165 = PRESENTATION_STYLE_ASSIGNMENT (( #4033 ) ) ;
#8166 = EDGE_LOOP ( 'NONE', ( #5270, #3185, #3215, #10816 ) ) ;
#8167 =( NAMED_UNIT ( * ) PLANE_ANGLE_UNIT ( ) SI_UNIT ( $, .RADIAN. ) );
#8168 = VECTOR ( 'NONE', #11159, 1000.000000000000000 ) ;
#8169 = CARTESIAN_POINT ( 'NONE',  ( 3.490000000000001545, -32.81321928319991343, -0.9500000000000033973 ) ) ;
#8170 = CARTESIAN_POINT ( 'NONE',  ( -9.210000000000007958, 8.099999999999999645, 1.590000000000003411 ) ) ;
#8171 = EDGE_CURVE ( 'NONE', #3294, #11963, #1212, .T. ) ;
#8172 = VECTOR ( 'NONE', #6235, 1000.000000000000000 ) ;
#8173 = CARTESIAN_POINT ( 'NONE',  ( -8.570000000000003837, -2.500000000000003109, 1.590000000000002300 ) ) ;
#8174 = ORIENTED_EDGE ( 'NONE', *, *, #2892, .T. ) ;
#8175 = CARTESIAN_POINT ( 'NONE',  ( 8.569999999999998508, -2.500000000000003109, -0.9500000000000001776 ) ) ;
#8176 = LINE ( 'NONE', #5191, #7331 ) ;
#8177 = EDGE_CURVE ( 'NONE', #3611, #6242, #9327, .T. ) ;
#8178 = STYLED_ITEM ( 'NONE', ( #6644 ), #6422 ) ;
#8179 = EDGE_LOOP ( 'NONE', ( #13038, #5518, #4148, #8392 ) ) ;
#8180 = AXIS2_PLACEMENT_3D ( 'NONE', #4497, #443, #4560 ) ;
#8181 = EDGE_LOOP ( 'NONE', ( #9074, #369, #10444, #10551 ) ) ;
#8182 = DIRECTION ( 'NONE',  ( 0.5773502691896251759, 0.5773502691896271743, 0.5773502691896250649 ) ) ;
#8183 = SURFACE_STYLE_FILL_AREA ( #5197 ) ;
#8184 = CARTESIAN_POINT ( 'NONE',  ( 8.569999999999998508, 2.599999999999997868, 0.9500000000000008438 ) ) ;
#8185 = CARTESIAN_POINT ( 'NONE',  ( 15.47999999999999687, 6.650000000000001243, -1.649999999999998801 ) ) ;
#8186 = CARTESIAN_POINT ( 'NONE',  ( 6.669999999999994600, 8.599999999999996092, -0.9499999999999987343 ) ) ;
#8187 = ORIENTED_EDGE ( 'NONE', *, *, #2306, .F. ) ;
#8188 = ORIENTED_EDGE ( 'NONE', *, *, #3514, .T. ) ;
#8189 = DIRECTION ( 'NONE',  ( -0.3481553119113940942, 0.8703882797784897596, -0.3481553119113955930 ) ) ;
#8190 = VECTOR ( 'NONE', #13278, 1000.000000000000000 ) ;
#8191 = DIRECTION ( 'NONE',  ( -1.000000000000000000, 0.000000000000000000, 1.110223024625156294E-16 ) ) ;
#8192 = VERTEX_POINT ( 'NONE', #12514 ) ;
#8193 = CARTESIAN_POINT ( 'NONE',  ( -16.53000000000001180, 9.100000000000003197, -4.424999999999996270 ) ) ;
#8194 = LINE ( 'NONE', #7379, #8233 ) ;
#8195 = VECTOR ( 'NONE', #2119, 1000.000000000000000 ) ;
#8196 = ADVANCED_FACE ( 'NONE', ( #4320 ), #12372, .F. ) ;
#8197 = DIRECTION ( 'NONE',  ( -0.7071067811865491270, 0.7071067811865459074, 1.651002285577380499E-16 ) ) ;
#8198 = CARTESIAN_POINT ( 'NONE',  ( 12.25000000000000355, 0.2499999999999950040, 4.424999999999999822 ) ) ;
#8200 = ORIENTED_EDGE ( 'NONE', *, *, #10492, .T. ) ;
#8199 = EDGE_CURVE ( 'NONE', #9318, #1688, #2166, .T. ) ;
#8201 = PLANE ( 'NONE',  #3055 ) ;
#8202 = DIRECTION ( 'NONE',  ( 1.110223024625156294E-16, -1.224646799147352961E-16, 1.000000000000000000 ) ) ;
#8203 = ORIENTED_EDGE ( 'NONE', *, *, #2615, .T. ) ;
#8204 = ORIENTED_EDGE ( 'NONE', *, *, #4406, .T. ) ;
#8205 = LINE ( 'NONE', #6030, #1125 ) ;
#8206 = CIRCLE ( 'NONE', #2375, 0.3362499999999997158 ) ;
#8207 = DIRECTION ( 'NONE',  ( 1.000000000000000000, 0.000000000000000000, 0.000000000000000000 ) ) ;
#8208 = EDGE_CURVE ( 'NONE', #8417, #4733, #6480, .T. ) ;
#8209 = ORIENTED_EDGE ( 'NONE', *, *, #11024, .F. ) ;
#8210 = CARTESIAN_POINT ( 'NONE',  ( -1.590000000000004077, 2.599999999999997868, 0.9500000000000020650 ) ) ;
#8211 = EDGE_LOOP ( 'NONE', ( #2704, #10503, #8565, #6270 ) ) ;
#8212 = DIRECTION ( 'NONE',  ( -1.000000000000000000, 0.000000000000000000, 1.110223024625156294E-16 ) ) ;
#8213 = EDGE_CURVE ( 'NONE', #12447, #5295, #268, .T. ) ;
#8214 = CARTESIAN_POINT ( 'NONE',  ( -9.210000000000006182, 0.7499999999999972244, 1.590000000000002744 ) ) ;
#8215 = EDGE_CURVE ( 'NONE', #11199, #88, #5464, .T. ) ;
#8216 = ORIENTED_EDGE ( 'NONE', *, *, #3244, .T. ) ;
#8217 = PLANE ( 'NONE',  #12028 ) ;
#8218 = CARTESIAN_POINT ( 'NONE',  ( 16.53000000000000114, 0.2499999999999967526, 0.4499999999999992339 ) ) ;
#8219 = PLANE ( 'NONE',  #1840 ) ;
#8220 = ORIENTED_EDGE ( 'NONE', *, *, #13354, .F. ) ;
#8221 = CARTESIAN_POINT ( 'NONE',  ( -11.75000000000000711, -2.500000000000003997, 1.590000000000002744 ) ) ;
#8222 = LINE ( 'NONE', #4222, #5520 ) ;
#8223 = DIRECTION ( 'NONE',  ( -1.000000000000000000, 0.000000000000000000, 1.110223024625156294E-16 ) ) ;
#8224 = VERTEX_POINT ( 'NONE', #7369 ) ;
#8225 = PLANE ( 'NONE',  #5988 ) ;
#8226 = PLANE ( 'NONE',  #9575 ) ;
#8227 = EDGE_CURVE ( 'NONE', #6252, #4087, #10476, .T. ) ;
#8228 = DIRECTION ( 'NONE',  ( -2.220446049250312095E-16, 1.000000000000000000, 1.224646799147353207E-16 ) ) ;
#8229 = VERTEX_POINT ( 'NONE', #3101 ) ;
#8230 = EDGE_LOOP ( 'NONE', ( #4167, #8533, #11398, #4430 ) ) ;
#8231 = ORIENTED_EDGE ( 'NONE', *, *, #922, .F. ) ;
#8232 = CARTESIAN_POINT ( 'NONE',  ( -1.590000000000005631, 8.100000000000001421, -1.589999999999997637 ) ) ;
#8233 = VECTOR ( 'NONE', #10419, 1000.000000000000000 ) ;
#8234 = LINE ( 'NONE', #9241, #539 ) ;
#8235 = DIRECTION ( 'NONE',  ( -1.000000000000000000, 0.000000000000000000, 1.110223024625156294E-16 ) ) ;
#8236 = LINE ( 'NONE', #12293, #12604 ) ;
#8237 = ORIENTED_EDGE ( 'NONE', *, *, #3446, .T. ) ;
#8238 = CARTESIAN_POINT ( 'NONE',  ( -6.230000000000011084, 8.599999999999999645, -0.9499999999999972911 ) ) ;
#8239 = ADVANCED_FACE ( 'NONE', ( #11363 ), #12444, .F. ) ;
#8240 = VECTOR ( 'NONE', #4463, 999.9999999999998863 ) ;
#8241 = DIRECTION ( 'NONE',  ( 1.110223024625156294E-16, -1.224646799147353207E-16, 1.000000000000000000 ) ) ;
#8242 = VECTOR ( 'NONE', #12276, 1000.000000000000000 ) ;
#8243 = ORIENTED_EDGE ( 'NONE', *, *, #7306, .F. ) ;
#8244 = EDGE_CURVE ( 'NONE', #5871, #6760, #11432, .T. ) ;
#8245 = DIRECTION ( 'NONE',  ( 7.850462293418890625E-17, 0.7071067811865460184, 0.7071067811865490160 ) ) ;
#8246 = LINE ( 'NONE', #12366, #8698 ) ;
#8247 = CARTESIAN_POINT ( 'NONE',  ( -1.150000000000009237, 8.599999999999999645, 1.390000000000002123 ) ) ;
#8248 = PLANE ( 'NONE',  #2034 ) ;
#8249 = ORIENTED_EDGE ( 'NONE', *, *, #3562, .F. ) ;
#8250 = CARTESIAN_POINT ( 'NONE',  ( -13.64000000000000945, 0.2499999999999976130, -3.624999999999996003 ) ) ;
#8251 = ORIENTED_EDGE ( 'NONE', *, *, #9018, .T. ) ;
#8252 = CARTESIAN_POINT ( 'NONE',  ( -3.905000000000007798, -1.375000000000001998, 1.174999999999972067 ) ) ;
#8253 = AXIS2_PLACEMENT_3D ( 'NONE', #9543, #288, #8534 ) ;
#8254 = LINE ( 'NONE', #8393, #9984 ) ;
#8255 = AXIS2_PLACEMENT_3D ( 'NONE', #5015, #13268, #1711 ) ;
#8256 = ORIENTED_EDGE ( 'NONE', *, *, #3656, .F. ) ;
#8257 = LINE ( 'NONE', #11240, #10997 ) ;
#8258 = PLANE ( 'NONE',  #6934 ) ;
#8259 = VECTOR ( 'NONE', #4121, 1000.000000000000000 ) ;
#8260 = VECTOR ( 'NONE', #12773, 1000.000000000000000 ) ;
#8261 = DIRECTION ( 'NONE',  ( 1.000000000000000000, 0.000000000000000000, -1.110223024625156294E-16 ) ) ;
#8262 = DIRECTION ( 'NONE',  ( -2.599483128751245825E-15, -1.224646799147352221E-16, 1.000000000000000000 ) ) ;
#8263 = ORIENTED_EDGE ( 'NONE', *, *, #9516, .F. ) ;
#8264 = DIRECTION ( 'NONE',  ( -0.7071067811865469066, -0.7071067811865481278, -8.090982689360718157E-18 ) ) ;
#8265 = VERTEX_POINT ( 'NONE', #6412 ) ;
#8266 = VECTOR ( 'NONE', #5940, 1000.000000000000000 ) ;
#8267 = ORIENTED_EDGE ( 'NONE', *, *, #12337, .T. ) ;
#8268 = DIRECTION ( 'NONE',  ( -2.220446049250312095E-16, 1.000000000000000000, 1.224646799147353207E-16 ) ) ;
#8269 = LINE ( 'NONE', #9280, #7551 ) ;
#8270 = EDGE_CURVE ( 'NONE', #575, #6360, #9463, .T. ) ;
#8271 = AXIS2_PLACEMENT_3D ( 'NONE', #11901, #3341, #5302 ) ;
#8272 = DIRECTION ( 'NONE',  ( -2.220446049250312095E-16, 1.000000000000000000, 1.224646799147353207E-16 ) ) ;
#8273 = FILL_AREA_STYLE ('',( #3944 ) ) ;
#8274 = DIRECTION ( 'NONE',  ( -1.110223024625156294E-16, 1.224646799147353207E-16, -1.000000000000000000 ) ) ;
#8275 = VERTEX_POINT ( 'NONE', #9528 ) ;
#8276 = PLANE ( 'NONE',  #7939 ) ;
#8277 = CARTESIAN_POINT ( 'NONE',  ( 3.490000000000001990, -3.000000000000003553, -1.389999999999998792 ) ) ;
#8278 = VECTOR ( 'NONE', #5602, 1000.000000000000000 ) ;
#8279 = ORIENTED_EDGE ( 'NONE', *, *, #6683, .T. ) ;
#8280 = LINE ( 'NONE', #5976, #2095 ) ;
#8281 = CARTESIAN_POINT ( 'NONE',  ( 14.06500000000000483, 0.2499999999999958922, -3.624999999999998668 ) ) ;
#8282 = LINE ( 'NONE', #6042, #8324 ) ;
#8283 = ORIENTED_EDGE ( 'NONE', *, *, #12311, .T. ) ;
#8284 = CARTESIAN_POINT ( 'NONE',  ( 3.929999999999997939, -3.000000000000006217, 1.150000000000001465 ) ) ;
#8285 = DIRECTION ( 'NONE',  ( -1.000000000000000000, 0.000000000000000000, 1.110223024625156294E-16 ) ) ;
#8286 = LINE ( 'NONE', #10314, #12999 ) ;
#8287 = EDGE_LOOP ( 'NONE', ( #5618, #1213, #1846, #12153 ) ) ;
#8288 = ADVANCED_FACE ( 'NONE', ( #8842 ), #2494, .T. ) ;
#8289 = EDGE_CURVE ( 'NONE', #7484, #3602, #12779, .T. ) ;
#8290 = CARTESIAN_POINT ( 'NONE',  ( 12.29499999999999993, 2.799999999999998490, -1.589999999999999636 ) ) ;
#8291 = ADVANCED_FACE ( 'NONE', ( #3507 ), #12901, .T. ) ;
#8292 = CARTESIAN_POINT ( 'NONE',  ( 9.754999999999999005, -2.500000000000004885, -0.9500000000000003997 ) ) ;
#8293 = CARTESIAN_POINT ( 'NONE',  ( -11.75000000000000711, 0.7499999999999972244, 0.9500000000000028422 ) ) ;
#8294 = ORIENTED_EDGE ( 'NONE', *, *, #11658, .T. ) ;
#8295 = ORIENTED_EDGE ( 'NONE', *, *, #4173, .F. ) ;
#8296 = EDGE_CURVE ( 'NONE', #7208, #4656, #3696, .T. ) ;
#8297 = EDGE_CURVE ( 'NONE', #5892, #1255, #11756, .T. ) ;
#8298 = ORIENTED_EDGE ( 'NONE', *, *, #7167, .T. ) ;
#8299 = FILL_AREA_STYLE_COLOUR ( '', #4022 ) ;
#8300 = CARTESIAN_POINT ( 'NONE',  ( -6.029999999999995808, -32.81321928319991343, 1.589999999999998082 ) ) ;
#8301 = ADVANCED_FACE ( 'NONE', ( #2691 ), #1611, .T. ) ;
#8302 = DIRECTION ( 'NONE',  ( 1.000000000000000000, 0.000000000000000000, -1.110223024625156294E-16 ) ) ;
#8303 = EDGE_CURVE ( 'NONE', #6639, #11478, #11883, .T. ) ;
#8304 = FACE_OUTER_BOUND ( 'NONE', #12629, .T. ) ;
#8305 = ORIENTED_EDGE ( 'NONE', *, *, #3759, .T. ) ;
#8306 = PLANE ( 'NONE',  #11383 ) ;
#8307 = AXIS2_PLACEMENT_3D ( 'NONE', #8186, #6276, #2 ) ;
#8308 = CARTESIAN_POINT ( 'NONE',  ( -2.945000000000007390, 8.100000000000001421, -1.589999999999997415 ) ) ;
#8309 = FACE_OUTER_BOUND ( 'NONE', #10558, .T. ) ;
#8310 = EDGE_LOOP ( 'NONE', ( #1387, #5326, #10065, #11039 ) ) ;
#8311 = VECTOR ( 'NONE', #12713, 1000.000000000000000 ) ;
#8312 = VERTEX_POINT ( 'NONE', #470 ) ;
#8313 = PLANE ( 'NONE',  #396 ) ;
#8314 = ADVANCED_FACE ( 'NONE', ( #407 ), #10811, .F. ) ;
#8315 = DIRECTION ( 'NONE',  ( 1.110223024625156294E-16, -1.224646799147353207E-16, 1.000000000000000000 ) ) ;
#8316 = DIRECTION ( 'NONE',  ( -2.220446049250312095E-16, 1.000000000000000000, 1.224646799147353207E-16 ) ) ;
#8317 = DIRECTION ( 'NONE',  ( -1.110223024625156294E-16, 1.224646799147353207E-16, -1.000000000000000000 ) ) ;
#8318 = VECTOR ( 'NONE', #3103, 1000.000000000000114 ) ;
#8319 = VERTEX_POINT ( 'NONE', #7771 ) ;
#8320 = EDGE_CURVE ( 'NONE', #9420, #705, #2627, .T. ) ;
#8321 = CARTESIAN_POINT ( 'NONE',  ( -3.490000000000011315, 8.600000000000001421, -1.389999999999996794 ) ) ;
#8322 = EDGE_CURVE ( 'NONE', #7340, #10932, #4526, .T. ) ;
#8323 = ORIENTED_EDGE ( 'NONE', *, *, #11961, .F. ) ;
#8324 = VECTOR ( 'NONE', #5033, 1000.000000000000227 ) ;
#8325 = PLANE ( 'NONE',  #3509 ) ;
#8326 = ORIENTED_EDGE ( 'NONE', *, *, #5180, .F. ) ;
#8327 = LINE ( 'NONE', #1018, #1750 ) ;
#8328 = CARTESIAN_POINT ( 'NONE',  ( -11.75000000000000711, -2.500000000000003109, -0.9499999999999980682 ) ) ;
#8329 = DIRECTION ( 'NONE',  ( -1.000000000000000000, 0.000000000000000000, 1.110223024625156294E-16 ) ) ;
#8330 = ORIENTED_EDGE ( 'NONE', *, *, #10770, .F. ) ;
#8331 = DIRECTION ( 'NONE',  ( -1.000000000000000000, 0.000000000000000000, 1.110223024625156294E-16 ) ) ;
#8332 = DIRECTION ( 'NONE',  ( -2.821527733676277528E-15, 1.224646799147354193E-16, -1.000000000000000000 ) ) ;
#8333 = VERTEX_POINT ( 'NONE', #6546 ) ;
#8334 = VECTOR ( 'NONE', #2297, 1000.000000000000000 ) ;
#8335 = ORIENTED_EDGE ( 'NONE', *, *, #7734, .T. ) ;
#8336 = CARTESIAN_POINT ( 'NONE',  ( 9.021515151515153264, 9.228787878787882093, 1.138484848484850875 ) ) ;
#8337 = ADVANCED_FACE ( 'NONE', ( #3573 ), #2566, .F. ) ;
#8338 = VECTOR ( 'NONE', #8212, 1000.000000000000000 ) ;
#8339 = EDGE_CURVE ( 'NONE', #1455, #6807, #6745, .T. ) ;
#8340 = CARTESIAN_POINT ( 'NONE',  ( 4.674999999999995381, 8.100000000000003197, -1.589999999999998304 ) ) ;
#8341 = DIRECTION ( 'NONE',  ( 1.110223024625156294E-16, -1.224646799147353207E-16, 1.000000000000000000 ) ) ;
#8342 = EDGE_CURVE ( 'NONE', #8478, #5646, #9862, .T. ) ;
#8343 = VERTEX_POINT ( 'NONE', #12968 ) ;
#8344 = DIRECTION ( 'NONE',  ( 2.220446049250312095E-16, -1.000000000000000000, -1.224646799147353207E-16 ) ) ;
#8345 = ORIENTED_EDGE ( 'NONE', *, *, #7249, .T. ) ;
#8346 = PLANE ( 'NONE',  #4688 ) ;
#8347 = DIRECTION ( 'NONE',  ( -1.110223024625156294E-16, 1.224646799147353207E-16, -1.000000000000000000 ) ) ;
#8348 = EDGE_LOOP ( 'NONE', ( #2665, #1523, #8433, #11996 ) ) ;
#8349 = LINE ( 'NONE', #6995, #10730 ) ;
#8350 = DIRECTION ( 'NONE',  ( 0.7071067811865477948, 0.7071067811865472397, -1.908525788164860098E-15 ) ) ;
#8351 = LINE ( 'NONE', #13359, #7673 ) ;
#8352 = ORIENTED_EDGE ( 'NONE', *, *, #9455, .F. ) ;
#8353 = LINE ( 'NONE', #9363, #5850 ) ;
#8354 = CARTESIAN_POINT ( 'NONE',  ( 9.209999999999999076, -2.500000000000003109, 1.590000000000000080 ) ) ;
#8355 = VECTOR ( 'NONE', #9920, 1000.000000000000000 ) ;
#8356 = CARTESIAN_POINT ( 'NONE',  ( 3.929999999999995275, 8.599999999999999645, 1.390000000000001679 ) ) ;
#8357 = ORIENTED_EDGE ( 'NONE', *, *, #7294, .T. ) ;
#8358 = DIRECTION ( 'NONE',  ( -2.220446049250312095E-16, 1.000000000000000000, 1.224646799147353207E-16 ) ) ;
#8359 = DIRECTION ( 'NONE',  ( -1.110223024625156294E-16, 1.224646799147353207E-16, -1.000000000000000000 ) ) ;
#8360 = CARTESIAN_POINT ( 'NONE',  ( 6.030000000000002025, 0.7499999999999963363, -0.9499999999999995115 ) ) ;
#8361 = VERTEX_POINT ( 'NONE', #10942 ) ;
#8362 = VECTOR ( 'NONE', #6399, 1000.000000000000000 ) ;
#8363 = VECTOR ( 'NONE', #2327, 1000.000000000000000 ) ;
#8364 = ORIENTED_EDGE ( 'NONE', *, *, #12100, .F. ) ;
#8365 = EDGE_CURVE ( 'NONE', #11193, #3666, #1681, .T. ) ;
#8366 = ORIENTED_EDGE ( 'NONE', *, *, #11720, .T. ) ;
#8367 = CARTESIAN_POINT ( 'NONE',  ( 1.963939393939387212, -1.565151515151522954, -0.5760606060606060508 ) ) ;
#8368 = ADVANCED_FACE ( 'NONE', ( #4455 ), #8589, .T. ) ;
#8369 = EDGE_CURVE ( 'NONE', #6039, #7764, #10669, .T. ) ;
#8370 = FACE_OUTER_BOUND ( 'NONE', #1299, .T. ) ;
#8371 = DIRECTION ( 'NONE',  ( -1.110223024625156294E-16, 1.224646799147353207E-16, -1.000000000000000000 ) ) ;
#8372 = VECTOR ( 'NONE', #2127, 1000.000000000000000 ) ;
#8373 = CARTESIAN_POINT ( 'NONE',  ( 7.214999999999999858, 2.799999999999997158, -0.9499999999999994005 ) ) ;
#8374 = VERTEX_POINT ( 'NONE', #2954 ) ;
#8375 = DIRECTION ( 'NONE',  ( -1.110223024625156294E-16, 1.224646799147353207E-16, -1.000000000000000000 ) ) ;
#8377 = VECTOR ( 'NONE', #5102, 1000.000000000000000 ) ;
#8376 = DIRECTION ( 'NONE',  ( 2.220446049250312095E-16, -1.000000000000000000, -1.224646799147353207E-16 ) ) ;
#8378 = EDGE_CURVE ( 'NONE', #8878, #2359, #2889, .T. ) ;
#8379 = ORIENTED_EDGE ( 'NONE', *, *, #4670, .F. ) ;
#8380 = VECTOR ( 'NONE', #5060, 1000.000000000000000 ) ;
#8381 = ORIENTED_EDGE ( 'NONE', *, *, #6879, .T. ) ;
#8382 = CARTESIAN_POINT ( 'NONE',  ( -9.010000000000001563, 8.599999999999996092, 1.150000000000004130 ) ) ;
#8383 = FILL_AREA_STYLE ('',( #13313 ) ) ;
#8384 = EDGE_CURVE ( 'NONE', #8096, #1187, #8906, .T. ) ;
#8385 = CIRCLE ( 'NONE', #7524, 0.4250000000000000444 ) ;
#8386 = LINE ( 'NONE', #2295, #3511 ) ;
#8387 = EDGE_CURVE ( 'NONE', #12601, #7929, #6950, .T. ) ;
#8388 = CARTESIAN_POINT ( 'NONE',  ( 6.030000000000002025, -3.000000000000004441, 1.150000000000001021 ) ) ;
#8389 = CARTESIAN_POINT ( 'NONE',  ( 3.489999999999992220, 8.100000000000001421, 1.590000000000002300 ) ) ;
#8390 = ORIENTED_EDGE ( 'NONE', *, *, #235, .F. ) ;
#8391 = DIRECTION ( 'NONE',  ( 1.110223024625156294E-16, -1.224646799147352961E-16, 1.000000000000000000 ) ) ;
#8392 = ORIENTED_EDGE ( 'NONE', *, *, #5548, .F. ) ;
#8393 = CARTESIAN_POINT ( 'NONE',  ( -8.570000000000005613, 8.599999999999999645, 0.9500000000000035083 ) ) ;
#8394 = VECTOR ( 'NONE', #7825, 1000.000000000000000 ) ;
#8395 = VECTOR ( 'NONE', #3544, 1000.000000000000000 ) ;
#8396 = VERTEX_POINT ( 'NONE', #11219 ) ;
#8397 = ORIENTED_EDGE ( 'NONE', *, *, #12699, .T. ) ;
#8398 = LINE ( 'NONE', #6423, #2964 ) ;
#8399 = DIRECTION ( 'NONE',  ( 1.110223024625150377E-16, 2.588040751299051575E-15, 1.000000000000000000 ) ) ;
#8400 = VECTOR ( 'NONE', #11115, 1000.000000000000000 ) ;
#8401 = CARTESIAN_POINT ( 'NONE',  ( 9.209999999999993747, 8.600000000000003197, 1.150000000000001910 ) ) ;
#8402 = SURFACE_SIDE_STYLE ('',( #12455 ) ) ;
#8403 = AXIS2_PLACEMENT_3D ( 'NONE', #9551, #294, #1437 ) ;
#8404 = ORIENTED_EDGE ( 'NONE', *, *, #9123, .F. ) ;
#8405 = ORIENTED_EDGE ( 'NONE', *, *, #2345, .T. ) ;
#8406 = DIRECTION ( 'NONE',  ( -1.000000000000000000, 0.000000000000000000, 1.110223024625156294E-16 ) ) ;
#8407 = FACE_OUTER_BOUND ( 'NONE', #13334, .T. ) ;
#8408 = DIRECTION ( 'NONE',  ( 1.110223024625156294E-16, -1.224646799147353207E-16, 1.000000000000000000 ) ) ;
#8409 = EDGE_CURVE ( 'NONE', #10547, #1224, #5857, .T. ) ;
#8410 = ORIENTED_EDGE ( 'NONE', *, *, #2274, .T. ) ;
#8411 = VECTOR ( 'NONE', #9181, 1000.000000000000000 ) ;
#8412 = FACE_OUTER_BOUND ( 'NONE', #4477, .T. ) ;
#8413 = ORIENTED_EDGE ( 'NONE', *, *, #5632, .T. ) ;
#8414 = CARTESIAN_POINT ( 'NONE',  ( 4.129999999999994564, 8.100000000000001421, 0.9500000000000020650 ) ) ;
#8415 = EDGE_CURVE ( 'NONE', #13360, #9302, #4781, .T. ) ;
#8416 = DIRECTION ( 'NONE',  ( -1.000000000000000000, 0.000000000000000000, 1.110223024625156294E-16 ) ) ;
#8417 = VERTEX_POINT ( 'NONE', #1877 ) ;
#8418 = DIRECTION ( 'NONE',  ( 1.855469160087460128E-16, -0.3713906763541040545, 0.9284766908852591927 ) ) ;
#8419 = DIRECTION ( 'NONE',  ( -1.110223024625156294E-16, 1.224646799147353207E-16, -1.000000000000000000 ) ) ;
#8420 = LINE ( 'NONE', #12543, #6581 ) ;
#8421 = EDGE_CURVE ( 'NONE', #13257, #10932, #9993, .T. ) ;
#8422 = ORIENTED_EDGE ( 'NONE', *, *, #12428, .T. ) ;
#8423 = DIRECTION ( 'NONE',  ( -1.000000000000000000, -2.220446049250312341E-16, 1.110223024625156047E-16 ) ) ;
#8424 = CARTESIAN_POINT ( 'NONE',  ( 7.169999999999997264, 0.2499999999999985012, 2.090000000000001634 ) ) ;
#8425 = DIRECTION ( 'NONE',  ( 0.5773502691896251759, 0.5773502691896271743, 0.5773502691896250649 ) ) ;
#8426 = CARTESIAN_POINT ( 'NONE',  ( -3.490000000000002434, 0.7499999999999972244, -0.9499999999999984013 ) ) ;
#8427 = DIRECTION ( 'NONE',  ( -2.220446049250312095E-16, 1.000000000000000000, 1.224646799147353207E-16 ) ) ;
#8428 = LINE ( 'NONE', #5575, #4496 ) ;
#8429 = ORIENTED_EDGE ( 'NONE', *, *, #1166, .F. ) ;
#8430 = ORIENTED_EDGE ( 'NONE', *, *, #6325, .T. ) ;
#8431 = VERTEX_POINT ( 'NONE', #12023 ) ;
#8432 = SURFACE_STYLE_FILL_AREA ( #4299 ) ;
#8433 = ORIENTED_EDGE ( 'NONE', *, *, #8614, .F. ) ;
#8434 = FACE_OUTER_BOUND ( 'NONE', #6352, .T. ) ;
#8435 = LINE ( 'NONE', #3083, #535 ) ;
#8436 = FACE_OUTER_BOUND ( 'NONE', #10237, .T. ) ;
#8437 = VERTEX_POINT ( 'NONE', #4848 ) ;
#8438 = CARTESIAN_POINT ( 'NONE',  ( 13.21500000000000163, -1.734723475976807094E-15, -3.624999999999998668 ) ) ;
#8439 = DIRECTION ( 'NONE',  ( 1.855469160087460128E-16, -0.3713906763541040545, 0.9284766908852591927 ) ) ;
#8440 = ADVANCED_FACE ( 'NONE', ( #1813 ), #5929, .T. ) ;
#8441 = ADVANCED_FACE ( 'NONE', ( #13034 ), #7972, .T. ) ;
#8442 = ORIENTED_EDGE ( 'NONE', *, *, #1658, .T. ) ;
#8443 = ORIENTED_EDGE ( 'NONE', *, *, #1211, .F. ) ;
#8444 = LINE ( 'NONE', #7298, #2547 ) ;
#8445 = SURFACE_STYLE_USAGE ( .BOTH. , #9390 ) ;
#8446 = CARTESIAN_POINT ( 'NONE',  ( 1.589999999999998082, 2.599999999999998312, -0.9499999999999988454 ) ) ;
#8447 = DIRECTION ( 'NONE',  ( 0.3481553119113962591, -0.8703882797784889824, 0.3481553119113957040 ) ) ;
#8448 = LINE ( 'NONE', #12573, #8334 ) ;
#8449 = ORIENTED_EDGE ( 'NONE', *, *, #8468, .F. ) ;
#8450 = CIRCLE ( 'NONE', #8874, 0.3362499999999997158 ) ;
#8451 = LINE ( 'NONE', #6278, #290 ) ;
#8452 = VERTEX_POINT ( 'NONE', #8979 ) ;
#8453 = VECTOR ( 'NONE', #1043, 1000.000000000000000 ) ;
#8454 = DIRECTION ( 'NONE',  ( -2.220446049250312095E-16, 1.000000000000000000, 1.224646799147353207E-16 ) ) ;
#8455 = EDGE_CURVE ( 'NONE', #2188, #2030, #1943, .T. ) ;
#8456 = EDGE_CURVE ( 'NONE', #4184, #6239, #10132, .T. ) ;
#8457 = ADVANCED_FACE ( 'NONE', ( #6061 ), #8100, .T. ) ;
#8458 = VERTEX_POINT ( 'NONE', #12158 ) ;
#8459 = VERTEX_POINT ( 'NONE', #10194 ) ;
#8460 = CARTESIAN_POINT ( 'NONE',  ( -13.02833333333330579, -0.5283333333333319892, 2.868333333333332735 ) ) ;
#8461 = CARTESIAN_POINT ( 'NONE',  ( -11.31000000000001293, 8.599999999999999645, 1.590000000000003855 ) ) ;
#8462 = DIRECTION ( 'NONE',  ( 1.000000000000000000, 0.000000000000000000, -1.110223024625156294E-16 ) ) ;
#8463 =( LENGTH_UNIT ( ) NAMED_UNIT ( * ) SI_UNIT ( .MILLI., .METRE. ) );
#8464 = VECTOR ( 'NONE', #9699, 1000.000000000000000 ) ;
#8465 = EDGE_CURVE ( 'NONE', #7086, #338, #5795, .T. ) ;
#8466 = ORIENTED_EDGE ( 'NONE', *, *, #7462, .T. ) ;
#8467 = EDGE_LOOP ( 'NONE', ( #5376, #8062, #3614, #12059 ) ) ;
#8468 = EDGE_CURVE ( 'NONE', #1958, #5666, #2760, .T. ) ;
#8469 = LINE ( 'NONE', #11708, #5862 ) ;
#8470 = FACE_OUTER_BOUND ( 'NONE', #4256, .T. ) ;
#8471 = VECTOR ( 'NONE', #5321, 1000.000000000000000 ) ;
#8472 = ORIENTED_EDGE ( 'NONE', *, *, #12258, .T. ) ;
#8473 = PLANE ( 'NONE',  #5585 ) ;
#8474 =( GEOMETRIC_REPRESENTATION_CONTEXT ( 3 ) GLOBAL_UNCERTAINTY_ASSIGNED_CONTEXT ( ( #5573 ) ) GLOBAL_UNIT_ASSIGNED_CONTEXT ( ( #11557, #9591, #5597 ) ) REPRESENTATION_CONTEXT ( 'NONE', 'WORKASPACE' ) );
#8475 = ORIENTED_EDGE ( 'NONE', *, *, #8465, .T. ) ;
#8476 = DIRECTION ( 'NONE',  ( 1.110223024625156294E-16, -1.224646799147353207E-16, 1.000000000000000000 ) ) ;
#8477 = CARTESIAN_POINT ( 'NONE',  ( -3.490000000000011315, 8.599999999999999645, 1.150000000000003686 ) ) ;
#8478 = VERTEX_POINT ( 'NONE', #2729 ) ;
#8479 = LINE ( 'NONE', #11587, #8363 ) ;
#8480 = CARTESIAN_POINT ( 'NONE',  ( -6.230000000000008420, -3.000000000000005329, -0.9499999999999987343 ) ) ;
#8481 = EDGE_CURVE ( 'NONE', #8909, #11112, #2603, .T. ) ;
#8482 = CARTESIAN_POINT ( 'NONE',  ( 0.4249999999999996558, 0.2499999999999967526, 3.625000000000002220 ) ) ;
#8483 = ORIENTED_EDGE ( 'NONE', *, *, #12841, .T. ) ;
#8484 = CARTESIAN_POINT ( 'NONE',  ( -5.656060606060617779, -1.565151515151523842, 1.963939393939392097 ) ) ;
#8485 = VECTOR ( 'NONE', #6382, 1000.000000000000000 ) ;
#8486 = LINE ( 'NONE', #238, #563 ) ;
#8487 = FACE_OUTER_BOUND ( 'NONE', #3891, .T. ) ;
#8488 = DIRECTION ( 'NONE',  ( 1.000000000000000000, 0.000000000000000000, -1.110223024625156294E-16 ) ) ;
#8489 = PLANE ( 'NONE',  #5466 ) ;
#8490 = CARTESIAN_POINT ( 'NONE',  ( 2.249999999999996003, 2.599999999999997424, 4.425000000000002487 ) ) ;
#8491 = EDGE_LOOP ( 'NONE', ( #2138, #6063, #7847, #8008 ) ) ;
#8492 = VERTEX_POINT ( 'NONE', #9898 ) ;
#8493 = VECTOR ( 'NONE', #74, 1000.000000000000000 ) ;
#8494 = ORIENTED_EDGE ( 'NONE', *, *, #183, .F. ) ;
#8495 = AXIS2_PLACEMENT_3D ( 'NONE', #8705, #8439, #7627 ) ;
#8496 = ORIENTED_EDGE ( 'NONE', *, *, #2580, .F. ) ;
#8497 = CARTESIAN_POINT ( 'NONE',  ( 16.53000000000000114, 0.2499999999999967526, -2.090000000000000746 ) ) ;
#8498 = CARTESIAN_POINT ( 'NONE',  ( -1.590000000000004299, 2.599999999999998312, -1.589999999999998304 ) ) ;
#8499 = CARTESIAN_POINT ( 'NONE',  ( -8.570000000000003837, 0.7499999999999981126, 0.9500000000000026201 ) ) ;
#8500 = CARTESIAN_POINT ( 'NONE',  ( -1.150000000000009459, 8.599999999999999645, -0.9499999999999978462 ) ) ;
#8501 = CARTESIAN_POINT ( 'NONE',  ( -1.150000000000007239, -3.000000000000004441, -1.149999999999999467 ) ) ;
#8502 = ORIENTED_EDGE ( 'NONE', *, *, #11267, .F. ) ;
#8503 = VECTOR ( 'NONE', #6062, 1000.000000000000000 ) ;
#8504 = LINE ( 'NONE', #11872, #6622 ) ;
#8505 = DIRECTION ( 'NONE',  ( -1.000000000000000000, 0.000000000000000000, 1.110223024625156294E-16 ) ) ;
#8506 = EDGE_CURVE ( 'NONE', #5421, #2820, #5699, .T. ) ;
#8507 =( NAMED_UNIT ( * ) SI_UNIT ( $, .STERADIAN. ) SOLID_ANGLE_UNIT ( ) );
#8508 = ORIENTED_EDGE ( 'NONE', *, *, #10780, .T. ) ;
#8509 = ORIENTED_EDGE ( 'NONE', *, *, #1508, .F. ) ;
#8510 = DIRECTION ( 'NONE',  ( 0.7071067811865490160, 0.7071067811865461294, -1.908525788164871536E-15 ) ) ;
#8511 = CARTESIAN_POINT ( 'NONE',  ( -11.75000000000000888, 8.599999999999999645, 1.590000000000003855 ) ) ;
#8512 = DIRECTION ( 'NONE',  ( 1.000000000000000000, 0.000000000000000000, -1.110223024625156294E-16 ) ) ;
#8513 = LINE ( 'NONE', #2365, #13077 ) ;
#8514 = EDGE_CURVE ( 'NONE', #2185, #4469, #8759, .T. ) ;
#8515 = ADVANCED_FACE ( 'NONE', ( #12878 ), #11862, .T. ) ;
#8516 = EDGE_LOOP ( 'NONE', ( #5593, #6145, #3033, #3379 ) ) ;
#8517 = DIRECTION ( 'NONE',  ( -1.000000000000000000, 0.000000000000000000, 0.000000000000000000 ) ) ;
#8518 = EDGE_LOOP ( 'NONE', ( #10365, #973, #9026, #5282 ) ) ;
#8519 = LINE ( 'NONE', #6616, #5022 ) ;
#8520 = AXIS2_PLACEMENT_3D ( 'NONE', #12914, #10683, #3648 ) ;
#8521 = ORIENTED_EDGE ( 'NONE', *, *, #6713, .T. ) ;
#8522 = VERTEX_POINT ( 'NONE', #2667 ) ;
#8523 = VECTOR ( 'NONE', #4370, 1000.000000000000000 ) ;
#8524 = VECTOR ( 'NONE', #517, 1000.000000000000000 ) ;
#8525 = CARTESIAN_POINT ( 'NONE',  ( -8.758484848484847873, 9.228787878787882093, 1.138484848484853096 ) ) ;
#8526 =( NAMED_UNIT ( * ) SI_UNIT ( $, .STERADIAN. ) SOLID_ANGLE_UNIT ( ) );
#8527 = LINE ( 'NONE', #4664, #6369 ) ;
#8528 = EDGE_CURVE ( 'NONE', #285, #5681, #10850, .T. ) ;
#8529 = EDGE_LOOP ( 'NONE', ( #7075, #11140, #9738, #7392 ) ) ;
#8530 = VECTOR ( 'NONE', #12156, 1000.000000000000000 ) ;
#8531 = EDGE_CURVE ( 'NONE', #895, #395, #4757, .T. ) ;
#8532 = ADVANCED_FACE ( 'NONE', ( #10788 ), #5578, .T. ) ;
#8533 = ORIENTED_EDGE ( 'NONE', *, *, #6549, .F. ) ;
#8534 = DIRECTION ( 'NONE',  ( 1.000000000000000000, 0.000000000000000000, -1.110223024625156294E-16 ) ) ;
#8535 = DIRECTION ( 'NONE',  ( -2.220446049250312095E-16, 1.000000000000000000, 1.224646799147353207E-16 ) ) ;
#8537 = CARTESIAN_POINT ( 'NONE',  ( 1.589999999999998082, 2.599999999999997868, 0.9500000000000016209 ) ) ;
#8536 = APPLICATION_CONTEXT ( 'automotive_design' ) ;
#8538 = EDGE_CURVE ( 'NONE', #4362, #10896, #3742, .T. ) ;
#8539 = EDGE_LOOP ( 'NONE', ( #3233, #1009, #11496, #919 ) ) ;
#8540 = CARTESIAN_POINT ( 'NONE',  ( -4.052424242424256917, 8.293939393939393057, 1.027575757575762028 ) ) ;
#8541 = ADVANCED_FACE ( 'NONE', ( #3548 ), #6852, .F. ) ;
#8542 = VECTOR ( 'NONE', #976, 1000.000000000000114 ) ;
#8543 = ADVANCED_FACE ( 'NONE', ( #10990 ), #3675, .F. ) ;
#8544 = ORIENTED_EDGE ( 'NONE', *, *, #9783, .F. ) ;
#8545 = FACE_OUTER_BOUND ( 'NONE', #12770, .T. ) ;
#8546 = CARTESIAN_POINT ( 'NONE',  ( -0.9500000000000035083, 8.100000000000001421, 1.590000000000002744 ) ) ;
#8547 = VECTOR ( 'NONE', #9525, 1000.000000000000000 ) ;
#8548 = VERTEX_POINT ( 'NONE', #3476 ) ;
#8549 = FACE_OUTER_BOUND ( 'NONE', #4538, .T. ) ;
#8550 = CARTESIAN_POINT ( 'NONE',  ( 6.029999999999999361, 8.599999999999996092, 1.590000000000001856 ) ) ;
#8551 = CARTESIAN_POINT ( 'NONE',  ( 0.9499999999999969580, 0.7499999999999981126, 0.9500000000000015099 ) ) ;
#8552 = ORIENTED_EDGE ( 'NONE', *, *, #7216, .T. ) ;
#8553 = DIRECTION ( 'NONE',  ( 1.000000000000000000, 0.000000000000000000, -1.110223024625156294E-16 ) ) ;
#8554 = CARTESIAN_POINT ( 'NONE',  ( 6.229999999999998650, 8.599999999999999645, 1.590000000000001856 ) ) ;
#8555 = CARTESIAN_POINT ( 'NONE',  ( -10.92500000000000071, 1.574999999999997735, 1.775000000000002354 ) ) ;
#8556 = LINE ( 'NONE', #6513, #8920 ) ;
#8557 = PLANE ( 'NONE',  #3413 ) ;
#8558 = VECTOR ( 'NONE', #6667, 1000.000000000000114 ) ;
#8559 = ADVANCED_FACE ( 'NONE', ( #2469 ), #6784, .F. ) ;
#8560 = ORIENTED_EDGE ( 'NONE', *, *, #12746, .T. ) ;
#8561 = ORIENTED_EDGE ( 'NONE', *, *, #4732, .F. ) ;
#8562 = EDGE_CURVE ( 'NONE', #7634, #10202, #10915, .T. ) ;
#8564 = ADVANCED_FACE ( 'NONE', ( #1721 ), #11798, .T. ) ;
#8563 = ORIENTED_EDGE ( 'NONE', *, *, #2033, .T. ) ;
#8565 = ORIENTED_EDGE ( 'NONE', *, *, #6411, .T. ) ;
#8566 = LINE ( 'NONE', #7554, #2302 ) ;
#8567 = VECTOR ( 'NONE', #7145, 1000.000000000000114 ) ;
#8568 = DIRECTION ( 'NONE',  ( -0.5773502691896242878, 0.5773502691896280625, 0.5773502691896249539 ) ) ;
#8569 = LINE ( 'NONE', #3356, #10894 ) ;
#8570 = DIRECTION ( 'NONE',  ( 1.110223024625156294E-16, -1.224646799147353207E-16, 1.000000000000000000 ) ) ;
#8571 = CARTESIAN_POINT ( 'NONE',  ( 16.53000000000000114, 0.2499999999999967526, -2.090000000000000746 ) ) ;
#8572 = VERTEX_POINT ( 'NONE', #4501 ) ;
#8573 = FACE_OUTER_BOUND ( 'NONE', #9603, .T. ) ;
#8574 = CARTESIAN_POINT ( 'NONE',  ( 12.25000000000000711, 0.2499999999999958922, -0.4500000000000000666 ) ) ;
#8575 = DIRECTION ( 'NONE',  ( -1.000000000000000000, 0.000000000000000000, 1.110223024625156294E-16 ) ) ;
#8576 = EDGE_CURVE ( 'NONE', #2054, #2346, #2540, .T. ) ;
#8577 = VECTOR ( 'NONE', #3490, 1000.000000000000000 ) ;
#8578 = VECTOR ( 'NONE', #7262, 1000.000000000000000 ) ;
#8579 = ORIENTED_EDGE ( 'NONE', *, *, #5761, .T. ) ;
#8580 = ORIENTED_EDGE ( 'NONE', *, *, #11232, .T. ) ;
#8581 = FACE_OUTER_BOUND ( 'NONE', #2565, .T. ) ;
#8582 = ORIENTED_EDGE ( 'NONE', *, *, #8118, .T. ) ;
#8583 = DIRECTION ( 'NONE',  ( -2.220446049250312095E-16, 1.000000000000000000, 1.224646799147353207E-16 ) ) ;
#8584 = EDGE_CURVE ( 'NONE', #12231, #6454, #12754, .T. ) ;
#8585 = PLANE ( 'NONE',  #13200 ) ;
#8586 = CARTESIAN_POINT ( 'NONE',  ( 13.21500000000000163, -1.734723475976807094E-15, -3.624999999999998668 ) ) ;
#8587 = CARTESIAN_POINT ( 'NONE',  ( -9.034242424242426850, -2.939393939393943000, -1.125757575757577289 ) ) ;
#8588 = ORIENTED_EDGE ( 'NONE', *, *, #3082, .F. ) ;
#8589 = PLANE ( 'NONE',  #9138 ) ;
#8590 = VECTOR ( 'NONE', #4492, 1000.000000000000000 ) ;
#8591 = ORIENTED_EDGE ( 'NONE', *, *, #5105, .T. ) ;
#8592 = EDGE_CURVE ( 'NONE', #526, #5537, #9771, .T. ) ;
#8593 = CARTESIAN_POINT ( 'NONE',  ( 8.569999999999998508, -2.500000000000003109, 0.9500000000000001776 ) ) ;
#8594 = AXIS2_PLACEMENT_3D ( 'NONE', #6642, #6771, #560 ) ;
#8595 = VECTOR ( 'NONE', #7110, 1000.000000000000000 ) ;
#8596 = ORIENTED_EDGE ( 'NONE', *, *, #4815, .F. ) ;
#8597 = VERTEX_POINT ( 'NONE', #13239 ) ;
#8598 = VECTOR ( 'NONE', #4958, 1000.000000000000000 ) ;
#8599 = LINE ( 'NONE', #415, #605 ) ;
#8600 = CARTESIAN_POINT ( 'NONE',  ( 0.9499999999999975131, -2.500000000000003997, -0.9499999999999994005 ) ) ;
#8601 = DIRECTION ( 'NONE',  ( 1.110223024625156294E-16, -1.224646799147353207E-16, 1.000000000000000000 ) ) ;
#8602 = FACE_OUTER_BOUND ( 'NONE', #3592, .T. ) ;
#8603 = ORIENTED_EDGE ( 'NONE', *, *, #2769, .T. ) ;
#8604 = VECTOR ( 'NONE', #1355, 1000.000000000000000 ) ;
#8605 = ORIENTED_EDGE ( 'NONE', *, *, #3159, .T. ) ;
#8606 = PLANE ( 'NONE',  #10841 ) ;
#8607 = VECTOR ( 'NONE', #9768, 1000.000000000000000 ) ;
#8608 = VECTOR ( 'NONE', #1537, 1000.000000000000000 ) ;
#8609 = FACE_OUTER_BOUND ( 'NONE', #12847, .T. ) ;
#8610 = LINE ( 'NONE', #2250, #2554 ) ;
#8611 = ORIENTED_EDGE ( 'NONE', *, *, #6887, .T. ) ;
#8612 = EDGE_CURVE ( 'NONE', #11666, #5794, #8843, .T. ) ;
#8613 = LINE ( 'NONE', #2388, #9687 ) ;
#8614 = EDGE_CURVE ( 'NONE', #3884, #2069, #3843, .T. ) ;
#8615 = AXIS2_PLACEMENT_3D ( 'NONE', #4678, #6839, #432 ) ;
#8616 = VECTOR ( 'NONE', #7595, 1000.000000000000000 ) ;
#8617 = VERTEX_POINT ( 'NONE', #734 ) ;
#8618 = CARTESIAN_POINT ( 'NONE',  ( -1.590000000000003633, 0.7499999999999981126, 0.9500000000000018430 ) ) ;
#8619 = DIRECTION ( 'NONE',  ( -2.220446049250312095E-16, 1.000000000000000000, 1.224646799147353207E-16 ) ) ;
#8620 = VERTEX_POINT ( 'NONE', #10878 ) ;
#8621 = FACE_BOUND ( 'NONE', #9964, .T. ) ;
#8622 = DIRECTION ( 'NONE',  ( 2.220446049250312095E-16, -1.000000000000000000, -1.224646799147353207E-16 ) ) ;
#8623 = ORIENTED_EDGE ( 'NONE', *, *, #7312, .F. ) ;
#8624 = LINE ( 'NONE', #3468, #11274 ) ;
#8625 = ADVANCED_FACE ( 'NONE', ( #7833 ), #9925, .F. ) ;
#8626 = AXIS2_PLACEMENT_3D ( 'NONE', #932, #3157, #8376 ) ;
#8627 = DIRECTION ( 'NONE',  ( 1.000000000000000000, 0.000000000000000000, -1.110223024625156294E-16 ) ) ;
#8628 = LINE ( 'NONE', #4686, #10446 ) ;
#8629 = CARTESIAN_POINT ( 'NONE',  ( -1.150000000000006795, -3.000000000000004441, 1.390000000000000790 ) ) ;
#8630 = ADVANCED_FACE ( 'NONE', ( #4849 ), #8980, .F. ) ;
#8631 = ORIENTED_EDGE ( 'NONE', *, *, #2738, .F. ) ;
#8632 = ADVANCED_FACE ( 'NONE', ( #6884 ), #2693, .F. ) ;
#8633 = ORIENTED_EDGE ( 'NONE', *, *, #13351, .F. ) ;
#8634 = DIRECTION ( 'NONE',  ( -1.110223024625156294E-16, 1.224646799147353207E-16, -1.000000000000000000 ) ) ;
#8635 = ORIENTED_EDGE ( 'NONE', *, *, #9546, .F. ) ;
#8636 = VECTOR ( 'NONE', #11420, 1000.000000000000000 ) ;
#8637 = ORIENTED_EDGE ( 'NONE', *, *, #10492, .F. ) ;
#8638 = FACE_OUTER_BOUND ( 'NONE', #2039, .T. ) ;
#8639 = CARTESIAN_POINT ( 'NONE',  ( -6.669999999999997264, -32.81321928319991343, -1.590000000000002300 ) ) ;
#8640 = DIRECTION ( 'NONE',  ( 1.110223024625156294E-16, -1.224646799147353207E-16, 1.000000000000000000 ) ) ;
#8641 = FACE_OUTER_BOUND ( 'NONE', #10015, .T. ) ;
#8642 = CARTESIAN_POINT ( 'NONE',  ( -15.48000000000000398, 0.2499999999999967526, 1.650000000000002798 ) ) ;
#8643 = EDGE_LOOP ( 'NONE', ( #2000, #7368, #828, #8650 ) ) ;
#8644 = ADVANCED_FACE ( 'NONE', ( #3974 ), #11152, .F. ) ;
#8645 = DIRECTION ( 'NONE',  ( 1.000000000000000000, 0.000000000000000000, -1.110223024625156294E-16 ) ) ;
#8646 = LINE ( 'NONE', #2417, #12599 ) ;
#8647 = VECTOR ( 'NONE', #13353, 1000.000000000000000 ) ;
#8648 = DIRECTION ( 'NONE',  ( 1.000000000000000000, 0.000000000000000000, -1.110223024625156294E-16 ) ) ;
#8649 = ORIENTED_EDGE ( 'NONE', *, *, #7828, .F. ) ;
#8650 = ORIENTED_EDGE ( 'NONE', *, *, #8415, .F. ) ;
#8651 = DIRECTION ( 'NONE',  ( 1.110223024625156294E-16, -1.224646799147353207E-16, 1.000000000000000000 ) ) ;
#8652 = EDGE_LOOP ( 'NONE', ( #3729, #5052, #6339, #10941 ) ) ;
#8653 = DIRECTION ( 'NONE',  ( -2.220446049250312095E-16, 1.000000000000000000, 1.224646799147353207E-16 ) ) ;
#8654 = CARTESIAN_POINT ( 'NONE',  ( 11.74999999999999645, 2.599999999999998312, 1.590000000000000746 ) ) ;
#8655 = LINE ( 'NONE', #3635, #12402 ) ;
#8656 = VERTEX_POINT ( 'NONE', #4782 ) ;
#8657 = EDGE_CURVE ( 'NONE', #11418, #6534, #9050, .T. ) ;
#8658 = DIRECTION ( 'NONE',  ( 1.110223024625156294E-16, -1.224646799147352961E-16, 1.000000000000000000 ) ) ;
#8659 = VERTEX_POINT ( 'NONE', #12024 ) ;
#8660 = CARTESIAN_POINT ( 'NONE',  ( 3.490000000000001990, -3.000000000000004441, 1.590000000000000968 ) ) ;
#8661 = ADVANCED_FACE ( 'NONE', ( #3771 ), #12095, .F. ) ;
#8662 = VERTEX_POINT ( 'NONE', #3698 ) ;
#8663 = ORIENTED_EDGE ( 'NONE', *, *, #257, .F. ) ;
#8664 = LINE ( 'NONE', #12785, #5571 ) ;
#8665 = PLANE ( 'NONE',  #7153 ) ;
#8666 = FACE_BOUND ( 'NONE', #13297, .T. ) ;
#8667 = ORIENTED_EDGE ( 'NONE', *, *, #1629, .T. ) ;
#8668 = VECTOR ( 'NONE', #6244, 1000.000000000000000 ) ;
#8669 = ORIENTED_EDGE ( 'NONE', *, *, #1105, .T. ) ;
#8670 = CARTESIAN_POINT ( 'NONE',  ( -0.9500000000000036193, 8.600000000000001421, 1.590000000000002744 ) ) ;
#8671 = DIRECTION ( 'NONE',  ( 2.220446049250312095E-16, -1.000000000000000000, -1.224646799147353207E-16 ) ) ;
#8672 = VERTEX_POINT ( 'NONE', #5999 ) ;
#8673 = CARTESIAN_POINT ( 'NONE',  ( 1.589999999999996971, 8.599999999999999645, 1.590000000000002300 ) ) ;
#8674 = VECTOR ( 'NONE', #5097, 1000.000000000000000 ) ;
#8675 = ORIENTED_EDGE ( 'NONE', *, *, #6124, .F. ) ;
#8676 = CARTESIAN_POINT ( 'NONE',  ( -9.210000000000007958, 8.099999999999999645, -0.9499999999999969580 ) ) ;
#8677 = DIRECTION ( 'NONE',  ( -0.3481553119113956485, -0.8703882797784890935, 0.3481553119113957595 ) ) ;
#8678 = LINE ( 'NONE', #4810, #411 ) ;
#8679 = EDGE_LOOP ( 'NONE', ( #10668, #6539, #5154, #11211 ) ) ;
#8680 = FACE_BOUND ( 'NONE', #1669, .T. ) ;
#8681 = CARTESIAN_POINT ( 'NONE',  ( -13.64000000000000945, -2.602085213965210642E-15, -3.624999999999996003 ) ) ;
#8682 = ORIENTED_EDGE ( 'NONE', *, *, #9018, .F. ) ;
#8683 = LINE ( 'NONE', #9495, #10401 ) ;
#8684 = CIRCLE ( 'NONE', #2420, 0.4250000000000001554 ) ;
#8685 = DIRECTION ( 'NONE',  ( 2.821527733676277528E-15, -1.224646799147354193E-16, 1.000000000000000000 ) ) ;
#8686 = FACE_OUTER_BOUND ( 'NONE', #3099, .T. ) ;
#8687 = DIRECTION ( 'NONE',  ( -2.220446049250312095E-16, 1.000000000000000000, 1.224646799147353207E-16 ) ) ;
#8688 = EDGE_LOOP ( 'NONE', ( #73, #2027, #631, #592 ) ) ;
#8689 = ORIENTED_EDGE ( 'NONE', *, *, #8697, .F. ) ;
#8690 = DIRECTION ( 'NONE',  ( -1.000000000000000000, 0.000000000000000000, 1.110223024625156294E-16 ) ) ;
#8691 = VERTEX_POINT ( 'NONE', #13177 ) ;
#8692 = VECTOR ( 'NONE', #8191, 1000.000000000000000 ) ;
#8693 = ORIENTED_EDGE ( 'NONE', *, *, #11367, .F. ) ;
#8694 = CARTESIAN_POINT ( 'NONE',  ( -2.250000000000005773, 9.099999999999999645, 4.425000000000003375 ) ) ;
#8695 = DIRECTION ( 'NONE',  ( 0.5773502691896250649, -0.5773502691896279515, 0.5773502691896243988 ) ) ;
#8696 = CARTESIAN_POINT ( 'NONE',  ( -6.030000000000002025, -2.500000000000004885, 0.9500000000000017319 ) ) ;
#8697 = EDGE_CURVE ( 'NONE', #4520, #915, #4717, .T. ) ;
#8698 = VECTOR ( 'NONE', #6476, 1000.000000000000000 ) ;
#8699 = EDGE_CURVE ( 'NONE', #9770, #7876, #6815, .T. ) ;
#8700 = EDGE_CURVE ( 'NONE', #6775, #6114, #869, .T. ) ;
#8701 = DIRECTION ( 'NONE',  ( -0.9284766908852590817, -0.3713906763541042766, 5.759937970183641537E-17 ) ) ;
#8702 = DIRECTION ( 'NONE',  ( 1.000000000000000000, 0.000000000000000000, -1.110223024625156294E-16 ) ) ;
#8703 = ORIENTED_EDGE ( 'NONE', *, *, #3151, .T. ) ;
#8704 = CARTESIAN_POINT ( 'NONE',  ( -3.930000000000011706, -3.000000000000002665, -0.9499999999999990674 ) ) ;
#8705 = CARTESIAN_POINT ( 'NONE',  ( 1.589999999999996971, 8.599999999999999645, 1.150000000000002798 ) ) ;
#8707 = VECTOR ( 'NONE', #2299, 1000.000000000000000 ) ;
#8706 = DIRECTION ( 'NONE',  ( 1.110223024625156294E-16, -1.224646799147353207E-16, 1.000000000000000000 ) ) ;
#8708 = ADVANCED_FACE ( 'NONE', ( #10064 ), #5730, .T. ) ;
#8709 = VERTEX_POINT ( 'NONE', #1746 ) ;
#8710 = ADVANCED_FACE ( 'NONE', ( #2890 ), #2628, .F. ) ;
#8711 = ORIENTED_EDGE ( 'NONE', *, *, #9765, .F. ) ;
#8712 = EDGE_CURVE ( 'NONE', #13153, #1479, #6746, .T. ) ;
#8713 = DIRECTION ( 'NONE',  ( 1.000000000000000000, 0.000000000000000000, -1.110223024625156294E-16 ) ) ;
#8714 = ORIENTED_EDGE ( 'NONE', *, *, #8040, .F. ) ;
#8715 = CARTESIAN_POINT ( 'NONE',  ( 3.929999999999995275, 8.599999999999999645, -1.149999999999998579 ) ) ;
#8716 = DIRECTION ( 'NONE',  ( -0.3481553119113961481, 0.8703882797784888714, 0.3481553119113960371 ) ) ;
#8717 = PLANE ( 'NONE',  #5920 ) ;
#8718 = VECTOR ( 'NONE', #7001, 1000.000000000000114 ) ;
#8719 = ORIENTED_EDGE ( 'NONE', *, *, #7665, .F. ) ;
#8720 = DIRECTION ( 'NONE',  ( -1.000000000000000000, 0.000000000000000000, 1.110223024625156294E-16 ) ) ;
#8721 = ORIENTED_EDGE ( 'NONE', *, *, #8213, .F. ) ;
#8722 = VECTOR ( 'NONE', #5715, 1000.000000000000000 ) ;
#8723 = DIRECTION ( 'NONE',  ( -1.110223024625156294E-16, 1.224646799147353207E-16, -1.000000000000000000 ) ) ;
#8724 = EDGE_LOOP ( 'NONE', ( #10552, #870, #7363, #8596 ) ) ;
#8725 = ORIENTED_EDGE ( 'NONE', *, *, #5722, .T. ) ;
#8726 = EDGE_CURVE ( 'NONE', #11409, #11916, #4038, .T. ) ;
#8727 = EDGE_CURVE ( 'NONE', #11378, #3378, #6129, .T. ) ;
#8728 = DIRECTION ( 'NONE',  ( 2.220446049250312095E-16, -1.000000000000000000, -1.224646799147353207E-16 ) ) ;
#8729 = DIRECTION ( 'NONE',  ( 1.110223024625156294E-16, -1.224646799147353207E-16, 1.000000000000000000 ) ) ;
#8730 = DIRECTION ( 'NONE',  ( 2.220446049250311848E-16, -1.000000000000000000, -1.224646799147353454E-16 ) ) ;
#8731 = EDGE_CURVE ( 'NONE', #3067, #8431, #8236, .T. ) ;
#8732 = LINE ( 'NONE', #9808, #12837 ) ;
#8733 = ORIENTED_EDGE ( 'NONE', *, *, #1015, .T. ) ;
#8734 = EDGE_LOOP ( 'NONE', ( #9986, #6856, #7757, #4826 ) ) ;
#8735 = DIRECTION ( 'NONE',  ( -0.3481553119113961481, 0.8703882797784888714, 0.3481553119113960371 ) ) ;
#8736 = VECTOR ( 'NONE', #4792, 999.9999999999998863 ) ;
#8737 = PLANE ( 'NONE',  #13009 ) ;
#8738 = CARTESIAN_POINT ( 'NONE',  ( 9.209999999999993747, 8.600000000000003197, 1.590000000000001412 ) ) ;
#8739 = CARTESIAN_POINT ( 'NONE',  ( -12.25000000000000711, 0.2499999999999967526, 4.425000000000003375 ) ) ;
#8740 = VECTOR ( 'NONE', #1941, 1000.000000000000000 ) ;
#8741 = VERTEX_POINT ( 'NONE', #5188 ) ;
#8742 = LINE ( 'NONE', #10628, #12720 ) ;
#8743 = ORIENTED_EDGE ( 'NONE', *, *, #9193, .F. ) ;
#8744 = VECTOR ( 'NONE', #8447, 999.9999999999998863 ) ;
#8745 = DIRECTION ( 'NONE',  ( 1.110223024625156294E-16, -1.224646799147353207E-16, 1.000000000000000000 ) ) ;
#8746 = DIRECTION ( 'NONE',  ( -1.000000000000000000, -2.220446049250312341E-16, 1.110223024625156047E-16 ) ) ;
#8747 = DIRECTION ( 'NONE',  ( 2.220446049250312095E-16, -1.000000000000000000, -1.224646799147353207E-16 ) ) ;
#8748 = VERTEX_POINT ( 'NONE', #7085 ) ;
#8749 = CARTESIAN_POINT ( 'NONE',  ( -0.4050000000000124056, 2.799999999999997602, 1.590000000000002078 ) ) ;
#8750 = VERTEX_POINT ( 'NONE', #928 ) ;
#8751 = LINE ( 'NONE', #3603, #7383 ) ;
#8752 = EDGE_CURVE ( 'NONE', #1144, #9598, #10461, .T. ) ;
#8753 = VECTOR ( 'NONE', #4567, 1000.000000000000000 ) ;
#8754 = DIRECTION ( 'NONE',  ( -2.220446049250312095E-16, 1.000000000000000000, 1.224646799147353207E-16 ) ) ;
#8755 = DIRECTION ( 'NONE',  ( -0.3481553119113961481, 0.8703882797784888714, 0.3481553119113960371 ) ) ;
#8756 = CARTESIAN_POINT ( 'NONE',  ( 9.210000000000000853, 8.100000000000003197, -0.9499999999999989564 ) ) ;
#8757 = ORIENTED_EDGE ( 'NONE', *, *, #5496, .T. ) ;
#8758 = EDGE_LOOP ( 'NONE', ( #9506, #10234, #902, #1911 ) ) ;
#8759 = LINE ( 'NONE', #11731, #4593 ) ;
#8760 = FACE_OUTER_BOUND ( 'NONE', #5413, .T. ) ;
#8761 = ORIENTED_EDGE ( 'NONE', *, *, #5072, .T. ) ;
#8762 = LINE ( 'NONE', #1984, #4466 ) ;
#8763 = CARTESIAN_POINT ( 'NONE',  ( 16.53000000000000114, 0.2499999999999976130, -4.425000000000001599 ) ) ;
#8764 = CARTESIAN_POINT ( 'NONE',  ( -0.9500000000000036193, 8.600000000000001421, 1.590000000000002744 ) ) ;
#8765 = DIRECTION ( 'NONE',  ( 2.220446049250312095E-16, -1.000000000000000000, -1.224646799147353207E-16 ) ) ;
#8766 = CARTESIAN_POINT ( 'NONE',  ( -1.336666666666661563, -3.133333333333334192, -1.336666666666667780 ) ) ;
#8767 = EDGE_LOOP ( 'NONE', ( #9753, #2501, #11076, #9882 ) ) ;
#8768 = VECTOR ( 'NONE', #4901, 1000.000000000000114 ) ;
#8769 = CARTESIAN_POINT ( 'NONE',  ( 11.11000000000000476, -2.500000000000003997, -0.9500000000000003997 ) ) ;
#8770 = PLANE ( 'NONE',  #2658 ) ;
#8771 = EDGE_CURVE ( 'NONE', #3831, #1872, #9446, .T. ) ;
#8772 = ORIENTED_EDGE ( 'NONE', *, *, #11540, .F. ) ;
#8773 = EDGE_CURVE ( 'NONE', #2681, #6892, #11281, .T. ) ;
#8774 = ADVANCED_FACE ( 'NONE', ( #8304 ), #2215, .F. ) ;
#8775 = ORIENTED_EDGE ( 'NONE', *, *, #142, .F. ) ;
#8776 = DIRECTION ( 'NONE',  ( 2.220446049250312095E-16, -1.000000000000000000, -1.224646799147353207E-16 ) ) ;
#8777 = ORIENTED_EDGE ( 'NONE', *, *, #3323, .F. ) ;
#8778 = PRESENTATION_STYLE_ASSIGNMENT (( #6741 ) ) ;
#8779 = LINE ( 'NONE', #12898, #10255 ) ;
#8780 = CARTESIAN_POINT ( 'NONE',  ( -16.53000000000001180, 9.100000000000003197, -4.424999999999996270 ) ) ;
#8781 = ORIENTED_EDGE ( 'NONE', *, *, #2287, .T. ) ;
#8782 = CARTESIAN_POINT ( 'NONE',  ( 12.12393939393939490, 7.165151515151513273, 1.963939393939391209 ) ) ;
#8783 = ORIENTED_EDGE ( 'NONE', *, *, #13330, .F. ) ;
#8784 = PLANE ( 'NONE',  #7922 ) ;
#8785 = EDGE_CURVE ( 'NONE', #5537, #11247, #6193, .T. ) ;
#8786 = ORIENTED_EDGE ( 'NONE', *, *, #7167, .F. ) ;
#8787 = VERTEX_POINT ( 'NONE', #8173 ) ;
#8788 = EDGE_CURVE ( 'NONE', #9006, #10123, #7284, .T. ) ;
#8789 = EDGE_CURVE ( 'NONE', #5364, #13059, #1064, .T. ) ;
#8790 = DIRECTION ( 'NONE',  ( -0.7071067811865491270, 0.7071067811865459074, 1.651002285577380499E-16 ) ) ;
#8791 = CARTESIAN_POINT ( 'NONE',  ( 11.74999999999999467, 8.600000000000001421, -0.9499999999999992895 ) ) ;
#8792 = DIRECTION ( 'NONE',  ( -2.220446049250312095E-16, 1.000000000000000000, 1.224646799147353207E-16 ) ) ;
#8793 = DIRECTION ( 'NONE',  ( -0.3481553119113935946, -0.8703882797784899816, 0.3481553119113957595 ) ) ;
#8794 = VERTEX_POINT ( 'NONE', #3021 ) ;
#8795 = EDGE_LOOP ( 'NONE', ( #4660, #1971, #7424, #739 ) ) ;
#8796 = DIRECTION ( 'NONE',  ( 0.3481553119113958150, 0.8703882797784890935, 0.3481553119113959260 ) ) ;
#8797 = CARTESIAN_POINT ( 'NONE',  ( -8.967826481409701009E-15, -4.336808689942017736E-15, 3.625000000000002220 ) ) ;
#8798 = VECTOR ( 'NONE', #3040, 1000.000000000000000 ) ;
#8799 = DIRECTION ( 'NONE',  ( 1.110223024625156294E-16, -1.224646799147352961E-16, 1.000000000000000000 ) ) ;
#8800 = VECTOR ( 'NONE', #13018, 1000.000000000000000 ) ;
#8801 = EDGE_LOOP ( 'NONE', ( #10585, #8777, #10870, #10698 ) ) ;
#8802 = DIRECTION ( 'NONE',  ( -1.000000000000000000, 0.000000000000000000, 1.110223024625156294E-16 ) ) ;
#8803 = EDGE_LOOP ( 'NONE', ( #7050, #10477, #9173, #7452 ) ) ;
#8804 = FACE_OUTER_BOUND ( 'NONE', #8, .T. ) ;
#8805 = VECTOR ( 'NONE', #12032, 1000.000000000000000 ) ;
#8806 = FACE_OUTER_BOUND ( 'NONE', #11253, .T. ) ;
#8807 = ORIENTED_EDGE ( 'NONE', *, *, #11909, .T. ) ;
#8808 = AXIS2_PLACEMENT_3D ( 'NONE', #8739, #7989, #12861 ) ;
#8809 = DIRECTION ( 'NONE',  ( -2.220446049250312095E-16, 1.000000000000000000, 1.224646799147353207E-16 ) ) ;
#8810 = ORIENTED_EDGE ( 'NONE', *, *, #11626, .F. ) ;
#8811 = DIRECTION ( 'NONE',  ( -2.220446049250312095E-16, 1.000000000000000000, 1.224646799147353207E-16 ) ) ;
#8812 = ADVANCED_FACE ( 'NONE', ( #7357 ), #1944, .T. ) ;
#8813 = AXIS2_PLACEMENT_3D ( 'NONE', #5564, #494, #4613 ) ;
#8814 = CARTESIAN_POINT ( 'NONE',  ( -9.710000000000006182, 0.2499999999999958922, 4.425000000000002487 ) ) ;
#8815 = AXIS2_PLACEMENT_3D ( 'NONE', #653, #1802, #5919 ) ;
#8816 = LINE ( 'NONE', #11124, #5372 ) ;
#8817 = EDGE_CURVE ( 'NONE', #4741, #8343, #2011, .T. ) ;
#8818 = ORIENTED_EDGE ( 'NONE', *, *, #8468, .T. ) ;
#8819 = DIRECTION ( 'NONE',  ( 0.5773502691896235106, -0.5773502691896282846, 0.5773502691896256200 ) ) ;
#8820 = EDGE_LOOP ( 'NONE', ( #11848, #10938, #3447, #3461 ) ) ;
#8821 = EDGE_CURVE ( 'NONE', #10916, #10767, #11417, .T. ) ;
#8822 = ORIENTED_EDGE ( 'NONE', *, *, #11421, .F. ) ;
#8823 = LINE ( 'NONE', #8884, #7276 ) ;
#8824 = CARTESIAN_POINT ( 'NONE',  ( -6.029999999999995808, -32.81321928319991343, -1.590000000000002300 ) ) ;
#8825 = DIRECTION ( 'NONE',  ( -1.110223024625156294E-16, 1.224646799147353207E-16, -1.000000000000000000 ) ) ;
#8826 = VECTOR ( 'NONE', #5025, 1000.000000000000000 ) ;
#8827 = DIRECTION ( 'NONE',  ( -2.220446049250312095E-16, 1.000000000000000000, 1.224646799147353207E-16 ) ) ;
#8828 = PLANE ( 'NONE',  #9583 ) ;
#8829 = VERTEX_POINT ( 'NONE', #5051 ) ;
#8830 = CARTESIAN_POINT ( 'NONE',  ( -6.670000000000006146, 8.100000000000003197, 1.590000000000003189 ) ) ;
#8831 = CARTESIAN_POINT ( 'NONE',  ( 1.389999999999991021, 8.599999999999997868, -0.9499999999999980682 ) ) ;
#8832 = DIRECTION ( 'NONE',  ( -2.220446049250312095E-16, 1.000000000000000000, 1.224646799147353207E-16 ) ) ;
#8833 = VECTOR ( 'NONE', #9333, 1000.000000000000000 ) ;
#8834 = ORIENTED_EDGE ( 'NONE', *, *, #6411, .F. ) ;
#8835 = ORIENTED_EDGE ( 'NONE', *, *, #13259, .F. ) ;
#8836 = LINE ( 'NONE', #7966, #1903 ) ;
#8837 = ORIENTED_EDGE ( 'NONE', *, *, #2527, .F. ) ;
#8838 = CARTESIAN_POINT ( 'NONE',  ( -16.53000000000001180, 9.100000000000001421, -3.774999999999995470 ) ) ;
#8839 = CARTESIAN_POINT ( 'NONE',  ( 11.54999999999999538, 8.599999999999999645, 1.590000000000001412 ) ) ;
#8840 = CARTESIAN_POINT ( 'NONE',  ( -1.590000000000002744, -3.000000000000004441, 1.150000000000001910 ) ) ;
#8841 = ORIENTED_EDGE ( 'NONE', *, *, #5137, .T. ) ;
#8842 = FACE_OUTER_BOUND ( 'NONE', #13228, .T. ) ;
#8843 = LINE ( 'NONE', #12969, #4364 ) ;
#8844 = EDGE_LOOP ( 'NONE', ( #8188, #12466, #524, #2360 ) ) ;
#8845 = ADVANCED_FACE ( 'NONE', ( #994 ), #9380, .F. ) ;
#8846 = CARTESIAN_POINT ( 'NONE',  ( 12.25000000000000355, 0.2499999999999950040, 4.424999999999999822 ) ) ;
#8847 = VECTOR ( 'NONE', #12171, 1000.000000000000114 ) ;
#8848 = EDGE_LOOP ( 'NONE', ( #3287, #1945, #9367, #5088 ) ) ;
#8849 = ORIENTED_EDGE ( 'NONE', *, *, #971, .F. ) ;
#8850 = FACE_OUTER_BOUND ( 'NONE', #1769, .T. ) ;
#8851 = CARTESIAN_POINT ( 'NONE',  ( 8.823333333333339468, -3.133333333333333304, -1.336666666666669112 ) ) ;
#8852 = LINE ( 'NONE', #2900, #9779 ) ;
#8853 = DIRECTION ( 'NONE',  ( 2.220446049250311848E-16, -1.000000000000000000, -1.224646799147353454E-16 ) ) ;
#8854 = ORIENTED_EDGE ( 'NONE', *, *, #2239, .F. ) ;
#8855 = ORIENTED_EDGE ( 'NONE', *, *, #2344, .T. ) ;
#8856 = CARTESIAN_POINT ( 'NONE',  ( 0.9499999999999966249, 2.599999999999997868, 1.590000000000001856 ) ) ;
#8857 = EDGE_CURVE ( 'NONE', #2795, #7999, #9245, .T. ) ;
#8858 = EDGE_CURVE ( 'NONE', #9375, #292, #2955, .T. ) ;
#8859 = CARTESIAN_POINT ( 'NONE',  ( -3.690000000000010161, 8.599999999999997868, -0.9499999999999975131 ) ) ;
#8860 = EDGE_CURVE ( 'NONE', #806, #9131, #4239, .T. ) ;
#8861 = PRESENTATION_STYLE_ASSIGNMENT (( #10766 ) ) ;
#8862 = ORIENTED_EDGE ( 'NONE', *, *, #667, .T. ) ;
#8863 = CARTESIAN_POINT ( 'NONE',  ( 15.47999999999999510, 8.500000000000001776, 3.175000000000000711 ) ) ;
#8864 = VERTEX_POINT ( 'NONE', #1532 ) ;
#8865 = EDGE_CURVE ( 'NONE', #7565, #11310, #253, .T. ) ;
#8866 = CARTESIAN_POINT ( 'NONE',  ( -11.93500000000001116, 1.574999999999998179, 1.775000000000002576 ) ) ;
#8867 = CARTESIAN_POINT ( 'NONE',  ( 1.589999999999998526, 0.7499999999999972244, 0.9500000000000013989 ) ) ;
#8868 = EDGE_CURVE ( 'NONE', #7929, #3531, #9581, .T. ) ;
#8869 = LINE ( 'NONE', #12991, #6227 ) ;
#8870 = ORIENTED_EDGE ( 'NONE', *, *, #4155, .T. ) ;
#8871 = PLANE ( 'NONE',  #12432 ) ;
#8872 = ORIENTED_EDGE ( 'NONE', *, *, #11195, .T. ) ;
#8873 = DIRECTION ( 'NONE',  ( 1.000000000000000000, 0.000000000000000000, -1.110223024625156294E-16 ) ) ;
#8874 = AXIS2_PLACEMENT_3D ( 'NONE', #7316, #7448, #2308 ) ;
#8875 = SURFACE_SIDE_STYLE ('',( #6715 ) ) ;
#8876 = CARTESIAN_POINT ( 'NONE',  ( 6.669999999999997264, -2.500000000000003109, 0.9500000000000003997 ) ) ;
#8877 = CARTESIAN_POINT ( 'NONE',  ( 6.029999999999994031, 8.099999999999999645, -0.9499999999999986233 ) ) ;
#8878 = VERTEX_POINT ( 'NONE', #6597 ) ;
#8879 = DIRECTION ( 'NONE',  ( 1.110223024625156294E-16, -1.224646799147352961E-16, 1.000000000000000000 ) ) ;
#8880 = ADVANCED_FACE ( 'NONE', ( #8436 ), #2414, .F. ) ;
#8881 = ORIENTED_EDGE ( 'NONE', *, *, #3706, .T. ) ;
#8882 = ADVANCED_FACE ( 'NONE', ( #9781 ), #4372, .T. ) ;
#8883 = ORIENTED_EDGE ( 'NONE', *, *, #8699, .F. ) ;
#8884 = CARTESIAN_POINT ( 'NONE',  ( 11.10999999999999943, 8.099999999999999645, 1.590000000000001412 ) ) ;
#8885 = DIRECTION ( 'NONE',  ( 0.9284766908852591927, -0.3713906763541040545, -1.485638603078812808E-16 ) ) ;
#8886 = CARTESIAN_POINT ( 'NONE',  ( 8.069999999999996732, 0.2499999999999976130, 2.090000000000001634 ) ) ;
#8887 = DIRECTION ( 'NONE',  ( 7.850462293418890625E-17, 0.7071067811865460184, 0.7071067811865490160 ) ) ;
#8888 = VECTOR ( 'NONE', #10044, 1000.000000000000000 ) ;
#8889 = CARTESIAN_POINT ( 'NONE',  ( 3.743333333333336288, -3.133333333333335080, 1.203333333333330257 ) ) ;
#8890 = DIRECTION ( 'NONE',  ( 1.359631073446890508E-32, 1.000000000000000000, 1.224646799147352961E-16 ) ) ;
#8891 = ORIENTED_EDGE ( 'NONE', *, *, #4052, .T. ) ;
#8892 = VECTOR ( 'NONE', #85, 1000.000000000000000 ) ;
#8893 = PLANE ( 'NONE',  #12687 ) ;
#8894 = DIRECTION ( 'NONE',  ( -1.000000000000000000, 0.000000000000000000, 1.110223024625156294E-16 ) ) ;
#8895 = DIRECTION ( 'NONE',  ( -1.000000000000000000, 0.000000000000000000, 1.110223024625156294E-16 ) ) ;
#8896 = AXIS2_PLACEMENT_3D ( 'NONE', #7135, #7269, #11402 ) ;
#8897 = ORIENTED_EDGE ( 'NONE', *, *, #7004, .T. ) ;
#8898 = COLOUR_RGB ( '',0.2000000000000000111, 0.2000000000000000111, 0.2000000000000000111 ) ;
#8899 = EDGE_LOOP ( 'NONE', ( #11153, #11403, #8834, #2146 ) ) ;
#8900 = LINE ( 'NONE', #13171, #3858 ) ;
#8901 = ORIENTED_EDGE ( 'NONE', *, *, #3428, .T. ) ;
#8902 = VECTOR ( 'NONE', #5128, 1000.000000000000000 ) ;
#8903 = DIRECTION ( 'NONE',  ( -0.3481553119113956485, -0.8703882797784890935, 0.3481553119113957595 ) ) ;
#8904 = LINE ( 'NONE', #10940, #5277 ) ;
#8905 = ORIENTED_EDGE ( 'NONE', *, *, #3318, .T. ) ;
#8906 = LINE ( 'NONE', #13238, #1143 ) ;
#8907 = ADVANCED_FACE ( 'NONE', ( #7624 ), #6668, .F. ) ;
#8908 = DIRECTION ( 'NONE',  ( 1.000000000000000000, 0.000000000000000000, -1.110223024625156294E-16 ) ) ;
#8909 = VERTEX_POINT ( 'NONE', #388 ) ;
#8910 = VECTOR ( 'NONE', #11264, 1000.000000000000000 ) ;
#8911 = DIRECTION ( 'NONE',  ( 2.599483128751245825E-15, 1.224646799147352221E-16, -1.000000000000000000 ) ) ;
#8912 = ORIENTED_EDGE ( 'NONE', *, *, #7706, .F. ) ;
#8913 = ORIENTED_EDGE ( 'NONE', *, *, #2857, .F. ) ;
#8914 = ADVANCED_FACE ( 'NONE', ( #6397 ), #321, .F. ) ;
#8915 = VECTOR ( 'NONE', #6682, 1000.000000000000227 ) ;
#8916 = LINE ( 'NONE', #8043, #4917 ) ;
#8917 = DIRECTION ( 'NONE',  ( -1.000000000000000000, 0.000000000000000000, 1.110223024625156294E-16 ) ) ;
#8918 = FACE_OUTER_BOUND ( 'NONE', #382, .T. ) ;
#8919 = LINE ( 'NONE', #13046, #3983 ) ;
#8920 = VECTOR ( 'NONE', #7546, 1000.000000000000000 ) ;
#8921 = PLANE ( 'NONE',  #4442 ) ;
#8922 = ORIENTED_EDGE ( 'NONE', *, *, #13322, .F. ) ;
#8923 = VERTEX_POINT ( 'NONE', #11547 ) ;
#8924 = CARTESIAN_POINT ( 'NONE',  ( 3.489999999999992220, 8.100000000000001421, -0.9499999999999984013 ) ) ;
#8925 = PLANE ( 'NONE',  #10417 ) ;
#8926 =( LENGTH_UNIT ( ) NAMED_UNIT ( * ) SI_UNIT ( .MILLI., .METRE. ) );
#8927 = ORIENTED_EDGE ( 'NONE', *, *, #6617, .T. ) ;
#8928 = VECTOR ( 'NONE', #8755, 999.9999999999998863 ) ;
#8929 = LINE ( 'NONE', #12117, #11857 ) ;
#8931 = VERTEX_POINT ( 'NONE', #8501 ) ;
#8930 = EDGE_CURVE ( 'NONE', #13182, #4707, #1468, .T. ) ;
#8932 = LINE ( 'NONE', #3869, #2537 ) ;
#8933 = EDGE_CURVE ( 'NONE', #11010, #4954, #12628, .T. ) ;
#8935 = VERTEX_POINT ( 'NONE', #3358 ) ;
#8934 = ADVANCED_FACE ( 'NONE', ( #5587 ), #11806, .F. ) ;
#8936 = CARTESIAN_POINT ( 'NONE',  ( 3.490000000000001990, -3.000000000000004441, 1.390000000000000346 ) ) ;
#8937 = CARTESIAN_POINT ( 'NONE',  ( -0.9500000000000037303, 8.600000000000001421, 1.390000000000002123 ) ) ;
#8938 = ORIENTED_EDGE ( 'NONE', *, *, #5906, .F. ) ;
#8939 = VECTOR ( 'NONE', #1223, 1000.000000000000000 ) ;
#8940 = DIRECTION ( 'NONE',  ( 1.359631073446890508E-32, 1.000000000000000000, 1.224646799147352961E-16 ) ) ;
#8941 = VERTEX_POINT ( 'NONE', #7490 ) ;
#8942 = CARTESIAN_POINT ( 'NONE',  ( -9.395000000000010232, 1.574999999999997069, 1.775000000000002132 ) ) ;
#8943 = VECTOR ( 'NONE', #2228, 1000.000000000000000 ) ;
#8944 = ADVANCED_FACE ( 'NONE', ( #11611 ), #12562, .F. ) ;
#8945 = LINE ( 'NONE', #3606, #4262 ) ;
#8946 = DIRECTION ( 'NONE',  ( -1.110223024625156294E-16, 1.224646799147353207E-16, -1.000000000000000000 ) ) ;
#8947 = EDGE_CURVE ( 'NONE', #9956, #8275, #3286, .T. ) ;
#8948 = UNCERTAINTY_MEASURE_WITH_UNIT (LENGTH_MEASURE( 1.000000000000000082E-05 ), #5949, 'distance_accuracy_value', 'NONE');
#8949 = CARTESIAN_POINT ( 'NONE',  ( 9.394999999999997797, 1.574999999999998179, 1.774999999999999911 ) ) ;
#8950 = AXIS2_PLACEMENT_3D ( 'NONE', #3167, #2296, #7159 ) ;
#8951 = ORIENTED_EDGE ( 'NONE', *, *, #11103, .T. ) ;
#8952 = CARTESIAN_POINT ( 'NONE',  ( -4.130000000000003446, -3.000000000000002665, -1.149999999999999023 ) ) ;
#8953 = DIRECTION ( 'NONE',  ( -2.220446049250312095E-16, 1.000000000000000000, 1.224646799147353207E-16 ) ) ;
#8954 = AXIS2_PLACEMENT_3D ( 'NONE', #7685, #4637, #3487 ) ;
#8955 = ORIENTED_EDGE ( 'NONE', *, *, #10546, .T. ) ;
#8956 = CARTESIAN_POINT ( 'NONE',  ( 6.030000000000002025, -3.000000000000004441, -1.389999999999999236 ) ) ;
#8957 = DIRECTION ( 'NONE',  ( 1.110223024625156294E-16, -1.224646799147353207E-16, 1.000000000000000000 ) ) ;
#8958 = DIRECTION ( 'NONE',  ( 1.000000000000000000, 0.000000000000000000, -1.110223024625156294E-16 ) ) ;
#8959 = DIRECTION ( 'NONE',  ( -1.000000000000000000, 0.000000000000000000, 1.110223024625156294E-16 ) ) ;
#8960 = VECTOR ( 'NONE', #8695, 1000.000000000000114 ) ;
#8961 = DIRECTION ( 'NONE',  ( 1.000000000000000000, 0.000000000000000000, 0.000000000000000000 ) ) ;
#8962 = DIRECTION ( 'NONE',  ( 2.220446049250312095E-16, -1.000000000000000000, -1.224646799147353207E-16 ) ) ;
#8963 = EDGE_LOOP ( 'NONE', ( #6605, #201, #12996, #1203 ) ) ;
#8964 = CARTESIAN_POINT ( 'NONE',  ( 16.53000000000000114, 0.2499999999999967526, 2.090000000000000746 ) ) ;
#8965 = CARTESIAN_POINT ( 'NONE',  ( 12.12393939393939846, -1.565151515151523842, 1.963939393939389877 ) ) ;
#8966 = LINE ( 'NONE', #2945, #619 ) ;
#8967 = EDGE_CURVE ( 'NONE', #11813, #4599, #9648, .T. ) ;
#8968 = ORIENTED_EDGE ( 'NONE', *, *, #547, .F. ) ;
#8969 = VECTOR ( 'NONE', #11986, 1000.000000000000000 ) ;
#8970 = ORIENTED_EDGE ( 'NONE', *, *, #23, .T. ) ;
#8971 = CARTESIAN_POINT ( 'NONE',  ( 16.53000000000000114, 0.2499999999999967526, -1.649999999999999689 ) ) ;
#8972 = ORIENTED_EDGE ( 'NONE', *, *, #2514, .F. ) ;
#8973 = PLANE ( 'NONE',  #13000 ) ;
#8974 = AXIS2_PLACEMENT_3D ( 'NONE', #3904, #4984, #5793 ) ;
#8975 = DIRECTION ( 'NONE',  ( 1.649305920077741323E-16, -0.9284766908852591927, -0.3713906763541040545 ) ) ;
#8976 = PLANE ( 'NONE',  #13054 ) ;
#8977 = ORIENTED_EDGE ( 'NONE', *, *, #11505, .T. ) ;
#8978 = AXIS2_PLACEMENT_3D ( 'NONE', #844, #6037, #11127 ) ;
#8979 = CARTESIAN_POINT ( 'NONE',  ( -11.31000000000001293, 8.599999999999999645, -1.389999999999995905 ) ) ;
#8980 = PLANE ( 'NONE',  #10200 ) ;
#8981 = ORIENTED_EDGE ( 'NONE', *, *, #4898, .F. ) ;
#8982 = DIRECTION ( 'NONE',  ( 1.110223024625162210E-16, -2.832970111128507277E-15, 1.000000000000000000 ) ) ;
#8983 = EDGE_CURVE ( 'NONE', #8672, #10353, #5517, .T. ) ;
#8984 = DIRECTION ( 'NONE',  ( 1.000000000000000000, 0.000000000000000000, -1.110223024625156294E-16 ) ) ;
#8985 = ORIENTED_EDGE ( 'NONE', *, *, #3301, .F. ) ;
#8986 = ORIENTED_EDGE ( 'NONE', *, *, #12836, .F. ) ;
#8987 = ADVANCED_FACE ( 'NONE', ( #4572 ), #7559, .F. ) ;
#8988 = CARTESIAN_POINT ( 'NONE',  ( -5.530000000000001137, 0.2499999999999967526, 4.425000000000061995 ) ) ;
#8989 = CARTESIAN_POINT ( 'NONE',  ( 14.37999999999999901, 9.100000000000001421, -4.424999999999999822 ) ) ;
#8990 = DIRECTION ( 'NONE',  ( 2.370923225189696878E-16, -1.224646799147352714E-16, 1.000000000000000000 ) ) ;
#8991 = EDGE_CURVE ( 'NONE', #11483, #11008, #3683, .T. ) ;
#8992 = CARTESIAN_POINT ( 'NONE',  ( 11.28575757575759830, -2.939393939393943000, -1.125757575757579509 ) ) ;
#8993 = DIRECTION ( 'NONE',  ( 2.599483128751245825E-15, 1.224646799147352221E-16, -1.000000000000000000 ) ) ;
#8994 = ORIENTED_EDGE ( 'NONE', *, *, #9626, .F. ) ;
#8995 = VECTOR ( 'NONE', #11933, 1000.000000000000000 ) ;
#8996 = ORIENTED_EDGE ( 'NONE', *, *, #206, .T. ) ;
#8997 = CARTESIAN_POINT ( 'NONE',  ( -9.132424242424246330, 8.293939393939387728, -1.512424242424236231 ) ) ;
#8998 = CARTESIAN_POINT ( 'NONE',  ( 1.149999999999996581, -3.000000000000004441, -0.9499999999999995115 ) ) ;
#8999 = CARTESIAN_POINT ( 'NONE',  ( -16.53000000000001180, 0.2499999999999985012, -4.424999999999998046 ) ) ;
#9000 = ORIENTED_EDGE ( 'NONE', *, *, #6166, .F. ) ;
#9001 = PLANE ( 'NONE',  #11225 ) ;
#9002 = AXIS2_PLACEMENT_3D ( 'NONE', #2480, #6601, #9719 ) ;
#9003 = AXIS2_PLACEMENT_3D ( 'NONE', #8956, #3745, #5704 ) ;
#9004 = ORIENTED_EDGE ( 'NONE', *, *, #9141, .F. ) ;
#9005 = LINE ( 'NONE', #13061, #4258 ) ;
#9006 = VERTEX_POINT ( 'NONE', #8018 ) ;
#9007 = CARTESIAN_POINT ( 'NONE',  ( 11.74999999999999822, 8.100000000000001421, -0.9499999999999992895 ) ) ;
#9008 = DIRECTION ( 'NONE',  ( 2.220446049250312095E-16, -1.000000000000000000, -1.224646799147353207E-16 ) ) ;
#9009 = ORIENTED_EDGE ( 'NONE', *, *, #12241, .F. ) ;
#9010 = VECTOR ( 'NONE', #11177, 1000.000000000000000 ) ;
#9011 = AXIS2_PLACEMENT_3D ( 'NONE', #29, #10438, #1171 ) ;
#9012 = DIRECTION ( 'NONE',  ( -2.220446049250312095E-16, 1.000000000000000000, 1.224646799147353207E-16 ) ) ;
#9013 = ORIENTED_EDGE ( 'NONE', *, *, #5632, .F. ) ;
#9014 = DIRECTION ( 'NONE',  ( 1.110223024625156294E-16, -1.224646799147353207E-16, 1.000000000000000000 ) ) ;
#9015 = AXIS2_PLACEMENT_3D ( 'NONE', #4619, #9703, #11659 ) ;
#9016 = EDGE_CURVE ( 'NONE', #6321, #8691, #7954, .T. ) ;
#9017 = CARTESIAN_POINT ( 'NONE',  ( 0.9499999999999970690, 0.7499999999999981126, 1.590000000000001634 ) ) ;
#9018 = EDGE_CURVE ( 'NONE', #2210, #3761, #7756, .T. ) ;
#9019 = EDGE_CURVE ( 'NONE', #1610, #7484, #1797, .T. ) ;
#9020 = CARTESIAN_POINT ( 'NONE',  ( -4.130000000000003446, -32.81321928319991343, -0.9500000000000025091 ) ) ;
#9021 = AXIS2_PLACEMENT_3D ( 'NONE', #3568, #8510, #6538 ) ;
#9022 = ORIENTED_EDGE ( 'NONE', *, *, #12836, .T. ) ;
#9023 = LINE ( 'NONE', #776, #8122 ) ;
#9024 = VECTOR ( 'NONE', #3291, 1000.000000000000000 ) ;
#9025 = PLANE ( 'NONE',  #7285 ) ;
#9026 = ORIENTED_EDGE ( 'NONE', *, *, #2577, .T. ) ;
#9027 = LINE ( 'NONE', #1791, #1438 ) ;
#9028 = FACE_OUTER_BOUND ( 'NONE', #2962, .T. ) ;
#9029 = CARTESIAN_POINT ( 'NONE',  ( 3.490000000000001545, -32.81321928319991343, -1.590000000000003189 ) ) ;
#9030 = CARTESIAN_POINT ( 'NONE',  ( 8.569999999999998508, -2.500000000000003109, -1.589999999999999858 ) ) ;
#9031 = LINE ( 'NONE', #3889, #4629 ) ;
#9032 = PLANE ( 'NONE',  #298 ) ;
#9033 = EDGE_LOOP ( 'NONE', ( #1422, #8231, #3307, #8772, #11098, #12792, #10678, #2195, #10021, #10749, #12768, #1273 ) ) ;
#9034 = VECTOR ( 'NONE', #9706, 1000.000000000000000 ) ;
#9035 = EDGE_CURVE ( 'NONE', #3967, #12176, #11139, .T. ) ;
#9036 = EDGE_CURVE ( 'NONE', #2003, #126, #4832, .T. ) ;
#9037 = LINE ( 'NONE', #3685, #10947 ) ;
#9038 = DIRECTION ( 'NONE',  ( 1.000000000000000000, 0.000000000000000000, -1.110223024625156294E-16 ) ) ;
#9039 = CARTESIAN_POINT ( 'NONE',  ( 0.9499999999999978462, -3.000000000000004441, 1.150000000000001688 ) ) ;
#9040 = EDGE_LOOP ( 'NONE', ( #3960, #8605, #5250, #8483 ) ) ;
#9041 = ORIENTED_EDGE ( 'NONE', *, *, #9184, .T. ) ;
#9042 = VECTOR ( 'NONE', #2994, 1000.000000000000000 ) ;
#9043 = DIRECTION ( 'NONE',  ( 1.110223024625150377E-16, 2.588040751299051575E-15, 1.000000000000000000 ) ) ;
#9044 = VERTEX_POINT ( 'NONE', #2742 ) ;
#9045 = CARTESIAN_POINT ( 'NONE',  ( -6.029999999999995808, -32.81321928319991343, -0.9500000000000023981 ) ) ;
#9046 = CARTESIAN_POINT ( 'NONE',  ( -6.670000000000004370, 0.7499999999999972244, -1.589999999999998082 ) ) ;
#9047 = EDGE_CURVE ( 'NONE', #2381, #11297, #2610, .T. ) ;
#9048 = LINE ( 'NONE', #8032, #4838 ) ;
#9049 = DIRECTION ( 'NONE',  ( -1.000000000000000000, 0.000000000000000000, 1.110223024625156294E-16 ) ) ;
#9050 = LINE ( 'NONE', #11885, #11090 ) ;
#9051 = ORIENTED_EDGE ( 'NONE', *, *, #7761, .T. ) ;
#9052 = DIRECTION ( 'NONE',  ( -1.110223024625156294E-16, 1.224646799147353207E-16, -1.000000000000000000 ) ) ;
#9053 = DIRECTION ( 'NONE',  ( -0.9284766908852596368, 0.3713906763541028333, 1.485638603078811822E-16 ) ) ;
#9054 = VECTOR ( 'NONE', #6976, 1000.000000000000000 ) ;
#9055 = ORIENTED_EDGE ( 'NONE', *, *, #2646, .F. ) ;
#9056 = EDGE_LOOP ( 'NONE', ( #8841, #3719, #9462, #533 ) ) ;
#9057 = DIRECTION ( 'NONE',  ( -2.821527733676277528E-15, 1.224646799147354193E-16, -1.000000000000000000 ) ) ;
#9058 = CARTESIAN_POINT ( 'NONE',  ( -0.4050000000000136269, 8.100000000000001421, 0.9500000000000025091 ) ) ;
#9059 = EDGE_CURVE ( 'NONE', #4873, #10802, #11937, .T. ) ;
#9060 = LINE ( 'NONE', #7911, #9555 ) ;
#9061 = DIRECTION ( 'NONE',  ( -0.3481553119113939831, 0.8703882797784897596, 0.3481553119113959816 ) ) ;
#9062 = CARTESIAN_POINT ( 'NONE',  ( 8.069999999999996732, 0.2499999999999967526, 4.425000000000000711 ) ) ;
#9063 = ORIENTED_EDGE ( 'NONE', *, *, #3486, .T. ) ;
#9064 = ORIENTED_EDGE ( 'NONE', *, *, #187, .T. ) ;
#9065 = LINE ( 'NONE', #13191, #1402 ) ;
#9066 = DIRECTION ( 'NONE',  ( 1.110223024625156294E-16, -1.224646799147352961E-16, 1.000000000000000000 ) ) ;
#9067 = CARTESIAN_POINT ( 'NONE',  ( -8.570000000000005613, 8.099999999999999645, 1.590000000000003411 ) ) ;
#9068 = CLOSED_SHELL ( 'NONE', ( #1961, #5069, #2690, #11851, #6874, #7464, #5799, #10010, #9140, #5423, #1827, #9960, #12181, #6932 ) ) ;
#9069 = ORIENTED_EDGE ( 'NONE', *, *, #9899, .F. ) ;
#9070 = DIRECTION ( 'NONE',  ( 0.9284766908852591927, -0.3713906763541040545, -1.485638603078812808E-16 ) ) ;
#9071 = CARTESIAN_POINT ( 'NONE',  ( 0.9499999999999954037, 8.100000000000001421, 1.590000000000002522 ) ) ;
#9072 = ORIENTED_EDGE ( 'NONE', *, *, #11884, .T. ) ;
#9073 = CARTESIAN_POINT ( 'NONE',  ( -4.130000000000005222, 8.100000000000001421, 0.9500000000000029532 ) ) ;
#9074 = ORIENTED_EDGE ( 'NONE', *, *, #3723, .T. ) ;
#9075 = PLANE ( 'NONE',  #1339 ) ;
#9076 = CARTESIAN_POINT ( 'NONE',  ( 11.75000000000000000, 0.7499999999999963363, 1.590000000000000524 ) ) ;
#9077 = ORIENTED_EDGE ( 'NONE', *, *, #11759, .T. ) ;
#9078 = PLANE ( 'NONE',  #13069 ) ;
#9079 = ORIENTED_EDGE ( 'NONE', *, *, #11906, .T. ) ;
#9080 = CARTESIAN_POINT ( 'NONE',  ( -3.490000000000011315, 8.100000000000001421, 1.590000000000003189 ) ) ;
#9081 = EDGE_CURVE ( 'NONE', #8709, #3210, #2810, .T. ) ;
#9082 = CARTESIAN_POINT ( 'NONE',  ( -0.4050000000000135714, 8.100000000000001421, 1.590000000000002744 ) ) ;
#9083 = SURFACE_STYLE_USAGE ( .BOTH. , #5024 ) ;
#9084 = CARTESIAN_POINT ( 'NONE',  ( 8.569999999999998508, -3.000000000000004441, 1.150000000000001021 ) ) ;
#9085 = VERTEX_POINT ( 'NONE', #6795 ) ;
#9086 = PLANE ( 'NONE',  #2293 ) ;
#9087 = DIRECTION ( 'NONE',  ( 2.220446049250312095E-16, -1.000000000000000000, -1.224646799147353207E-16 ) ) ;
#9088 = ORIENTED_EDGE ( 'NONE', *, *, #4480, .T. ) ;
#9089 = CARTESIAN_POINT ( 'NONE',  ( 16.53000000000000114, 0.2499999999999967526, -2.090000000000000746 ) ) ;
#9090 = DIRECTION ( 'NONE',  ( 1.000000000000000000, 0.000000000000000000, -1.110223024625156294E-16 ) ) ;
#9091 = AXIS2_PLACEMENT_3D ( 'NONE', #3029, #12365, #6206 ) ;
#9092 = CARTESIAN_POINT ( 'NONE',  ( 0.9500000000000041744, -32.81321928319991343, -0.9500000000000030642 ) ) ;
#9093 = LINE ( 'NONE', #7753, #9317 ) ;
#9094 = VECTOR ( 'NONE', #11173, 1000.000000000000000 ) ;
#9095 = FACE_OUTER_BOUND ( 'NONE', #7611, .T. ) ;
#9096 = DIRECTION ( 'NONE',  ( -0.3481553119113937056, -0.8703882797784899816, -0.3481553119113958705 ) ) ;
#9097 = VERTEX_POINT ( 'NONE', #11065 ) ;
#9098 = PLANE ( 'NONE',  #371 ) ;
#9099 = PLANE ( 'NONE',  #3965 ) ;
#9100 = CARTESIAN_POINT ( 'NONE',  ( 1.589999999999996971, 8.599999999999999645, 1.150000000000002798 ) ) ;
#9101 = ORIENTED_EDGE ( 'NONE', *, *, #5956, .T. ) ;
#9102 = ORIENTED_EDGE ( 'NONE', *, *, #9229, .F. ) ;
#9103 = AXIS2_PLACEMENT_3D ( 'NONE', #1850, #6094, #89 ) ;
#9104 = EDGE_CURVE ( 'NONE', #11349, #4503, #2875, .T. ) ;
#9105 = DIRECTION ( 'NONE',  ( 1.110223024625156294E-16, -1.224646799147352961E-16, 1.000000000000000000 ) ) ;
#9106 = ORIENTED_EDGE ( 'NONE', *, *, #12311, .F. ) ;
#9107 = CARTESIAN_POINT ( 'NONE',  ( -8.570000000000005613, 8.099999999999999645, -0.9499999999999969580 ) ) ;
#9108 = ADVANCED_FACE ( 'NONE', ( #581 ), #10047, .F. ) ;
#9109 = ADVANCED_FACE ( 'NONE', ( #13016 ), #9032, .F. ) ;
#9110 = DIRECTION ( 'NONE',  ( -1.000000000000000000, 0.000000000000000000, 1.110223024625156294E-16 ) ) ;
#9111 = CARTESIAN_POINT ( 'NONE',  ( 3.490000000000001101, 0.7499999999999972244, 0.9500000000000011768 ) ) ;
#9112 = CARTESIAN_POINT ( 'NONE',  ( -5.484999999999998543, -2.500000000000004885, -0.9499999999999986233 ) ) ;
#9113 = DIRECTION ( 'NONE',  ( 1.110223024625162210E-16, -2.832970111128502150E-15, 1.000000000000000000 ) ) ;
#9114 = ORIENTED_EDGE ( 'NONE', *, *, #5150, .T. ) ;
#9115 = DIRECTION ( 'NONE',  ( -1.110223024625156294E-16, 1.224646799147353207E-16, -1.000000000000000000 ) ) ;
#9116 = CARTESIAN_POINT ( 'NONE',  ( -9.009999999999999787, -3.000000000000004441, 1.590000000000002300 ) ) ;
#9117 = VECTOR ( 'NONE', #1814, 1000.000000000000000 ) ;
#9118 = EDGE_CURVE ( 'NONE', #1920, #2092, #10999, .T. ) ;
#9119 = VECTOR ( 'NONE', #4957, 1000.000000000000114 ) ;
#9120 = ADVANCED_FACE ( 'NONE', ( #13163 ), #12144, .F. ) ;
#9121 = STYLED_ITEM ( 'NONE', ( #9253 ), #1974 ) ;
#9122 = VERTEX_POINT ( 'NONE', #4700 ) ;
#9123 = EDGE_CURVE ( 'NONE', #6283, #5494, #3890, .T. ) ;
#9124 = ORIENTED_EDGE ( 'NONE', *, *, #10101, .T. ) ;
#9125 = CARTESIAN_POINT ( 'NONE',  ( 16.53000000000000114, 0.2499999999999967526, 2.090000000000000746 ) ) ;
#9126 = LINE ( 'NONE', #6010, #8847 ) ;
#9127 = DIRECTION ( 'NONE',  ( -1.110223024625156294E-16, 1.224646799147353207E-16, -1.000000000000000000 ) ) ;
#9128 = DIRECTION ( 'NONE',  ( -0.3481553119113939831, 0.8703882797784897596, 0.3481553119113959816 ) ) ;
#9129 = CARTESIAN_POINT ( 'NONE',  ( -6.494242424242425038, -2.939393939393944777, -1.125757575757577733 ) ) ;
#9130 = VECTOR ( 'NONE', #10825, 999.9999999999998863 ) ;
#9131 = VERTEX_POINT ( 'NONE', #518 ) ;
#9132 = ORIENTED_EDGE ( 'NONE', *, *, #11581, .T. ) ;
#9133 = CARTESIAN_POINT ( 'NONE',  ( 3.490000000000001101, 0.7499999999999981126, -1.589999999999998970 ) ) ;
#9134 = DIRECTION ( 'NONE',  ( -1.000000000000000000, 0.000000000000000000, 1.110223024625156294E-16 ) ) ;
#9135 = EDGE_CURVE ( 'NONE', #12228, #9782, #4638, .T. ) ;
#9136 = ORIENTED_EDGE ( 'NONE', *, *, #6103, .T. ) ;
#9137 = LINE ( 'NONE', #13264, #4731 ) ;
#9138 = AXIS2_PLACEMENT_3D ( 'NONE', #12716, #3442, #7576 ) ;
#9139 = CARTESIAN_POINT ( 'NONE',  ( -6.670000000000005258, 2.599999999999998312, -0.9499999999999978462 ) ) ;
#9140 = ADVANCED_FACE ( 'NONE', ( #1596 ), #8828, .F. ) ;
#9141 = EDGE_CURVE ( 'NONE', #12456, #7340, #914, .T. ) ;
#9142 = CARTESIAN_POINT ( 'NONE',  ( 11.10999999999999766, 2.600000000000000089, 0.9500000000000006217 ) ) ;
#9143 = ORIENTED_EDGE ( 'NONE', *, *, #8860, .T. ) ;
#9144 = CARTESIAN_POINT ( 'NONE',  ( -8.570000000000005613, 8.599999999999999645, -1.589999999999996749 ) ) ;
#9145 = SURFACE_STYLE_USAGE ( .BOTH. , #12190 ) ;
#9146 = ORIENTED_EDGE ( 'NONE', *, *, #2498, .T. ) ;
#9147 = ORIENTED_EDGE ( 'NONE', *, *, #8227, .F. ) ;
#9148 = CYLINDRICAL_SURFACE ( 'NONE', #7812, 0.3250000000000001221 ) ;
#9149 = AXIS2_PLACEMENT_3D ( 'NONE', #5982, #5712, #4902 ) ;
#9150 = VECTOR ( 'NONE', #43, 1000.000000000000000 ) ;
#9151 = LINE ( 'NONE', #11381, #9890 ) ;
#9152 = PRESENTATION_STYLE_ASSIGNMENT (( #9083 ) ) ;
#9153 = CARTESIAN_POINT ( 'NONE',  ( -6.030000000000002913, 2.599999999999997868, 1.590000000000002522 ) ) ;
#9154 = VERTEX_POINT ( 'NONE', #13364 ) ;
#9155 = CARTESIAN_POINT ( 'NONE',  ( 11.67242424242430054, -2.693939393939393412, 1.027575757575759141 ) ) ;
#9156 = CARTESIAN_POINT ( 'NONE',  ( 16.53000000000000114, 0.2499999999999967526, -0.4500000000000005107 ) ) ;
#9157 = ORIENTED_EDGE ( 'NONE', *, *, #10464, .T. ) ;
#9158 = LINE ( 'NONE', #12205, #10948 ) ;
#9159 = FACE_OUTER_BOUND ( 'NONE', #12126, .T. ) ;
#9160 = FACE_OUTER_BOUND ( 'NONE', #11647, .T. ) ;
#9161 = EDGE_CURVE ( 'NONE', #1309, #6321, #7343, .T. ) ;
#9162 = DIRECTION ( 'NONE',  ( 2.220446049250311848E-16, -1.000000000000000000, -1.224646799147353454E-16 ) ) ;
#9163 = DIRECTION ( 'NONE',  ( 2.220446049250312095E-16, -1.000000000000000000, -1.224646799147353207E-16 ) ) ;
#9164 = CARTESIAN_POINT ( 'NONE',  ( -1.590000000000005187, 8.100000000000001421, 1.590000000000002744 ) ) ;
#9165 = ORIENTED_EDGE ( 'NONE', *, *, #1722, .T. ) ;
#9166 = COLOUR_RGB ( '',0.8705882352941176627, 0.6313725490196078205, 0.1725490196078431349 ) ;
#9167 = DIRECTION ( 'NONE',  ( 1.110223024625156294E-16, -1.224646799147353207E-16, 1.000000000000000000 ) ) ;
#9168 = CARTESIAN_POINT ( 'NONE',  ( 1.027575757575757809, 8.293939393939389504, 1.027575757575761140 ) ) ;
#9169 = CARTESIAN_POINT ( 'NONE',  ( 11.75000000000000000, 0.7499999999999963363, 0.9500000000000002887 ) ) ;
#9170 = AXIS2_PLACEMENT_3D ( 'NONE', #4169, #10394, #4037 ) ;
#9171 = AXIS2_PLACEMENT_3D ( 'NONE', #6215, #2097, #1894 ) ;
#9172 = VERTEX_POINT ( 'NONE', #6251 ) ;
#9173 = ORIENTED_EDGE ( 'NONE', *, *, #3805, .F. ) ;
#9174 = AXIS2_PLACEMENT_3D ( 'NONE', #8169, #2152, #4104 ) ;
#9175 = ORIENTED_EDGE ( 'NONE', *, *, #9689, .T. ) ;
#9176 = LINE ( 'NONE', #13300, #5491 ) ;
#9177 = CARTESIAN_POINT ( 'NONE',  ( -8.770000000000010232, -3.000000000000004441, 1.390000000000001679 ) ) ;
#9178 = CARTESIAN_POINT ( 'NONE',  ( -13.21500000000000163, -2.602085213965210642E-15, -3.624999999999996003 ) ) ;
#9179 = VERTEX_POINT ( 'NONE', #8356 ) ;
#9180 = CARTESIAN_POINT ( 'NONE',  ( 15.47999999999999687, 2.599999999999998757, -1.649999999999999245 ) ) ;
#9181 = DIRECTION ( 'NONE',  ( 0.5773502691896251759, 0.5773502691896271743, 0.5773502691896250649 ) ) ;
#9182 = EDGE_CURVE ( 'NONE', #5892, #8617, #8286, .T. ) ;
#9183 = VECTOR ( 'NONE', #9697, 1000.000000000000000 ) ;
#9184 = EDGE_CURVE ( 'NONE', #4759, #6277, #9296, .T. ) ;
#9185 = ORIENTED_EDGE ( 'NONE', *, *, #2258, .F. ) ;
#9186 = ORIENTED_EDGE ( 'NONE', *, *, #4029, .F. ) ;
#9187 = CARTESIAN_POINT ( 'NONE',  ( -11.11000000000000476, 2.599999999999998312, -0.9499999999999974021 ) ) ;
#9188 = DIRECTION ( 'NONE',  ( -1.000000000000000000, 0.000000000000000000, 1.110223024625156294E-16 ) ) ;
#9189 = CARTESIAN_POINT ( 'NONE',  ( -11.57424242424239935, -2.939393939393946553, 1.414242424242421858 ) ) ;
#9190 = CARTESIAN_POINT ( 'NONE',  ( -0.7650000000000113376, 1.574999999999997513, 1.775000000000001243 ) ) ;
#9191 = ORIENTED_EDGE ( 'NONE', *, *, #12703, .T. ) ;
#9192 = EDGE_LOOP ( 'NONE', ( #589, #8326, #4862, #2237 ) ) ;
#9193 = EDGE_CURVE ( 'NONE', #1610, #6481, #3008, .T. ) ;
#9194 = CARTESIAN_POINT ( 'NONE',  ( -16.53000000000000114, 0.2499999999999976130, 1.650000000000002798 ) ) ;
#9195 = DIRECTION ( 'NONE',  ( -1.110223024625156294E-16, 1.224646799147353207E-16, -1.000000000000000000 ) ) ;
#9196 = AXIS2_PLACEMENT_3D ( 'NONE', #2874, #5840, #7000 ) ;
#9197 = EDGE_CURVE ( 'NONE', #12598, #2291, #3209, .T. ) ;
#9198 = EDGE_CURVE ( 'NONE', #9770, #6093, #5239, .T. ) ;
#9199 = EDGE_LOOP ( 'NONE', ( #8298, #4679, #5970, #982 ) ) ;
#9200 = DIRECTION ( 'NONE',  ( 1.000000000000000000, 0.000000000000000000, -1.110223024625156294E-16 ) ) ;
#9201 = PLANE ( 'NONE',  #12122 ) ;
#9202 = DIRECTION ( 'NONE',  ( 1.110223024625162210E-16, -2.832970111128502150E-15, 1.000000000000000000 ) ) ;
#9203 = LINE ( 'NONE', #2241, #2616 ) ;
#9204 = VERTEX_POINT ( 'NONE', #39 ) ;
#9205 = CARTESIAN_POINT ( 'NONE',  ( 14.06500000000000483, 0.2499999999999950040, 3.625000000000000444 ) ) ;
#9206 = COLOUR_RGB ( '',0.8705882352941176627, 0.6313725490196078205, 0.1725490196078431349 ) ;
#9207 = EDGE_LOOP ( 'NONE', ( #12201, #2593 ) ) ;
#9208 = ORIENTED_EDGE ( 'NONE', *, *, #7209, .T. ) ;
#9209 = CARTESIAN_POINT ( 'NONE',  ( -8.795000000000007034, -1.375000000000002887, 1.175000000000002043 ) ) ;
#9210 = SURFACE_STYLE_FILL_AREA ( #5085 ) ;
#9211 = VECTOR ( 'NONE', #1349, 1000.000000000000000 ) ;
#9212 = VECTOR ( 'NONE', #10918, 1000.000000000000000 ) ;
#9213 = DIRECTION ( 'NONE',  ( -1.000000000000000000, 0.000000000000000000, 0.000000000000000000 ) ) ;
#9214 = EDGE_LOOP ( 'NONE', ( #3636, #6391, #9041, #3934 ) ) ;
#9215 = DIRECTION ( 'NONE',  ( 0.9284766908852596368, 0.3713906763541028888, -5.759937970183664956E-17 ) ) ;
#9216 = DIRECTION ( 'NONE',  ( -0.3481553119113940942, 0.8703882797784897596, -0.3481553119113955930 ) ) ;
#9217 = VECTOR ( 'NONE', #8010, 1000.000000000000000 ) ;
#9218 = VERTEX_POINT ( 'NONE', #1050 ) ;
#9219 = CARTESIAN_POINT ( 'NONE',  ( 16.53000000000000114, 0.2499999999999967526, 2.090000000000000746 ) ) ;
#9220 = FACE_OUTER_BOUND ( 'NONE', #2451, .T. ) ;
#9221 = EDGE_CURVE ( 'NONE', #7207, #6639, #2941, .T. ) ;
#9222 = VECTOR ( 'NONE', #8005, 1000.000000000000000 ) ;
#9223 = PLANE ( 'NONE',  #10265 ) ;
#9224 = EDGE_LOOP ( 'NONE', ( #9143, #7031, #3495, #6519 ) ) ;
#9225 = FACE_OUTER_BOUND ( 'NONE', #5335, .T. ) ;
#9226 = FACE_OUTER_BOUND ( 'NONE', #1189, .T. ) ;
#9227 = DIRECTION ( 'NONE',  ( -1.000000000000000000, 0.000000000000000000, 1.110223024625156294E-16 ) ) ;
#9228 = ORIENTED_EDGE ( 'NONE', *, *, #123, .F. ) ;
#9229 = EDGE_CURVE ( 'NONE', #8452, #3538, #6180, .T. ) ;
#9230 = CARTESIAN_POINT ( 'NONE',  ( -11.55000000000000249, 8.599999999999999645, -1.149999999999997025 ) ) ;
#9231 = AXIS2_PLACEMENT_3D ( 'NONE', #2256, #5227, #10372 ) ;
#9232 = CARTESIAN_POINT ( 'NONE',  ( 8.569999999999998508, -3.000000000000004441, 1.150000000000001021 ) ) ;
#9233 = FACE_OUTER_BOUND ( 'NONE', #12552, .T. ) ;
#9234 = VECTOR ( 'NONE', #308, 1000.000000000000000 ) ;
#9235 = EDGE_LOOP ( 'NONE', ( #9727, #7824, #11256, #8323 ) ) ;
#9236 = ORIENTED_EDGE ( 'NONE', *, *, #3805, .T. ) ;
#9237 = PLANE ( 'NONE',  #1475 ) ;
#9238 = ORIENTED_EDGE ( 'NONE', *, *, #3566, .T. ) ;
#9239 =( LENGTH_UNIT ( ) NAMED_UNIT ( * ) SI_UNIT ( .MILLI., .METRE. ) );
#9240 = AXIS2_PLACEMENT_3D ( 'NONE', #671, #1821, #2965 ) ;
#9241 = CARTESIAN_POINT ( 'NONE',  ( 11.10999999999999588, 8.599999999999999645, -0.9499999999999991784 ) ) ;
#9242 = LINE ( 'NONE', #9378, #2899 ) ;
#9243 = VECTOR ( 'NONE', #177, 1000.000000000000227 ) ;
#9244 = VECTOR ( 'NONE', #9547, 1000.000000000000000 ) ;
#9245 = LINE ( 'NONE', #9178, #8503 ) ;
#9246 = ORIENTED_EDGE ( 'NONE', *, *, #9198, .F. ) ;
#9247 = CARTESIAN_POINT ( 'NONE',  ( 6.030000000000002025, -3.000000000000004441, 1.389999999999999902 ) ) ;
#9248 = LINE ( 'NONE', #13243, #2576 ) ;
#9249 =( GEOMETRIC_REPRESENTATION_CONTEXT ( 3 ) GLOBAL_UNCERTAINTY_ASSIGNED_CONTEXT ( ( #9767 ) ) GLOBAL_UNIT_ASSIGNED_CONTEXT ( ( #11471, #2209, #2005 ) ) REPRESENTATION_CONTEXT ( 'NONE', 'WORKASPACE' ) );
#9250 = VECTOR ( 'NONE', #637, 1000.000000000000000 ) ;
#9251 = ORIENTED_EDGE ( 'NONE', *, *, #4659, .F. ) ;
#9252 = LINE ( 'NONE', #9320, #12053 ) ;
#9253 = PRESENTATION_STYLE_ASSIGNMENT (( #11427 ) ) ;
#9254 = DIRECTION ( 'NONE',  ( 2.599483128751245825E-15, 1.224646799147352221E-16, -1.000000000000000000 ) ) ;
#9255 = LINE ( 'NONE', #1208, #2040 ) ;
#9256 = CARTESIAN_POINT ( 'NONE',  ( 8.570000000000000284, 8.100000000000003197, 1.590000000000001856 ) ) ;
#9257 = ADVANCED_FACE ( 'NONE', ( #4157 ), #7067, .F. ) ;
#9258 = ORIENTED_EDGE ( 'NONE', *, *, #12267, .T. ) ;
#9259 = EDGE_CURVE ( 'NONE', #338, #4411, #10244, .T. ) ;
#9260 = EDGE_LOOP ( 'NONE', ( #6747, #10499, #115, #9735 ) ) ;
#9261 = CARTESIAN_POINT ( 'NONE',  ( 16.53000000000000114, 0.2499999999999967526, 0.4499999999999992339 ) ) ;
#9262 = VECTOR ( 'NONE', #7724, 1000.000000000000000 ) ;
#9263 = LINE ( 'NONE', #5205, #489 ) ;
#9264 = VERTEX_POINT ( 'NONE', #13290 ) ;
#9265 = CARTESIAN_POINT ( 'NONE',  ( 4.129999999999999893, -32.81321928319991343, 1.589999999999997193 ) ) ;
#9266 = CARTESIAN_POINT ( 'NONE',  ( 11.54999999999999538, 8.599999999999999645, -1.389999999999998348 ) ) ;
#9267 = VECTOR ( 'NONE', #6954, 1000.000000000000000 ) ;
#9268 = LINE ( 'NONE', #9404, #7070 ) ;
#9269 = CARTESIAN_POINT ( 'NONE',  ( -1.150000000000007017, -3.000000000000004441, -0.9499999999999992895 ) ) ;
#9270 = ORIENTED_EDGE ( 'NONE', *, *, #4595, .T. ) ;
#9271 = FACE_OUTER_BOUND ( 'NONE', #10724, .T. ) ;
#9272 = FILL_AREA_STYLE ('',( #7451 ) ) ;
#9273 = EDGE_CURVE ( 'NONE', #12895, #4270, #1114, .T. ) ;
#9274 = ORIENTED_EDGE ( 'NONE', *, *, #3581, .T. ) ;
#9275 = ADVANCED_FACE ( 'NONE', ( #8155 ), #12279, .T. ) ;
#9276 = EDGE_CURVE ( 'NONE', #3401, #2895, #2198, .T. ) ;
#9277 = EDGE_LOOP ( 'NONE', ( #7747, #12052, #6573, #3182 ) ) ;
#9278 = FACE_OUTER_BOUND ( 'NONE', #4675, .T. ) ;
#9279 = VECTOR ( 'NONE', #2471, 1000.000000000000000 ) ;
#9280 = CARTESIAN_POINT ( 'NONE',  ( 2.990000000000001101, 0.2499999999999967526, 4.425000000000001599 ) ) ;
#9281 = CARTESIAN_POINT ( 'NONE',  ( -6.030000000000004690, 8.599999999999999645, 1.590000000000003189 ) ) ;
#9282 = CARTESIAN_POINT ( 'NONE',  ( 1.589999999999999414, -2.500000000000003997, 1.590000000000000968 ) ) ;
#9283 = EDGE_CURVE ( 'NONE', #10896, #5612, #4091, .T. ) ;
#9284 = EDGE_CURVE ( 'NONE', #860, #3859, #10381, .T. ) ;
#9285 = ORIENTED_EDGE ( 'NONE', *, *, #1029, .F. ) ;
#9286 = LINE ( 'NONE', #27, #6417 ) ;
#9287 = EDGE_CURVE ( 'NONE', #12123, #6586, #13222, .T. ) ;
#9288 = LINE ( 'NONE', #4147, #11170 ) ;
#9289 = EDGE_LOOP ( 'NONE', ( #8561, #7461, #2972, #11625 ) ) ;
#9290 = DIRECTION ( 'NONE',  ( 0.3481553119113958150, 0.8703882797784890935, 0.3481553119113959260 ) ) ;
#9291 = DIRECTION ( 'NONE',  ( -7.850462293418888160E-17, 0.7071067811865462405, -0.7071067811865487940 ) ) ;
#9292 = DIRECTION ( 'NONE',  ( 2.220446049250312095E-16, -1.000000000000000000, -1.224646799147353207E-16 ) ) ;
#9293 = ORIENTED_EDGE ( 'NONE', *, *, #7781, .T. ) ;
#9294 = LINE ( 'NONE', #3206, #8674 ) ;
#9295 = LINE ( 'NONE', #172, #13302 ) ;
#9296 = LINE ( 'NONE', #2137, #270 ) ;
#9297 = EDGE_LOOP ( 'NONE', ( #11563, #6740, #3459, #9147 ) ) ;
#9298 = CARTESIAN_POINT ( 'NONE',  ( 0.9499999999999952927, 8.599999999999997868, 1.590000000000002522 ) ) ;
#9299 = LINE ( 'NONE', #4027, #9150 ) ;
#9300 = CARTESIAN_POINT ( 'NONE',  ( 9.009999999999998010, -3.000000000000003553, 1.150000000000000577 ) ) ;
#9301 = EDGE_CURVE ( 'NONE', #11844, #7207, #11205, .T. ) ;
#9302 = VERTEX_POINT ( 'NONE', #5615 ) ;
#9303 = EDGE_CURVE ( 'NONE', #10470, #6414, #4354, .T. ) ;
#9304 = ORIENTED_EDGE ( 'NONE', *, *, #11352, .F. ) ;
#9305 = PRESENTATION_STYLE_ASSIGNMENT (( #5182 ) ) ;
#9306 = ORIENTED_EDGE ( 'NONE', *, *, #4905, .T. ) ;
#9307 = CARTESIAN_POINT ( 'NONE',  ( 11.10999999999999766, 0.7499999999999963363, 1.590000000000000524 ) ) ;
#9308 = VECTOR ( 'NONE', #2193, 1000.000000000000000 ) ;
#9309 = CARTESIAN_POINT ( 'NONE',  ( 0.9499999999999974021, -2.500000000000003997, -1.589999999999999192 ) ) ;
#9310 = DIRECTION ( 'NONE',  ( 1.110223024625150377E-16, 2.588040751299031853E-15, 1.000000000000000000 ) ) ;
#9311 = CARTESIAN_POINT ( 'NONE',  ( -6.030000000000002913, 2.599999999999998312, -0.9499999999999980682 ) ) ;
#9312 = ORIENTED_EDGE ( 'NONE', *, *, #7950, .F. ) ;
#9313 = DIRECTION ( 'NONE',  ( -1.110223024625156294E-16, 1.224646799147353207E-16, -1.000000000000000000 ) ) ;
#9314 = VECTOR ( 'NONE', #6755, 1000.000000000000000 ) ;
#9315 = CARTESIAN_POINT ( 'NONE',  ( 4.129999999999993676, 8.599999999999999645, 1.390000000000001679 ) ) ;
#9316 =( NAMED_UNIT ( * ) PLANE_ANGLE_UNIT ( ) SI_UNIT ( $, .RADIAN. ) );
#9317 = VECTOR ( 'NONE', #2672, 1000.000000000000000 ) ;
#9318 = VERTEX_POINT ( 'NONE', #11530 ) ;
#9319 = ORIENTED_EDGE ( 'NONE', *, *, #952, .F. ) ;
#9320 = CARTESIAN_POINT ( 'NONE',  ( -3.715000000000005187, -1.375000000000003775, 1.175000000000001599 ) ) ;
#9321 = DIRECTION ( 'NONE',  ( -0.5773502691896252870, 0.5773502691896270633, 0.5773502691896250649 ) ) ;
#9322 = ADVANCED_FACE ( 'NONE', ( #620 ), #10764, .F. ) ;
#9323 = DIRECTION ( 'NONE',  ( -1.000000000000000000, 0.000000000000000000, 1.110223024625156294E-16 ) ) ;
#9324 = LINE ( 'NONE', #137, #12637 ) ;
#9325 = LINE ( 'NONE', #11293, #2066 ) ;
#9326 = ORIENTED_EDGE ( 'NONE', *, *, #11720, .F. ) ;
#9327 = LINE ( 'NONE', #5202, #722 ) ;
#9328 = ORIENTED_EDGE ( 'NONE', *, *, #7905, .T. ) ;
#9329 = ADVANCED_FACE ( 'NONE', ( #239 ), #12923, .F. ) ;
#9330 = VECTOR ( 'NONE', #12321, 999.9999999999998863 ) ;
#9331 = PLANE ( 'NONE',  #12584 ) ;
#9332 = EDGE_LOOP ( 'NONE', ( #15, #10621, #12256, #3850 ) ) ;
#9333 = DIRECTION ( 'NONE',  ( -1.110223024625156294E-16, 1.224646799147353207E-16, -1.000000000000000000 ) ) ;
#9334 = CARTESIAN_POINT ( 'NONE',  ( -8.570000000000003837, 2.599999999999998757, -0.9499999999999976241 ) ) ;
#9335 = VECTOR ( 'NONE', #8454, 1000.000000000000000 ) ;
#9336 = MECHANICAL_DESIGN_GEOMETRIC_PRESENTATION_REPRESENTATION (  '', ( #9121 ), #61 ) ;
#9337 = FACE_OUTER_BOUND ( 'NONE', #295, .T. ) ;
#9338 = DIRECTION ( 'NONE',  ( -1.000000000000000000, 0.000000000000000000, 1.110223024625156294E-16 ) ) ;
#9339 = ORIENTED_EDGE ( 'NONE', *, *, #13160, .T. ) ;
#9340 = CARTESIAN_POINT ( 'NONE',  ( 11.30999999999999517, 8.600000000000003197, -1.389999999999998348 ) ) ;
#9341 = SURFACE_STYLE_USAGE ( .BOTH. , #8402 ) ;
#9342 = EDGE_LOOP ( 'NONE', ( #11327, #4245, #8379, #9238 ) ) ;
#9343 = VECTOR ( 'NONE', #9188, 1000.000000000000000 ) ;
#9344 = ORIENTED_EDGE ( 'NONE', *, *, #5910, .T. ) ;
#9345 = DIRECTION ( 'NONE',  ( 1.000000000000000000, 0.000000000000000000, 0.000000000000000000 ) ) ;
#9346 = DIRECTION ( 'NONE',  ( -0.3481553119113939831, 0.8703882797784897596, 0.3481553119113959816 ) ) ;
#9347 = VECTOR ( 'NONE', #8033, 1000.000000000000000 ) ;
#9348 = DIRECTION ( 'NONE',  ( 1.000000000000000000, 0.000000000000000000, -1.110223024625156294E-16 ) ) ;
#9349 = EDGE_LOOP ( 'NONE', ( #2012, #4578, #944, #10565 ) ) ;
#9350 = ADVANCED_FACE ( 'NONE', ( #554 ), #11774, .F. ) ;
#9351 = CARTESIAN_POINT ( 'NONE',  ( 6.029999999999994031, 8.099999999999999645, -0.9499999999999986233 ) ) ;
#9352 = EDGE_CURVE ( 'NONE', #2224, #12497, #7849, .T. ) ;
#9353 = ADVANCED_FACE ( 'NONE', ( #9430 ), #1565, .F. ) ;
#9354 = ORIENTED_EDGE ( 'NONE', *, *, #10807, .T. ) ;
#9355 = DIRECTION ( 'NONE',  ( -1.110223024625156294E-16, 1.224646799147353207E-16, -1.000000000000000000 ) ) ;
#9356 = DIRECTION ( 'NONE',  ( -2.220446049250312095E-16, 1.000000000000000000, 1.224646799147353207E-16 ) ) ;
#9357 = AXIS2_PLACEMENT_3D ( 'NONE', #8373, #7149, #2076 ) ;
#9358 = ORIENTED_EDGE ( 'NONE', *, *, #12428, .F. ) ;
#9359 = CARTESIAN_POINT ( 'NONE',  ( 8.596666666666671119, -3.716666666666684105, 6.056666666666660426 ) ) ;
#9360 = LINE ( 'NONE', #12542, #7372 ) ;
#9361 = CARTESIAN_POINT ( 'NONE',  ( -0.9499999999999947375, -32.81321928319991343, -0.9500000000000028422 ) ) ;
#9362 = VERTEX_POINT ( 'NONE', #4669 ) ;
#9363 = CARTESIAN_POINT ( 'NONE',  ( -3.490000000000002878, 2.599999999999998312, -1.589999999999997859 ) ) ;
#9364 = VECTOR ( 'NONE', #5918, 1000.000000000000114 ) ;
#9365 = LINE ( 'NONE', #12338, #3367 ) ;
#9366 = DIRECTION ( 'NONE',  ( -1.000000000000000000, -2.465190328815660797E-32, 2.370923225189695399E-16 ) ) ;
#9367 = ORIENTED_EDGE ( 'NONE', *, *, #9502, .F. ) ;
#9368 = ADVANCED_FACE ( 'NONE', ( #2515 ), #8737, .T. ) ;
#9369 = DIRECTION ( 'NONE',  ( 1.110223024625156294E-16, -1.224646799147352961E-16, 1.000000000000000000 ) ) ;
#9370 = FACE_OUTER_BOUND ( 'NONE', #10961, .T. ) ;
#9371 = LINE ( 'NONE', #2275, #10763 ) ;
#9372 = ORIENTED_EDGE ( 'NONE', *, *, #7137, .T. ) ;
#9373 = ORIENTED_EDGE ( 'NONE', *, *, #9283, .F. ) ;
#9374 = FACE_OUTER_BOUND ( 'NONE', #11338, .T. ) ;
#9375 = VERTEX_POINT ( 'NONE', #9497 ) ;
#9376 = FILL_AREA_STYLE ('',( #4103 ) ) ;
#9377 = CARTESIAN_POINT ( 'NONE',  ( 8.570000000000007390, -32.81321928319991343, 1.589999999999996749 ) ) ;
#9378 = CARTESIAN_POINT ( 'NONE',  ( 15.47999999999999687, 2.599999999999999201, -3.174999999999999822 ) ) ;
#9379 = VECTOR ( 'NONE', #6914, 1000.000000000000000 ) ;
#9380 = PLANE ( 'NONE',  #13032 ) ;
#9381 = ORIENTED_EDGE ( 'NONE', *, *, #10225, .F. ) ;
#9382 = DIRECTION ( 'NONE',  ( -0.9284766908852590817, -0.3713906763541042766, 5.759937970183641537E-17 ) ) ;
#9383 = VECTOR ( 'NONE', #1876, 1000.000000000000000 ) ;
#9384 = CARTESIAN_POINT ( 'NONE',  ( -8.569999999999998508, -32.81321928319991343, 0.9499999999999985123 ) ) ;
#9385 = DIRECTION ( 'NONE',  ( -1.110223024625156294E-16, 1.224646799147353207E-16, -1.000000000000000000 ) ) ;
#9386 = ORIENTED_EDGE ( 'NONE', *, *, #9491, .F. ) ;
#9387 = AXIS2_PLACEMENT_3D ( 'NONE', #3222, #7355, #10259 ) ;
#9388 = ORIENTED_EDGE ( 'NONE', *, *, #3993, .T. ) ;
#9389 = CARTESIAN_POINT ( 'NONE',  ( 7.169999999999997264, 0.2499999999999985012, -2.089999999999999858 ) ) ;
#9390 = SURFACE_SIDE_STYLE ('',( #8183 ) ) ;
#9391 = CARTESIAN_POINT ( 'NONE',  ( 11.98333333333330053, -2.023333333333344974, 4.363333333333329733 ) ) ;
#9392 = CARTESIAN_POINT ( 'NONE',  ( 6.230000000000001315, -3.000000000000004441, -1.389999999999999236 ) ) ;
#9393 = DIRECTION ( 'NONE',  ( -1.110223024625156294E-16, 1.224646799147353207E-16, -1.000000000000000000 ) ) ;
#9394 = VERTEX_POINT ( 'NONE', #9878 ) ;
#9395 = ADVANCED_FACE ( 'NONE', ( #8487 ), #12983, .F. ) ;
#9396 = DIRECTION ( 'NONE',  ( -2.220446049250312095E-16, 1.000000000000000000, 1.224646799147353207E-16 ) ) ;
#9397 = ORIENTED_EDGE ( 'NONE', *, *, #3146, .F. ) ;
#9398 = VECTOR ( 'NONE', #2528, 1000.000000000000000 ) ;
#9399 = CARTESIAN_POINT ( 'NONE',  ( -2.250000000000004441, 2.599999999999996536, 4.425000000000002487 ) ) ;
#9400 = EDGE_CURVE ( 'NONE', #9967, #6786, #2269, .T. ) ;
#9401 = EDGE_LOOP ( 'NONE', ( #5958, #4122, #8203, #5907 ) ) ;
#9402 = ORIENTED_EDGE ( 'NONE', *, *, #7219, .F. ) ;
#9403 = EDGE_CURVE ( 'NONE', #12167, #1309, #7474, .T. ) ;
#9404 = CARTESIAN_POINT ( 'NONE',  ( 6.669999999999996376, 2.599999999999999645, -1.589999999999999192 ) ) ;
#9405 = CARTESIAN_POINT ( 'NONE',  ( 4.129999999999995453, 2.599999999999998312, 1.590000000000001634 ) ) ;
#9406 = ORIENTED_EDGE ( 'NONE', *, *, #11290, .F. ) ;
#9407 = CARTESIAN_POINT ( 'NONE',  ( 11.75000000000000000, 0.7499999999999972244, -0.9500000000000000666 ) ) ;
#9408 = CARTESIAN_POINT ( 'NONE',  ( 6.030000000000001137, 2.599999999999996980, -0.9499999999999992895 ) ) ;
#9409 = ORIENTED_EDGE ( 'NONE', *, *, #8584, .F. ) ;
#9410 = ORIENTED_EDGE ( 'NONE', *, *, #10193, .T. ) ;
#9411 = CARTESIAN_POINT ( 'NONE',  ( -4.630000000000003446, 0.2499999999999967526, 4.425000000000002487 ) ) ;
#9412 = VECTOR ( 'NONE', #12677, 1000.000000000000000 ) ;
#9413 = PLANE ( 'NONE',  #851 ) ;
#9414 = LINE ( 'NONE', #2318, #11830 ) ;
#9415 = ORIENTED_EDGE ( 'NONE', *, *, #13274, .T. ) ;
#9416 = CARTESIAN_POINT ( 'NONE',  ( -2.990000000000001990, 0.2499999999999976130, 0.4500000000000013989 ) ) ;
#9417 = ORIENTED_EDGE ( 'NONE', *, *, #3024, .T. ) ;
#9418 = CARTESIAN_POINT ( 'NONE',  ( -1.084687895058777656E-14, 6.650000000000001243, 2.843952956796813190E-15 ) ) ;
#9419 = FACE_OUTER_BOUND ( 'NONE', #13380, .T. ) ;
#9420 = VERTEX_POINT ( 'NONE', #9748 ) ;
#9421 = FACE_BOUND ( 'NONE', #10075, .T. ) ;
#9422 = CARTESIAN_POINT ( 'NONE',  ( -5.484999999999999432, 2.799999999999998046, 1.590000000000002522 ) ) ;
#9423 = DIRECTION ( 'NONE',  ( -1.110223024625156294E-16, 1.224646799147353207E-16, -1.000000000000000000 ) ) ;
#9424 = EDGE_LOOP ( 'NONE', ( #8405, #7351, #5389, #549 ) ) ;
#9425 = PLANE ( 'NONE',  #2412 ) ;
#9426 = EDGE_CURVE ( 'NONE', #10127, #13262, #10508, .T. ) ;
#9427 = EDGE_CURVE ( 'NONE', #7955, #9967, #7722, .T. ) ;
#9428 = DIRECTION ( 'NONE',  ( 1.000000000000000000, 0.000000000000000000, -1.110223024625156294E-16 ) ) ;
#9429 = STYLED_ITEM ( 'NONE', ( #3018 ), #2205 ) ;
#9430 = FACE_OUTER_BOUND ( 'NONE', #826, .T. ) ;
#9431 = CARTESIAN_POINT ( 'NONE',  ( 16.53000000000000114, 0.2499999999999967526, -0.4500000000000005107 ) ) ;
#9432 = CARTESIAN_POINT ( 'NONE',  ( -0.9500000000000040634, 8.600000000000001421, -1.589999999999997637 ) ) ;
#9433 = LINE ( 'NONE', #5177, #7956 ) ;
#9434 = ORIENTED_EDGE ( 'NONE', *, *, #5694, .T. ) ;
#9435 = EDGE_LOOP ( 'NONE', ( #8116, #2792, #9326, #9827 ) ) ;
#9436 = VECTOR ( 'NONE', #12162, 1000.000000000000000 ) ;
#9437 = EDGE_LOOP ( 'NONE', ( #8352, #3075, #7631, #1086 ) ) ;
#9438 = DIRECTION ( 'NONE',  ( -2.220446049250312095E-16, 1.000000000000000000, 1.224646799147353207E-16 ) ) ;
#9439 = ORIENTED_EDGE ( 'NONE', *, *, #9455, .T. ) ;
#9440 = DIRECTION ( 'NONE',  ( -7.850462293418888160E-17, 0.7071067811865462405, -0.7071067811865487940 ) ) ;
#9441 = PLANE ( 'NONE',  #2271 ) ;
#9442 = CARTESIAN_POINT ( 'NONE',  ( 9.210000000000006182, -32.81321928319991343, -1.590000000000003855 ) ) ;
#9443 = EDGE_CURVE ( 'NONE', #8056, #1489, #2583, .T. ) ;
#9444 = ADVANCED_FACE ( 'NONE', ( #2644 ), #6763, .F. ) ;
#9445 = VECTOR ( 'NONE', #1020, 1000.000000000000000 ) ;
#9446 = LINE ( 'NONE', #11477, #4604 ) ;
#9447 = ORIENTED_EDGE ( 'NONE', *, *, #10400, .T. ) ;
#9448 = DIRECTION ( 'NONE',  ( -1.000000000000000000, -3.204747427460362211E-31, 2.821527733676277528E-15 ) ) ;
#9450 = COLOUR_RGB ( '',0.8705882352941176627, 0.6313725490196078205, 0.1725490196078431349 ) ;
#9449 = CARTESIAN_POINT ( 'NONE',  ( 15.47999999999999687, 2.599999999999998312, 3.174999999999999822 ) ) ;
#9451 = DIRECTION ( 'NONE',  ( -1.000000000000000000, -3.204747427460362211E-31, 2.821527733676277528E-15 ) ) ;
#9452 = ORIENTED_EDGE ( 'NONE', *, *, #2369, .F. ) ;
#9453 = AXIS2_PLACEMENT_3D ( 'NONE', #11814, #11877, #2620 ) ;
#9454 = ORIENTED_EDGE ( 'NONE', *, *, #3084, .F. ) ;
#9455 = EDGE_CURVE ( 'NONE', #11387, #11574, #1180, .T. ) ;
#9456 = CARTESIAN_POINT ( 'NONE',  ( 11.74999999999999645, 2.599999999999998312, -0.9499999999999998446 ) ) ;
#9457 = LINE ( 'NONE', #2966, #701 ) ;
#9458 =( GEOMETRIC_REPRESENTATION_CONTEXT ( 3 ) GLOBAL_UNCERTAINTY_ASSIGNED_CONTEXT ( ( #11661 ) ) GLOBAL_UNIT_ASSIGNED_CONTEXT ( ( #8926, #6904, #4869 ) ) REPRESENTATION_CONTEXT ( 'NONE', 'WORKASPACE' ) );
#9459 = CARTESIAN_POINT ( 'NONE',  ( -8.570000000000003837, -2.500000000000003109, -1.589999999999998082 ) ) ;
#9460 = DIRECTION ( 'NONE',  ( 1.000000000000000000, 0.000000000000000000, -1.110223024625156294E-16 ) ) ;
#9461 = CARTESIAN_POINT ( 'NONE',  ( 16.53000000000000114, 0.2499999999999967526, 0.4499999999999992339 ) ) ;
#9462 = ORIENTED_EDGE ( 'NONE', *, *, #11067, .T. ) ;
#9463 = LINE ( 'NONE', #210, #7190 ) ;
#9464 = ORIENTED_EDGE ( 'NONE', *, *, #2117, .T. ) ;
#9465 = DIRECTION ( 'NONE',  ( -2.220446049250312095E-16, 1.000000000000000000, 1.224646799147353207E-16 ) ) ;
#9466 = VECTOR ( 'NONE', #7210, 1000.000000000000000 ) ;
#9467 = AXIS2_PLACEMENT_3D ( 'NONE', #6117, #10249, #3142 ) ;
#9468 = ORIENTED_EDGE ( 'NONE', *, *, #9531, .F. ) ;
#9469 = ORIENTED_EDGE ( 'NONE', *, *, #5634, .F. ) ;
#9470 = ADVANCED_FACE ( 'NONE', ( #683 ), #4866, .F. ) ;
#9471 = CARTESIAN_POINT ( 'NONE',  ( -2.990000000000002434, 0.2499999999999976130, -2.089999999999998970 ) ) ;
#9472 = CARTESIAN_POINT ( 'NONE',  ( 3.490000000000000657, 2.599999999999997868, 1.590000000000001634 ) ) ;
#9473 = CARTESIAN_POINT ( 'NONE',  ( -3.690000000000007496, -3.000000000000004441, -1.389999999999997904 ) ) ;
#9474 = CARTESIAN_POINT ( 'NONE',  ( -8.070000000000003837, 0.2499999999999958922, 4.424999999999942091 ) ) ;
#9475 = VECTOR ( 'NONE', #13132, 1000.000000000000000 ) ;
#9476 = EDGE_LOOP ( 'NONE', ( #4341, #6729, #3126, #1849 ) ) ;
#9477 = ORIENTED_EDGE ( 'NONE', *, *, #3676, .F. ) ;
#9478 = DIRECTION ( 'NONE',  ( -1.110223024625156294E-16, 1.224646799147353207E-16, -1.000000000000000000 ) ) ;
#9479 = CARTESIAN_POINT ( 'NONE',  ( 6.669999999999997264, 0.7499999999999963363, -1.589999999999999414 ) ) ;
#9480 =( NAMED_UNIT ( * ) SI_UNIT ( $, .STERADIAN. ) SOLID_ANGLE_UNIT ( ) );
#9481 = ORIENTED_EDGE ( 'NONE', *, *, #7388, .F. ) ;
#9482 = VECTOR ( 'NONE', #1881, 1000.000000000000000 ) ;
#9483 = DIRECTION ( 'NONE',  ( 1.649305920077741323E-16, -0.9284766908852591927, -0.3713906763541040545 ) ) ;
#9484 = ORIENTED_EDGE ( 'NONE', *, *, #8788, .F. ) ;
#9485 = LINE ( 'NONE', #9554, #3175 ) ;
#9486 = ADVANCED_FACE ( 'NONE', ( #4800 ), #8925, .T. ) ;
#9487 = DIRECTION ( 'NONE',  ( 0.3481553119113962591, -0.8703882797784889824, 0.3481553119113957040 ) ) ;
#9488 = EDGE_LOOP ( 'NONE', ( #13338, #3026, #12220, #541 ) ) ;
#9489 = FACE_BOUND ( 'NONE', #18, .T. ) ;
#9490 = LINE ( 'NONE', #233, #12769 ) ;
#9491 = EDGE_CURVE ( 'NONE', #11378, #705, #13127, .T. ) ;
#9492 = CLOSED_SHELL ( 'NONE', ( #10026, #1261, #8441, #11114, #1287, #12626, #3496, #1581, #1752, #9350, #1218, #9257, #6059, #4498 ) ) ;
#9493 = FACE_OUTER_BOUND ( 'NONE', #4682, .T. ) ;
#9494 = ORIENTED_EDGE ( 'NONE', *, *, #6533, .T. ) ;
#9495 = CARTESIAN_POINT ( 'NONE',  ( -8.758484848484847873, 9.228787878787882093, -1.401515151515145607 ) ) ;
#9496 = DIRECTION ( 'NONE',  ( 1.110223024625156294E-16, -1.224646799147353207E-16, 1.000000000000000000 ) ) ;
#9497 = CARTESIAN_POINT ( 'NONE',  ( 0.9499999999999975131, -2.500000000000003997, -0.9499999999999994005 ) ) ;
#9498 = LINE ( 'NONE', #6651, #8590 ) ;
#9499 = CARTESIAN_POINT ( 'NONE',  ( 4.129999999999993676, 8.599999999999999645, 1.590000000000002300 ) ) ;
#9500 = FACE_OUTER_BOUND ( 'NONE', #10277, .T. ) ;
#9501 = ORIENTED_EDGE ( 'NONE', *, *, #13041, .T. ) ;
#9502 = EDGE_CURVE ( 'NONE', #643, #12893, #2709, .T. ) ;
#9503 = EDGE_CURVE ( 'NONE', #11561, #3138, #11238, .T. ) ;
#9504 = ORIENTED_EDGE ( 'NONE', *, *, #4405, .T. ) ;
#9505 = ORIENTED_EDGE ( 'NONE', *, *, #1593, .T. ) ;
#9506 = ORIENTED_EDGE ( 'NONE', *, *, #10731, .T. ) ;
#9507 = PLANE ( 'NONE',  #7915 ) ;
#9508 = DIRECTION ( 'NONE',  ( 1.855469160087460128E-16, -0.3713906763541040545, 0.9284766908852591927 ) ) ;
#9509 = DIRECTION ( 'NONE',  ( -0.9284766908852590817, -0.3713906763541042766, 5.759937970183641537E-17 ) ) ;
#9510 = FACE_OUTER_BOUND ( 'NONE', #4709, .T. ) ;
#9511 = CARTESIAN_POINT ( 'NONE',  ( -16.53000000000000114, 6.650000000000000355, -1.649999999999995470 ) ) ;
#9512 = ORIENTED_EDGE ( 'NONE', *, *, #112, .F. ) ;
#9513 = FACE_OUTER_BOUND ( 'NONE', #3638, .T. ) ;
#9514 = LINE ( 'NONE', #2357, #4608 ) ;
#9515 = PLANE ( 'NONE',  #577 ) ;
#9516 = EDGE_CURVE ( 'NONE', #2685, #1962, #11034, .T. ) ;
#9517 = EDGE_LOOP ( 'NONE', ( #10293, #4777, #7322, #2830 ) ) ;
#9518 = EDGE_CURVE ( 'NONE', #7358, #5421, #5814, .T. ) ;
#9519 = EDGE_CURVE ( 'NONE', #11444, #9122, #13192, .T. ) ;
#9520 = ORIENTED_EDGE ( 'NONE', *, *, #2098, .F. ) ;
#9521 = DIRECTION ( 'NONE',  ( 0.9284766908852596368, 0.3713906763541028888, -5.759937970183664956E-17 ) ) ;
#9522 = FILL_AREA_STYLE ('',( #2562 ) ) ;
#9523 = PLANE ( 'NONE',  #3069 ) ;
#9524 = DIRECTION ( 'NONE',  ( 1.000000000000000000, 0.000000000000000000, -1.110223024625156294E-16 ) ) ;
#9525 = DIRECTION ( 'NONE',  ( -0.3481553119113939831, 0.8703882797784897596, 0.3481553119113959816 ) ) ;
#9526 = EDGE_LOOP ( 'NONE', ( #9409, #7695, #6738, #5322 ) ) ;
#9527 = VECTOR ( 'NONE', #6424, 1000.000000000000000 ) ;
#9528 = CARTESIAN_POINT ( 'NONE',  ( -9.210000000000006182, -2.500000000000003109, 1.590000000000002300 ) ) ;
#9529 = ORIENTED_EDGE ( 'NONE', *, *, #2206, .T. ) ;
#9530 = EDGE_CURVE ( 'NONE', #12601, #5183, #6080, .T. ) ;
#9531 = EDGE_CURVE ( 'NONE', #6775, #11568, #5878, .T. ) ;
#9532 = LINE ( 'NONE', #7166, #9335 ) ;
#9533 = EDGE_CURVE ( 'NONE', #8931, #449, #2909, .T. ) ;
#9534 = EDGE_LOOP ( 'NONE', ( #622, #8508, #5006, #13091 ) ) ;
#9535 = ORIENTED_EDGE ( 'NONE', *, *, #11436, .F. ) ;
#9536 = EDGE_CURVE ( 'NONE', #182, #8374, #1703, .T. ) ;
#9537 = CARTESIAN_POINT ( 'NONE',  ( -1.089961454425747402E-14, 4.674999999999999822, -4.424999999999998934 ) ) ;
#9538 = CARTESIAN_POINT ( 'NONE',  ( -1.027575757575750259, -2.693939393939392524, -1.512424242424238230 ) ) ;
#9539 = CARTESIAN_POINT ( 'NONE',  ( -9.009999999999999787, -3.000000000000004441, -1.389999999999997682 ) ) ;
#9540 = VECTOR ( 'NONE', #2134, 999.9999999999998863 ) ;
#9541 = ORIENTED_EDGE ( 'NONE', *, *, #4692, .T. ) ;
#9542 = EDGE_LOOP ( 'NONE', ( #8563, #408, #12551, #10086 ) ) ;
#9543 = CARTESIAN_POINT ( 'NONE',  ( 1.590000000000006075, -32.81321928319991343, 1.589999999999997193 ) ) ;
#9544 = EDGE_CURVE ( 'NONE', #5272, #695, #12179, .T. ) ;
#9545 = CARTESIAN_POINT ( 'NONE',  ( 8.570000000000007390, -32.81321928319991343, -1.590000000000003411 ) ) ;
#9546 = EDGE_CURVE ( 'NONE', #969, #8829, #10150, .T. ) ;
#9547 = DIRECTION ( 'NONE',  ( 1.110223024625156294E-16, -1.224646799147353207E-16, 1.000000000000000000 ) ) ;
#9548 = EDGE_CURVE ( 'NONE', #11899, #8656, #9944, .T. ) ;
#9549 = VECTOR ( 'NONE', #3066, 1000.000000000000000 ) ;
#9550 = ORIENTED_EDGE ( 'NONE', *, *, #5484, .T. ) ;
#9551 = CARTESIAN_POINT ( 'NONE',  ( -0.4050000000000124611, 2.799999999999997602, 0.9500000000000018430 ) ) ;
#9552 = COLOUR_RGB ( '',0.8705882352941176627, 0.6313725490196078205, 0.1725490196078431349 ) ;
#9553 = ORIENTED_EDGE ( 'NONE', *, *, #8592, .F. ) ;
#9554 = CARTESIAN_POINT ( 'NONE',  ( 11.11000000000000476, -2.500000000000004885, 1.590000000000000080 ) ) ;
#9555 = VECTOR ( 'NONE', #4728, 1000.000000000000227 ) ;
#9556 = DIRECTION ( 'NONE',  ( -1.000000000000000000, -2.220446049250312341E-16, 1.110223024625156047E-16 ) ) ;
#9557 = ORIENTED_EDGE ( 'NONE', *, *, #7706, .T. ) ;
#9558 = DIRECTION ( 'NONE',  ( 1.110223024625156294E-16, -1.224646799147353207E-16, 1.000000000000000000 ) ) ;
#9559 = DIRECTION ( 'NONE',  ( -1.110223024625156294E-16, 1.224646799147353207E-16, -1.000000000000000000 ) ) ;
#9560 = CARTESIAN_POINT ( 'NONE',  ( -11.11000000000000476, 0.7499999999999972244, 0.9500000000000028422 ) ) ;
#9561 = ORIENTED_EDGE ( 'NONE', *, *, #7105, .F. ) ;
#9562 = DIRECTION ( 'NONE',  ( 1.000000000000000000, 0.000000000000000000, -1.110223024625156294E-16 ) ) ;
#9563 = VECTOR ( 'NONE', #9096, 1000.000000000000114 ) ;
#9564 = EDGE_CURVE ( 'NONE', #1081, #3677, #5005, .T. ) ;
#9565 = PLANE ( 'NONE',  #13080 ) ;
#9566 = CARTESIAN_POINT ( 'NONE',  ( 11.31000000000000405, -3.000000000000003553, 1.590000000000000080 ) ) ;
#9567 = CARTESIAN_POINT ( 'NONE',  ( 2.134999999999992681, -2.500000000000003997, 1.590000000000000968 ) ) ;
#9568 = CARTESIAN_POINT ( 'NONE',  ( 6.029999999999994031, 8.099999999999999645, 1.590000000000001856 ) ) ;
#9569 = EDGE_CURVE ( 'NONE', #4388, #10810, #13260, .T. ) ;
#9570 = ORIENTED_EDGE ( 'NONE', *, *, #12669, .F. ) ;
#9571 = ORIENTED_EDGE ( 'NONE', *, *, #9403, .F. ) ;
#9572 = VECTOR ( 'NONE', #339, 1000.000000000000000 ) ;
#9573 = ORIENTED_EDGE ( 'NONE', *, *, #10509, .F. ) ;
#9574 = EDGE_CURVE ( 'NONE', #7522, #3448, #2974, .T. ) ;
#9575 = AXIS2_PLACEMENT_3D ( 'NONE', #8159, #984, #11209 ) ;
#9576 = ORIENTED_EDGE ( 'NONE', *, *, #13005, .F. ) ;
#9577 = CARTESIAN_POINT ( 'NONE',  ( 9.209999999999999076, -2.500000000000003109, -0.9500000000000001776 ) ) ;
#9578 = LINE ( 'NONE', #451, #8960 ) ;
#9579 = PLANE ( 'NONE',  #5700 ) ;
#9580 = CARTESIAN_POINT ( 'NONE',  ( -11.75000000000000711, 2.599999999999998312, 1.590000000000003411 ) ) ;
#9581 = LINE ( 'NONE', #2549, #10874 ) ;
#9582 = ORIENTED_EDGE ( 'NONE', *, *, #3485, .F. ) ;
#9583 = AXIS2_PLACEMENT_3D ( 'NONE', #12953, #8890, #12409 ) ;
#9584 = DIRECTION ( 'NONE',  ( -2.220446049250312095E-16, 1.000000000000000000, 1.224646799147353207E-16 ) ) ;
#9585 = DIRECTION ( 'NONE',  ( 2.220446049250312095E-16, -1.000000000000000000, -1.224646799147353207E-16 ) ) ;
#9586 = DIRECTION ( 'NONE',  ( 2.220446049250312095E-16, -1.000000000000000000, -1.224646799147353207E-16 ) ) ;
#9587 = ORIENTED_EDGE ( 'NONE', *, *, #3754, .T. ) ;
#9588 = EDGE_LOOP ( 'NONE', ( #4144, #3115, #12798, #3427 ) ) ;
#9590 = CARTESIAN_POINT ( 'NONE',  ( -8.025000000000000355, 2.799999999999998490, 0.9500000000000026201 ) ) ;
#9589 = AXIS2_PLACEMENT_3D ( 'NONE', #7382, #4131, #7519 ) ;
#9591 =( NAMED_UNIT ( * ) PLANE_ANGLE_UNIT ( ) SI_UNIT ( $, .RADIAN. ) );
#9592 = DIRECTION ( 'NONE',  ( -2.220446049250312095E-16, 1.000000000000000000, 1.224646799147353207E-16 ) ) ;
#9593 = DIRECTION ( 'NONE',  ( 1.855469160087460128E-16, -0.3713906763541040545, 0.9284766908852591927 ) ) ;
#9594 = CARTESIAN_POINT ( 'NONE',  ( 4.675000000000000711, -2.500000000000003997, 0.9500000000000006217 ) ) ;
#9595 = ORIENTED_EDGE ( 'NONE', *, *, #3726, .F. ) ;
#9596 = CARTESIAN_POINT ( 'NONE',  ( 0.08166666666665053920, 2.421666666666668633, 0.08166666666666103080 ) ) ;
#9597 = CIRCLE ( 'NONE', #13044, 0.4250000000000000444 ) ;
#9598 = VERTEX_POINT ( 'NONE', #10079 ) ;
#9599 = EDGE_CURVE ( 'NONE', #1635, #1177, #1960, .T. ) ;
#9600 = DIRECTION ( 'NONE',  ( 1.000000000000000000, 0.000000000000000000, -1.110223024625156294E-16 ) ) ;
#9601 = EDGE_CURVE ( 'NONE', #11355, #246, #213, .T. ) ;
#9602 = AXIS2_PLACEMENT_3D ( 'NONE', #12352, #4235, #11544 ) ;
#9603 = EDGE_LOOP ( 'NONE', ( #2853, #3225, #9737, #13212 ) ) ;
#9604 = ORIENTED_EDGE ( 'NONE', *, *, #2004, .T. ) ;
#9605 = VECTOR ( 'NONE', #8640, 1000.000000000000000 ) ;
#9606 = VECTOR ( 'NONE', #8189, 1000.000000000000114 ) ;
#9607 = CARTESIAN_POINT ( 'NONE',  ( 8.569999999999998508, 2.599999999999997868, 1.590000000000001190 ) ) ;
#9608 = CARTESIAN_POINT ( 'NONE',  ( 8.384999999999996234, 1.574999999999998623, 1.775000000000000355 ) ) ;
#9609 = FACE_BOUND ( 'NONE', #6827, .T. ) ;
#9610 = EDGE_CURVE ( 'NONE', #11998, #7413, #9263, .T. ) ;
#9611 = ORIENTED_EDGE ( 'NONE', *, *, #13230, .F. ) ;
#9612 = AXIS2_PLACEMENT_3D ( 'NONE', #7670, #11787, #10778 ) ;
#9613 = EDGE_LOOP ( 'NONE', ( #8200, #6151, #9769, #753 ) ) ;
#9614 = DIRECTION ( 'NONE',  ( 2.821527733676277528E-15, -1.224646799147354193E-16, 1.000000000000000000 ) ) ;
#9615 = ADVANCED_FACE ( 'NONE', ( #3242 ), #7237, .T. ) ;
#9616 = EDGE_CURVE ( 'NONE', #11755, #2320, #2100, .T. ) ;
#9617 = DIRECTION ( 'NONE',  ( -0.3481553119113935946, -0.8703882797784899816, 0.3481553119113957595 ) ) ;
#9618 = DIRECTION ( 'NONE',  ( -1.110223024625156294E-16, 1.224646799147353207E-16, -1.000000000000000000 ) ) ;
#9619 = EDGE_LOOP ( 'NONE', ( #6959, #5743, #7831, #2869 ) ) ;
#9620 = LINE ( 'NONE', #7661, #6873 ) ;
#9621 = AXIS2_PLACEMENT_3D ( 'NONE', #8681, #11653, #2394 ) ;
#9622 = ORIENTED_EDGE ( 'NONE', *, *, #10520, .T. ) ;
#9623 = LINE ( 'NONE', #364, #5985 ) ;
#9624 = DIRECTION ( 'NONE',  ( 1.649305920077741323E-16, -0.9284766908852591927, -0.3713906763541040545 ) ) ;
#9625 = VECTOR ( 'NONE', #7639, 1000.000000000000000 ) ;
#9626 = EDGE_CURVE ( 'NONE', #7662, #1597, #12375, .T. ) ;
#9627 = ORIENTED_EDGE ( 'NONE', *, *, #9806, .F. ) ;
#9628 = CARTESIAN_POINT ( 'NONE',  ( -6.029999999999995808, -32.81321928319991343, -1.590000000000002300 ) ) ;
#9629 = CARTESIAN_POINT ( 'NONE',  ( -3.490000000000011315, 8.100000000000001421, 1.590000000000003189 ) ) ;
#9630 = ORIENTED_EDGE ( 'NONE', *, *, #4431, .T. ) ;
#9631 = DIRECTION ( 'NONE',  ( 1.000000000000000000, 0.000000000000000000, -1.110223024625156294E-16 ) ) ;
#9632 = DIRECTION ( 'NONE',  ( 7.850462293418890625E-17, 0.7071067811865460184, 0.7071067811865490160 ) ) ;
#9633 = LINE ( 'NONE', #4557, #2967 ) ;
#9634 = CARTESIAN_POINT ( 'NONE',  ( -3.690000000000007496, -3.000000000000005329, 1.150000000000002354 ) ) ;
#9635 = CARTESIAN_POINT ( 'NONE',  ( 6.669999999999994600, 8.599999999999996092, -1.389999999999997904 ) ) ;
#9636 = VERTEX_POINT ( 'NONE', #1284 ) ;
#9637 = ORIENTED_EDGE ( 'NONE', *, *, #4195, .F. ) ;
#9638 = ADVANCED_FACE ( 'NONE', ( #4324 ), #3306, .T. ) ;
#9639 = ORIENTED_EDGE ( 'NONE', *, *, #2509, .T. ) ;
#9640 = EDGE_LOOP ( 'NONE', ( #1884, #9406, #11888, #11977 ) ) ;
#9641 = EDGE_CURVE ( 'NONE', #3210, #7549, #4391, .T. ) ;
#9642 = FACE_OUTER_BOUND ( 'NONE', #10614, .T. ) ;
#9643 = COLOUR_RGB ( '',0.8705882352941176627, 0.6313725490196078205, 0.1725490196078431349 ) ;
#9644 = PLANE ( 'NONE',  #10900 ) ;
#9645 = DIRECTION ( 'NONE',  ( 0.7071067811865494601, 0.7071067811865456854, 1.924707753543579833E-15 ) ) ;
#9646 = ADVANCED_FACE ( 'NONE', ( #7374 ), #6149, .F. ) ;
#9647 = CARTESIAN_POINT ( 'NONE',  ( 6.030000000000002025, -32.81321928319991343, 0.9499999999999968470 ) ) ;
#9648 = LINE ( 'NONE', #1398, #8067 ) ;
#9649 = VERTEX_POINT ( 'NONE', #6415 ) ;
#9650 = FACE_OUTER_BOUND ( 'NONE', #8230, .T. ) ;
#9651 = LINE ( 'NONE', #7360, #6988 ) ;
#9652 = DIRECTION ( 'NONE',  ( -0.3481553119113956485, -0.8703882797784890935, 0.3481553119113957595 ) ) ;
#9653 = VECTOR ( 'NONE', #2764, 1000.000000000000227 ) ;
#9654 = VECTOR ( 'NONE', #3885, 1000.000000000000000 ) ;
#9655 = ORIENTED_EDGE ( 'NONE', *, *, #10673, .F. ) ;
#9656 = ORIENTED_EDGE ( 'NONE', *, *, #9601, .T. ) ;
#9657 = LINE ( 'NONE', #399, #11827 ) ;
#9658 = EDGE_LOOP ( 'NONE', ( #5026, #3372, #10103, #7491 ) ) ;
#9659 = DIRECTION ( 'NONE',  ( 1.110223024625156294E-16, -1.224646799147353207E-16, 1.000000000000000000 ) ) ;
#9660 = DIRECTION ( 'NONE',  ( -0.3481553119113940942, 0.8703882797784897596, -0.3481553119113955930 ) ) ;
#9661 = VECTOR ( 'NONE', #8347, 1000.000000000000000 ) ;
#9662 = FACE_OUTER_BOUND ( 'NONE', #10262, .T. ) ;
#9663 = PLANE ( 'NONE',  #7221 ) ;
#9664 = EDGE_LOOP ( 'NONE', ( #5731, #12649, #13189, #9637 ) ) ;
#9665 = CARTESIAN_POINT ( 'NONE',  ( -3.567575757575750295, -2.693939393939392524, -1.512424242424237786 ) ) ;
#9666 = CIRCLE ( 'NONE', #2329, 0.4250000000000000444 ) ;
#9667 = ORIENTED_EDGE ( 'NONE', *, *, #10251, .F. ) ;
#9668 = CARTESIAN_POINT ( 'NONE',  ( -2.090000000000003855, 0.2499999999999958922, 4.425000000000001599 ) ) ;
#9669 = VECTOR ( 'NONE', #2986, 1000.000000000000000 ) ;
#9670 = VECTOR ( 'NONE', #10553, 1000.000000000000227 ) ;
#9671 = ORIENTED_EDGE ( 'NONE', *, *, #5875, .F. ) ;
#9672 = VERTEX_POINT ( 'NONE', #4257 ) ;
#9673 = EDGE_CURVE ( 'NONE', #861, #3418, #3942, .T. ) ;
#9674 = DIRECTION ( 'NONE',  ( -2.220446049250312095E-16, 1.000000000000000000, 1.224646799147353207E-16 ) ) ;
#9675 = PLANE ( 'NONE',  #7800 ) ;
#9676 = DIRECTION ( 'NONE',  ( -2.220446049250312095E-16, 1.000000000000000000, 1.224646799147353207E-16 ) ) ;
#9677 = CARTESIAN_POINT ( 'NONE',  ( 4.629999999999998117, 0.2499999999999967526, 4.425000000000000711 ) ) ;
#9678 = ORIENTED_EDGE ( 'NONE', *, *, #12258, .F. ) ;
#9679 = VECTOR ( 'NONE', #9057, 1000.000000000000000 ) ;
#9680 = ORIENTED_EDGE ( 'NONE', *, *, #11642, .T. ) ;
#9681 = LINE ( 'NONE', #1361, #11705 ) ;
#9682 = DIRECTION ( 'NONE',  ( 1.000000000000000000, 0.000000000000000000, -1.110223024625156294E-16 ) ) ;
#9683 = DIRECTION ( 'NONE',  ( -0.7071067811865491270, 0.7071067811865459074, 1.651002285577380499E-16 ) ) ;
#9684 = ORIENTED_EDGE ( 'NONE', *, *, #7388, .T. ) ;
#9685 = CARTESIAN_POINT ( 'NONE',  ( 3.490000000000000657, 2.599999999999997868, 1.590000000000001634 ) ) ;
#9686 = AXIS2_PLACEMENT_3D ( 'NONE', #13232, #5851, #11075 ) ;
#9687 = VECTOR ( 'NONE', #5489, 1000.000000000000000 ) ;
#9689 = EDGE_CURVE ( 'NONE', #11295, #2778, #2301, .T. ) ;
#9688 = ORIENTED_EDGE ( 'NONE', *, *, #11658, .F. ) ;
#9690 = LINE ( 'NONE', #2455, #3837 ) ;
#9691 = EDGE_CURVE ( 'NONE', #7376, #12268, #8254, .T. ) ;
#9692 = ADVANCED_FACE ( 'NONE', ( #12308 ), #2029, .F. ) ;
#9693 = CARTESIAN_POINT ( 'NONE',  ( 1.389999999999993463, -3.000000000000004441, -1.389999999999998792 ) ) ;
#9694 = DIRECTION ( 'NONE',  ( 2.220446049250312095E-16, -1.000000000000000000, -1.224646799147353207E-16 ) ) ;
#9695 = ORIENTED_EDGE ( 'NONE', *, *, #588, .T. ) ;
#9696 = DIRECTION ( 'NONE',  ( 1.000000000000000000, 0.000000000000000000, -1.110223024625156294E-16 ) ) ;
#9697 = DIRECTION ( 'NONE',  ( 1.110223024625156294E-16, -1.224646799147353207E-16, 1.000000000000000000 ) ) ;
#9698 = ORIENTED_EDGE ( 'NONE', *, *, #3676, .T. ) ;
#9699 = DIRECTION ( 'NONE',  ( 1.000000000000000000, 0.000000000000000000, -1.110223024625156294E-16 ) ) ;
#9700 = ADVANCED_FACE ( 'NONE', ( #11494 ), #2234, .F. ) ;
#9701 = AXIS2_PLACEMENT_3D ( 'NONE', #12595, #3389, #12660 ) ;
#9702 = EDGE_CURVE ( 'NONE', #8659, #3587, #9532, .T. ) ;
#9703 = DIRECTION ( 'NONE',  ( 1.000000000000000000, 0.000000000000000000, -1.110223024625156294E-16 ) ) ;
#9704 = DIRECTION ( 'NONE',  ( 1.110223024625156294E-16, -1.224646799147353207E-16, 1.000000000000000000 ) ) ;
#9705 = ADVANCED_FACE ( 'NONE', ( #12580 ), #9331, .F. ) ;
#9706 = DIRECTION ( 'NONE',  ( -2.220446049250312095E-16, 1.000000000000000000, 1.224646799147353207E-16 ) ) ;
#9707 = ADVANCED_FACE ( 'NONE', ( #4188 ), #8325, .F. ) ;
#9708 = EDGE_LOOP ( 'NONE', ( #7783, #562, #2461, #2280 ) ) ;
#9709 = EDGE_LOOP ( 'NONE', ( #12729, #9553, #12232, #1360 ) ) ;
#9710 = DIRECTION ( 'NONE',  ( 2.821527733676277528E-15, -1.224646799147354193E-16, 1.000000000000000000 ) ) ;
#9711 = ORIENTED_EDGE ( 'NONE', *, *, #4871, .F. ) ;
#9712 = ORIENTED_EDGE ( 'NONE', *, *, #10922, .F. ) ;
#9713 = FACE_OUTER_BOUND ( 'NONE', #874, .T. ) ;
#9714 = CARTESIAN_POINT ( 'NONE',  ( 14.83499999999999730, 2.799999999999998934, -0.9500000000000001776 ) ) ;
#9715 = LINE ( 'NONE', #11804, #6785 ) ;
#9716 = CARTESIAN_POINT ( 'NONE',  ( 2.134999999999998010, 2.799999999999998490, 0.9500000000000016209 ) ) ;
#9717 = DIRECTION ( 'NONE',  ( -7.850462293418888160E-17, 0.7071067811865462405, -0.7071067811865487940 ) ) ;
#9718 = ORIENTED_EDGE ( 'NONE', *, *, #9720, .T. ) ;
#9719 = DIRECTION ( 'NONE',  ( -1.110223024625156294E-16, 1.224646799147353207E-16, -1.000000000000000000 ) ) ;
#9720 = EDGE_CURVE ( 'NONE', #7208, #3794, #12848, .T. ) ;
#9721 = FACE_OUTER_BOUND ( 'NONE', #11828, .T. ) ;
#9722 = CLOSED_SHELL ( 'NONE', ( #12164, #3161, #8515, #3997, #8440, #11863, #7820, #1010, #13092, #7352, #1558, #12905, #8239, #4072 ) ) ;
#9723 =( NAMED_UNIT ( * ) PLANE_ANGLE_UNIT ( ) SI_UNIT ( $, .RADIAN. ) );
#9724 = ADVANCED_FACE ( 'NONE', ( #3575 ), #4529, .F. ) ;
#9725 = EDGE_CURVE ( 'NONE', #8142, #3677, #8519, .T. ) ;
#9726 = ORIENTED_EDGE ( 'NONE', *, *, #5875, .T. ) ;
#9727 = ORIENTED_EDGE ( 'NONE', *, *, #9427, .T. ) ;
#9728 = FACE_OUTER_BOUND ( 'NONE', #1828, .T. ) ;
#9729 = VERTEX_POINT ( 'NONE', #10747 ) ;
#9730 = CARTESIAN_POINT ( 'NONE',  ( -3.490000000000002878, 2.599999999999998312, -1.589999999999997859 ) ) ;
#9731 = CARTESIAN_POINT ( 'NONE',  ( 6.469999999999995310, 8.599999999999999645, -0.9499999999999987343 ) ) ;
#9732 = LINE ( 'NONE', #12714, #5519 ) ;
#9733 = EDGE_LOOP ( 'NONE', ( #6444, #8410, #11495, #7177 ) ) ;
#9734 = DIRECTION ( 'NONE',  ( -2.220446049250312095E-16, 1.000000000000000000, 1.224646799147353207E-16 ) ) ;
#9735 = ORIENTED_EDGE ( 'NONE', *, *, #6292, .T. ) ;
#9736 = LINE ( 'NONE', #7645, #11931 ) ;
#9737 = ORIENTED_EDGE ( 'NONE', *, *, #1367, .F. ) ;
#9738 = ORIENTED_EDGE ( 'NONE', *, *, #5523, .T. ) ;
#9739 = DIRECTION ( 'NONE',  ( 1.110223024625156294E-16, -1.224646799147352961E-16, 1.000000000000000000 ) ) ;
#9740 = CARTESIAN_POINT ( 'NONE',  ( -4.130000000000003446, -3.000000000000002665, -1.389999999999997904 ) ) ;
#9741 = CARTESIAN_POINT ( 'NONE',  ( -14.05500000000000860, 0.2499999999999976130, -4.338749999999993889 ) ) ;
#9742 = ADVANCED_FACE ( 'NONE', ( #1486 ), #11760, .F. ) ;
#9743 = PLANE ( 'NONE',  #5274 ) ;
#9744 = VERTEX_POINT ( 'NONE', #8593 ) ;
#9745 = AXIS2_PLACEMENT_3D ( 'NONE', #8550, #4216, #9559 ) ;
#9746 = EDGE_LOOP ( 'NONE', ( #9339, #6053, #8611, #13010 ) ) ;
#9747 = CARTESIAN_POINT ( 'NONE',  ( -0.9500000000000019540, 0.7499999999999981126, 0.9500000000000017319 ) ) ;
#9748 = CARTESIAN_POINT ( 'NONE',  ( -3.490000000000001990, -2.500000000000002220, -1.589999999999998526 ) ) ;
#9749 = FACE_OUTER_BOUND ( 'NONE', #7978, .T. ) ;
#9750 = ORIENTED_EDGE ( 'NONE', *, *, #10705, .T. ) ;
#9751 = FACE_OUTER_BOUND ( 'NONE', #13204, .T. ) ;
#9752 = VECTOR ( 'NONE', #7065, 1000.000000000000000 ) ;
#9753 = ORIENTED_EDGE ( 'NONE', *, *, #1432, .T. ) ;
#9754 = FACE_OUTER_BOUND ( 'NONE', #462, .T. ) ;
#9755 = DIRECTION ( 'NONE',  ( 1.000000000000000000, 0.000000000000000000, -1.110223024625156294E-16 ) ) ;
#9756 =( LENGTH_UNIT ( ) NAMED_UNIT ( * ) SI_UNIT ( .MILLI., .METRE. ) );
#9757 = EDGE_LOOP ( 'NONE', ( #3551, #2634, #6236, #11047 ) ) ;
#9758 = DIRECTION ( 'NONE',  ( 1.000000000000000000, 0.000000000000000000, -1.110223024625156294E-16 ) ) ;
#9759 = ORIENTED_EDGE ( 'NONE', *, *, #11747, .F. ) ;
#9760 = DIRECTION ( 'NONE',  ( -2.220446049250312095E-16, 1.000000000000000000, 1.224646799147353207E-16 ) ) ;
#9761 = VECTOR ( 'NONE', #7183, 1000.000000000000000 ) ;
#9762 = ADVANCED_FACE ( 'NONE', ( #10613 ), #410, .T. ) ;
#9763 = EDGE_CURVE ( 'NONE', #5944, #8656, #3445, .T. ) ;
#9764 = CARTESIAN_POINT ( 'NONE',  ( -3.490000000000011315, 8.600000000000001421, -0.9499999999999975131 ) ) ;
#9765 = EDGE_CURVE ( 'NONE', #3123, #331, #9736, .T. ) ;
#9766 = CARTESIAN_POINT ( 'NONE',  ( -2.945000000000007390, 8.100000000000001421, 1.590000000000002967 ) ) ;
#9767 = UNCERTAINTY_MEASURE_WITH_UNIT (LENGTH_MEASURE( 1.000000000000000082E-05 ), #11471, 'distance_accuracy_value', 'NONE');
#9768 = DIRECTION ( 'NONE',  ( 1.110223024625156294E-16, -1.224646799147353207E-16, 1.000000000000000000 ) ) ;
#9769 = ORIENTED_EDGE ( 'NONE', *, *, #3910, .T. ) ;
#9770 = VERTEX_POINT ( 'NONE', #342 ) ;
#9771 = LINE ( 'NONE', #4626, #6764 ) ;
#9772 = EDGE_LOOP ( 'NONE', ( #3257, #8761, #1077, #4715 ) ) ;
#9773 = VECTOR ( 'NONE', #8053, 1000.000000000000000 ) ;
#9774 = EDGE_LOOP ( 'NONE', ( #6025, #1496, #641, #6261 ) ) ;
#9775 = CARTESIAN_POINT ( 'NONE',  ( -11.75000000000000000, -32.81321928319991343, -0.9500000000000017319 ) ) ;
#9776 = DIRECTION ( 'NONE',  ( 1.000000000000000000, 0.000000000000000000, -1.110223024625156294E-16 ) ) ;
#9777 = EDGE_CURVE ( 'NONE', #12598, #11916, #11629, .T. ) ;
#9778 = CARTESIAN_POINT ( 'NONE',  ( 3.929999999999997939, -3.000000000000005329, -0.9499999999999997335 ) ) ;
#9779 = VECTOR ( 'NONE', #1889, 1000.000000000000000 ) ;
#9780 = FACE_OUTER_BOUND ( 'NONE', #3567, .T. ) ;
#9781 = FACE_OUTER_BOUND ( 'NONE', #13240, .T. ) ;
#9782 = VERTEX_POINT ( 'NONE', #7579 ) ;
#9783 = EDGE_CURVE ( 'NONE', #292, #7056, #603, .T. ) ;
#9784 = CARTESIAN_POINT ( 'NONE',  ( -15.48000000000000398, 6.649999999999999467, 1.650000000000003464 ) ) ;
#9785 = CARTESIAN_POINT ( 'NONE',  ( -8.770000000000012008, 8.599999999999999645, -1.149999999999997469 ) ) ;
#9786 = ADVANCED_FACE ( 'NONE', ( #2568 ), #10881, .F. ) ;
#9788 = AXIS2_PLACEMENT_3D ( 'NONE', #640, #13007, #507 ) ;
#9787 = CARTESIAN_POINT ( 'NONE',  ( -11.31000000000001293, 8.599999999999999645, -1.149999999999997025 ) ) ;
#9789 = VERTEX_POINT ( 'NONE', #2436 ) ;
#9790 = ORIENTED_EDGE ( 'NONE', *, *, #2908, .T. ) ;
#9791 = CARTESIAN_POINT ( 'NONE',  ( -3.490000000000001990, -2.500000000000002220, -0.9499999999999988454 ) ) ;
#9792 = VERTEX_POINT ( 'NONE', #11887 ) ;
#9793 = LINE ( 'NONE', #4649, #7174 ) ;
#9794 = PLANE ( 'NONE',  #13279 ) ;
#9795 = DIRECTION ( 'NONE',  ( 1.000000000000000000, 0.000000000000000000, -1.110223024625156294E-16 ) ) ;
#9796 = VECTOR ( 'NONE', #1864, 1000.000000000000000 ) ;
#9797 = ORIENTED_EDGE ( 'NONE', *, *, #4190, .T. ) ;
#9798 = DIRECTION ( 'NONE',  ( -0.7071067811865491270, 0.7071067811865459074, 1.651002285577380499E-16 ) ) ;
#9799 = EDGE_LOOP ( 'NONE', ( #9228, #8807, #10904, #8669 ) ) ;
#9800 = VECTOR ( 'NONE', #7006, 1000.000000000000000 ) ;
#9801 = DIRECTION ( 'NONE',  ( -2.220446049250312095E-16, 1.000000000000000000, 1.224646799147353207E-16 ) ) ;
#9802 = ORIENTED_EDGE ( 'NONE', *, *, #337, .T. ) ;
#9803 = ORIENTED_EDGE ( 'NONE', *, *, #6245, .T. ) ;
#9804 = VECTOR ( 'NONE', #1451, 1000.000000000000114 ) ;
#9805 = FACE_OUTER_BOUND ( 'NONE', #10655, .T. ) ;
#9806 = EDGE_CURVE ( 'NONE', #1874, #9923, #1550, .T. ) ;
#9807 = PLANE ( 'NONE',  #9989 ) ;
#9808 = CARTESIAN_POINT ( 'NONE',  ( 6.592424242424255176, -2.693939393939393412, 1.027575757575759585 ) ) ;
#9809 = EDGE_LOOP ( 'NONE', ( #5943, #8050, #3833, #11439 ) ) ;
#9810 = ORIENTED_EDGE ( 'NONE', *, *, #9574, .T. ) ;
#9811 = CARTESIAN_POINT ( 'NONE',  ( -13.64000000000000945, -2.602085213965210642E-15, -3.624999999999996003 ) ) ;
#9812 = VECTOR ( 'NONE', #3784, 1000.000000000000000 ) ;
#9813 = ADVANCED_FACE ( 'NONE', ( #12648 ), #10814, .F. ) ;
#9814 = DIRECTION ( 'NONE',  ( -0.9284766908852590817, -0.3713906763541042766, 5.759937970183641537E-17 ) ) ;
#9815 = CARTESIAN_POINT ( 'NONE',  ( -4.130000000000005222, 8.100000000000001421, -0.9499999999999975131 ) ) ;
#9816 = DIRECTION ( 'NONE',  ( -7.850462293418888160E-17, 0.7071067811865462405, -0.7071067811865487940 ) ) ;
#9817 = VECTOR ( 'NONE', #11218, 1000.000000000000000 ) ;
#9818 = EDGE_CURVE ( 'NONE', #11193, #10571, #5536, .T. ) ;
#9819 = ORIENTED_EDGE ( 'NONE', *, *, #1167, .F. ) ;
#9820 = VECTOR ( 'NONE', #10653, 1000.000000000000000 ) ;
#9821 = DIRECTION ( 'NONE',  ( -1.110223024625156294E-16, 1.224646799147353207E-16, -1.000000000000000000 ) ) ;
#9822 = ORIENTED_EDGE ( 'NONE', *, *, #8297, .T. ) ;
#9823 = VECTOR ( 'NONE', #1062, 1000.000000000000000 ) ;
#9824 = LINE ( 'NONE', #12989, #595 ) ;
#9825 = LINE ( 'NONE', #7857, #7059 ) ;
#9826 = DIRECTION ( 'NONE',  ( -0.5773502691896250649, -0.5773502691896273964, 0.5773502691896250649 ) ) ;
#9827 = ORIENTED_EDGE ( 'NONE', *, *, #9970, .F. ) ;
#9828 = DIRECTION ( 'NONE',  ( -1.000000000000000000, 0.000000000000000000, 1.110223024625156294E-16 ) ) ;
#9829 = ORIENTED_EDGE ( 'NONE', *, *, #9198, .T. ) ;
#9830 = DIRECTION ( 'NONE',  ( -1.110223024625156294E-16, 1.224646799147353207E-16, -1.000000000000000000 ) ) ;
#9831 = AXIS2_PLACEMENT_3D ( 'NONE', #4634, #5444, #9776 ) ;
#9832 = DIRECTION ( 'NONE',  ( -1.110223024625156294E-16, 1.224646799147353207E-16, -1.000000000000000000 ) ) ;
#9833 = DIRECTION ( 'NONE',  ( -2.220446049250312095E-16, 1.000000000000000000, 1.224646799147353207E-16 ) ) ;
#9834 = PLANE ( 'NONE',  #6018 ) ;
#9835 = ORIENTED_EDGE ( 'NONE', *, *, #2999, .T. ) ;
#9836 = CARTESIAN_POINT ( 'NONE',  ( 14.83499999999999730, 2.799999999999998490, 1.590000000000000302 ) ) ;
#9837 = ORIENTED_EDGE ( 'NONE', *, *, #3779, .F. ) ;
#9838 = ADVANCED_FACE ( 'NONE', ( #4657 ), #8784, .F. ) ;
#9839 = ORIENTED_EDGE ( 'NONE', *, *, #1100, .F. ) ;
#9840 = FACE_OUTER_BOUND ( 'NONE', #7603, .T. ) ;
#9841 = EDGE_CURVE ( 'NONE', #1893, #5953, #2631, .T. ) ;
#9842 = DIRECTION ( 'NONE',  ( -2.220446049250312095E-16, 1.000000000000000000, 1.224646799147353207E-16 ) ) ;
#9843 = FACE_OUTER_BOUND ( 'NONE', #4517, .T. ) ;
#9844 = CYLINDRICAL_SURFACE ( 'NONE', #6387, 0.4250000000000001554 ) ;
#9845 = DIRECTION ( 'NONE',  ( 0.9284766908852591927, -0.3713906763541040545, -1.485638603078812808E-16 ) ) ;
#9846 = VERTEX_POINT ( 'NONE', #10136 ) ;
#9847 = AXIS2_PLACEMENT_3D ( 'NONE', #10243, #11263, #6112 ) ;
#9848 = CYLINDRICAL_SURFACE ( 'NONE', #8150, 0.4250000000000000444 ) ;
#9849 = LINE ( 'NONE', #1734, #11095 ) ;
#9850 = CARTESIAN_POINT ( 'NONE',  ( 9.209999999999993747, 8.600000000000003197, 0.9500000000000015099 ) ) ;
#9851 = EDGE_LOOP ( 'NONE', ( #185, #11729, #4734, #10914 ) ) ;
#9852 = AXIS2_PLACEMENT_3D ( 'NONE', #6123, #12351, #8097 ) ;
#9853 = ORIENTED_EDGE ( 'NONE', *, *, #8289, .T. ) ;
#9854 = ADVANCED_FACE ( 'NONE', ( #13242 ), #8036, .T. ) ;
#9855 = LINE ( 'NONE', #12962, #11630 ) ;
#9856 = ORIENTED_EDGE ( 'NONE', *, *, #7795, .F. ) ;
#9857 = EDGE_CURVE ( 'NONE', #246, #1058, #9997, .T. ) ;
#9858 = EDGE_CURVE ( 'NONE', #4725, #2265, #3976, .T. ) ;
#9859 = DIRECTION ( 'NONE',  ( -1.000000000000000000, 0.000000000000000000, 1.110223024625156294E-16 ) ) ;
#9860 = FACE_OUTER_BOUND ( 'NONE', #12347, .T. ) ;
#9861 = ORIENTED_EDGE ( 'NONE', *, *, #1761, .T. ) ;
#9862 = LINE ( 'NONE', #599, #1789 ) ;
#9863 = CARTESIAN_POINT ( 'NONE',  ( 16.53000000000000114, 0.2499999999999967526, -2.090000000000000746 ) ) ;
#9864 = EDGE_LOOP ( 'NONE', ( #7068, #10253 ) ) ;
#9865 = DIRECTION ( 'NONE',  ( -1.110223024625156294E-16, 1.224646799147353207E-16, -1.000000000000000000 ) ) ;
#9866 = EDGE_CURVE ( 'NONE', #278, #1549, #6886, .T. ) ;
#9867 = ORIENTED_EDGE ( 'NONE', *, *, #1931, .F. ) ;
#9868 = EDGE_CURVE ( 'NONE', #292, #10202, #7087, .T. ) ;
#9869 = VERTEX_POINT ( 'NONE', #736 ) ;
#9870 = DIRECTION ( 'NONE',  ( 0.7071067811865477948, 0.7071067811865472397, 1.924707753543580622E-15 ) ) ;
#9871 = DIRECTION ( 'NONE',  ( 1.000000000000000000, 0.000000000000000000, -1.110223024625156294E-16 ) ) ;
#9872 = AXIS2_PLACEMENT_3D ( 'NONE', #10672, #11695, #9865 ) ;
#9873 = DIRECTION ( 'NONE',  ( 1.110223024625162210E-16, -2.832970111128507277E-15, 1.000000000000000000 ) ) ;
#9874 = DIRECTION ( 'NONE',  ( -2.220446049250312095E-16, 1.000000000000000000, 1.224646799147353207E-16 ) ) ;
#9875 = ORIENTED_EDGE ( 'NONE', *, *, #9641, .T. ) ;
#9876 = VERTEX_POINT ( 'NONE', #1685 ) ;
#9877 = DIRECTION ( 'NONE',  ( -2.220446049250312095E-16, 1.000000000000000000, 1.224646799147353207E-16 ) ) ;
#9878 = CARTESIAN_POINT ( 'NONE',  ( 5.529999999999998472, 0.2499999999999958922, 2.090000000000002078 ) ) ;
#9879 = VECTOR ( 'NONE', #13151, 1000.000000000000000 ) ;
#9880 = ADVANCED_FACE ( 'NONE', ( #10946 ), #1748, .F. ) ;
#9881 = VECTOR ( 'NONE', #5965, 1000.000000000000000 ) ;
#9882 = ORIENTED_EDGE ( 'NONE', *, *, #1307, .T. ) ;
#9883 = CARTESIAN_POINT ( 'NONE',  ( -8.770000000000012008, 8.599999999999999645, -0.9499999999999969580 ) ) ;
#9884 = ORIENTED_EDGE ( 'NONE', *, *, #4898, .T. ) ;
#9885 = CARTESIAN_POINT ( 'NONE',  ( 6.230000000000001315, -3.000000000000004441, -0.9499999999999999556 ) ) ;
#9886 = AXIS2_PLACEMENT_3D ( 'NONE', #5196, #12569, #67 ) ;
#9887 = DIRECTION ( 'NONE',  ( 1.110223024625156294E-16, -1.224646799147353207E-16, 1.000000000000000000 ) ) ;
#9888 = PLANE ( 'NONE',  #10760 ) ;
#9889 = ORIENTED_EDGE ( 'NONE', *, *, #110, .F. ) ;
#9890 = VECTOR ( 'NONE', #9348, 1000.000000000000000 ) ;
#9891 = CARTESIAN_POINT ( 'NONE',  ( -6.469999999999997975, -3.000000000000004441, 1.390000000000001235 ) ) ;
#9892 = ORIENTED_EDGE ( 'NONE', *, *, #2316, .T. ) ;
#9893 = CARTESIAN_POINT ( 'NONE',  ( -7.170000000000003482, 0.2499999999999967526, 4.425000000000002487 ) ) ;
#9894 = CARTESIAN_POINT ( 'NONE',  ( -11.31000000000001293, 8.599999999999999645, 1.150000000000004574 ) ) ;
#9895 = VECTOR ( 'NONE', #4771, 1000.000000000000000 ) ;
#9896 = CARTESIAN_POINT ( 'NONE',  ( 6.494242424242423262, 8.539393939393940869, 1.125757575757580842 ) ) ;
#9897 = ORIENTED_EDGE ( 'NONE', *, *, #12371, .T. ) ;
#9898 = CARTESIAN_POINT ( 'NONE',  ( 11.30999999999999517, 8.600000000000003197, -1.149999999999999467 ) ) ;
#9899 = EDGE_CURVE ( 'NONE', #3009, #8417, #2696, .T. ) ;
#9900 = ORIENTED_EDGE ( 'NONE', *, *, #12633, .T. ) ;
#9901 = ORIENTED_EDGE ( 'NONE', *, *, #8817, .F. ) ;
#9902 = LINE ( 'NONE', #11059, #4031 ) ;
#9903 = DIRECTION ( 'NONE',  ( 1.000000000000000000, 0.000000000000000000, -1.110223024625156294E-16 ) ) ;
#9904 = CARTESIAN_POINT ( 'NONE',  ( 6.029999999999999361, 8.599999999999996092, 0.9500000000000018430 ) ) ;
#9905 = DIRECTION ( 'NONE',  ( -0.9284766908852590817, -0.3713906763541042766, 5.759937970183641537E-17 ) ) ;
#9906 = AXIS2_PLACEMENT_3D ( 'NONE', #9635, #375, #2340 ) ;
#9907 = FACE_OUTER_BOUND ( 'NONE', #10094, .T. ) ;
#9908 = CARTESIAN_POINT ( 'NONE',  ( -11.75000000000000888, 8.099999999999999645, -0.9499999999999967359 ) ) ;
#9909 = ORIENTED_EDGE ( 'NONE', *, *, #6757, .F. ) ;
#9910 = DIRECTION ( 'NONE',  ( -2.220446049250312095E-16, 1.000000000000000000, 1.224646799147353207E-16 ) ) ;
#9911 = DIRECTION ( 'NONE',  ( 1.000000000000000000, 0.000000000000000000, 0.000000000000000000 ) ) ;
#9912 = EDGE_CURVE ( 'NONE', #3397, #1585, #11960, .T. ) ;
#9913 = EDGE_CURVE ( 'NONE', #10470, #11710, #4784, .T. ) ;
#9914 = PLANE ( 'NONE',  #8815 ) ;
#9915 = VECTOR ( 'NONE', #7992, 1000.000000000000000 ) ;
#9916 = ORIENTED_EDGE ( 'NONE', *, *, #4651, .F. ) ;
#9917 = VERTEX_POINT ( 'NONE', #2893 ) ;
#9918 = PLANE ( 'NONE',  #6435 ) ;
#9919 = ORIENTED_EDGE ( 'NONE', *, *, #10951, .F. ) ;
#9920 = DIRECTION ( 'NONE',  ( 0.5773502691896251759, 0.5773502691896271743, 0.5773502691896250649 ) ) ;
#9921 = CARTESIAN_POINT ( 'NONE',  ( -15.48000000000000398, 2.599999999999997424, 3.175000000000003375 ) ) ;
#9922 = CARTESIAN_POINT ( 'NONE',  ( -2.250000000000004441, 2.599999999999996536, 4.425000000000002487 ) ) ;
#9923 = VERTEX_POINT ( 'NONE', #4719 ) ;
#9924 = DIRECTION ( 'NONE',  ( -2.599483128751245825E-15, -1.224646799147352221E-16, 1.000000000000000000 ) ) ;
#9925 = PLANE ( 'NONE',  #5678 ) ;
#9926 = VECTOR ( 'NONE', #7680, 1000.000000000000000 ) ;
#9927 = ORIENTED_EDGE ( 'NONE', *, *, #1167, .T. ) ;
#9928 = LINE ( 'NONE', #8846, #3171 ) ;
#9929 = EDGE_CURVE ( 'NONE', #4562, #2904, #5798, .T. ) ;
#9930 = EDGE_CURVE ( 'NONE', #10772, #1455, #666, .T. ) ;
#9931 = ADVANCED_FACE ( 'NONE', ( #6001 ), #8104, .F. ) ;
#9932 = VERTEX_POINT ( 'NONE', #7020 ) ;
#9933 = ORIENTED_EDGE ( 'NONE', *, *, #11101, .F. ) ;
#9934 = CARTESIAN_POINT ( 'NONE',  ( -3.490000000000011315, 8.600000000000001421, -1.149999999999997913 ) ) ;
#9935 = DIRECTION ( 'NONE',  ( -2.220446049250312095E-16, 1.000000000000000000, 1.224646799147353207E-16 ) ) ;
#9936 = CARTESIAN_POINT ( 'NONE',  ( 4.129999999999996341, -2.500000000000003997, 1.590000000000000968 ) ) ;
#9937 = DIRECTION ( 'NONE',  ( 1.649305920077741323E-16, -0.9284766908852591927, -0.3713906763541040545 ) ) ;
#9938 = PLANE ( 'NONE',  #3109 ) ;
#9939 = EDGE_CURVE ( 'NONE', #12863, #7587, #9928, .T. ) ;
#9940 = ORIENTED_EDGE ( 'NONE', *, *, #11534, .F. ) ;
#9941 = ORIENTED_EDGE ( 'NONE', *, *, #11, .F. ) ;
#9942 = ADVANCED_FACE ( 'NONE', ( #12971 ), #13037, .F. ) ;
#9943 = FACE_OUTER_BOUND ( 'NONE', #2510, .T. ) ;
#9944 = LINE ( 'NONE', #884, #8692 ) ;
#9945 = SURFACE_STYLE_FILL_AREA ( #555 ) ;
#9946 = ORIENTED_EDGE ( 'NONE', *, *, #6893, .T. ) ;
#9947 = CARTESIAN_POINT ( 'NONE',  ( -3.489999999999995328, -32.81321928319991343, 0.9499999999999979572 ) ) ;
#9948 = ORIENTED_EDGE ( 'NONE', *, *, #7173, .T. ) ;
#9949 = DIRECTION ( 'NONE',  ( -1.000000000000000000, 0.000000000000000000, 1.110223024625156294E-16 ) ) ;
#9950 = VECTOR ( 'NONE', #1085, 1000.000000000000000 ) ;
#9951 = DIRECTION ( 'NONE',  ( -2.220446049250312095E-16, 1.000000000000000000, 1.224646799147353207E-16 ) ) ;
#9952 = PLANE ( 'NONE',  #8813 ) ;
#9953 = EDGE_LOOP ( 'NONE', ( #8404, #12926, #1740, #9434 ) ) ;
#9954 = ADVANCED_FACE ( 'NONE', ( #3845 ), #11086, .F. ) ;
#9955 = LINE ( 'NONE', #7861, #6591 ) ;
#9956 = VERTEX_POINT ( 'NONE', #1880 ) ;
#9957 = DIRECTION ( 'NONE',  ( -1.000000000000000000, 0.000000000000000000, 1.110223024625156294E-16 ) ) ;
#9958 = EDGE_CURVE ( 'NONE', #7195, #806, #871, .T. ) ;
#9959 = CIRCLE ( 'NONE', #4126, 0.4250000000000000444 ) ;
#9960 = ADVANCED_FACE ( 'NONE', ( #3088 ), #7220, .F. ) ;
#9961 =( NAMED_UNIT ( * ) PLANE_ANGLE_UNIT ( ) SI_UNIT ( $, .RADIAN. ) );
#9962 = VECTOR ( 'NONE', #5896, 999.9999999999998863 ) ;
#9963 = LINE ( 'NONE', #7054, #13373 ) ;
#9964 = EDGE_LOOP ( 'NONE', ( #159, #3241, #7187, #2230 ) ) ;
#9965 = DIRECTION ( 'NONE',  ( 1.000000000000000000, 0.000000000000000000, -1.110223024625156294E-16 ) ) ;
#9966 = DIRECTION ( 'NONE',  ( -1.110223024625156294E-16, 1.224646799147353207E-16, -1.000000000000000000 ) ) ;
#9967 = VERTEX_POINT ( 'NONE', #3023 ) ;
#9968 = LINE ( 'NONE', #712, #12454 ) ;
#9969 = FACE_OUTER_BOUND ( 'NONE', #2493, .T. ) ;
#9970 = EDGE_CURVE ( 'NONE', #678, #8492, #6267, .T. ) ;
#9971 = PLANE ( 'NONE',  #7460 ) ;
#9972 = PLANE ( 'NONE',  #12348 ) ;
#9973 = VECTOR ( 'NONE', #7721, 1000.000000000000000 ) ;
#9974 = DIRECTION ( 'NONE',  ( 0.9284766908852596368, 0.3713906763541028888, -5.759937970183664956E-17 ) ) ;
#9975 = DIRECTION ( 'NONE',  ( 1.110223024625156294E-16, -1.224646799147353207E-16, 1.000000000000000000 ) ) ;
#9976 = ORIENTED_EDGE ( 'NONE', *, *, #6302, .T. ) ;
#9977 = EDGE_CURVE ( 'NONE', #12743, #5863, #5053, .T. ) ;
#9978 = AXIS2_PLACEMENT_3D ( 'NONE', #4130, #8264, #6228 ) ;
#9979 = CARTESIAN_POINT ( 'NONE',  ( 2.134999999999992681, -2.500000000000003997, 0.9500000000000009548 ) ) ;
#9980 = DIRECTION ( 'NONE',  ( -0.9284766908852590817, -0.3713906763541042766, 5.759937970183641537E-17 ) ) ;
#9981 = PLANE ( 'NONE',  #10119 ) ;
#9982 = EDGE_CURVE ( 'NONE', #11247, #2224, #11419, .T. ) ;
#9983 = ORIENTED_EDGE ( 'NONE', *, *, #3351, .T. ) ;
#9984 = VECTOR ( 'NONE', #9465, 1000.000000000000000 ) ;
#9985 = AXIS2_PLACEMENT_3D ( 'NONE', #5265, #940, #6341 ) ;
#9986 = ORIENTED_EDGE ( 'NONE', *, *, #7325, .F. ) ;
#9987 = DIRECTION ( 'NONE',  ( -2.220446049250312095E-16, 1.000000000000000000, 1.224646799147353207E-16 ) ) ;
#9988 = VERTEX_POINT ( 'NONE', #9180 ) ;
#9989 = AXIS2_PLACEMENT_3D ( 'NONE', #348, #8730, #3918 ) ;
#9990 = CARTESIAN_POINT ( 'NONE',  ( 4.129999999999996341, -2.500000000000003997, 1.590000000000000968 ) ) ;
#9991 = LINE ( 'NONE', #9922, #12846 ) ;
#9992 = EDGE_LOOP ( 'NONE', ( #3205, #5174, #10634, #4539 ) ) ;
#9993 = LINE ( 'NONE', #662, #2014 ) ;
#9994 = CARTESIAN_POINT ( 'NONE',  ( -1.590000000000005409, 8.599999999999997868, -0.9499999999999977351 ) ) ;
#9995 = EDGE_LOOP ( 'NONE', ( #5407, #10331, #3365, #13320 ) ) ;
#9996 = VECTOR ( 'NONE', #7702, 999.9999999999998863 ) ;
#9997 = LINE ( 'NONE', #6064, #7063 ) ;
#9998 = ORIENTED_EDGE ( 'NONE', *, *, #11680, .F. ) ;
#9999 = ORIENTED_EDGE ( 'NONE', *, *, #7964, .T. ) ;
#10000 = AXIS2_PLACEMENT_3D ( 'NONE', #5661, #9798, #534 ) ;
#10001 = CARTESIAN_POINT ( 'NONE',  ( 4.675000000000000711, -2.500000000000003997, 1.590000000000000746 ) ) ;
#10002 = FACE_OUTER_BOUND ( 'NONE', #9526, .T. ) ;
#10003 = CARTESIAN_POINT ( 'NONE',  ( 11.75000000000000000, 0.7499999999999963363, 1.590000000000000524 ) ) ;
#10004 = LINE ( 'NONE', #11162, #5697 ) ;
#10005 = AXIS2_PLACEMENT_3D ( 'NONE', #7477, #1249, #12682 ) ;
#10006 = LINE ( 'NONE', #4861, #5947 ) ;
#10007 = EDGE_CURVE ( 'NONE', #7719, #9172, #4174, .T. ) ;
#10008 = VERTEX_POINT ( 'NONE', #10332 ) ;
#10009 = ADVANCED_FACE ( 'NONE', ( #5190 ), #8306, .T. ) ;
#10010 = ADVANCED_FACE ( 'NONE', ( #12295 ), #3156, .F. ) ;
#10011 = ORIENTED_EDGE ( 'NONE', *, *, #7310, .T. ) ;
#10012 = DIRECTION ( 'NONE',  ( 1.110223024625156294E-16, -1.224646799147353207E-16, 1.000000000000000000 ) ) ;
#10013 = CARTESIAN_POINT ( 'NONE',  ( 0.9499999999999978462, -2.500000000000003997, 1.590000000000001190 ) ) ;
#10014 = DIRECTION ( 'NONE',  ( -2.220446049250312095E-16, 1.000000000000000000, 1.224646799147353207E-16 ) ) ;
#10015 = EDGE_LOOP ( 'NONE', ( #5092, #12780, #2539, #4811 ) ) ;
#10016 = MECHANICAL_DESIGN_GEOMETRIC_PRESENTATION_REPRESENTATION (  '', ( #4825 ), #1379 ) ;
#10017 = DIRECTION ( 'NONE',  ( 2.220446049250312095E-16, -1.000000000000000000, -1.224646799147353207E-16 ) ) ;
#10018 = ADVANCED_FACE ( 'NONE', ( #996 ), #2156, .F. ) ;
#10019 = ORIENTED_EDGE ( 'NONE', *, *, #3897, .T. ) ;
#10020 = LINE ( 'NONE', #11111, #9010 ) ;
#10021 = ORIENTED_EDGE ( 'NONE', *, *, #6879, .F. ) ;
#10022 = CARTESIAN_POINT ( 'NONE',  ( -3.489999999999995328, -32.81321928319991343, -1.590000000000002300 ) ) ;
#10023 = PRESENTATION_STYLE_ASSIGNMENT (( #9145 ) ) ;
#10024 = VERTEX_POINT ( 'NONE', #13307 ) ;
#10025 = VECTOR ( 'NONE', #12055, 1000.000000000000000 ) ;
#10026 = ADVANCED_FACE ( 'NONE', ( #11549 ), #5256, .F. ) ;
#10027 = CARTESIAN_POINT ( 'NONE',  ( -0.9500000000000013989, -2.500000000000003997, -0.9499999999999991784 ) ) ;
#10028 = ORIENTED_EDGE ( 'NONE', *, *, #4461, .F. ) ;
#10029 = EDGE_CURVE ( 'NONE', #6282, #2092, #4241, .T. ) ;
#10030 = LINE ( 'NONE', #12873, #8027 ) ;
#10031 = VECTOR ( 'NONE', #10146, 1000.000000000000000 ) ;
#10032 = PLANE ( 'NONE',  #5121 ) ;
#10033 = CARTESIAN_POINT ( 'NONE',  ( -11.11000000000000654, 8.599999999999999645, 1.590000000000003855 ) ) ;
#10034 = AXIS2_PLACEMENT_3D ( 'NONE', #1411, #596, #4713 ) ;
#10035 = EDGE_CURVE ( 'NONE', #6719, #11018, #5119, .T. ) ;
#10036 = ORIENTED_EDGE ( 'NONE', *, *, #10684, .T. ) ;
#10037 = DIRECTION ( 'NONE',  ( -1.000000000000000000, 0.000000000000000000, 1.110223024625156294E-16 ) ) ;
#10038 = DIRECTION ( 'NONE',  ( 1.000000000000000000, 0.000000000000000000, -1.110223024625156294E-16 ) ) ;
#10039 = VECTOR ( 'NONE', #7164, 1000.000000000000000 ) ;
#10040 = ORIENTED_EDGE ( 'NONE', *, *, #5710, .F. ) ;
#10041 = CARTESIAN_POINT ( 'NONE',  ( -0.4250000000000045408, -3.469446951953614189E-15, -3.624999999999997335 ) ) ;
#10042 = DIRECTION ( 'NONE',  ( -1.110223024625156294E-16, 1.224646799147353207E-16, -1.000000000000000000 ) ) ;
#10043 = DIRECTION ( 'NONE',  ( -1.000000000000000000, 0.000000000000000000, 1.110223024625156294E-16 ) ) ;
#10044 = DIRECTION ( 'NONE',  ( -1.110223024625156294E-16, 1.224646799147353207E-16, -1.000000000000000000 ) ) ;
#10045 = VECTOR ( 'NONE', #1240, 1000.000000000000000 ) ;
#10046 = CARTESIAN_POINT ( 'NONE',  ( -8.570000000000005613, 8.099999999999999645, -1.589999999999996749 ) ) ;
#10047 = PLANE ( 'NONE',  #9149 ) ;
#10048 = ORIENTED_EDGE ( 'NONE', *, *, #8930, .T. ) ;
#10049 = DIRECTION ( 'NONE',  ( -2.220446049250312095E-16, 1.000000000000000000, 1.224646799147353207E-16 ) ) ;
#10050 = CARTESIAN_POINT ( 'NONE',  ( 1.389999999999991243, 8.599999999999997868, 1.590000000000002300 ) ) ;
#10051 = LINE ( 'NONE', #13167, #4276 ) ;
#10052 = EDGE_CURVE ( 'NONE', #8437, #5017, #3226, .T. ) ;
#10053 = ORIENTED_EDGE ( 'NONE', *, *, #11579, .F. ) ;
#10054 = ORIENTED_EDGE ( 'NONE', *, *, #10829, .F. ) ;
#10055 = DIRECTION ( 'NONE',  ( 2.220446049250312095E-16, -1.000000000000000000, -1.224646799147353207E-16 ) ) ;
#10056 = ORIENTED_EDGE ( 'NONE', *, *, #4323, .T. ) ;
#10057 = LINE ( 'NONE', #8838, #3713 ) ;
#10058 = EDGE_CURVE ( 'NONE', #3611, #2440, #2217, .T. ) ;
#10059 = VECTOR ( 'NONE', #10208, 1000.000000000000000 ) ;
#10060 = LINE ( 'NONE', #2757, #968 ) ;
#10061 = DIRECTION ( 'NONE',  ( -1.110223024625156294E-16, 1.224646799147353207E-16, -1.000000000000000000 ) ) ;
#10062 = AXIS2_PLACEMENT_3D ( 'NONE', #6169, #9215, #4961 ) ;
#10063 = DIRECTION ( 'NONE',  ( -1.000000000000000000, 0.000000000000000000, 1.110223024625156294E-16 ) ) ;
#10064 = FACE_OUTER_BOUND ( 'NONE', #9424, .T. ) ;
#10065 = ORIENTED_EDGE ( 'NONE', *, *, #5043, .T. ) ;
#10066 = CARTESIAN_POINT ( 'NONE',  ( 8.069999999999996732, 0.2499999999999967526, 4.425000000000000711 ) ) ;
#10067 = PLANE ( 'NONE',  #12075 ) ;
#10068 = ORIENTED_EDGE ( 'NONE', *, *, #2287, .F. ) ;
#10069 = ORIENTED_EDGE ( 'NONE', *, *, #2579, .F. ) ;
#10070 = CARTESIAN_POINT ( 'NONE',  ( -14.06500000000000483, 0.2499999999999967526, 3.625000000000003997 ) ) ;
#10071 = CARTESIAN_POINT ( 'NONE',  ( -16.53000000000000114, 6.649999999999999467, 1.650000000000003464 ) ) ;
#10072 = CARTESIAN_POINT ( 'NONE',  ( -16.53000000000000114, 0.2499999999999967526, 4.425000000000003375 ) ) ;
#10073 = CARTESIAN_POINT ( 'NONE',  ( 1.589999999999996527, 8.599999999999999645, -1.589999999999998082 ) ) ;
#10074 = CARTESIAN_POINT ( 'NONE',  ( 11.74999999999999467, 8.599999999999999645, 0.9500000000000011768 ) ) ;
#10075 = EDGE_LOOP ( 'NONE', ( #8430, #3276, #7652, #7610 ) ) ;
#10076 = VECTOR ( 'NONE', #3149, 1000.000000000000000 ) ;
#10077 = ORIENTED_EDGE ( 'NONE', *, *, #2508, .F. ) ;
#10078 = CARTESIAN_POINT ( 'NONE',  ( -11.11000000000000476, -2.500000000000003109, -0.9499999999999980682 ) ) ;
#10079 = CARTESIAN_POINT ( 'NONE',  ( 1.149999999999993694, 8.600000000000001421, -1.389999999999997682 ) ) ;
#10080 = PLANE ( 'NONE',  #5140 ) ;
#10081 = VERTEX_POINT ( 'NONE', #8438 ) ;
#10082 = ADVANCED_FACE ( 'NONE', ( #12564 ), #4108, .F. ) ;
#10083 = DIRECTION ( 'NONE',  ( -1.000000000000000000, 0.000000000000000000, 1.110223024625156294E-16 ) ) ;
#10084 = PLANE ( 'NONE',  #249 ) ;
#10085 = VECTOR ( 'NONE', #2552, 1000.000000000000000 ) ;
#10086 = ORIENTED_EDGE ( 'NONE', *, *, #10908, .T. ) ;
#10087 = CARTESIAN_POINT ( 'NONE',  ( 1.589999999999998526, 0.7499999999999972244, 0.9500000000000013989 ) ) ;
#10088 = ORIENTED_EDGE ( 'NONE', *, *, #12457, .F. ) ;
#10089 = FACE_OUTER_BOUND ( 'NONE', #5280, .T. ) ;
#10090 = CARTESIAN_POINT ( 'NONE',  ( 0.9499999999999966249, 0.7499999999999981126, -1.589999999999998748 ) ) ;
#10091 = ORIENTED_EDGE ( 'NONE', *, *, #11968, .F. ) ;
#10092 = VECTOR ( 'NONE', #6571, 1000.000000000000000 ) ;
#10093 = DIRECTION ( 'NONE',  ( -1.000000000000000000, -2.220446049250312341E-16, 1.110223024625156047E-16 ) ) ;
#10094 = EDGE_LOOP ( 'NONE', ( #5778, #7481, #8035, #6181 ) ) ;
#10095 = CARTESIAN_POINT ( 'NONE',  ( 1.389999999999991021, 8.599999999999997868, -0.9499999999999980682 ) ) ;
#10096 = VECTOR ( 'NONE', #11858, 1000.000000000000000 ) ;
#10097 = CARTESIAN_POINT ( 'NONE',  ( -4.130000000000006111, 8.599999999999999645, -1.589999999999997193 ) ) ;
#10098 = EDGE_CURVE ( 'NONE', #3577, #4666, #931, .T. ) ;
#10099 = DIRECTION ( 'NONE',  ( 1.110223024625156294E-16, -1.224646799147353207E-16, 1.000000000000000000 ) ) ;
#10100 = EDGE_CURVE ( 'NONE', #7764, #1980, #13381, .T. ) ;
#10101 = EDGE_CURVE ( 'NONE', #8864, #4666, #10725, .T. ) ;
#10102 = VECTOR ( 'NONE', #10204, 1000.000000000000000 ) ;
#10103 = ORIENTED_EDGE ( 'NONE', *, *, #1913, .T. ) ;
#10104 = DIRECTION ( 'NONE',  ( -1.110223024625156294E-16, 1.224646799147353207E-16, -1.000000000000000000 ) ) ;
#10105 = MECHANICAL_DESIGN_GEOMETRIC_PRESENTATION_REPRESENTATION (  '', ( #822 ), #9458 ) ;
#10106 = DIRECTION ( 'NONE',  ( 1.000000000000000000, 0.000000000000000000, -1.110223024625156294E-16 ) ) ;
#10107 = EDGE_LOOP ( 'NONE', ( #1343, #244, #8588, #3595 ) ) ;
#10108 = FACE_OUTER_BOUND ( 'NONE', #10203, .T. ) ;
#10109 = CARTESIAN_POINT ( 'NONE',  ( 16.53000000000000114, 0.2499999999999967526, -0.4500000000000005107 ) ) ;
#10110 = DIRECTION ( 'NONE',  ( 1.000000000000000000, 0.000000000000000000, -1.110223024625156294E-16 ) ) ;
#10111 = EDGE_CURVE ( 'NONE', #1763, #3294, #8504, .T. ) ;
#10112 = CARTESIAN_POINT ( 'NONE',  ( 11.54999999999999361, -3.000000000000002665, -1.389999999999999680 ) ) ;
#10113 = ADVANCED_FACE ( 'NONE', ( #8573 ), #5589, .F. ) ;
#10114 = COLOUR_RGB ( '',0.8705882352941176627, 0.6313725490196078205, 0.1725490196078431349 ) ;
#10115 = DIRECTION ( 'NONE',  ( -0.9284766908852590817, -0.3713906763541042766, 5.759937970183641537E-17 ) ) ;
#10116 = CARTESIAN_POINT ( 'NONE',  ( -6.030000000000004690, 8.599999999999999645, -1.389999999999996794 ) ) ;
#10117 = ORIENTED_EDGE ( 'NONE', *, *, #9982, .T. ) ;
#10118 = ADVANCED_FACE ( 'NONE', ( #9650 ), #5648, .F. ) ;
#10119 = AXIS2_PLACEMENT_3D ( 'NONE', #721, #12012, #1934 ) ;
#10120 = DIRECTION ( 'NONE',  ( 1.000000000000000000, 0.000000000000000000, -1.110223024625156294E-16 ) ) ;
#10121 = CARTESIAN_POINT ( 'NONE',  ( -6.030000000000002913, 2.599999999999998312, -0.9499999999999980682 ) ) ;
#10122 = CARTESIAN_POINT ( 'NONE',  ( -9.209999999999999076, -32.81321928319991343, -0.9500000000000019540 ) ) ;
#10123 = VERTEX_POINT ( 'NONE', #6530 ) ;
#10124 = ORIENTED_EDGE ( 'NONE', *, *, #8270, .T. ) ;
#10125 = VECTOR ( 'NONE', #7788, 1000.000000000000000 ) ;
#10126 = DIRECTION ( 'NONE',  ( -2.220446049250312095E-16, 1.000000000000000000, 1.224646799147353207E-16 ) ) ;
#10127 = VERTEX_POINT ( 'NONE', #3559 ) ;
#10128 = LINE ( 'NONE', #12088, #8355 ) ;
#10129 = DIRECTION ( 'NONE',  ( 2.220446049250312095E-16, -1.000000000000000000, -1.224646799147353207E-16 ) ) ;
#10130 = CARTESIAN_POINT ( 'NONE',  ( 2.990000000000000657, 0.2499999999999967526, 0.4500000000000007327 ) ) ;
#10131 = EDGE_CURVE ( 'NONE', #11813, #6553, #12630, .T. ) ;
#10132 = LINE ( 'NONE', #868, #4165 ) ;
#10133 = DIRECTION ( 'NONE',  ( 2.821527733676277528E-15, -1.224646799147354193E-16, 1.000000000000000000 ) ) ;
#10134 = ORIENTED_EDGE ( 'NONE', *, *, #2661, .F. ) ;
#10135 = ADVANCED_FACE ( 'NONE', ( #3360 ), #12698, .F. ) ;
#10136 = CARTESIAN_POINT ( 'NONE',  ( 4.629999999999997229, 0.2499999999999976130, -2.089999999999999858 ) ) ;
#10137 = DIRECTION ( 'NONE',  ( -2.821527733676277528E-15, 1.224646799147354193E-16, -1.000000000000000000 ) ) ;
#10138 = ADVANCED_FACE ( 'NONE', ( #7561 ), #11676, .F. ) ;
#10139 = VECTOR ( 'NONE', #11576, 1000.000000000000000 ) ;
#10140 = EDGE_LOOP ( 'NONE', ( #2567, #10647, #10338, #12475 ) ) ;
#10141 = ORIENTED_EDGE ( 'NONE', *, *, #9400, .T. ) ;
#10142 = DIRECTION ( 'NONE',  ( -2.220446049250312095E-16, 1.000000000000000000, 1.224646799147353207E-16 ) ) ;
#10143 = CARTESIAN_POINT ( 'NONE',  ( -6.030000000000002025, 0.7499999999999972244, 1.590000000000002300 ) ) ;
#10144 = DIRECTION ( 'NONE',  ( -1.000000000000000000, 0.000000000000000000, 1.110223024625156294E-16 ) ) ;
#10145 = LINE ( 'NONE', #11029, #6782 ) ;
#10146 = DIRECTION ( 'NONE',  ( -2.821527733676277528E-15, 1.224646799147354193E-16, -1.000000000000000000 ) ) ;
#10147 = ORIENTED_EDGE ( 'NONE', *, *, #10847, .F. ) ;
#10148 = ORIENTED_EDGE ( 'NONE', *, *, #6383, .T. ) ;
#10149 = LINE ( 'NONE', #7101, #10679 ) ;
#10150 = LINE ( 'NONE', #10013, #4588 ) ;
#10151 = EDGE_LOOP ( 'NONE', ( #11235, #1575, #2826, #13267 ) ) ;
#10152 = DIRECTION ( 'NONE',  ( 0.5773502691896251759, 0.5773502691896271743, 0.5773502691896250649 ) ) ;
#10153 = PLANE ( 'NONE',  #10392 ) ;
#10154 = EDGE_CURVE ( 'NONE', #482, #8829, #7690, .T. ) ;
#10155 = PLANE ( 'NONE',  #7723 ) ;
#10156 = EDGE_LOOP ( 'NONE', ( #12954, #6598, #12576, #10321 ) ) ;
#10157 = CARTESIAN_POINT ( 'NONE',  ( -0.9500000000000021760, 0.7499999999999981126, -0.9499999999999987343 ) ) ;
#10158 = PLANE ( 'NONE',  #839 ) ;
#10159 = EDGE_LOOP ( 'NONE', ( #11031, #345, #10836, #445 ) ) ;
#10160 = ORIENTED_EDGE ( 'NONE', *, *, #5478, .T. ) ;
#10161 = LINE ( 'NONE', #1973, #9119 ) ;
#10162 = DIRECTION ( 'NONE',  ( 1.030816200048588727E-16, 0.3713906763541041101, 0.9284766908852591927 ) ) ;
#10163 = ORIENTED_EDGE ( 'NONE', *, *, #2983, .F. ) ;
#10164 = LINE ( 'NONE', #901, #8826 ) ;
#10165 = EDGE_LOOP ( 'NONE', ( #8891, #8295, #11521, #9667 ) ) ;
#10166 = DIRECTION ( 'NONE',  ( -1.110223024625156294E-16, 1.224646799147353207E-16, -1.000000000000000000 ) ) ;
#10167 = CARTESIAN_POINT ( 'NONE',  ( 7.214999999999998970, 8.099999999999999645, 0.9500000000000017319 ) ) ;
#10168 = ORIENTED_EDGE ( 'NONE', *, *, #3146, .T. ) ;
#10169 = CARTESIAN_POINT ( 'NONE',  ( -4.630000000000004334, 0.2499999999999967526, 0.4500000000000015654 ) ) ;
#10170 = PLANE ( 'NONE',  #10822 ) ;
#10171 = AXIS2_PLACEMENT_3D ( 'NONE', #8461, #7176, #12586 ) ;
#10172 = CARTESIAN_POINT ( 'NONE',  ( -11.75000000000000711, 2.599999999999998312, -0.9499999999999974021 ) ) ;
#10173 = LINE ( 'NONE', #1047, #9540 ) ;
#10174 = ADVANCED_FACE ( 'NONE', ( #10797 ), #390, .F. ) ;
#10175 = VECTOR ( 'NONE', #9090, 1000.000000000000000 ) ;
#10176 = EDGE_CURVE ( 'NONE', #2185, #3907, #7492, .T. ) ;
#10177 = EDGE_CURVE ( 'NONE', #8224, #806, #12765, .T. ) ;
#10178 = PLANE ( 'NONE',  #10282 ) ;
#10179 = DIRECTION ( 'NONE',  ( -1.110223024625156294E-16, 1.224646799147353207E-16, -1.000000000000000000 ) ) ;
#10180 = ORIENTED_EDGE ( 'NONE', *, *, #6198, .T. ) ;
#10181 = DIRECTION ( 'NONE',  ( -0.3481553119113935946, -0.8703882797784899816, 0.3481553119113957595 ) ) ;
#10182 = DIRECTION ( 'NONE',  ( 1.000000000000000000, 0.000000000000000000, -1.110223024625156294E-16 ) ) ;
#10183 = CARTESIAN_POINT ( 'NONE',  ( -5.530000000000002025, 0.2499999999999976130, -2.089999999999998526 ) ) ;
#10184 = ORIENTED_EDGE ( 'NONE', *, *, #11101, .T. ) ;
#10185 = VERTEX_POINT ( 'NONE', #8769 ) ;
#10186 = ADVANCED_FACE ( 'NONE', ( #1328 ), #12889, .T. ) ;
#10187 = AXIS2_PLACEMENT_3D ( 'NONE', #4286, #8423, #12545 ) ;
#10188 = ORIENTED_EDGE ( 'NONE', *, *, #8127, .T. ) ;
#10189 = SURFACE_SIDE_STYLE ('',( #12290 ) ) ;
#10190 = CARTESIAN_POINT ( 'NONE',  ( 7.214999999999999858, 2.799999999999997602, -1.589999999999999192 ) ) ;
#10191 = CARTESIAN_POINT ( 'NONE',  ( -11.11000000000000476, -2.500000000000003109, -0.9499999999999980682 ) ) ;
#10192 = AXIS2_PLACEMENT_3D ( 'NONE', #3647, #7585, #8601 ) ;
#10193 = EDGE_CURVE ( 'NONE', #6921, #12456, #3624, .T. ) ;
#10194 = CARTESIAN_POINT ( 'NONE',  ( 4.629999999999997229, 0.2499999999999976130, -0.4499999999999991784 ) ) ;
#10195 = DIRECTION ( 'NONE',  ( -0.3481553119113940942, 0.8703882797784897596, -0.3481553119113955930 ) ) ;
#10196 = ORIENTED_EDGE ( 'NONE', *, *, #11944, .T. ) ;
#10197 = EDGE_CURVE ( 'NONE', #13215, #4741, #10530, .T. ) ;
#10198 = DIRECTION ( 'NONE',  ( -2.220446049250312095E-16, 1.000000000000000000, 1.224646799147353207E-16 ) ) ;
#10199 = CARTESIAN_POINT ( 'NONE',  ( -6.670000000000004370, -2.500000000000003109, -0.9499999999999985123 ) ) ;
#10200 = AXIS2_PLACEMENT_3D ( 'NONE', #4987, #7973, #9113 ) ;
#10201 = MECHANICAL_DESIGN_GEOMETRIC_PRESENTATION_REPRESENTATION (  '', ( #1562 ), #8474 ) ;
#10202 = VERTEX_POINT ( 'NONE', #1267 ) ;
#10203 = EDGE_LOOP ( 'NONE', ( #2865, #1046, #4110, #5425 ) ) ;
#10204 = DIRECTION ( 'NONE',  ( 1.000000000000000000, 0.000000000000000000, -1.110223024625156294E-16 ) ) ;
#10205 = DIRECTION ( 'NONE',  ( -1.000000000000000000, 0.000000000000000000, 1.110223024625156294E-16 ) ) ;
#10206 = CARTESIAN_POINT ( 'NONE',  ( -16.53000000000001180, 9.099999999999999645, 3.775000000000005684 ) ) ;
#10207 = DIRECTION ( 'NONE',  ( -1.000000000000000000, 0.000000000000000000, 1.110223024625156294E-16 ) ) ;
#10208 = DIRECTION ( 'NONE',  ( -0.3481553119113939831, 0.8703882797784897596, 0.3481553119113959816 ) ) ;
#10209 = VECTOR ( 'NONE', #4289, 1000.000000000000000 ) ;
#10210 = VERTEX_POINT ( 'NONE', #5390 ) ;
#10211 = ORIENTED_EDGE ( 'NONE', *, *, #1097, .F. ) ;
#10212 = CARTESIAN_POINT ( 'NONE',  ( -6.670000000000004370, -3.000000000000004441, -1.389999999999997904 ) ) ;
#10213 = CARTESIAN_POINT ( 'NONE',  ( 0.9499999999999961808, 2.599999999999998312, -1.589999999999998526 ) ) ;
#10214 = ORIENTED_EDGE ( 'NONE', *, *, #2041, .F. ) ;
#10215 = PLANE ( 'NONE',  #10348 ) ;
#10216 = VECTOR ( 'NONE', #9396, 1000.000000000000000 ) ;
#10217 = DIRECTION ( 'NONE',  ( -2.220446049250312095E-16, 1.000000000000000000, 1.224646799147353207E-16 ) ) ;
#10218 = ADVANCED_FACE ( 'NONE', ( #9513 ), #4374, .T. ) ;
#10219 = VECTOR ( 'NONE', #3140, 1000.000000000000114 ) ;
#10220 = LINE ( 'NONE', #2919, #1027 ) ;
#10221 = ORIENTED_EDGE ( 'NONE', *, *, #2178, .T. ) ;
#10222 = DIRECTION ( 'NONE',  ( -2.599483128751245825E-15, -1.224646799147352221E-16, 1.000000000000000000 ) ) ;
#10223 = DIRECTION ( 'NONE',  ( 1.110223024625156294E-16, -1.224646799147352961E-16, 1.000000000000000000 ) ) ;
#10224 = ORIENTED_EDGE ( 'NONE', *, *, #5906, .T. ) ;
#10225 = EDGE_CURVE ( 'NONE', #5607, #4441, #651, .T. ) ;
#10226 = EDGE_LOOP ( 'NONE', ( #8810, #9933, #4073, #6258 ) ) ;
#10227 = DIRECTION ( 'NONE',  ( 0.3481553119113962591, -0.8703882797784889824, 0.3481553119113957040 ) ) ;
#10228 = VECTOR ( 'NONE', #10795, 1000.000000000000000 ) ;
#10229 = ADVANCED_FACE ( 'NONE', ( #2812 ), #9848, .T. ) ;
#10230 = VECTOR ( 'NONE', #8946, 1000.000000000000000 ) ;
#10231 = LINE ( 'NONE', #898, #7942 ) ;
#10232 = APPLICATION_PROTOCOL_DEFINITION ( 'draft international standard', 'automotive_design', 1998, #6634 ) ;
#10233 = PLANE ( 'NONE',  #3424 ) ;
#10234 = ORIENTED_EDGE ( 'NONE', *, *, #12851, .T. ) ;
#10235 = FACE_OUTER_BOUND ( 'NONE', #5327, .T. ) ;
#10236 = DIRECTION ( 'NONE',  ( -1.000000000000000000, 0.000000000000000000, 1.110223024625156294E-16 ) ) ;
#10237 = EDGE_LOOP ( 'NONE', ( #5922, #11037, #1747, #9561 ) ) ;
#10238 = PLANE ( 'NONE',  #11593 ) ;
#10239 = DIRECTION ( 'NONE',  ( 1.855469160087460128E-16, -0.3713906763541040545, 0.9284766908852591927 ) ) ;
#10240 = DIRECTION ( 'NONE',  ( 2.220446049250312095E-16, -1.000000000000000000, -1.224646799147353207E-16 ) ) ;
#10241 = ORIENTED_EDGE ( 'NONE', *, *, #12102, .T. ) ;
#10242 = LINE ( 'NONE', #6110, #6726 ) ;
#10243 = CARTESIAN_POINT ( 'NONE',  ( -2.978173263556981158E-15, 0.2499999999999976130, -4.424999999999999822 ) ) ;
#10244 = LINE ( 'NONE', #5036, #11285 ) ;
#10245 = EDGE_LOOP ( 'NONE', ( #5975, #2521, #11956, #3848 ) ) ;
#10246 = VECTOR ( 'NONE', #893, 1000.000000000000000 ) ;
#10247 = PLANE ( 'NONE',  #11822 ) ;
#10248 = CARTESIAN_POINT ( 'NONE',  ( 8.570000000000000284, 8.100000000000003197, 1.590000000000001856 ) ) ;
#10249 = DIRECTION ( 'NONE',  ( 1.110223024625156294E-16, -1.224646799147352961E-16, 1.000000000000000000 ) ) ;
#10250 = VECTOR ( 'NONE', #6127, 1000.000000000000000 ) ;
#10251 = EDGE_CURVE ( 'NONE', #3632, #959, #583, .T. ) ;
#10252 = VERTEX_POINT ( 'NONE', #4769 ) ;
#10254 = EDGE_CURVE ( 'NONE', #4599, #10292, #4906, .T. ) ;
#10253 = ORIENTED_EDGE ( 'NONE', *, *, #5084, .F. ) ;
#10256 =( LENGTH_UNIT ( ) NAMED_UNIT ( * ) SI_UNIT ( .MILLI., .METRE. ) );
#10255 = VECTOR ( 'NONE', #466, 999.9999999999998863 ) ;
#10257 = ORIENTED_EDGE ( 'NONE', *, *, #5303, .T. ) ;
#10258 = DIRECTION ( 'NONE',  ( 1.000000000000000000, 0.000000000000000000, -1.110223024625156294E-16 ) ) ;
#10259 = DIRECTION ( 'NONE',  ( -1.000000000000000000, 0.000000000000000000, 1.110223024625156294E-16 ) ) ;
#10260 = PLANE ( 'NONE',  #9170 ) ;
#10261 = CARTESIAN_POINT ( 'NONE',  ( -8.745757575757572511, 8.539393939393940869, -1.414242424242415863 ) ) ;
#10262 = EDGE_LOOP ( 'NONE', ( #5588, #12697, #8901, #5601 ) ) ;
#10263 = DIRECTION ( 'NONE',  ( 1.110223024625156294E-16, -1.224646799147353207E-16, 1.000000000000000000 ) ) ;
#10264 = DIRECTION ( 'NONE',  ( 1.110223024625156294E-16, -1.224646799147353207E-16, 1.000000000000000000 ) ) ;
#10265 = AXIS2_PLACEMENT_3D ( 'NONE', #3203, #13286, #35 ) ;
#10266 = EDGE_CURVE ( 'NONE', #12755, #1872, #3961, .T. ) ;
#10267 = VERTEX_POINT ( 'NONE', #11068 ) ;
#10268 = EDGE_CURVE ( 'NONE', #10403, #3764, #11001, .T. ) ;
#10269 = ADVANCED_FACE ( 'NONE', ( #12956 ), #9098, .F. ) ;
#10270 = AXIS2_PLACEMENT_3D ( 'NONE', #11690, #7505, #3371 ) ;
#10271 = CARTESIAN_POINT ( 'NONE',  ( 3.929999999999997939, -3.000000000000006217, 1.590000000000000968 ) ) ;
#10272 =( NAMED_UNIT ( * ) PLANE_ANGLE_UNIT ( ) SI_UNIT ( $, .RADIAN. ) );
#10273 = DIRECTION ( 'NONE',  ( 1.110223024625156294E-16, -1.224646799147353207E-16, 1.000000000000000000 ) ) ;
#10274 = CARTESIAN_POINT ( 'NONE',  ( 11.54999999999999538, 8.599999999999999645, 1.590000000000001412 ) ) ;
#10275 = CARTESIAN_POINT ( 'NONE',  ( 11.10999999999999588, 8.599999999999999645, 1.590000000000001412 ) ) ;
#10276 = ORIENTED_EDGE ( 'NONE', *, *, #2439, .F. ) ;
#10277 = EDGE_LOOP ( 'NONE', ( #8220, #4297, #11722, #9570 ) ) ;
#10278 = CARTESIAN_POINT ( 'NONE',  ( -16.53000000000000114, 6.650000000000000355, -1.649999999999995470 ) ) ;
#10279 = EDGE_CURVE ( 'NONE', #4310, #13257, #12009, .T. ) ;
#10280 = DIRECTION ( 'NONE',  ( 0.5773502691896251759, 0.5773502691896271743, 0.5773502691896250649 ) ) ;
#10281 = EDGE_CURVE ( 'NONE', #10732, #9967, #9037, .T. ) ;
#10282 = AXIS2_PLACEMENT_3D ( 'NONE', #12546, #5035, #3065 ) ;
#10283 = VERTEX_POINT ( 'NONE', #10928 ) ;
#10284 = DIRECTION ( 'NONE',  ( 1.000000000000000000, 0.000000000000000000, -1.110223024625156294E-16 ) ) ;
#10285 = DIRECTION ( 'NONE',  ( 2.220446049250312095E-16, -1.000000000000000000, -1.224646799147353207E-16 ) ) ;
#10286 = CARTESIAN_POINT ( 'NONE',  ( -0.3250000000000018985, 0.2499999999999976130, -4.424999999999999822 ) ) ;
#10287 = LINE ( 'NONE', #6225, #2398 ) ;
#10288 = EDGE_LOOP ( 'NONE', ( #7482, #103, #6890, #7963 ) ) ;
#10289 = PLANE ( 'NONE',  #12993 ) ;
#10290 = VECTOR ( 'NONE', #6593, 1000.000000000000000 ) ;
#10291 = CARTESIAN_POINT ( 'NONE',  ( -6.670000000000004370, 0.7499999999999972244, -0.9499999999999980682 ) ) ;
#10292 = VERTEX_POINT ( 'NONE', #13165 ) ;
#10293 = ORIENTED_EDGE ( 'NONE', *, *, #1516, .F. ) ;
#10294 = LINE ( 'NONE', #11248, #2847 ) ;
#10295 = EDGE_CURVE ( 'NONE', #2440, #1874, #7817, .T. ) ;
#10296 = EDGE_CURVE ( 'NONE', #4361, #2820, #2744, .T. ) ;
#10297 = CARTESIAN_POINT ( 'NONE',  ( 2.249999999999994671, 9.100000000000001421, 3.775000000000003464 ) ) ;
#10298 = VECTOR ( 'NONE', #9115, 1000.000000000000000 ) ;
#10299 = AXIS2_PLACEMENT_3D ( 'NONE', #9628, #367, #4485 ) ;
#10300 = PLANE ( 'NONE',  #4942 ) ;
#10301 = ORIENTED_EDGE ( 'NONE', *, *, #2386, .F. ) ;
#10302 = DIRECTION ( 'NONE',  ( 1.000000000000000000, 0.000000000000000000, -1.110223024625156294E-16 ) ) ;
#10303 = DIRECTION ( 'NONE',  ( -1.000000000000000000, -2.220446049250312341E-16, 1.110223024625156047E-16 ) ) ;
#10304 = AXIS2_PLACEMENT_3D ( 'NONE', #3400, #4414, #2128 ) ;
#10305 = ORIENTED_EDGE ( 'NONE', *, *, #7781, .F. ) ;
#10306 = DIRECTION ( 'NONE',  ( -1.000000000000000000, -2.220446049250308890E-16, -2.599483128751243459E-15 ) ) ;
#10307 = FACE_OUTER_BOUND ( 'NONE', #7248, .T. ) ;
#10308 = VECTOR ( 'NONE', #3804, 1000.000000000000000 ) ;
#10309 = CARTESIAN_POINT ( 'NONE',  ( -3.930000000000007265, 8.600000000000003197, -1.389999999999996794 ) ) ;
#10310 = VERTEX_POINT ( 'NONE', #10863 ) ;
#10311 = CARTESIAN_POINT ( 'NONE',  ( -6.445000000000001172, -1.375000000000003775, 1.174999999999972067 ) ) ;
#10312 = VECTOR ( 'NONE', #8677, 1000.000000000000114 ) ;
#10313 = LINE ( 'NONE', #1049, #537 ) ;
#10314 = CARTESIAN_POINT ( 'NONE',  ( -0.9499999999999944045, -32.81321928319991343, 1.589999999999997637 ) ) ;
#10315 = ORIENTED_EDGE ( 'NONE', *, *, #11940, .F. ) ;
#10316 = CARTESIAN_POINT ( 'NONE',  ( 11.10999999999999766, 0.7499999999999972244, -0.9499999999999999556 ) ) ;
#10317 = VECTOR ( 'NONE', #13332, 999.9999999999998863 ) ;
#10318 = CARTESIAN_POINT ( 'NONE',  ( -8.070000000000003837, 0.2499999999999967526, 0.4500000000000020095 ) ) ;
#10319 = LINE ( 'NONE', #8360, #1690 ) ;
#10320 = EDGE_CURVE ( 'NONE', #12777, #3835, #8020, .T. ) ;
#10321 = ORIENTED_EDGE ( 'NONE', *, *, #12003, .T. ) ;
#10322 = VERTEX_POINT ( 'NONE', #787 ) ;
#10323 = DIRECTION ( 'NONE',  ( -1.110223024625156294E-16, 1.224646799147353207E-16, -1.000000000000000000 ) ) ;
#10324 = EDGE_LOOP ( 'NONE', ( #6626, #1202, #5885, #1700 ) ) ;
#10325 = CARTESIAN_POINT ( 'NONE',  ( 1.589999999999996749, 8.599999999999999645, 0.9500000000000022871 ) ) ;
#10326 = VECTOR ( 'NONE', #4726, 999.9999999999998863 ) ;
#10327 = DIRECTION ( 'NONE',  ( -1.110223024625156294E-16, 1.224646799147353207E-16, -1.000000000000000000 ) ) ;
#10328 = CARTESIAN_POINT ( 'NONE',  ( 16.53000000000000114, 0.2499999999999967526, 2.090000000000000746 ) ) ;
#10329 = VECTOR ( 'NONE', #12833, 1000.000000000000000 ) ;
#10330 = CARTESIAN_POINT ( 'NONE',  ( -8.025000000000000355, -2.500000000000003109, -1.589999999999998082 ) ) ;
#10331 = ORIENTED_EDGE ( 'NONE', *, *, #8868, .T. ) ;
#10332 = CARTESIAN_POINT ( 'NONE',  ( -2.250000000000005773, 9.099999999999999645, 3.775000000000004352 ) ) ;
#10333 = CARTESIAN_POINT ( 'NONE',  ( -6.030000000000002025, -2.500000000000004885, 1.590000000000001856 ) ) ;
#10334 = FILL_AREA_STYLE ('',( #1631 ) ) ;
#10335 = VECTOR ( 'NONE', #1510, 1000.000000000000000 ) ;
#10336 = VECTOR ( 'NONE', #3325, 999.9999999999998863 ) ;
#10337 = ORIENTED_EDGE ( 'NONE', *, *, #10510, .F. ) ;
#10338 = ORIENTED_EDGE ( 'NONE', *, *, #1465, .T. ) ;
#10339 = DIRECTION ( 'NONE',  ( 1.000000000000000000, 0.000000000000000000, -1.110223024625156294E-16 ) ) ;
#10340 = CARTESIAN_POINT ( 'NONE',  ( -6.030000000000004690, 8.599999999999999645, 1.150000000000003686 ) ) ;
#10341 = DIRECTION ( 'NONE',  ( 0.7071067811865490160, 0.7071067811865461294, 1.924707753543581411E-15 ) ) ;
#10342 = CARTESIAN_POINT ( 'NONE',  ( -6.670000000000004370, -2.500000000000003109, -0.9499999999999985123 ) ) ;
#10343 = CARTESIAN_POINT ( 'NONE',  ( 3.690000000000000391, -3.000000000000006217, 1.150000000000001465 ) ) ;
#10344 = ORIENTED_EDGE ( 'NONE', *, *, #8199, .F. ) ;
#10345 = DIRECTION ( 'NONE',  ( 1.000000000000000000, 0.000000000000000000, -1.110223024625156294E-16 ) ) ;
#10346 = ORIENTED_EDGE ( 'NONE', *, *, #10296, .F. ) ;
#10347 = DIRECTION ( 'NONE',  ( -1.000000000000000000, 0.000000000000000000, 1.110223024625156294E-16 ) ) ;
#10348 = AXIS2_PLACEMENT_3D ( 'NONE', #6222, #7107, #4000 ) ;
#10349 = EDGE_CURVE ( 'NONE', #1818, #389, #3825, .T. ) ;
#10350 = ADVANCED_FACE ( 'NONE', ( #12146 ), #2678, .F. ) ;
#10351 = DIRECTION ( 'NONE',  ( -1.000000000000000000, 0.000000000000000000, 1.110223024625156294E-16 ) ) ;
#10352 = EDGE_CURVE ( 'NONE', #5357, #11853, #7005, .T. ) ;
#10353 = VERTEX_POINT ( 'NONE', #11141 ) ;
#10354 = LINE ( 'NONE', #4273, #8195 ) ;
#10355 = CARTESIAN_POINT ( 'NONE',  ( -11.75000000000000711, 0.7499999999999972244, 0.9500000000000028422 ) ) ;
#10356 = VECTOR ( 'NONE', #325, 1000.000000000000000 ) ;
#10357 = ADVANCED_FACE ( 'NONE', ( #1866 ), #8893, .T. ) ;
#10358 = PLANE ( 'NONE',  #3610 ) ;
#10359 = CARTESIAN_POINT ( 'NONE',  ( -0.4250000000000038747, 0.2499999999999958922, 3.625000000000002220 ) ) ;
#10360 = ORIENTED_EDGE ( 'NONE', *, *, #9569, .T. ) ;
#10361 = FACE_OUTER_BOUND ( 'NONE', #3873, .T. ) ;
#10362 = ADVANCED_FACE ( 'NONE', ( #42 ), #8157, .F. ) ;
#10363 =( NAMED_UNIT ( * ) PLANE_ANGLE_UNIT ( ) SI_UNIT ( $, .RADIAN. ) );
#10364 = ORIENTED_EDGE ( 'NONE', *, *, #3228, .T. ) ;
#10365 = ORIENTED_EDGE ( 'NONE', *, *, #352, .T. ) ;
#10366 = CARTESIAN_POINT ( 'NONE',  ( -3.489999999999995328, -32.81321928319991343, -0.9500000000000025091 ) ) ;
#10367 = DIRECTION ( 'NONE',  ( 1.110223024625156294E-16, -1.224646799147352961E-16, 1.000000000000000000 ) ) ;
#10368 = CARTESIAN_POINT ( 'NONE',  ( 13.64000000000000234, 0.2499999999999958922, -3.624999999999998668 ) ) ;
#10369 = ORIENTED_EDGE ( 'NONE', *, *, #6245, .F. ) ;
#10370 = CARTESIAN_POINT ( 'NONE',  ( -3.690000000000007496, -3.000000000000004441, -1.149999999999999023 ) ) ;
#10371 = EDGE_LOOP ( 'NONE', ( #8366, #7846, #629, #13164 ) ) ;
#10372 = DIRECTION ( 'NONE',  ( 1.000000000000000000, 0.000000000000000000, -1.110223024625156294E-16 ) ) ;
#10373 = DIRECTION ( 'NONE',  ( 1.649305920077741323E-16, -0.9284766908852591927, -0.3713906763541040545 ) ) ;
#10374 = EDGE_LOOP ( 'NONE', ( #5766, #2787, #1902, #923 ) ) ;
#10375 = LINE ( 'NONE', #9359, #12463 ) ;
#10376 = DIRECTION ( 'NONE',  ( 1.110223024625156294E-16, -1.224646799147352961E-16, 1.000000000000000000 ) ) ;
#10377 = LINE ( 'NONE', #5233, #8542 ) ;
#10378 = ORIENTED_EDGE ( 'NONE', *, *, #4237, .T. ) ;
#10379 = DIRECTION ( 'NONE',  ( 1.110223024625156294E-16, -1.224646799147353207E-16, 1.000000000000000000 ) ) ;
#10380 = DIRECTION ( 'NONE',  ( -2.220446049250312095E-16, 1.000000000000000000, 1.224646799147353207E-16 ) ) ;
#10381 = LINE ( 'NONE', #853, #9563 ) ;
#10382 = ORIENTED_EDGE ( 'NONE', *, *, #8127, .F. ) ;
#10383 = CARTESIAN_POINT ( 'NONE',  ( 0.9500000000000040634, -32.81321928319991343, -1.590000000000002967 ) ) ;
#10384 = PLANE ( 'NONE',  #2238 ) ;
#10385 = PLANE ( 'NONE',  #13348 ) ;
#10386 = EDGE_LOOP ( 'NONE', ( #2883, #11951, #87, #11185 ) ) ;
#10387 = ADVANCED_FACE ( 'NONE', ( #6254 ), #916, .F. ) ;
#10388 = ORIENTED_EDGE ( 'NONE', *, *, #3502, .F. ) ;
#10389 = LINE ( 'NONE', #11984, #5787 ) ;
#10390 = EDGE_LOOP ( 'NONE', ( #1540, #7238, #1485, #2719 ) ) ;
#10391 = CARTESIAN_POINT ( 'NONE',  ( -4.130000000000003446, -2.500000000000004885, 1.590000000000001856 ) ) ;
#10392 = AXIS2_PLACEMENT_3D ( 'NONE', #825, #7108, #7240 ) ;
#10393 = FACE_OUTER_BOUND ( 'NONE', #9709, .T. ) ;
#10394 = DIRECTION ( 'NONE',  ( -1.000000000000000000, -3.204747427460362211E-31, 2.821527733676277528E-15 ) ) ;
#10395 = EDGE_CURVE ( 'NONE', #11343, #389, #6049, .T. ) ;
#10396 = CARTESIAN_POINT ( 'NONE',  ( 8.769999999999996021, -3.000000000000004441, 1.590000000000000302 ) ) ;
#10397 = ORIENTED_EDGE ( 'NONE', *, *, #5287, .F. ) ;
#10398 = CARTESIAN_POINT ( 'NONE',  ( 16.53000000000000114, 0.2499999999999967526, -0.4500000000000005107 ) ) ;
#10399 = LINE ( 'NONE', #9315, #2798 ) ;
#10400 = EDGE_CURVE ( 'NONE', #3799, #11483, #13367, .T. ) ;
#10401 = VECTOR ( 'NONE', #2530, 1000.000000000000114 ) ;
#10402 = VERTEX_POINT ( 'NONE', #5038 ) ;
#10403 = VERTEX_POINT ( 'NONE', #12412 ) ;
#10404 = CARTESIAN_POINT ( 'NONE',  ( 16.53000000000000114, 0.2499999999999967526, -0.4500000000000005107 ) ) ;
#10405 = PRESENTATION_STYLE_ASSIGNMENT (( #8445 ) ) ;
#10406 = LINE ( 'NONE', #8184, #5876 ) ;
#10407 = CARTESIAN_POINT ( 'NONE',  ( 13.64000000000000234, -4.336808689942017736E-15, -3.624999999999998668 ) ) ;
#10408 = DIRECTION ( 'NONE',  ( 0.3481553119113962591, -0.8703882797784889824, 0.3481553119113957040 ) ) ;
#10409 = EDGE_LOOP ( 'NONE', ( #4658, #12149, #2126, #2380 ) ) ;
#10410 = CARTESIAN_POINT ( 'NONE',  ( -11.11000000000000654, 8.099999999999999645, 1.590000000000003855 ) ) ;
#10411 = EDGE_LOOP ( 'NONE', ( #6213, #11949, #1807, #556 ) ) ;
#10412 = VECTOR ( 'NONE', #5220, 999.9999999999998863 ) ;
#10413 = CARTESIAN_POINT ( 'NONE',  ( 9.210000000000006182, -32.81321928319991343, -1.590000000000003855 ) ) ;
#10414 = ORIENTED_EDGE ( 'NONE', *, *, #2509, .F. ) ;
#10415 = ORIENTED_EDGE ( 'NONE', *, *, #10435, .T. ) ;
#10416 = EDGE_CURVE ( 'NONE', #5357, #8741, #2064, .T. ) ;
#10417 = AXIS2_PLACEMENT_3D ( 'NONE', #4943, #9066, #6973 ) ;
#10418 = LINE ( 'NONE', #3179, #3826 ) ;
#10419 = DIRECTION ( 'NONE',  ( 1.110223024625156294E-16, -1.224646799147353207E-16, 1.000000000000000000 ) ) ;
#10421 = ORIENTED_EDGE ( 'NONE', *, *, #10564, .T. ) ;
#10420 = ADVANCED_FACE ( 'NONE', ( #7138 ), #7271, .F. ) ;
#10422 = LINE ( 'NONE', #5348, #8892 ) ;
#10423 = LINE ( 'NONE', #4267, #12396 ) ;
#10424 = ORIENTED_EDGE ( 'NONE', *, *, #638, .F. ) ;
#10425 = VECTOR ( 'NONE', #5867, 1000.000000000000000 ) ;
#10426 = ORIENTED_EDGE ( 'NONE', *, *, #12165, .T. ) ;
#10427 = LINE ( 'NONE', #11508, #4577 ) ;
#10428 = PRODUCT_DEFINITION_SHAPE ( 'NONE', 'NONE',  #5860 ) ;
#10429 = PLANE ( 'NONE',  #2786 ) ;
#10430 = VECTOR ( 'NONE', #9924, 1000.000000000000000 ) ;
#10431 = CARTESIAN_POINT ( 'NONE',  ( -0.4250000000000045408, -3.469446951953614189E-15, -3.624999999999997335 ) ) ;
#10432 = ORIENTED_EDGE ( 'NONE', *, *, #9763, .T. ) ;
#10433 = FACE_OUTER_BOUND ( 'NONE', #7566, .T. ) ;
#10435 = EDGE_CURVE ( 'NONE', #10470, #4759, #6115, .T. ) ;
#10434 = ORIENTED_EDGE ( 'NONE', *, *, #10349, .T. ) ;
#10436 = DIRECTION ( 'NONE',  ( 0.7071067811865494601, 0.7071067811865456854, 1.924707753543579833E-15 ) ) ;
#10437 = ADVANCED_FACE ( 'NONE', ( #5305 ), #10247, .F. ) ;
#10438 = DIRECTION ( 'NONE',  ( 1.000000000000000000, 0.000000000000000000, -1.110223024625156294E-16 ) ) ;
#10439 = AXIS2_PLACEMENT_3D ( 'NONE', #7903, #3906, #601 ) ;
#10440 = VERTEX_POINT ( 'NONE', #3212 ) ;
#10441 = DIRECTION ( 'NONE',  ( 2.220446049250311848E-16, -1.000000000000000000, -1.224646799147353454E-16 ) ) ;
#10442 = CARTESIAN_POINT ( 'NONE',  ( 8.570000000000000284, 8.599999999999999645, 1.590000000000001856 ) ) ;
#10443 = DIRECTION ( 'NONE',  ( 1.110223024625156294E-16, -1.224646799147352961E-16, 1.000000000000000000 ) ) ;
#10444 = ORIENTED_EDGE ( 'NONE', *, *, #12104, .T. ) ;
#10445 = CARTESIAN_POINT ( 'NONE',  ( 11.75000000000000711, -32.81321928319991343, -0.9500000000000041744 ) ) ;
#10446 = VECTOR ( 'NONE', #12942, 1000.000000000000000 ) ;
#10447 = CARTESIAN_POINT ( 'NONE',  ( 11.11000000000000476, -32.81321928319991343, 1.589999999999996305 ) ) ;
#10448 = DIRECTION ( 'NONE',  ( 2.220446049250312095E-16, -1.000000000000000000, -1.224646799147353207E-16 ) ) ;
#10449 = DIRECTION ( 'NONE',  ( 0.9284766908852596368, 0.3713906763541028888, -5.759937970183664956E-17 ) ) ;
#10450 = DIRECTION ( 'NONE',  ( 1.649305920077741323E-16, -0.9284766908852591927, -0.3713906763541040545 ) ) ;
#10451 = EDGE_CURVE ( 'NONE', #13280, #4429, #1997, .T. ) ;
#10452 = CARTESIAN_POINT ( 'NONE',  ( 11.74999999999999645, 2.599999999999998312, -0.9499999999999998446 ) ) ;
#10453 = ORIENTED_EDGE ( 'NONE', *, *, #905, .F. ) ;
#10454 = VECTOR ( 'NONE', #11923, 1000.000000000000000 ) ;
#10455 = VERTEX_POINT ( 'NONE', #983 ) ;
#10456 = ORIENTED_EDGE ( 'NONE', *, *, #7949, .T. ) ;
#10457 = FILL_AREA_STYLE ('',( #1060 ) ) ;
#10458 = ORIENTED_EDGE ( 'NONE', *, *, #108, .F. ) ;
#10459 = LINE ( 'NONE', #6126, #8094 ) ;
#10460 = LINE ( 'NONE', #3020, #7444 ) ;
#10461 = LINE ( 'NONE', #13379, #3279 ) ;
#10462 = EDGE_LOOP ( 'NONE', ( #9520, #7617, #6576, #2392 ) ) ;
#10463 = CARTESIAN_POINT ( 'NONE',  ( 9.210000000000006182, -32.81321928319991343, 0.9499999999999965139 ) ) ;
#10464 = EDGE_CURVE ( 'NONE', #8229, #182, #4291, .T. ) ;
#10465 = VECTOR ( 'NONE', #8302, 1000.000000000000000 ) ;
#10466 = LINE ( 'NONE', #3491, #3734 ) ;
#10467 = LINE ( 'NONE', #11104, #8137 ) ;
#10468 = VERTEX_POINT ( 'NONE', #8426 ) ;
#10469 = AXIS2_PLACEMENT_3D ( 'NONE', #7638, #9593, #11753 ) ;
#10470 = VERTEX_POINT ( 'NONE', #4026 ) ;
#10471 = DIRECTION ( 'NONE',  ( 1.110223024625156294E-16, -1.224646799147353207E-16, 1.000000000000000000 ) ) ;
#10472 = CARTESIAN_POINT ( 'NONE',  ( 0.4499999999999970135, 0.2499999999999958922, 4.425000000000001599 ) ) ;
#10473 = CARTESIAN_POINT ( 'NONE',  ( 11.10999999999999766, -3.000000000000002665, -1.389999999999999680 ) ) ;
#10474 = DIRECTION ( 'NONE',  ( -1.000000000000000000, 0.000000000000000000, 1.110223024625156294E-16 ) ) ;
#10475 = VERTEX_POINT ( 'NONE', #9230 ) ;
#10476 = LINE ( 'NONE', #4117, #13021 ) ;
#10477 = ORIENTED_EDGE ( 'NONE', *, *, #11021, .F. ) ;
#10478 = VECTOR ( 'NONE', #5298, 1000.000000000000000 ) ;
#10479 = DIRECTION ( 'NONE',  ( -1.000000000000000000, 0.000000000000000000, 1.110223024625156294E-16 ) ) ;
#10480 = ORIENTED_EDGE ( 'NONE', *, *, #8289, .F. ) ;
#10481 = VERTEX_POINT ( 'NONE', #4093 ) ;
#10482 = EDGE_CURVE ( 'NONE', #12286, #8056, #5242, .T. ) ;
#10483 = LINE ( 'NONE', #2035, #11390 ) ;
#10484 = DIRECTION ( 'NONE',  ( 1.110223024625156294E-16, -1.224646799147353207E-16, 1.000000000000000000 ) ) ;
#10485 = FACE_OUTER_BOUND ( 'NONE', #1670, .T. ) ;
#10486 = ORIENTED_EDGE ( 'NONE', *, *, #12938, .T. ) ;
#10487 = ORIENTED_EDGE ( 'NONE', *, *, #6757, .T. ) ;
#10488 = CARTESIAN_POINT ( 'NONE',  ( -13.21500000000000163, 0.2499999999999967526, 3.625000000000003553 ) ) ;
#10489 = VECTOR ( 'NONE', #4353, 1000.000000000000000 ) ;
#10490 = DIRECTION ( 'NONE',  ( 0.5773502691896247319, 0.5773502691896278405, 0.5773502691896246208 ) ) ;
#10491 = ADVANCED_FACE ( 'NONE', ( #6182 ), #8225, .F. ) ;
#10492 = EDGE_CURVE ( 'NONE', #8935, #11378, #1054, .T. ) ;
#10493 =( LENGTH_UNIT ( ) NAMED_UNIT ( * ) SI_UNIT ( .MILLI., .METRE. ) );
#10494 = EDGE_LOOP ( 'NONE', ( #11490, #4129, #1831, #414 ) ) ;
#10495 = CARTESIAN_POINT ( 'NONE',  ( 14.06499999999999773, -3.469446951953614189E-15, -3.624999999999998668 ) ) ;
#10496 = ORIENTED_EDGE ( 'NONE', *, *, #12699, .F. ) ;
#10497 = CARTESIAN_POINT ( 'NONE',  ( 1.589999999999998526, 0.7499999999999972244, -0.9499999999999990674 ) ) ;
#10498 = FACE_OUTER_BOUND ( 'NONE', #12101, .T. ) ;
#10499 = ORIENTED_EDGE ( 'NONE', *, *, #5619, .T. ) ;
#10500 = FACE_BOUND ( 'NONE', #9214, .T. ) ;
#10501 = DIRECTION ( 'NONE',  ( -1.110223024625156294E-16, 1.224646799147353207E-16, -1.000000000000000000 ) ) ;
#10502 = DIRECTION ( 'NONE',  ( 1.110223024625156294E-16, -1.224646799147352961E-16, 1.000000000000000000 ) ) ;
#10503 = ORIENTED_EDGE ( 'NONE', *, *, #11100, .F. ) ;
#10504 = DIRECTION ( 'NONE',  ( 1.000000000000000000, 0.000000000000000000, -1.110223024625156294E-16 ) ) ;
#10505 = VECTOR ( 'NONE', #258, 1000.000000000000000 ) ;
#10506 = FACE_OUTER_BOUND ( 'NONE', #8166, .T. ) ;
#10507 = MECHANICAL_DESIGN_GEOMETRIC_PRESENTATION_REPRESENTATION (  '', ( #3594 ), #5967 ) ;
#10508 = LINE ( 'NONE', #7785, #1354 ) ;
#10509 = EDGE_CURVE ( 'NONE', #11109, #1217, #3071, .T. ) ;
#10510 = EDGE_CURVE ( 'NONE', #699, #3760, #7069, .T. ) ;
#10511 = FACE_OUTER_BOUND ( 'NONE', #1266, .T. ) ;
#10512 = EDGE_CURVE ( 'NONE', #13027, #3067, #9498, .T. ) ;
#10513 = DIRECTION ( 'NONE',  ( 1.000000000000000000, 0.000000000000000000, 0.000000000000000000 ) ) ;
#10514 = DIRECTION ( 'NONE',  ( 1.000000000000000000, 0.000000000000000000, -1.110223024625156294E-16 ) ) ;
#10515 = ORIENTED_EDGE ( 'NONE', *, *, #8727, .F. ) ;
#10516 = AXIS2_PLACEMENT_3D ( 'NONE', #8477, #12603, #10373 ) ;
#10517 = EDGE_LOOP ( 'NONE', ( #10686, #11707, #1315, #12657 ) ) ;
#10518 = AXIS2_PLACEMENT_3D ( 'NONE', #11808, #11741, #4443 ) ;
#10519 = ORIENTED_EDGE ( 'NONE', *, *, #337, .F. ) ;
#10520 = EDGE_CURVE ( 'NONE', #88, #10688, #12813, .T. ) ;
#10521 = EDGE_CURVE ( 'NONE', #12709, #3401, #9633, .T. ) ;
#10522 = ORIENTED_EDGE ( 'NONE', *, *, #2983, .T. ) ;
#10523 = DIRECTION ( 'NONE',  ( -1.110223024625156294E-16, 1.224646799147353207E-16, -1.000000000000000000 ) ) ;
#10524 = CARTESIAN_POINT ( 'NONE',  ( 8.569999999999998508, -2.500000000000003109, 1.590000000000000524 ) ) ;
#10525 = ADVANCED_FACE ( 'NONE', ( #7544 ), #240, .F. ) ;
#10526 = FACE_OUTER_BOUND ( 'NONE', #1606, .T. ) ;
#10527 = VECTOR ( 'NONE', #7447, 1000.000000000000000 ) ;
#10528 = DIRECTION ( 'NONE',  ( -1.000000000000000000, 0.000000000000000000, 1.110223024625156294E-16 ) ) ;
#10529 = VERTEX_POINT ( 'NONE', #5630 ) ;
#10530 = LINE ( 'NONE', #4511, #8577 ) ;
#10532 = VECTOR ( 'NONE', #8685, 1000.000000000000000 ) ;
#10531 = CARTESIAN_POINT ( 'NONE',  ( -5.485000000000014531, 8.099999999999999645, 0.9500000000000031752 ) ) ;
#10533 = DIRECTION ( 'NONE',  ( 2.821527733676277528E-15, -1.224646799147354193E-16, 1.000000000000000000 ) ) ;
#10534 = ORIENTED_EDGE ( 'NONE', *, *, #2367, .F. ) ;
#10535 = VECTOR ( 'NONE', #3380, 1000.000000000000114 ) ;
#10536 = ORIENTED_EDGE ( 'NONE', *, *, #769, .T. ) ;
#10537 = CARTESIAN_POINT ( 'NONE',  ( 9.209999999999995524, 2.599999999999998757, 1.590000000000000746 ) ) ;
#10538 = EDGE_CURVE ( 'NONE', #779, #10403, #2336, .T. ) ;
#10539 = AXIS2_PLACEMENT_3D ( 'NONE', #357, #1162, #9618 ) ;
#10540 = CARTESIAN_POINT ( 'NONE',  ( 13.64000000000000234, -5.204170427930421283E-15, 3.625000000000000888 ) ) ;
#10541 = LINE ( 'NONE', #7229, #11981 ) ;
#10542 = DIRECTION ( 'NONE',  ( -1.000000000000000000, 0.000000000000000000, 1.110223024625156294E-16 ) ) ;
#10543 = ORIENTED_EDGE ( 'NONE', *, *, #2594, .T. ) ;
#10544 = EDGE_CURVE ( 'NONE', #7358, #5510, #11531, .T. ) ;
#10545 = DIRECTION ( 'NONE',  ( -1.000000000000000000, 0.000000000000000000, 1.110223024625156294E-16 ) ) ;
#10546 = EDGE_CURVE ( 'NONE', #9362, #12850, #5570, .T. ) ;
#10547 = VERTEX_POINT ( 'NONE', #373 ) ;
#10548 = DIRECTION ( 'NONE',  ( -2.220446049250312095E-16, 1.000000000000000000, 1.224646799147353207E-16 ) ) ;
#10549 = AXIS2_PLACEMENT_3D ( 'NONE', #13100, #10126, #1672 ) ;
#10550 = VECTOR ( 'NONE', #6656, 1000.000000000000000 ) ;
#10551 = ORIENTED_EDGE ( 'NONE', *, *, #5303, .F. ) ;
#10552 = ORIENTED_EDGE ( 'NONE', *, *, #6717, .F. ) ;
#10553 = DIRECTION ( 'NONE',  ( -0.3481553119113935946, -0.8703882797784899816, 0.3481553119113957595 ) ) ;
#10554 = SURFACE_STYLE_USAGE ( .BOTH. , #3518 ) ;
#10555 = ADVANCED_FACE ( 'NONE', ( #6449 ), #501, .T. ) ;
#10556 = CARTESIAN_POINT ( 'NONE',  ( -10.61000000000000476, 0.2499999999999958922, 4.425000000000073541 ) ) ;
#10557 = VECTOR ( 'NONE', #8344, 1000.000000000000000 ) ;
#10558 = EDGE_LOOP ( 'NONE', ( #4951, #9512, #2331, #4447 ) ) ;
#10559 = ORIENTED_EDGE ( 'NONE', *, *, #7048, .T. ) ;
#10560 = CARTESIAN_POINT ( 'NONE',  ( 6.229999999999998650, 8.599999999999999645, 1.390000000000001235 ) ) ;
#10561 = ADVANCED_FACE ( 'NONE', ( #11595 ), #2399, .F. ) ;
#10562 = LINE ( 'NONE', #5221, #13384 ) ;
#10563 = FACE_OUTER_BOUND ( 'NONE', #5203, .T. ) ;
#10564 = EDGE_CURVE ( 'NONE', #1187, #9782, #3343, .T. ) ;
#10565 = ORIENTED_EDGE ( 'NONE', *, *, #2646, .T. ) ;
#10566 = AXIS2_PLACEMENT_3D ( 'NONE', #5207, #10284, #2913 ) ;
#10567 = CARTESIAN_POINT ( 'NONE',  ( 4.674999999999995381, 8.100000000000001421, 0.9500000000000019540 ) ) ;
#10568 = ORIENTED_EDGE ( 'NONE', *, *, #2579, .T. ) ;
#10569 = DIRECTION ( 'NONE',  ( 1.000000000000000000, 0.000000000000000000, -1.110223024625156294E-16 ) ) ;
#10570 = CARTESIAN_POINT ( 'NONE',  ( 1.589999999999996749, 8.599999999999999645, -0.9499999999999981792 ) ) ;
#10571 = VERTEX_POINT ( 'NONE', #12548 ) ;
#10572 = FACE_BOUND ( 'NONE', #786, .T. ) ;
#10573 = CARTESIAN_POINT ( 'NONE',  ( -4.130000000000006111, 8.599999999999999645, 1.590000000000003189 ) ) ;
#10574 = VECTOR ( 'NONE', #508, 1000.000000000000000 ) ;
#10575 = CARTESIAN_POINT ( 'NONE',  ( -1.590000000000004077, 2.599999999999997868, 0.9500000000000020650 ) ) ;
#10576 = ORIENTED_EDGE ( 'NONE', *, *, #8657, .F. ) ;
#10577 = CARTESIAN_POINT ( 'NONE',  ( 2.990000000000000657, 0.2499999999999967526, -0.4499999999999990119 ) ) ;
#10578 = CARTESIAN_POINT ( 'NONE',  ( 4.129999999999999893, -32.81321928319991343, 0.9499999999999970690 ) ) ;
#10579 = AXIS2_PLACEMENT_3D ( 'NONE', #612, #13185, #11027 ) ;
#10580 = PLANE ( 'NONE',  #7514 ) ;
#10581 = LINE ( 'NONE', #12749, #13023 ) ;
#10582 = UNCERTAINTY_MEASURE_WITH_UNIT (LENGTH_MEASURE( 1.000000000000000082E-05 ), #13145, 'distance_accuracy_value', 'NONE');
#10583 = CARTESIAN_POINT ( 'NONE',  ( 1.589999999999998304, 0.7499999999999972244, -1.589999999999998970 ) ) ;
#10584 = EDGE_LOOP ( 'NONE', ( #9410, #4758, #12992, #1138 ) ) ;
#10585 = ORIENTED_EDGE ( 'NONE', *, *, #5737, .F. ) ;
#10586 = EDGE_LOOP ( 'NONE', ( #4198, #6320, #9293, #2676 ) ) ;
#10587 = EDGE_CURVE ( 'NONE', #10210, #7111, #12747, .T. ) ;
#10588 = ORIENTED_EDGE ( 'NONE', *, *, #10266, .T. ) ;
#10589 = DIRECTION ( 'NONE',  ( 1.649305920077741323E-16, -0.9284766908852591927, -0.3713906763541040545 ) ) ;
#10590 = EDGE_CURVE ( 'NONE', #1236, #3123, #10710, .T. ) ;
#10591 = DIRECTION ( 'NONE',  ( -0.5773502691896239547, 0.5773502691896277295, 0.5773502691896256200 ) ) ;
#10592 = DIRECTION ( 'NONE',  ( -0.3713906763541042766, 0.9284766908852590817, 1.549382487594995162E-16 ) ) ;
#10593 = PLANE ( 'NONE',  #1856 ) ;
#10594 = DIRECTION ( 'NONE',  ( -1.110223024625156294E-16, 1.224646799147353207E-16, -1.000000000000000000 ) ) ;
#10595 = ORIENTED_EDGE ( 'NONE', *, *, #12177, .F. ) ;
#10596 = CARTESIAN_POINT ( 'NONE',  ( 8.745757575757576063, -2.939393939393943000, -1.125757575757579287 ) ) ;
#10597 = PLANE ( 'NONE',  #8069 ) ;
#10598 =( NAMED_UNIT ( * ) SI_UNIT ( $, .STERADIAN. ) SOLID_ANGLE_UNIT ( ) );
#10599 = ADVANCED_FACE ( 'NONE', ( #7674 ), #11791, .F. ) ;
#10600 = ORIENTED_EDGE ( 'NONE', *, *, #12285, .F. ) ;
#10601 = ORIENTED_EDGE ( 'NONE', *, *, #12418, .T. ) ;
#10602 = DIRECTION ( 'NONE',  ( 1.359631073446890508E-32, 1.000000000000000000, 1.224646799147352961E-16 ) ) ;
#10603 = SURFACE_STYLE_FILL_AREA ( #9522 ) ;
#10604 = EDGE_CURVE ( 'NONE', #4520, #2995, #7409, .T. ) ;
#10605 = PLANE ( 'NONE',  #1351 ) ;
#10606 = ADVANCED_FACE ( 'NONE', ( #10511 ), #10580, .F. ) ;
#10607 = CARTESIAN_POINT ( 'NONE',  ( -6.230000000000008420, -3.000000000000005329, 1.150000000000002354 ) ) ;
#10608 = CARTESIAN_POINT ( 'NONE',  ( 9.210000000000006182, -32.81321928319991343, -0.9500000000000039524 ) ) ;
#10609 = ORIENTED_EDGE ( 'NONE', *, *, #1316, .F. ) ;
#10610 = VECTOR ( 'NONE', #11499, 1000.000000000000114 ) ;
#10611 = DIRECTION ( 'NONE',  ( -2.220446049250312095E-16, 1.000000000000000000, 1.224646799147353207E-16 ) ) ;
#10612 = ORIENTED_EDGE ( 'NONE', *, *, #4123, .T. ) ;
#10613 = FACE_OUTER_BOUND ( 'NONE', #9297, .T. ) ;
#10614 = EDGE_LOOP ( 'NONE', ( #846, #9304, #7907, #13206 ) ) ;
#10615 = EDGE_CURVE ( 'NONE', #5361, #12598, #5434, .T. ) ;
#10616 = ORIENTED_EDGE ( 'NONE', *, *, #142, .T. ) ;
#10617 = CARTESIAN_POINT ( 'NONE',  ( -1.150000000000009237, 8.599999999999999645, 1.150000000000003242 ) ) ;
#10618 = DIRECTION ( 'NONE',  ( -1.000000000000000000, 0.000000000000000000, 1.110223024625156294E-16 ) ) ;
#10619 = CARTESIAN_POINT ( 'NONE',  ( 11.75000000000000711, -32.81321928319991343, 0.9499999999999961808 ) ) ;
#10620 = AXIS2_PLACEMENT_3D ( 'NONE', #11203, #5170, #10379 ) ;
#10621 = ORIENTED_EDGE ( 'NONE', *, *, #9221, .T. ) ;
#10622 = ORIENTED_EDGE ( 'NONE', *, *, #4237, .F. ) ;
#10623 = CARTESIAN_POINT ( 'NONE',  ( -8.570000000000003837, -2.500000000000003109, 1.590000000000002300 ) ) ;
#10624 = CARTESIAN_POINT ( 'NONE',  ( 8.069999999999996732, 0.2499999999999967526, 4.425000000000000711 ) ) ;
#10625 = DIRECTION ( 'NONE',  ( 2.220446049250312095E-16, -1.000000000000000000, -1.224646799147353207E-16 ) ) ;
#10626 = EDGE_CURVE ( 'NONE', #4746, #1497, #4426, .T. ) ;
#10627 = ORIENTED_EDGE ( 'NONE', *, *, #12997, .T. ) ;
#10628 = CARTESIAN_POINT ( 'NONE',  ( 7.215000000000000746, -2.500000000000004885, -1.589999999999999858 ) ) ;
#10629 = VERTEX_POINT ( 'NONE', #7864 ) ;
#10630 = LINE ( 'NONE', #1372, #11817 ) ;
#10631 = VECTOR ( 'NONE', #9592, 1000.000000000000000 ) ;
#10632 = ADVANCED_FACE ( 'NONE', ( #3670 ), #10032, .F. ) ;
#10633 = CARTESIAN_POINT ( 'NONE',  ( 11.74999999999999467, 8.599999999999999645, 1.150000000000001910 ) ) ;
#10634 = ORIENTED_EDGE ( 'NONE', *, *, #6072, .F. ) ;
#10635 = DIRECTION ( 'NONE',  ( -0.5773502691896250649, -0.5773502691896273964, 0.5773502691896250649 ) ) ;
#10636 = PLANE ( 'NONE',  #9612 ) ;
#10637 = ORIENTED_EDGE ( 'NONE', *, *, #3978, .T. ) ;
#10638 = PLANE ( 'NONE',  #2841 ) ;
#10639 = AXIS2_PLACEMENT_3D ( 'NONE', #3717, #6315, #10448 ) ;
#10640 = DIRECTION ( 'NONE',  ( -0.3481553119113939831, 0.8703882797784897596, 0.3481553119113959816 ) ) ;
#10641 = DIRECTION ( 'NONE',  ( 1.110223024625156294E-16, -1.224646799147353207E-16, 1.000000000000000000 ) ) ;
#10642 = LINE ( 'NONE', #9432, #7845 ) ;
#10643 = DIRECTION ( 'NONE',  ( 1.110223024625156294E-16, -1.224646799147353207E-16, 1.000000000000000000 ) ) ;
#10644 = ORIENTED_EDGE ( 'NONE', *, *, #2052, .T. ) ;
#10645 = ORIENTED_EDGE ( 'NONE', *, *, #9135, .T. ) ;
#10646 = AXIS2_PLACEMENT_3D ( 'NONE', #1456, #447, #12819 ) ;
#10647 = ORIENTED_EDGE ( 'NONE', *, *, #12756, .T. ) ;
#10648 = VECTOR ( 'NONE', #3893, 1000.000000000000000 ) ;
#10649 = ORIENTED_EDGE ( 'NONE', *, *, #11581, .F. ) ;
#10650 = FACE_OUTER_BOUND ( 'NONE', #1590, .T. ) ;
#10651 = LINE ( 'NONE', #6524, #3352 ) ;
#10652 = CARTESIAN_POINT ( 'NONE',  ( 13.21500000000000163, -2.602085213965210642E-15, 3.625000000000000888 ) ) ;
#10653 = DIRECTION ( 'NONE',  ( 2.220446049250312095E-16, -1.000000000000000000, -1.224646799147353207E-16 ) ) ;
#10654 = DIRECTION ( 'NONE',  ( 2.220446049250312095E-16, -1.000000000000000000, -1.224646799147353207E-16 ) ) ;
#10655 = EDGE_LOOP ( 'NONE', ( #7323, #11770, #7885, #13017 ) ) ;
#10656 = DIRECTION ( 'NONE',  ( -0.3481553119113939831, 0.8703882797784897596, 0.3481553119113959816 ) ) ;
#10657 = DIRECTION ( 'NONE',  ( 2.220446049250312095E-16, -1.000000000000000000, -1.224646799147353207E-16 ) ) ;
#10658 = EDGE_CURVE ( 'NONE', #8864, #1406, #12874, .T. ) ;
#10659 = EDGE_LOOP ( 'NONE', ( #1404, #4614, #9051, #10717 ) ) ;
#10660 = VERTEX_POINT ( 'NONE', #7741 ) ;
#10662 = DIRECTION ( 'NONE',  ( -1.000000000000000000, 0.000000000000000000, 1.110223024625156294E-16 ) ) ;
#10661 = AXIS2_PLACEMENT_3D ( 'NONE', #3314, #283, #8332 ) ;
#10663 = ORIENTED_EDGE ( 'NONE', *, *, #3326, .T. ) ;
#10664 = SURFACE_STYLE_FILL_AREA ( #12570 ) ;
#10665 = CARTESIAN_POINT ( 'NONE',  ( -0.9500000000000015099, -2.500000000000003997, -1.589999999999998970 ) ) ;
#10666 = CARTESIAN_POINT ( 'NONE',  ( 6.669999999999997264, 0.7499999999999963363, -0.9499999999999995115 ) ) ;
#10667 = DIRECTION ( 'NONE',  ( -0.3481553119113937056, -0.8703882797784899816, -0.3481553119113958705 ) ) ;
#10668 = ORIENTED_EDGE ( 'NONE', *, *, #7415, .F. ) ;
#10669 = LINE ( 'NONE', #2432, #2229 ) ;
#10670 = VECTOR ( 'NONE', #10061, 1000.000000000000000 ) ;
#10671 = ORIENTED_EDGE ( 'NONE', *, *, #2749, .T. ) ;
#10672 = CARTESIAN_POINT ( 'NONE',  ( 2.990000000000001101, 0.2499999999999967526, 4.425000000000001599 ) ) ;
#10673 = EDGE_CURVE ( 'NONE', #3009, #3378, #635, .T. ) ;
#10674 = AXIS2_PLACEMENT_3D ( 'NONE', #7281, #991, #10327 ) ;
#10675 = EDGE_CURVE ( 'NONE', #1285, #4806, #9666, .T. ) ;
#10676 = EDGE_CURVE ( 'NONE', #10292, #2895, #11922, .T. ) ;
#10677 = ORIENTED_EDGE ( 'NONE', *, *, #4029, .T. ) ;
#10678 = ORIENTED_EDGE ( 'NONE', *, *, #8731, .F. ) ;
#10679 = VECTOR ( 'NONE', #10347, 1000.000000000000000 ) ;
#10680 = LINE ( 'NONE', #1424, #11192 ) ;
#10681 = CARTESIAN_POINT ( 'NONE',  ( -6.670000000000004370, -3.000000000000004441, -0.9499999999999986233 ) ) ;
#10682 = PLANE ( 'NONE',  #4360 ) ;
#10683 = DIRECTION ( 'NONE',  ( 1.855469160087460128E-16, -0.3713906763541040545, 0.9284766908852591927 ) ) ;
#10684 = EDGE_CURVE ( 'NONE', #806, #8672, #6846, .T. ) ;
#10685 = EDGE_CURVE ( 'NONE', #13006, #8343, #3736, .T. ) ;
#10686 = ORIENTED_EDGE ( 'NONE', *, *, #1632, .F. ) ;
#10687 = AXIS2_PLACEMENT_3D ( 'NONE', #2671, #12208, #8958 ) ;
#10688 = VERTEX_POINT ( 'NONE', #2859 ) ;
#10689 = ADVANCED_FACE ( 'NONE', ( #10843 ), #2659, .T. ) ;
#10690 = CARTESIAN_POINT ( 'NONE',  ( -11.67242424242420462, 8.293939393939389504, -1.512424242424235787 ) ) ;
#10691 = EDGE_CURVE ( 'NONE', #145, #8478, #771, .T. ) ;
#10692 = CARTESIAN_POINT ( 'NONE',  ( 3.905000000000000249, -1.375000000000002887, 1.175000000000000711 ) ) ;
#10693 = PLANE ( 'NONE',  #13352 ) ;
#10694 = ORIENTED_EDGE ( 'NONE', *, *, #352, .F. ) ;
#10695 = DIRECTION ( 'NONE',  ( 1.110223024625156294E-16, -1.224646799147353207E-16, 1.000000000000000000 ) ) ;
#10696 = VECTOR ( 'NONE', #9828, 1000.000000000000000 ) ;
#10697 = AXIS2_PLACEMENT_3D ( 'NONE', #5610, #3452, #1357 ) ;
#10698 = ORIENTED_EDGE ( 'NONE', *, *, #5481, .F. ) ;
#10699 = FACE_OUTER_BOUND ( 'NONE', #6843, .T. ) ;
#10700 = DIRECTION ( 'NONE',  ( -1.110223024625156294E-16, 1.224646799147353207E-16, -1.000000000000000000 ) ) ;
#10701 = AXIS2_PLACEMENT_3D ( 'NONE', #1609, #3972, #13237 ) ;
#10702 = ORIENTED_EDGE ( 'NONE', *, *, #2864, .T. ) ;
#10703 = FACE_BOUND ( 'NONE', #12644, .T. ) ;
#10704 = VECTOR ( 'NONE', #9496, 1000.000000000000000 ) ;
#10705 = EDGE_CURVE ( 'NONE', #2820, #6136, #8945, .T. ) ;
#10706 = PLANE ( 'NONE',  #2485 ) ;
#10707 = ORIENTED_EDGE ( 'NONE', *, *, #7055, .T. ) ;
#10708 = CARTESIAN_POINT ( 'NONE',  ( -0.9500000000000013989, -2.500000000000003997, -0.9499999999999991784 ) ) ;
#10709 = EDGE_CURVE ( 'NONE', #2058, #10916, #2725, .T. ) ;
#10710 = LINE ( 'NONE', #439, #10532 ) ;
#10711 = CARTESIAN_POINT ( 'NONE',  ( 9.583939393939390428, 7.165151515151513273, -0.5760606060606042744 ) ) ;
#10712 = DIRECTION ( 'NONE',  ( -1.110223024625156294E-16, 1.224646799147353207E-16, -1.000000000000000000 ) ) ;
#10713 = EDGE_LOOP ( 'NONE', ( #7144, #5983, #2578, #4870 ) ) ;
#10714 = ORIENTED_EDGE ( 'NONE', *, *, #3441, .T. ) ;
#10715 = CARTESIAN_POINT ( 'NONE',  ( -11.11000000000000654, 8.599999999999999645, 1.150000000000004574 ) ) ;
#10716 = EDGE_LOOP ( 'NONE', ( #7115, #12219, #9604, #9417 ) ) ;
#10717 = ORIENTED_EDGE ( 'NONE', *, *, #12487, .T. ) ;
#10718 = LINE ( 'NONE', #5581, #4458 ) ;
#10719 = MECHANICAL_DESIGN_GEOMETRIC_PRESENTATION_REPRESENTATION (  '', ( #12242 ), #7053 ) ;
#10720 = LINE ( 'NONE', #7947, #5291 ) ;
#10721 = CARTESIAN_POINT ( 'NONE',  ( -15.48000000000000398, 2.599999999999997424, 3.175000000000003375 ) ) ;
#10722 = CARTESIAN_POINT ( 'NONE',  ( -6.670000000000006146, 8.100000000000003197, 1.590000000000003189 ) ) ;
#10723 = DIRECTION ( 'NONE',  ( 0.9284766908852596368, 0.3713906763541028888, -5.759937970183664956E-17 ) ) ;
#10724 = EDGE_LOOP ( 'NONE', ( #7180, #1842, #9759, #1241 ) ) ;
#10725 = LINE ( 'NONE', #10596, #10085 ) ;
#10726 = CARTESIAN_POINT ( 'NONE',  ( -4.130000000000003446, 0.7499999999999988898, -0.9499999999999984013 ) ) ;
#10727 = EDGE_CURVE ( 'NONE', #1553, #400, #12130, .T. ) ;
#10728 = SURFACE_STYLE_USAGE ( .BOTH. , #11678 ) ;
#10729 = VECTOR ( 'NONE', #719, 1000.000000000000000 ) ;
#10730 = VECTOR ( 'NONE', #1859, 999.9999999999998863 ) ;
#10731 = EDGE_CURVE ( 'NONE', #2995, #2682, #5762, .T. ) ;
#10732 = VERTEX_POINT ( 'NONE', #9894 ) ;
#10733 = ORIENTED_EDGE ( 'NONE', *, *, #6704, .T. ) ;
#10734 = CARTESIAN_POINT ( 'NONE',  ( 0.4499999999999962919, 0.2499999999999967526, -2.089999999999998970 ) ) ;
#10735 = EDGE_LOOP ( 'NONE', ( #1232, #6465, #2176, #11697 ) ) ;
#10736 = LINE ( 'NONE', #465, #11286 ) ;
#10737 = AXIS2_PLACEMENT_3D ( 'NONE', #2390, #10302, #12602 ) ;
#10738 = CARTESIAN_POINT ( 'NONE',  ( 6.229999999999998650, 8.599999999999999645, -1.149999999999999023 ) ) ;
#10739 = AXIS2_PLACEMENT_3D ( 'NONE', #6373, #230, #4346 ) ;
#10740 = LINE ( 'NONE', #7504, #6359 ) ;
#10741 = DIRECTION ( 'NONE',  ( 1.000000000000000000, 0.000000000000000000, -1.110223024625156294E-16 ) ) ;
#10742 = ORIENTED_EDGE ( 'NONE', *, *, #11340, .T. ) ;
#10743 = DIRECTION ( 'NONE',  ( -1.110223024625156294E-16, 1.224646799147353207E-16, -1.000000000000000000 ) ) ;
#10744 = VECTOR ( 'NONE', #10911, 1000.000000000000000 ) ;
#10745 = ORIENTED_EDGE ( 'NONE', *, *, #1334, .T. ) ;
#10746 = MANIFOLD_SOLID_BREP ( '61202021621.stp<1>[13]', #10799 ) ;
#10747 = CARTESIAN_POINT ( 'NONE',  ( -1.590000000000003411, 0.7499999999999981126, 1.590000000000001856 ) ) ;
#10748 = VECTOR ( 'NONE', #7633, 1000.000000000000000 ) ;
#10749 = ORIENTED_EDGE ( 'NONE', *, *, #10807, .F. ) ;
#10750 = ORIENTED_EDGE ( 'NONE', *, *, #3520, .F. ) ;
#10751 = VECTOR ( 'NONE', #10533, 1000.000000000000000 ) ;
#10752 = DIRECTION ( 'NONE',  ( 0.5773502691896251759, 0.5773502691896271743, 0.5773502691896250649 ) ) ;
#10753 = FILL_AREA_STYLE ('',( #3646 ) ) ;
#10754 = FACE_BOUND ( 'NONE', #689, .T. ) ;
#10755 = CARTESIAN_POINT ( 'NONE',  ( -3.930000000000007265, 8.600000000000003197, 1.150000000000003686 ) ) ;
#10756 = EDGE_CURVE ( 'NONE', #7979, #10821, #11187, .T. ) ;
#10757 = VERTEX_POINT ( 'NONE', #13343 ) ;
#10758 = EDGE_CURVE ( 'NONE', #5473, #11008, #3943, .T. ) ;
#10759 = EDGE_CURVE ( 'NONE', #10081, #12039, #8385, .T. ) ;
#10760 = AXIS2_PLACEMENT_3D ( 'NONE', #7417, #6393, #8747 ) ;
#10761 = VERTEX_POINT ( 'NONE', #5157 ) ;
#10762 = CARTESIAN_POINT ( 'NONE',  ( -8.570000000000003837, 0.7499999999999981126, -0.9499999999999978462 ) ) ;
#10763 = VECTOR ( 'NONE', #11533, 999.9999999999998863 ) ;
#10764 = PLANE ( 'NONE',  #5236 ) ;
#10765 = LINE ( 'NONE', #5485, #12517 ) ;
#10766 = SURFACE_STYLE_USAGE ( .BOTH. , #6697 ) ;
#10767 = VERTEX_POINT ( 'NONE', #12391 ) ;
#10768 = LINE ( 'NONE', #8673, #841 ) ;
#10769 = PRESENTATION_LAYER_ASSIGNMENT (  '', '', ( #2569 ) ) ;
#10770 = EDGE_CURVE ( 'NONE', #7265, #2920, #6165, .T. ) ;
#10771 = VECTOR ( 'NONE', #226, 1000.000000000000000 ) ;
#10772 = VERTEX_POINT ( 'NONE', #1910 ) ;
#10773 = DIRECTION ( 'NONE',  ( 7.850462293418890625E-17, 0.7071067811865460184, 0.7071067811865490160 ) ) ;
#10774 = FACE_OUTER_BOUND ( 'NONE', #767, .T. ) ;
#10775 = PLANE ( 'NONE',  #2777 ) ;
#10776 = ORIENTED_EDGE ( 'NONE', *, *, #10813, .F. ) ;
#10777 = ADVANCED_FACE ( 'NONE', ( #12322 ), #12461, .F. ) ;
#10778 = DIRECTION ( 'NONE',  ( 1.110223024625156294E-16, -1.224646799147353207E-16, 1.000000000000000000 ) ) ;
#10779 = ORIENTED_EDGE ( 'NONE', *, *, #9197, .T. ) ;
#10780 = EDGE_CURVE ( 'NONE', #11710, #9789, #7185, .T. ) ;
#10781 = FACE_OUTER_BOUND ( 'NONE', #881, .T. ) ;
#10782 = VECTOR ( 'NONE', #11904, 1000.000000000000000 ) ;
#10783 = CARTESIAN_POINT ( 'NONE',  ( 3.490000000000001990, -3.000000000000003553, -1.389999999999998792 ) ) ;
#10784 =( LENGTH_UNIT ( ) NAMED_UNIT ( * ) SI_UNIT ( .MILLI., .METRE. ) );
#10785 = CARTESIAN_POINT ( 'NONE',  ( 15.48000000000000398, 0.2499999999999950040, -1.649999999999999467 ) ) ;
#10786 = ORIENTED_EDGE ( 'NONE', *, *, #4821, .T. ) ;
#10787 = EDGE_LOOP ( 'NONE', ( #12834, #4460, #2617, #4274 ) ) ;
#10788 = FACE_OUTER_BOUND ( 'NONE', #9401, .T. ) ;
#10789 = EDGE_LOOP ( 'NONE', ( #5488, #4098, #7648, #9550 ) ) ;
#10790 = ORIENTED_EDGE ( 'NONE', *, *, #8303, .F. ) ;
#10791 = CARTESIAN_POINT ( 'NONE',  ( 9.209999999999999076, -2.500000000000003109, 1.590000000000000080 ) ) ;
#10792 = FACE_OUTER_BOUND ( 'NONE', #9733, .T. ) ;
#10793 = LINE ( 'NONE', #1464, #8523 ) ;
#10794 = LINE ( 'NONE', #12627, #11337 ) ;
#10795 = DIRECTION ( 'NONE',  ( 1.000000000000000000, 0.000000000000000000, -1.110223024625156294E-16 ) ) ;
#10796 = ORIENTED_EDGE ( 'NONE', *, *, #999, .F. ) ;
#10797 = FACE_OUTER_BOUND ( 'NONE', #2715, .T. ) ;
#10798 = CARTESIAN_POINT ( 'NONE',  ( -0.9500000000000026201, 2.599999999999997424, -0.9499999999999985123 ) ) ;
#10799 = CLOSED_SHELL ( 'NONE', ( #12920, #6416, #9615, #9470, #9762, #3050, #10971, #326, #7886, #12265, #2337, #10082, #13197, #6734 ) ) ;
#10800 = CARTESIAN_POINT ( 'NONE',  ( 9.709999999999997300, 0.2499999999999967526, 4.425000000000000711 ) ) ;
#10801 = ADVANCED_FACE ( 'NONE', ( #7118 ), #3122, .T. ) ;
#10802 = VERTEX_POINT ( 'NONE', #7255 ) ;
#10803 = ORIENTED_EDGE ( 'NONE', *, *, #1102, .F. ) ;
#10804 = FACE_OUTER_BOUND ( 'NONE', #3042, .T. ) ;
#10805 = VERTEX_POINT ( 'NONE', #11315 ) ;
#10806 =( LENGTH_UNIT ( ) NAMED_UNIT ( * ) SI_UNIT ( .MILLI., .METRE. ) );
#10807 = EDGE_CURVE ( 'NONE', #5292, #4631, #2184, .T. ) ;
#10808 = DIRECTION ( 'NONE',  ( 1.359631073446890508E-32, 1.000000000000000000, 1.224646799147352961E-16 ) ) ;
#10809 = DIRECTION ( 'NONE',  ( 2.220446049250312095E-16, -1.000000000000000000, -1.224646799147353207E-16 ) ) ;
#10810 = VERTEX_POINT ( 'NONE', #2926 ) ;
#10811 = PLANE ( 'NONE',  #2868 ) ;
#10812 = VERTEX_POINT ( 'NONE', #2047 ) ;
#10813 = EDGE_CURVE ( 'NONE', #13065, #3699, #10231, .T. ) ;
#10814 = PLANE ( 'NONE',  #7275 ) ;
#10815 = EDGE_LOOP ( 'NONE', ( #7926, #7940, #7671, #11812 ) ) ;
#10816 = ORIENTED_EDGE ( 'NONE', *, *, #9544, .F. ) ;
#10817 = LINE ( 'NONE', #476, #10974 ) ;
#10818 = AXIS2_PLACEMENT_3D ( 'NONE', #10681, #347, #11767 ) ;
#10819 = FACE_OUTER_BOUND ( 'NONE', #12944, .T. ) ;
#10820 = CARTESIAN_POINT ( 'NONE',  ( 9.209999999999997300, 8.600000000000003197, -0.9499999999999989564 ) ) ;
#10821 = VERTEX_POINT ( 'NONE', #10431 ) ;
#10822 = AXIS2_PLACEMENT_3D ( 'NONE', #12206, #848, #4150 ) ;
#10823 = VERTEX_POINT ( 'NONE', #10297 ) ;
#10824 = CARTESIAN_POINT ( 'NONE',  ( 3.490000000000000657, 2.599999999999998312, -0.9499999999999990674 ) ) ;
#10825 = DIRECTION ( 'NONE',  ( -0.3481553119113961481, 0.8703882797784888714, 0.3481553119113960371 ) ) ;
#10826 = LINE ( 'NONE', #12163, #12728 ) ;
#10827 = LINE ( 'NONE', #5880, #4704 ) ;
#10828 = ORIENTED_EDGE ( 'NONE', *, *, #8118, .F. ) ;
#10829 = EDGE_CURVE ( 'NONE', #2942, #6177, #9151, .T. ) ;
#10830 = CARTESIAN_POINT ( 'NONE',  ( 3.954242424242425891, 8.539393939393939092, -1.414242424242417195 ) ) ;
#10831 = EDGE_CURVE ( 'NONE', #3401, #3397, #7328, .T. ) ;
#10832 = VECTOR ( 'NONE', #8553, 1000.000000000000000 ) ;
#10833 = ORIENTED_EDGE ( 'NONE', *, *, #9725, .F. ) ;
#10834 = LINE ( 'NONE', #12930, #5765 ) ;
#10835 = LINE ( 'NONE', #1441, #5558 ) ;
#10836 = ORIENTED_EDGE ( 'NONE', *, *, #10604, .T. ) ;
#10837 = CARTESIAN_POINT ( 'NONE',  ( 6.030000000000002025, -3.000000000000004441, 1.590000000000000524 ) ) ;
#10838 = ORIENTED_EDGE ( 'NONE', *, *, #5828, .F. ) ;
#10839 = CARTESIAN_POINT ( 'NONE',  ( 7.043939393939386839, 7.165151515151510608, -0.5760606060606038303 ) ) ;
#10840 = VECTOR ( 'NONE', #5448, 1000.000000000000000 ) ;
#10841 = AXIS2_PLACEMENT_3D ( 'NONE', #9411, #1431, #9478 ) ;
#10842 = VECTOR ( 'NONE', #10205, 1000.000000000000000 ) ;
#10843 = FACE_OUTER_BOUND ( 'NONE', #6371, .T. ) ;
#10844 = LINE ( 'NONE', #569, #7206 ) ;
#10845 = EDGE_CURVE ( 'NONE', #10123, #5607, #1033, .T. ) ;
#10846 = CARTESIAN_POINT ( 'NONE',  ( 11.11000000000000476, -32.81321928319991343, -0.9500000000000040634 ) ) ;
#10847 = EDGE_CURVE ( 'NONE', #4806, #1285, #180, .T. ) ;
#10848 = ADVANCED_FACE ( 'NONE', ( #11188 ), #5222, .T. ) ;
#10849 = ORIENTED_EDGE ( 'NONE', *, *, #8592, .T. ) ;
#10850 = LINE ( 'NONE', #7748, #4172 ) ;
#10851 = VERTEX_POINT ( 'NONE', #1975 ) ;
#10852 = VECTOR ( 'NONE', #7988, 1000.000000000000114 ) ;
#10853 = MANIFOLD_SOLID_BREP ( '61202021621.stp<1>[8]', #12947 ) ;
#10854 = ORIENTED_EDGE ( 'NONE', *, *, #8712, .T. ) ;
#10855 = FACE_OUTER_BOUND ( 'NONE', #12377, .T. ) ;
#10856 = DIRECTION ( 'NONE',  ( 1.110223024625156294E-16, -1.224646799147352961E-16, 1.000000000000000000 ) ) ;
#10857 = DIRECTION ( 'NONE',  ( -2.599483128751245825E-15, -1.224646799147352221E-16, 1.000000000000000000 ) ) ;
#10858 = ADVANCED_FACE ( 'NONE', ( #4408 ), #6097, .F. ) ;
#10859 = CARTESIAN_POINT ( 'NONE',  ( 11.11000000000000476, -2.500000000000003997, -1.590000000000000302 ) ) ;
#10860 = DIRECTION ( 'NONE',  ( -0.9284766908852596368, 0.3713906763541028333, 1.485638603078811822E-16 ) ) ;
#10861 = ORIENTED_EDGE ( 'NONE', *, *, #4071, .F. ) ;
#10862 = ADVANCED_FACE ( 'NONE', ( #6363 ), #6565, .F. ) ;
#10863 = CARTESIAN_POINT ( 'NONE',  ( 9.009999999999999787, 8.600000000000003197, -1.149999999999999467 ) ) ;
#10864 = FACE_OUTER_BOUND ( 'NONE', #6304, .T. ) ;
#10866 = AXIS2_PLACEMENT_3D ( 'NONE', #8321, #12645, #1281 ) ;
#10865 = CARTESIAN_POINT ( 'NONE',  ( -11.11000000000000476, 2.599999999999998312, 1.590000000000003411 ) ) ;
#10867 = ORIENTED_EDGE ( 'NONE', *, *, #7048, .F. ) ;
#10868 = ORIENTED_EDGE ( 'NONE', *, *, #13259, .T. ) ;
#10869 = DIRECTION ( 'NONE',  ( -1.000000000000000000, 0.000000000000000000, 1.110223024625156294E-16 ) ) ;
#10870 = ORIENTED_EDGE ( 'NONE', *, *, #2010, .F. ) ;
#10871 =( NAMED_UNIT ( * ) PLANE_ANGLE_UNIT ( ) SI_UNIT ( $, .RADIAN. ) );
#10872 = DIRECTION ( 'NONE',  ( 1.110223024625156294E-16, -1.224646799147353207E-16, 1.000000000000000000 ) ) ;
#10873 = PLANE ( 'NONE',  #7659 ) ;
#10874 = VECTOR ( 'NONE', #2478, 1000.000000000000000 ) ;
#10875 = VERTEX_POINT ( 'NONE', #4338 ) ;
#10876 = EDGE_CURVE ( 'NONE', #3823, #4913, #7457, .T. ) ;
#10877 = CARTESIAN_POINT ( 'NONE',  ( 6.669999999999994600, 8.599999999999996092, -0.9499999999999987343 ) ) ;
#10878 = CARTESIAN_POINT ( 'NONE',  ( -0.4250000000000046518, 0.2499999999999967526, -3.624999999999997335 ) ) ;
#10879 = ORIENTED_EDGE ( 'NONE', *, *, #4554, .F. ) ;
#10880 = AXIS2_PLACEMENT_3D ( 'NONE', #7494, #1200, #11551 ) ;
#10881 = PLANE ( 'NONE',  #9872 ) ;
#10882 = ORIENTED_EDGE ( 'NONE', *, *, #591, .T. ) ;
#10883 = ORIENTED_EDGE ( 'NONE', *, *, #7950, .T. ) ;
#10884 = FACE_OUTER_BOUND ( 'NONE', #2713, .T. ) ;
#10885 = LINE ( 'NONE', #876, #9314 ) ;
#10886 = FACE_OUTER_BOUND ( 'NONE', #12605, .T. ) ;
#10887 = FILL_AREA_STYLE ('',( #3585 ) ) ;
#10888 = ORIENTED_EDGE ( 'NONE', *, *, #4512, .T. ) ;
#10889 = ORIENTED_EDGE ( 'NONE', *, *, #2242, .F. ) ;
#10890 = DIRECTION ( 'NONE',  ( 0.9284766908852596368, 0.3713906763541028888, -5.759937970183664956E-17 ) ) ;
#10891 = MECHANICAL_DESIGN_GEOMETRIC_PRESENTATION_REPRESENTATION (  '', ( #11749 ), #12625 ) ;
#10892 = CARTESIAN_POINT ( 'NONE',  ( -11.55000000000000249, 8.599999999999999645, 1.590000000000003855 ) ) ;
#10893 = CARTESIAN_POINT ( 'NONE',  ( 11.10999999999999766, 2.600000000000000089, -1.589999999999999636 ) ) ;
#10894 = VECTOR ( 'NONE', #2283, 1000.000000000000000 ) ;
#10895 = EDGE_CURVE ( 'NONE', #2210, #9782, #3458, .T. ) ;
#10896 = VERTEX_POINT ( 'NONE', #6635 ) ;
#10897 = VECTOR ( 'NONE', #8735, 999.9999999999998863 ) ;
#10898 = LINE ( 'NONE', #687, #1488 ) ;
#10899 = EDGE_LOOP ( 'NONE', ( #602, #3022, #11650, #9386 ) ) ;
#10900 = AXIS2_PLACEMENT_3D ( 'NONE', #12623, #5514, #3481 ) ;
#10901 = CARTESIAN_POINT ( 'NONE',  ( 11.31000000000000405, -3.000000000000003553, 1.389999999999999458 ) ) ;
#10902 = LINE ( 'NONE', #365, #10312 ) ;
#10903 =( NAMED_UNIT ( * ) PLANE_ANGLE_UNIT ( ) SI_UNIT ( $, .RADIAN. ) );
#10904 = ORIENTED_EDGE ( 'NONE', *, *, #1629, .F. ) ;
#10905 = CARTESIAN_POINT ( 'NONE',  ( -13.64000000000000945, -2.602085213965210642E-15, -3.624999999999996003 ) ) ;
#10906 = ORIENTED_EDGE ( 'NONE', *, *, #3662, .F. ) ;
#10907 = CARTESIAN_POINT ( 'NONE',  ( 10.24166666666670089, 2.421666666666668188, 0.08166666666665990670 ) ) ;
#10908 = EDGE_CURVE ( 'NONE', #6709, #6991, #1366, .T. ) ;
#10909 = ADVANCED_FACE ( 'NONE', ( #11511 ), #5486, .T. ) ;
#10910 = VECTOR ( 'NONE', #911, 1000.000000000000000 ) ;
#10911 = DIRECTION ( 'NONE',  ( -1.000000000000000000, 0.000000000000000000, 1.110223024625156294E-16 ) ) ;
#10912 = LINE ( 'NONE', #3806, #9804 ) ;
#10913 = DIRECTION ( 'NONE',  ( 1.000000000000000000, 0.000000000000000000, -1.110223024625156294E-16 ) ) ;
#10914 = ORIENTED_EDGE ( 'NONE', *, *, #8409, .T. ) ;
#10915 = LINE ( 'NONE', #7679, #12596 ) ;
#10916 = VERTEX_POINT ( 'NONE', #5288 ) ;
#10917 = ORIENTED_EDGE ( 'NONE', *, *, #12516, .T. ) ;
#10918 = DIRECTION ( 'NONE',  ( -1.110223024625156294E-16, 1.224646799147353207E-16, -1.000000000000000000 ) ) ;
#10919 = LINE ( 'NONE', #8824, #7022 ) ;
#10920 = CARTESIAN_POINT ( 'NONE',  ( 6.669999999999996376, 2.599999999999999201, 1.590000000000001190 ) ) ;
#10921 = ADVANCED_FACE ( 'NONE', ( #12597 ), #4473, .F. ) ;
#10922 = EDGE_CURVE ( 'NONE', #8265, #10875, #7390, .T. ) ;
#10923 = EDGE_CURVE ( 'NONE', #4203, #36, #9414, .T. ) ;
#10924 = PLANE ( 'NONE',  #4868 ) ;
#10925 = CARTESIAN_POINT ( 'NONE',  ( -8.196060606060619591, -1.565151515151523842, -0.5760606060606050516 ) ) ;
#10926 = ORIENTED_EDGE ( 'NONE', *, *, #2793, .T. ) ;
#10927 = VECTOR ( 'NONE', #10037, 1000.000000000000000 ) ;
#10928 = CARTESIAN_POINT ( 'NONE',  ( 3.689999999999998170, 8.599999999999999645, -1.149999999999998579 ) ) ;
#10929 = FACE_OUTER_BOUND ( 'NONE', #9199, .T. ) ;
#10930 = CARTESIAN_POINT ( 'NONE',  ( 9.209999999999997300, 8.600000000000003197, -1.389999999999998348 ) ) ;
#10931 = ADVANCED_FACE ( 'NONE', ( #10563 ), #10693, .F. ) ;
#10932 = VERTEX_POINT ( 'NONE', #12661 ) ;
#10933 = EDGE_CURVE ( 'NONE', #2479, #7520, #8610, .T. ) ;
#10934 = PRESENTATION_LAYER_ASSIGNMENT (  '', '', ( #12242 ) ) ;
#10935 = ORIENTED_EDGE ( 'NONE', *, *, #2739, .T. ) ;
#10936 = ADVANCED_FACE ( 'NONE', ( #423 ), #3390, .F. ) ;
#10937 = PLANE ( 'NONE',  #1487 ) ;
#10938 = ORIENTED_EDGE ( 'NONE', *, *, #1751, .F. ) ;
#10939 = DIRECTION ( 'NONE',  ( 1.855469160087460128E-16, -0.3713906763541040545, 0.9284766908852591927 ) ) ;
#10940 = CARTESIAN_POINT ( 'NONE',  ( -11.11000000000000476, -2.500000000000003997, 1.590000000000002744 ) ) ;
#10941 = ORIENTED_EDGE ( 'NONE', *, *, #1029, .T. ) ;
#10942 = CARTESIAN_POINT ( 'NONE',  ( -2.090000000000004299, 0.2499999999999967526, 0.4500000000000012879 ) ) ;
#10943 = DIRECTION ( 'NONE',  ( -1.000000000000000000, 0.000000000000000000, 1.110223024625156294E-16 ) ) ;
#10944 = ORIENTED_EDGE ( 'NONE', *, *, #3252, .F. ) ;
#10945 = MANIFOLD_SOLID_BREP ( '61202021621.stp<1>[15]', #6257 ) ;
#10946 = FACE_OUTER_BOUND ( 'NONE', #7010, .T. ) ;
#10947 = VECTOR ( 'NONE', #12215, 1000.000000000000000 ) ;
#10948 = VECTOR ( 'NONE', #1921, 1000.000000000000000 ) ;
#10949 = VERTEX_POINT ( 'NONE', #8999 ) ;
#10950 = ORIENTED_EDGE ( 'NONE', *, *, #10709, .F. ) ;
#10951 = EDGE_CURVE ( 'NONE', #10660, #10757, #1501, .T. ) ;
#10952 = AXIS2_PLACEMENT_3D ( 'NONE', #6306, #7335, #5363 ) ;
#10953 = ADVANCED_FACE ( 'NONE', ( #486 ), #4605, .F. ) ;
#10954 = CARTESIAN_POINT ( 'NONE',  ( -16.53000000000000114, 6.649999999999999467, 1.650000000000003464 ) ) ;
#10955 = PLANE ( 'NONE',  #4743 ) ;
#10956 = VECTOR ( 'NONE', #1599, 1000.000000000000000 ) ;
#10957 = DIRECTION ( 'NONE',  ( -2.220446049250312095E-16, 1.000000000000000000, 1.224646799147353207E-16 ) ) ;
#10958 = EDGE_CURVE ( 'NONE', #4503, #10252, #10827, .T. ) ;
#10959 = CARTESIAN_POINT ( 'NONE',  ( -9.034242424242426850, -2.939393939393943000, 1.414242424242421414 ) ) ;
#10960 = DIRECTION ( 'NONE',  ( -2.220446049250312095E-16, 1.000000000000000000, 1.224646799147353207E-16 ) ) ;
#10961 = EDGE_LOOP ( 'NONE', ( #11694, #12335, #2276, #5925 ) ) ;
#10962 = VECTOR ( 'NONE', #10700, 1000.000000000000000 ) ;
#10963 = ORIENTED_EDGE ( 'NONE', *, *, #665, .T. ) ;
#10964 = CARTESIAN_POINT ( 'NONE',  ( -6.030000000000003801, 8.100000000000003197, -1.589999999999997193 ) ) ;
#10965 = CARTESIAN_POINT ( 'NONE',  ( 16.53000000000000114, 0.2499999999999967526, 0.4499999999999992339 ) ) ;
#10966 = AXIS2_PLACEMENT_3D ( 'NONE', #6087, #759, #13135 ) ;
#10967 = FACE_OUTER_BOUND ( 'NONE', #4671, .T. ) ;
#10968 = AXIS2_PLACEMENT_3D ( 'NONE', #685, #4738, #2711 ) ;
#10969 = ORIENTED_EDGE ( 'NONE', *, *, #8000, .F. ) ;
#10970 = LINE ( 'NONE', #5749, #9475 ) ;
#10971 = ADVANCED_FACE ( 'NONE', ( #1567 ), #621, .F. ) ;
#10972 = ORIENTED_EDGE ( 'NONE', *, *, #10758, .F. ) ;
#10973 = CARTESIAN_POINT ( 'NONE',  ( 16.53000000000000114, 0.2499999999999967526, 0.4499999999999992339 ) ) ;
#10974 = VECTOR ( 'NONE', #4594, 1000.000000000000114 ) ;
#10975 = PLANE ( 'NONE',  #8255 ) ;
#10976 = VECTOR ( 'NONE', #8706, 1000.000000000000000 ) ;
#10977 = ORIENTED_EDGE ( 'NONE', *, *, #3641, .F. ) ;
#10978 = ADVANCED_FACE ( 'NONE', ( #10967 ), #7725, .F. ) ;
#10979 = AXIS2_PLACEMENT_3D ( 'NONE', #3527, #12796, #2517 ) ;
#10980 = DIRECTION ( 'NONE',  ( -2.220446049250312095E-16, 1.000000000000000000, 1.224646799147353207E-16 ) ) ;
#10981 = ORIENTED_EDGE ( 'NONE', *, *, #8771, .T. ) ;
#10982 = DIRECTION ( 'NONE',  ( -0.9284766908852596368, 0.3713906763541028333, 1.485638603078811822E-16 ) ) ;
#10983 = ADVANCED_FACE ( 'NONE', ( #12924 ), #3657, .T. ) ;
#10984 = CARTESIAN_POINT ( 'NONE',  ( -9.772738174262939500E-15, -2.602085213965210642E-15, -3.624999999999997335 ) ) ;
#10985 = PRESENTATION_LAYER_ASSIGNMENT (  '', '', ( #8178 ) ) ;
#10986 = UNCERTAINTY_MEASURE_WITH_UNIT (LENGTH_MEASURE( 1.000000000000000082E-05 ), #10806, 'distance_accuracy_value', 'NONE');
#10987 = VECTOR ( 'NONE', #5159, 1000.000000000000000 ) ;
#10988 = CARTESIAN_POINT ( 'NONE',  ( -9.010000000000001563, 8.599999999999996092, -1.389999999999996350 ) ) ;
#10989 = ORIENTED_EDGE ( 'NONE', *, *, #638, .T. ) ;
#10990 = FACE_OUTER_BOUND ( 'NONE', #9235, .T. ) ;
#10991 = CARTESIAN_POINT ( 'NONE',  ( 9.209999999999999076, 0.7499999999999972244, 0.9500000000000006217 ) ) ;
#10992 = ORIENTED_EDGE ( 'NONE', *, *, #4337, .T. ) ;
#10993 = CARTESIAN_POINT ( 'NONE',  ( -5.530000000000002025, 0.2499999999999967526, -0.4499999999999981237 ) ) ;
#10994 = DIRECTION ( 'NONE',  ( 1.110223024625156294E-16, -1.224646799147353207E-16, 1.000000000000000000 ) ) ;
#10995 = FACE_OUTER_BOUND ( 'NONE', #1280, .T. ) ;
#10996 = LINE ( 'NONE', #10920, #11696 ) ;
#10997 = VECTOR ( 'NONE', #9, 1000.000000000000000 ) ;
#10998 = FACE_OUTER_BOUND ( 'NONE', #299, .T. ) ;
#10999 = LINE ( 'NONE', #4766, #5041 ) ;
#11000 = VERTEX_POINT ( 'NONE', #4801 ) ;
#11001 = LINE ( 'NONE', #4974, #7496 ) ;
#11002 = FACE_OUTER_BOUND ( 'NONE', #31, .T. ) ;
#11003 = CARTESIAN_POINT ( 'NONE',  ( 16.53000000000000114, 0.2499999999999967526, -0.4500000000000005107 ) ) ;
#11004 = VECTOR ( 'NONE', #1329, 1000.000000000000000 ) ;
#11005 = ADVANCED_FACE ( 'NONE', ( #5617 ), #11843, .F. ) ;
#11006 = VERTEX_POINT ( 'NONE', #3864 ) ;
#11007 = ADVANCED_FACE ( 'NONE', ( #12114 ), #6831, .T. ) ;
#11008 = VERTEX_POINT ( 'NONE', #10893 ) ;
#11009 = PLANE ( 'NONE',  #9686 ) ;
#11010 = VERTEX_POINT ( 'NONE', #5816 ) ;
#11011 = DIRECTION ( 'NONE',  ( -0.3713906763541042766, 0.9284766908852590817, 1.549382487594995162E-16 ) ) ;
#11012 = DIRECTION ( 'NONE',  ( -1.110223024625156294E-16, 1.224646799147353207E-16, -1.000000000000000000 ) ) ;
#11013 = CARTESIAN_POINT ( 'NONE',  ( 16.53000000000000114, 0.2499999999999967526, -0.4500000000000005107 ) ) ;
#11014 = ORIENTED_EDGE ( 'NONE', *, *, #10464, .F. ) ;
#11015 = CARTESIAN_POINT ( 'NONE',  ( -16.53000000000000114, 6.649999999999999467, 1.650000000000003464 ) ) ;
#11016 = DIRECTION ( 'NONE',  ( 0.7071067811865490160, 0.7071067811865461294, -1.908525788164871536E-15 ) ) ;
#11017 = VECTOR ( 'NONE', #10106, 1000.000000000000000 ) ;
#11018 = VERTEX_POINT ( 'NONE', #2844 ) ;
#11019 = MANIFOLD_SOLID_BREP ( '61202021621.stp<1>[9]', #7349 ) ;
#11020 = DIRECTION ( 'NONE',  ( -1.000000000000000000, 0.000000000000000000, 1.110223024625156294E-16 ) ) ;
#11021 = EDGE_CURVE ( 'NONE', #5405, #13215, #12566, .T. ) ;
#11022 = ORIENTED_EDGE ( 'NONE', *, *, #9036, .T. ) ;
#11023 = EDGE_LOOP ( 'NONE', ( #10861, #11183, #2605, #5596 ) ) ;
#11024 = EDGE_CURVE ( 'NONE', #7376, #1549, #752, .T. ) ;
#11025 = ADVANCED_FACE ( 'NONE', ( #5393 ), #3229, .T. ) ;
#11026 = CARTESIAN_POINT ( 'NONE',  ( 6.230000000000001315, -3.000000000000004441, 1.389999999999999902 ) ) ;
#11027 = DIRECTION ( 'NONE',  ( -1.110223024625156294E-16, 1.224646799147353207E-16, -1.000000000000000000 ) ) ;
#11028 = CARTESIAN_POINT ( 'NONE',  ( -6.469999999999997975, -3.000000000000004441, 1.590000000000001856 ) ) ;
#11029 = CARTESIAN_POINT ( 'NONE',  ( 8.596666666666678225, -3.716666666666682328, -6.056666666666660426 ) ) ;
#11030 = CARTESIAN_POINT ( 'NONE',  ( -2.250000000000005773, 8.499999999999998224, 3.175000000000002931 ) ) ;
#11031 = ORIENTED_EDGE ( 'NONE', *, *, #2533, .F. ) ;
#11032 = ORIENTED_EDGE ( 'NONE', *, *, #13093, .T. ) ;
#11033 = CARTESIAN_POINT ( 'NONE',  ( -2.868333333333329183, -0.5283333333333337656, 2.868333333333331847 ) ) ;
#11034 = LINE ( 'NONE', #13052, #6532 ) ;
#11035 = EDGE_CURVE ( 'NONE', #1533, #13150, #4243, .T. ) ;
#11036 = CARTESIAN_POINT ( 'NONE',  ( -4.130000000000003446, -32.81321928319991343, -0.9500000000000025091 ) ) ;
#11037 = ORIENTED_EDGE ( 'NONE', *, *, #7449, .F. ) ;
#11038 = LINE ( 'NONE', #6768, #2780 ) ;
#11039 = ORIENTED_EDGE ( 'NONE', *, *, #9977, .T. ) ;
#11040 = LINE ( 'NONE', #2849, #2756 ) ;
#11041 = VECTOR ( 'NONE', #1985, 1000.000000000000114 ) ;
#11042 = EDGE_LOOP ( 'NONE', ( #12370, #8693, #13025, #12306 ) ) ;
#11043 = CARTESIAN_POINT ( 'NONE',  ( -11.11000000000000654, 8.599999999999999645, -0.9499999999999967359 ) ) ;
#11044 = CARTESIAN_POINT ( 'NONE',  ( 16.53000000000000114, 0.2499999999999967526, -0.4500000000000005107 ) ) ;
#11045 = ORIENTED_EDGE ( 'NONE', *, *, #1244, .F. ) ;
#11046 = CARTESIAN_POINT ( 'NONE',  ( 3.516666666666699026, -6.256666666666706789, 8.596666666666662238 ) ) ;
#11047 = ORIENTED_EDGE ( 'NONE', *, *, #4392, .T. ) ;
#11048 = DIRECTION ( 'NONE',  ( -1.110223024625156294E-16, 1.224646799147353207E-16, -1.000000000000000000 ) ) ;
#11049 = ADVANCED_FACE ( 'NONE', ( #5193 ), #12500, .F. ) ;
#11050 = VECTOR ( 'NONE', #2505, 1000.000000000000000 ) ;
#11051 = PRESENTATION_STYLE_ASSIGNMENT (( #1718 ) ) ;
#11052 = VECTOR ( 'NONE', #8873, 1000.000000000000000 ) ;
#11053 = CARTESIAN_POINT ( 'NONE',  ( 11.56151515151519860, 9.228787878787882093, -1.401515151515147828 ) ) ;
#11054 = EDGE_CURVE ( 'NONE', #3760, #11018, #59, .T. ) ;
#11055 = ORIENTED_EDGE ( 'NONE', *, *, #4773, .F. ) ;
#11056 = DIRECTION ( 'NONE',  ( 1.000000000000000000, 0.000000000000000000, -1.110223024625156294E-16 ) ) ;
#11057 = CARTESIAN_POINT ( 'NONE',  ( -4.630000000000004334, 0.2499999999999967526, -0.4499999999999981792 ) ) ;
#11058 = ORIENTED_EDGE ( 'NONE', *, *, #9287, .F. ) ;
#11059 = CARTESIAN_POINT ( 'NONE',  ( 4.129999999999999893, -32.81321928319991343, -0.9500000000000033973 ) ) ;
#11060 = DIRECTION ( 'NONE',  ( 2.220446049250312095E-16, -1.000000000000000000, -1.224646799147353207E-16 ) ) ;
#11061 = DIRECTION ( 'NONE',  ( 0.5773502691896250649, -0.5773502691896279515, 0.5773502691896243988 ) ) ;
#11062 = CARTESIAN_POINT ( 'NONE',  ( -1.089961454425747402E-14, 4.674999999999999822, -4.424999999999998934 ) ) ;
#11063 = VECTOR ( 'NONE', #7386, 1000.000000000000000 ) ;
#11064 = CARTESIAN_POINT ( 'NONE',  ( 16.53000000000000114, 0.2499999999999967526, 0.4499999999999992339 ) ) ;
#11065 = CARTESIAN_POINT ( 'NONE',  ( 6.669999999999997264, 0.7499999999999963363, 0.9500000000000008438 ) ) ;
#11066 = ORIENTED_EDGE ( 'NONE', *, *, #5604, .T. ) ;
#11067 = EDGE_CURVE ( 'NONE', #8142, #13182, #1269, .T. ) ;
#11068 = CARTESIAN_POINT ( 'NONE',  ( -9.710000000000006182, 0.2499999999999967526, 0.4500000000000021760 ) ) ;
#11069 = CYLINDRICAL_SURFACE ( 'NONE', #6767, 0.4250000000000001554 ) ;
#11070 = FACE_OUTER_BOUND ( 'NONE', #4565, .T. ) ;
#11071 = VERTEX_POINT ( 'NONE', #4177 ) ;
#11072 = VECTOR ( 'NONE', #7704, 1000.000000000000114 ) ;
#11073 = COLOUR_RGB ( '',0.8705882352941176627, 0.6313725490196078205, 0.1725490196078431349 ) ;
#11074 = ORIENTED_EDGE ( 'NONE', *, *, #12787, .F. ) ;
#11075 = DIRECTION ( 'NONE',  ( -1.110223024625156294E-16, 1.224646799147353207E-16, -1.000000000000000000 ) ) ;
#11076 = ORIENTED_EDGE ( 'NONE', *, *, #44, .T. ) ;
#11077 = SURFACE_SIDE_STYLE ('',( #3900 ) ) ;
#11078 = VECTOR ( 'NONE', #4181, 1000.000000000000000 ) ;
#11079 = DIRECTION ( 'NONE',  ( 1.000000000000000000, 0.000000000000000000, -1.110223024625156294E-16 ) ) ;
#11080 = DIRECTION ( 'NONE',  ( -1.000000000000000000, 0.000000000000000000, 1.110223024625156294E-16 ) ) ;
#11081 = CARTESIAN_POINT ( 'NONE',  ( 7.215000000000000746, -2.500000000000004885, 0.9500000000000003997 ) ) ;
#11082 = DIRECTION ( 'NONE',  ( 2.220446049250312095E-16, -1.000000000000000000, -1.224646799147353207E-16 ) ) ;
#11083 = ORIENTED_EDGE ( 'NONE', *, *, #1676, .T. ) ;
#11084 = ADVANCED_FACE ( 'NONE', ( #8309 ), #9515, .F. ) ;
#11085 = AXIS2_PLACEMENT_3D ( 'NONE', #2093, #1078, #7304 ) ;
#11086 = PLANE ( 'NONE',  #4895 ) ;
#11087 = CARTESIAN_POINT ( 'NONE',  ( 9.755000000000002558, 2.799999999999998046, -1.589999999999999636 ) ) ;
#11088 = ORIENTED_EDGE ( 'NONE', *, *, #6214, .F. ) ;
#11089 = ORIENTED_EDGE ( 'NONE', *, *, #13383, .F. ) ;
#11090 = VECTOR ( 'NONE', #10133, 1000.000000000000000 ) ;
#11091 = FACE_OUTER_BOUND ( 'NONE', #7971, .T. ) ;
#11092 = DIRECTION ( 'NONE',  ( 1.000000000000000000, 0.000000000000000000, -1.110223024625156294E-16 ) ) ;
#11093 = LINE ( 'NONE', #5807, #3947 ) ;
#11094 = CARTESIAN_POINT ( 'NONE',  ( 3.567575757575754736, 8.293939393939391280, 1.027575757575761140 ) ) ;
#11095 = VECTOR ( 'NONE', #5845, 1000.000000000000000 ) ;
#11096 = CARTESIAN_POINT ( 'NONE',  ( -8.570000000000003837, -2.500000000000003109, 1.590000000000002300 ) ) ;
#11097 = EDGE_LOOP ( 'NONE', ( #9790, #10211, #11243, #12973 ) ) ;
#11098 = ORIENTED_EDGE ( 'NONE', *, *, #2832, .F. ) ;
#11099 = CARTESIAN_POINT ( 'NONE',  ( 11.11000000000000476, -32.81321928319991343, 1.589999999999996305 ) ) ;
#11100 = EDGE_CURVE ( 'NONE', #12268, #4030, #6974, .T. ) ;
#11101 = EDGE_CURVE ( 'NONE', #6177, #10468, #13193, .T. ) ;
#11102 = CARTESIAN_POINT ( 'NONE',  ( 3.743333333333336288, -3.133333333333334192, -1.336666666666668224 ) ) ;
#11103 = EDGE_CURVE ( 'NONE', #5183, #4656, #10467, .T. ) ;
#11104 = CARTESIAN_POINT ( 'NONE',  ( 4.129999999999994564, 8.100000000000001421, 1.590000000000002300 ) ) ;
#11105 = ORIENTED_EDGE ( 'NONE', *, *, #6292, .F. ) ;
#11106 = CARTESIAN_POINT ( 'NONE',  ( -1.125757575757576179, 8.539393939393940869, -1.414242424242416751 ) ) ;
#11107 = DIRECTION ( 'NONE',  ( 2.220446049250312095E-16, -1.000000000000000000, -1.224646799147353207E-16 ) ) ;
#11108 = ADVANCED_FACE ( 'NONE', ( #1835 ), #10080, .T. ) ;
#11109 = VERTEX_POINT ( 'NONE', #12180 ) ;
#11110 = EDGE_CURVE ( 'NONE', #6991, #526, #6269, .T. ) ;
#11111 = CARTESIAN_POINT ( 'NONE',  ( 1.589999999999998304, 2.599999999999997868, 1.590000000000001634 ) ) ;
#11112 = VERTEX_POINT ( 'NONE', #10865 ) ;
#11113 = DIRECTION ( 'NONE',  ( -1.000000000000000000, 0.000000000000000000, 1.110223024625156294E-16 ) ) ;
#11114 = ADVANCED_FACE ( 'NONE', ( #3431 ), #11743, .F. ) ;
#11115 = DIRECTION ( 'NONE',  ( 0.5773502691896251759, 0.5773502691896271743, 0.5773502691896250649 ) ) ;
#11116 = VERTEX_POINT ( 'NONE', #9787 ) ;
#11117 = VECTOR ( 'NONE', #9128, 1000.000000000000000 ) ;
#11118 = CARTESIAN_POINT ( 'NONE',  ( -14.06500000000000483, 0.2499999999999976130, -3.624999999999995559 ) ) ;
#11119 = ORIENTED_EDGE ( 'NONE', *, *, #3980, .F. ) ;
#11120 = LINE ( 'NONE', #5628, #1116 ) ;
#11121 = AXIS2_PLACEMENT_3D ( 'NONE', #11096, #1891, #6014 ) ;
#11122 = DIRECTION ( 'NONE',  ( 1.110223024625156294E-16, -1.224646799147353207E-16, 1.000000000000000000 ) ) ;
#11123 =( NAMED_UNIT ( * ) PLANE_ANGLE_UNIT ( ) SI_UNIT ( $, .RADIAN. ) );
#11124 = CARTESIAN_POINT ( 'NONE',  ( -1.563333333333290831, -8.796666666666707712, 11.13666666666670046 ) ) ;
#11125 = AXIS2_PLACEMENT_3D ( 'NONE', #10407, #5129, #2090 ) ;
#11126 = ORIENTED_EDGE ( 'NONE', *, *, #7306, .T. ) ;
#11127 = DIRECTION ( 'NONE',  ( 1.000000000000000000, 0.000000000000000000, -1.110223024625156294E-16 ) ) ;
#11128 = EDGE_CURVE ( 'NONE', #13370, #6311, #11874, .T. ) ;
#11129 = DIRECTION ( 'NONE',  ( -1.110223024625156294E-16, 1.224646799147353207E-16, -1.000000000000000000 ) ) ;
#11130 = EDGE_CURVE ( 'NONE', #6786, #7733, #7693, .T. ) ;
#11131 = ORIENTED_EDGE ( 'NONE', *, *, #5394, .T. ) ;
#11132 = LINE ( 'NONE', #3001, #1657 ) ;
#11133 = LINE ( 'NONE', #13217, #4555 ) ;
#11134 = EDGE_CURVE ( 'NONE', #6114, #13182, #2418, .T. ) ;
#11135 = FACE_OUTER_BOUND ( 'NONE', #11829, .T. ) ;
#11136 = DIRECTION ( 'NONE',  ( 1.000000000000000000, 0.000000000000000000, -1.110223024625156294E-16 ) ) ;
#11137 = VECTOR ( 'NONE', #6377, 1000.000000000000000 ) ;
#11138 = LINE ( 'NONE', #12952, #12870 ) ;
#11139 = LINE ( 'NONE', #10925, #3964 ) ;
#11140 = ORIENTED_EDGE ( 'NONE', *, *, #10727, .F. ) ;
#11141 = CARTESIAN_POINT ( 'NONE',  ( -15.48000000000000398, 0.2499999999999967526, -1.649999999999996136 ) ) ;
#11142 = CARTESIAN_POINT ( 'NONE',  ( -11.75000000000000888, 8.099999999999999645, -1.589999999999996305 ) ) ;
#11143 = DIRECTION ( 'NONE',  ( 1.000000000000000000, 0.000000000000000000, -1.110223024625156294E-16 ) ) ;
#11144 = ORIENTED_EDGE ( 'NONE', *, *, #9857, .F. ) ;
#11145 = ORIENTED_EDGE ( 'NONE', *, *, #9259, .F. ) ;
#11146 = LINE ( 'NONE', #1873, #12719 ) ;
#11147 = EDGE_LOOP ( 'NONE', ( #10414, #12489, #11239, #13048 ) ) ;
#11148 = CARTESIAN_POINT ( 'NONE',  ( -0.9500000000000039524, 8.600000000000001421, -1.389999999999997238 ) ) ;
#11149 = LINE ( 'NONE', #13175, #10670 ) ;
#11150 = CIRCLE ( 'NONE', #12225, 0.4250000000000000444 ) ;
#11151 = DIRECTION ( 'NONE',  ( -0.3481553119113937056, -0.8703882797784899816, -0.3481553119113958705 ) ) ;
#11152 = PLANE ( 'NONE',  #3308 ) ;
#11153 = ORIENTED_EDGE ( 'NONE', *, *, #567, .T. ) ;
#11154 = DIRECTION ( 'NONE',  ( -7.850462293418888160E-17, 0.7071067811865462405, -0.7071067811865487940 ) ) ;
#11155 = PLANE ( 'NONE',  #12735 ) ;
#11156 = ADVANCED_FACE ( 'NONE', ( #522 ), #5716, .F. ) ;
#11157 = ORIENTED_EDGE ( 'NONE', *, *, #4337, .F. ) ;
#11158 = ORIENTED_EDGE ( 'NONE', *, *, #11134, .T. ) ;
#11159 = DIRECTION ( 'NONE',  ( -1.000000000000000000, 0.000000000000000000, 1.110223024625156294E-16 ) ) ;
#11160 = FACE_OUTER_BOUND ( 'NONE', #9613, .T. ) ;
#11161 = DIRECTION ( 'NONE',  ( -1.000000000000000000, -4.930380657631321594E-32, 5.043836348835594563E-16 ) ) ;
#11162 = CARTESIAN_POINT ( 'NONE',  ( 9.034242424242425074, 8.539393939393944422, -1.414242424242418084 ) ) ;
#11163 = CARTESIAN_POINT ( 'NONE',  ( 3.489999999999992220, 8.100000000000001421, 1.590000000000002300 ) ) ;
#11164 = ORIENTED_EDGE ( 'NONE', *, *, #8378, .F. ) ;
#11165 = VECTOR ( 'NONE', #12491, 1000.000000000000000 ) ;
#11166 = ORIENTED_EDGE ( 'NONE', *, *, #5756, .T. ) ;
#11167 = LINE ( 'NONE', #7987, #2482 ) ;
#11168 = CARTESIAN_POINT ( 'NONE',  ( -0.5760606060606164869, -1.565151515151522954, 1.963939393939391653 ) ) ;
#11169 = CARTESIAN_POINT ( 'NONE',  ( 3.489999999999999325, 8.599999999999997868, 1.590000000000002300 ) ) ;
#11170 = VECTOR ( 'NONE', #4213, 1000.000000000000000 ) ;
#11171 = EDGE_LOOP ( 'NONE', ( #956, #9077, #5316, #2556 ) ) ;
#11172 = FACE_OUTER_BOUND ( 'NONE', #5254, .T. ) ;
#11173 = DIRECTION ( 'NONE',  ( 1.110223024625156294E-16, -1.224646799147353207E-16, 1.000000000000000000 ) ) ;
#11174 = MANIFOLD_SOLID_BREP ( '61202021621.stp<1>[16]', #642 ) ;
#11175 = AXIS2_PLACEMENT_3D ( 'NONE', #7626, #5714, #13094 ) ;
#11176 = EDGE_CURVE ( 'NONE', #3587, #6807, #4514, .T. ) ;
#11177 = DIRECTION ( 'NONE',  ( -1.000000000000000000, 0.000000000000000000, 1.110223024625156294E-16 ) ) ;
#11178 = EDGE_CURVE ( 'NONE', #5818, #8437, #5524, .T. ) ;
#11180 = ORIENTED_EDGE ( 'NONE', *, *, #9548, .T. ) ;
#11179 = EDGE_CURVE ( 'NONE', #10008, #12893, #12767, .T. ) ;
#11181 = DIRECTION ( 'NONE',  ( -1.110223024625156294E-16, 1.224646799147353207E-16, -1.000000000000000000 ) ) ;
#11182 = CARTESIAN_POINT ( 'NONE',  ( -11.29848484848480616, 9.228787878787882093, -1.401515151515145163 ) ) ;
#11183 = ORIENTED_EDGE ( 'NONE', *, *, #10727, .T. ) ;
#11184 = AXIS2_PLACEMENT_3D ( 'NONE', #11648, #11454, #10569 ) ;
#11185 = ORIENTED_EDGE ( 'NONE', *, *, #7577, .F. ) ;
#11186 = PLANE ( 'NONE',  #259 ) ;
#11187 = CIRCLE ( 'NONE', #5345, 0.4250000000000001554 ) ;
#11188 = FACE_OUTER_BOUND ( 'NONE', #11823, .T. ) ;
#11189 = EDGE_CURVE ( 'NONE', #7859, #6498, #459, .T. ) ;
#11190 = ORIENTED_EDGE ( 'NONE', *, *, #10604, .F. ) ;
#11191 = CARTESIAN_POINT ( 'NONE',  ( 11.31000000000000405, -3.000000000000002665, -0.9500000000000006217 ) ) ;
#11192 = VECTOR ( 'NONE', #1492, 999.9999999999998863 ) ;
#11193 = VERTEX_POINT ( 'NONE', #6672 ) ;
#11194 = DIRECTION ( 'NONE',  ( -2.220446049250312095E-16, 1.000000000000000000, 1.224646799147353207E-16 ) ) ;
#11195 = EDGE_CURVE ( 'NONE', #3813, #2110, #586, .T. ) ;
#11196 = COLOUR_RGB ( '',0.8705882352941176627, 0.6313725490196078205, 0.1725490196078431349 ) ;
#11197 = CARTESIAN_POINT ( 'NONE',  ( -15.48000000000000398, 6.649999999999999467, -1.649999999999995470 ) ) ;
#11198 = EDGE_CURVE ( 'NONE', #3844, #5443, #6733, .T. ) ;
#11199 = VERTEX_POINT ( 'NONE', #7760 ) ;
#11200 = CARTESIAN_POINT ( 'NONE',  ( -2.945000000000006501, 2.799999999999997158, 1.590000000000002300 ) ) ;
#11201 = PLANE ( 'NONE',  #4120 ) ;
#11202 = CARTESIAN_POINT ( 'NONE',  ( -0.9500000000000039524, 8.600000000000001421, -1.389999999999997238 ) ) ;
#11203 = CARTESIAN_POINT ( 'NONE',  ( -6.670000000000006146, 8.100000000000003197, 1.590000000000003189 ) ) ;
#11204 = FACE_OUTER_BOUND ( 'NONE', #12772, .T. ) ;
#11205 = LINE ( 'NONE', #1929, #12369 ) ;
#11206 = ORIENTED_EDGE ( 'NONE', *, *, #14, .F. ) ;
#11207 = VECTOR ( 'NONE', #7140, 1000.000000000000000 ) ;
#11208 = CARTESIAN_POINT ( 'NONE',  ( 9.132424242424251659, -2.693939393939393412, -1.512424242424239562 ) ) ;
#11209 = DIRECTION ( 'NONE',  ( 1.649305920077741323E-16, -0.9284766908852591927, -0.3713906763541040545 ) ) ;
#11210 = DIRECTION ( 'NONE',  ( -2.220446049250312095E-16, 1.000000000000000000, 1.224646799147353207E-16 ) ) ;
#11211 = ORIENTED_EDGE ( 'NONE', *, *, #936, .F. ) ;
#11212 = EDGE_LOOP ( 'NONE', ( #2488, #3966, #12764, #8835 ) ) ;
#11213 = VECTOR ( 'NONE', #4755, 1000.000000000000000 ) ;
#11214 = CARTESIAN_POINT ( 'NONE',  ( 4.129999999999995453, 2.599999999999998312, 1.590000000000001634 ) ) ;
#11215 = ORIENTED_EDGE ( 'NONE', *, *, #7739, .F. ) ;
#11216 = CARTESIAN_POINT ( 'NONE',  ( 3.490000000000001101, 0.7499999999999972244, 1.590000000000001412 ) ) ;
#11217 = CARTESIAN_POINT ( 'NONE',  ( -6.670000000000005258, 2.599999999999997868, 0.9500000000000026201 ) ) ;
#11218 = DIRECTION ( 'NONE',  ( -1.000000000000000000, 0.000000000000000000, 1.110223024625156294E-16 ) ) ;
#11219 = CARTESIAN_POINT ( 'NONE',  ( -11.55000000000000071, -3.000000000000003553, -1.149999999999998135 ) ) ;
#11220 = DIRECTION ( 'NONE',  ( -1.000000000000000000, 0.000000000000000000, 1.110223024625156294E-16 ) ) ;
#11221 = ORIENTED_EDGE ( 'NONE', *, *, #6811, .T. ) ;
#11222 = DIRECTION ( 'NONE',  ( -1.000000000000000000, 0.000000000000000000, 1.110223024625156294E-16 ) ) ;
#11223 = EDGE_CURVE ( 'NONE', #2685, #3531, #7495, .T. ) ;
#11224 = CARTESIAN_POINT ( 'NONE',  ( -6.669999999999997264, -32.81321928319991343, 0.9499999999999982903 ) ) ;
#11225 = AXIS2_PLACEMENT_3D ( 'NONE', #4803, #9070, #12985 ) ;
#11226 = EDGE_LOOP ( 'NONE', ( #10969, #5479, #7350, #11206 ) ) ;
#11227 = ORIENTED_EDGE ( 'NONE', *, *, #6905, .F. ) ;
#11228 = EDGE_CURVE ( 'NONE', #11442, #2265, #2614, .T. ) ;
#11229 = DIRECTION ( 'NONE',  ( 2.220446049250312095E-16, -1.000000000000000000, -1.224646799147353207E-16 ) ) ;
#11230 = DIRECTION ( 'NONE',  ( -1.000000000000000000, 0.000000000000000000, 1.110223024625156294E-16 ) ) ;
#11231 = CARTESIAN_POINT ( 'NONE',  ( 1.149999999999996358, -3.000000000000004441, -1.389999999999998792 ) ) ;
#11232 = EDGE_CURVE ( 'NONE', #1920, #11349, #10051, .T. ) ;
#11233 = CARTESIAN_POINT ( 'NONE',  ( 4.503939393939385027, -1.565151515151522066, -0.5760606060606063838 ) ) ;
#11234 = CARTESIAN_POINT ( 'NONE',  ( -9.210000000000006182, 2.599999999999997424, 1.590000000000002967 ) ) ;
#11235 = ORIENTED_EDGE ( 'NONE', *, *, #13295, .T. ) ;
#11236 = ORIENTED_EDGE ( 'NONE', *, *, #4633, .T. ) ;
#11237 = DIRECTION ( 'NONE',  ( -2.220446049250312095E-16, 1.000000000000000000, 1.224646799147353207E-16 ) ) ;
#11238 = LINE ( 'NONE', #8120, #7615 ) ;
#11239 = ORIENTED_EDGE ( 'NONE', *, *, #13029, .F. ) ;
#11240 = CARTESIAN_POINT ( 'NONE',  ( -9.010000000000001563, 8.599999999999996092, -0.9499999999999969580 ) ) ;
#11241 = LINE ( 'NONE', #887, #12559 ) ;
#11242 = CARTESIAN_POINT ( 'NONE',  ( 10.60999999999999766, 0.2499999999999967526, 4.425000000000000711 ) ) ;
#11243 = ORIENTED_EDGE ( 'NONE', *, *, #235, .T. ) ;
#11244 = DIRECTION ( 'NONE',  ( -0.7071067811865491270, 0.7071067811865459074, 1.651002285577380499E-16 ) ) ;
#11245 = FACE_OUTER_BOUND ( 'NONE', #12656, .T. ) ;
#11246 = EDGE_LOOP ( 'NONE', ( #9622, #5037, #9136, #4347 ) ) ;
#11247 = VERTEX_POINT ( 'NONE', #13020 ) ;
#11248 = CARTESIAN_POINT ( 'NONE',  ( 0.9500000000000045075, -32.81321928319991343, 1.589999999999997415 ) ) ;
#11249 = ADVANCED_FACE ( 'NONE', ( #6052 ), #789, .F. ) ;
#11250 = DIRECTION ( 'NONE',  ( -1.110223024625156294E-16, 1.224646799147353207E-16, -1.000000000000000000 ) ) ;
#11251 = DIRECTION ( 'NONE',  ( 1.000000000000000000, 0.000000000000000000, 0.000000000000000000 ) ) ;
#11252 = CARTESIAN_POINT ( 'NONE',  ( -3.490000000000011315, 8.600000000000001421, -0.9499999999999975131 ) ) ;
#11253 = EDGE_LOOP ( 'NONE', ( #7728, #4561, #12528, #6876 ) ) ;
#11254 = LINE ( 'NONE', #8952, #8338 ) ;
#11255 = CARTESIAN_POINT ( 'NONE',  ( -4.130000000000003446, -32.81321928319991343, -1.590000000000002300 ) ) ;
#11256 = ORIENTED_EDGE ( 'NONE', *, *, #7106, .F. ) ;
#11257 = FACE_OUTER_BOUND ( 'NONE', #725, .T. ) ;
#11258 = LINE ( 'NONE', #7193, #2618 ) ;
#11259 = VECTOR ( 'NONE', #6488, 1000.000000000000000 ) ;
#11260 = CARTESIAN_POINT ( 'NONE',  ( -5.484999999999999432, 2.799999999999998490, -1.589999999999997859 ) ) ;
#11261 = EDGE_LOOP ( 'NONE', ( #8494, #2222, #9655, #3722 ) ) ;
#11262 = DIRECTION ( 'NONE',  ( -2.220446049250312095E-16, 1.000000000000000000, 1.224646799147353207E-16 ) ) ;
#11263 = DIRECTION ( 'NONE',  ( -2.220446049250312095E-16, 1.000000000000000000, 1.224646799147353207E-16 ) ) ;
#11264 = DIRECTION ( 'NONE',  ( -1.000000000000000000, 0.000000000000000000, 1.110223024625156294E-16 ) ) ;
#11265 = ORIENTED_EDGE ( 'NONE', *, *, #13109, .F. ) ;
#11266 = EDGE_CURVE ( 'NONE', #686, #9204, #1736, .T. ) ;
#11267 = EDGE_CURVE ( 'NONE', #3666, #7548, #7959, .T. ) ;
#11268 = DIRECTION ( 'NONE',  ( 7.850462293418890625E-17, 0.7071067811865460184, 0.7071067811865490160 ) ) ;
#11269 = EDGE_CURVE ( 'NONE', #11834, #6015, #2814, .T. ) ;
#11270 = DIRECTION ( 'NONE',  ( -1.110223024625156294E-16, 1.224646799147353207E-16, -1.000000000000000000 ) ) ;
#11271 = CARTESIAN_POINT ( 'NONE',  ( 11.10999999999999766, 0.7499999999999972244, -1.589999999999999858 ) ) ;
#11272 = ORIENTED_EDGE ( 'NONE', *, *, #2594, .F. ) ;
#11273 = ORIENTED_EDGE ( 'NONE', *, *, #3024, .F. ) ;
#11274 = VECTOR ( 'NONE', #12610, 1000.000000000000000 ) ;
#11275 = ADVANCED_FACE ( 'NONE', ( #1667 ), #12148, .F. ) ;
#11276 = VERTEX_POINT ( 'NONE', #5783 ) ;
#11277 = PLANE ( 'NONE',  #7012 ) ;
#11278 = EDGE_CURVE ( 'NONE', #10805, #5272, #4976, .T. ) ;
#11279 = CARTESIAN_POINT ( 'NONE',  ( 1.589999999999998748, 0.7499999999999972244, 1.590000000000001412 ) ) ;
#11280 = VECTOR ( 'NONE', #11308, 1000.000000000000000 ) ;
#11281 = LINE ( 'NONE', #11348, #5472 ) ;
#11282 = VERTEX_POINT ( 'NONE', #7819 ) ;
#11283 = DIRECTION ( 'NONE',  ( -1.110223024625156294E-16, 1.224646799147353207E-16, -1.000000000000000000 ) ) ;
#11284 = CARTESIAN_POINT ( 'NONE',  ( -5.656060606060617779, -1.565151515151523842, -0.5760606060606052736 ) ) ;
#11285 = VECTOR ( 'NONE', #4972, 1000.000000000000000 ) ;
#11286 = VECTOR ( 'NONE', #7968, 1000.000000000000000 ) ;
#11287 = EDGE_LOOP ( 'NONE', ( #11438, #11784, #3475, #995 ) ) ;
#11288 = AXIS2_PLACEMENT_3D ( 'NONE', #2733, #12774, #2363 ) ;
#11289 = DIRECTION ( 'NONE',  ( -1.000000000000000000, 0.000000000000000000, 1.110223024625156294E-16 ) ) ;
#11290 = EDGE_CURVE ( 'NONE', #4666, #6719, #3756, .T. ) ;
#11291 = DIRECTION ( 'NONE',  ( -1.000000000000000000, 0.000000000000000000, 1.110223024625156294E-16 ) ) ;
#11292 = DIRECTION ( 'NONE',  ( 1.030816200048588727E-16, 0.3713906763541041101, 0.9284766908852591927 ) ) ;
#11293 = CARTESIAN_POINT ( 'NONE',  ( -10.73606060606060630, 7.165151515151511497, -0.5760606060606018319 ) ) ;
#11294 = VECTOR ( 'NONE', #9801, 1000.000000000000000 ) ;
#11295 = VERTEX_POINT ( 'NONE', #5846 ) ;
#11296 = EDGE_CURVE ( 'NONE', #6120, #11889, #7890, .T. ) ;
#11297 = VERTEX_POINT ( 'NONE', #10183 ) ;
#11298 = LINE ( 'NONE', #13258, #9606 ) ;
#11299 = CARTESIAN_POINT ( 'NONE',  ( 13.64000000000000234, -5.204170427930421283E-15, 3.625000000000000888 ) ) ;
#11300 = ORIENTED_EDGE ( 'NONE', *, *, #5660, .F. ) ;
#11301 = CARTESIAN_POINT ( 'NONE',  ( 6.205757575757581357, -2.939393939393943889, 1.414242424242419638 ) ) ;
#11302 = VECTOR ( 'NONE', #1745, 1000.000000000000000 ) ;
#11303 = DIRECTION ( 'NONE',  ( 1.000000000000000000, 0.000000000000000000, -1.110223024625156294E-16 ) ) ;
#11304 = AXIS2_PLACEMENT_3D ( 'NONE', #9232, #13225, #8021 ) ;
#11305 = DIRECTION ( 'NONE',  ( 1.110223024625156294E-16, -1.224646799147353207E-16, 1.000000000000000000 ) ) ;
#11306 = LINE ( 'NONE', #12451, #9950 ) ;
#11307 = EDGE_LOOP ( 'NONE', ( #1388, #4007, #6692, #8019 ) ) ;
#11308 = DIRECTION ( 'NONE',  ( -2.599483128751245825E-15, -1.224646799147352221E-16, 1.000000000000000000 ) ) ;
#11309 = CARTESIAN_POINT ( 'NONE',  ( -11.11000000000000476, 0.7499999999999972244, 1.590000000000003189 ) ) ;
#11310 = VERTEX_POINT ( 'NONE', #13226 ) ;
#11311 = ORIENTED_EDGE ( 'NONE', *, *, #10544, .F. ) ;
#11312 = FACE_OUTER_BOUND ( 'NONE', #1345, .T. ) ;
#11313 = VECTOR ( 'NONE', #12227, 1000.000000000000000 ) ;
#11314 = ADVANCED_FACE ( 'NONE', ( #859 ), #9914, .F. ) ;
#11315 = CARTESIAN_POINT ( 'NONE',  ( -9.210000000000006182, 0.7499999999999972244, -0.9499999999999978462 ) ) ;
#11316 = DIRECTION ( 'NONE',  ( 0.9284766908852596368, 0.3713906763541028888, -5.759937970183664956E-17 ) ) ;
#11317 = ORIENTED_EDGE ( 'NONE', *, *, #362, .T. ) ;
#11318 = VECTOR ( 'NONE', #13187, 1000.000000000000000 ) ;
#11319 = DIRECTION ( 'NONE',  ( 2.220446049250312095E-16, -1.000000000000000000, -1.224646799147353207E-16 ) ) ;
#11320 = LINE ( 'NONE', #4014, #7990 ) ;
#11321 = ADVANCED_FACE ( 'NONE', ( #11070 ), #9981, .T. ) ;
#11322 = ORIENTED_EDGE ( 'NONE', *, *, #11130, .T. ) ;
#11323 = CARTESIAN_POINT ( 'NONE',  ( -0.9499999999999948486, -32.81321928319991343, -1.590000000000002744 ) ) ;
#11324 = CARTESIAN_POINT ( 'NONE',  ( 15.47999999999999510, 8.500000000000001776, -3.174999999999998934 ) ) ;
#11325 = VECTOR ( 'NONE', #7573, 1000.000000000000000 ) ;
#11326 = DIRECTION ( 'NONE',  ( -2.220446049250312095E-16, 1.000000000000000000, 1.224646799147353207E-16 ) ) ;
#11327 = ORIENTED_EDGE ( 'NONE', *, *, #8144, .T. ) ;
#11328 = CARTESIAN_POINT ( 'NONE',  ( -1.590000000000003855, 0.7499999999999981126, -1.589999999999998526 ) ) ;
#11329 = CARTESIAN_POINT ( 'NONE',  ( -0.9500000000000038414, 8.100000000000001421, -0.9499999999999978462 ) ) ;
#11330 = CARTESIAN_POINT ( 'NONE',  ( 4.129999999999996341, 0.7499999999999981126, -1.589999999999998970 ) ) ;
#11331 = ORIENTED_EDGE ( 'NONE', *, *, #4052, .F. ) ;
#11332 = VECTOR ( 'NONE', #13376, 1000.000000000000000 ) ;
#11333 = DIRECTION ( 'NONE',  ( 1.030816200048588727E-16, 0.3713906763541041101, 0.9284766908852591927 ) ) ;
#11334 = CARTESIAN_POINT ( 'NONE',  ( 9.209999999999995524, 2.599999999999999201, -0.9499999999999995115 ) ) ;
#11335 = CARTESIAN_POINT ( 'NONE',  ( 11.75000000000000711, -2.500000000000004885, 0.9499999999999998446 ) ) ;
#11336 = AXIS2_PLACEMENT_3D ( 'NONE', #2411, #9645, #1324 ) ;
#11337 = VECTOR ( 'NONE', #4508, 1000.000000000000114 ) ;
#11338 = EDGE_LOOP ( 'NONE', ( #2158, #10117, #4333, #10849 ) ) ;
#11339 = VERTEX_POINT ( 'NONE', #4836 ) ;
#11340 = EDGE_CURVE ( 'NONE', #7090, #1865, #6869, .T. ) ;
#11342 = CARTESIAN_POINT ( 'NONE',  ( -12.25000000000000711, 0.2499999999999967526, 2.090000000000003411 ) ) ;
#11341 = VECTOR ( 'NONE', #3874, 1000.000000000000000 ) ;
#11343 = VERTEX_POINT ( 'NONE', #5040 ) ;
#11344 = EDGE_CURVE ( 'NONE', #899, #3004, #8966, .T. ) ;
#11345 = EDGE_CURVE ( 'NONE', #7634, #2550, #6940, .T. ) ;
#11346 = PLANE ( 'NONE',  #10674 ) ;
#11347 = CARTESIAN_POINT ( 'NONE',  ( 1.149999999999996581, -3.000000000000004441, -0.9499999999999995115 ) ) ;
#11348 = CARTESIAN_POINT ( 'NONE',  ( 9.209999999999993747, 8.600000000000003197, 1.150000000000001910 ) ) ;
#11349 = VERTEX_POINT ( 'NONE', #2680 ) ;
#11350 = CARTESIAN_POINT ( 'NONE',  ( 11.75000000000000711, -2.500000000000003997, -0.9500000000000005107 ) ) ;
#11351 = CARTESIAN_POINT ( 'NONE',  ( -6.670000000000006146, 8.100000000000003197, 1.590000000000003189 ) ) ;
#11352 = EDGE_CURVE ( 'NONE', #9792, #2129, #6801, .T. ) ;
#11353 = VECTOR ( 'NONE', #9012, 1000.000000000000000 ) ;
#11354 = ADVANCED_FACE ( 'NONE', ( #9233 ), #10385, .T. ) ;
#11355 = VERTEX_POINT ( 'NONE', #9300 ) ;
#11356 = EDGE_LOOP ( 'NONE', ( #10536, #552, #10989, #10854 ) ) ;
#11357 = VECTOR ( 'NONE', #3856, 1000.000000000000227 ) ;
#11358 = DIRECTION ( 'NONE',  ( 1.110223024625156294E-16, -1.224646799147353207E-16, 1.000000000000000000 ) ) ;
#11359 = CARTESIAN_POINT ( 'NONE',  ( -8.570000000000005613, 8.599999999999999645, -0.9499999999999969580 ) ) ;
#11360 = FACE_OUTER_BOUND ( 'NONE', #329, .T. ) ;
#11361 = DIRECTION ( 'NONE',  ( 2.220446049250312095E-16, -1.000000000000000000, -1.224646799147353207E-16 ) ) ;
#11362 = VERTEX_POINT ( 'NONE', #6386 ) ;
#11363 = FACE_OUTER_BOUND ( 'NONE', #8803, .T. ) ;
#11364 = ORIENTED_EDGE ( 'NONE', *, *, #6997, .F. ) ;
#11365 = CARTESIAN_POINT ( 'NONE',  ( 2.249999999999994671, 8.499999999999998224, 3.175000000000002043 ) ) ;
#11366 = DIRECTION ( 'NONE',  ( -2.220446049250312095E-16, 1.000000000000000000, 1.224646799147353207E-16 ) ) ;
#11367 = EDGE_CURVE ( 'NONE', #3531, #7208, #8160, .T. ) ;
#11368 = ORIENTED_EDGE ( 'NONE', *, *, #7148, .T. ) ;
#11369 = CARTESIAN_POINT ( 'NONE',  ( -8.384999999999999787, 1.574999999999997513, 1.775000000000002132 ) ) ;
#11370 = DIRECTION ( 'NONE',  ( -1.000000000000000000, -2.220446049250312341E-16, 1.110223024625156047E-16 ) ) ;
#11371 = EDGE_CURVE ( 'NONE', #9649, #3940, #9371, .T. ) ;
#11372 = DIRECTION ( 'NONE',  ( 2.220446049250312095E-16, -1.000000000000000000, -1.224646799147353207E-16 ) ) ;
#11373 = LINE ( 'NONE', #5078, #2404 ) ;
#11374 = ORIENTED_EDGE ( 'NONE', *, *, #7119, .F. ) ;
#11375 = FACE_OUTER_BOUND ( 'NONE', #8848, .T. ) ;
#11376 = VECTOR ( 'NONE', #4695, 1000.000000000000000 ) ;
#11377 = ORIENTED_EDGE ( 'NONE', *, *, #11345, .F. ) ;
#11378 = VERTEX_POINT ( 'NONE', #4293 ) ;
#11379 = DIRECTION ( 'NONE',  ( -1.000000000000000000, 0.000000000000000000, 1.110223024625156294E-16 ) ) ;
#11380 = FACE_OUTER_BOUND ( 'NONE', #9332, .T. ) ;
#11381 = CARTESIAN_POINT ( 'NONE',  ( -4.130000000000003446, 0.7499999999999988898, -1.589999999999998082 ) ) ;
#11382 = EDGE_CURVE ( 'NONE', #2110, #9876, #2067, .T. ) ;
#11383 = AXIS2_PLACEMENT_3D ( 'NONE', #10463, #9448, #1066 ) ;
#11384 = VECTOR ( 'NONE', #5166, 1000.000000000000000 ) ;
#11385 = ORIENTED_EDGE ( 'NONE', *, *, #6643, .T. ) ;
#11386 = DIRECTION ( 'NONE',  ( 2.220446049250312095E-16, -1.000000000000000000, -1.224646799147353207E-16 ) ) ;
#11387 = VERTEX_POINT ( 'NONE', #12550 ) ;
#11388 = DIRECTION ( 'NONE',  ( 1.110223024625156294E-16, -1.224646799147353207E-16, 1.000000000000000000 ) ) ;
#11389 = EDGE_CURVE ( 'NONE', #7701, #7891, #3275, .T. ) ;
#11390 = VECTOR ( 'NONE', #1289, 999.9999999999998863 ) ;
#11391 = CARTESIAN_POINT ( 'NONE',  ( -11.11000000000000476, 0.7499999999999981126, -0.9499999999999976241 ) ) ;
#11392 = ORIENTED_EDGE ( 'NONE', *, *, #4069, .T. ) ;
#11393 = CARTESIAN_POINT ( 'NONE',  ( -8.569999999999998508, -32.81321928319991343, 0.9499999999999985123 ) ) ;
#11394 = CARTESIAN_POINT ( 'NONE',  ( -10.61000000000000476, 0.2499999999999958922, 4.425000000000073541 ) ) ;
#11395 = VECTOR ( 'NONE', #6384, 1000.000000000000000 ) ;
#11396 = CARTESIAN_POINT ( 'NONE',  ( 0.4249999999999997669, -3.469446951953614189E-15, 3.625000000000002220 ) ) ;
#11397 = EDGE_CURVE ( 'NONE', #6088, #5473, #114, .T. ) ;
#11398 = ORIENTED_EDGE ( 'NONE', *, *, #4947, .T. ) ;
#11399 = LINE ( 'NONE', #5235, #4785 ) ;
#11400 = AXIS2_PLACEMENT_3D ( 'NONE', #12931, #2523, #1373 ) ;
#11401 = LINE ( 'NONE', #6179, #2930 ) ;
#11402 = DIRECTION ( 'NONE',  ( 1.649305920077741323E-16, -0.9284766908852591927, -0.3713906763541040545 ) ) ;
#11403 = ORIENTED_EDGE ( 'NONE', *, *, #2999, .F. ) ;
#11404 = CARTESIAN_POINT ( 'NONE',  ( 3.690000000000000391, -3.000000000000006217, 1.590000000000000968 ) ) ;
#11405 = VECTOR ( 'NONE', #9949, 1000.000000000000000 ) ;
#11406 = CARTESIAN_POINT ( 'NONE',  ( -0.9500000000000036193, 8.600000000000001421, 1.590000000000002744 ) ) ;
#11407 = LINE ( 'NONE', #4095, #7311 ) ;
#11408 = ORIENTED_EDGE ( 'NONE', *, *, #5750, .F. ) ;
#11409 = VERTEX_POINT ( 'NONE', #11335 ) ;
#11410 = SURFACE_SIDE_STYLE ('',( #5315 ) ) ;
#11411 = VERTEX_POINT ( 'NONE', #11467 ) ;
#11412 = LINE ( 'NONE', #7079, #10076 ) ;
#11413 = AXIS2_PLACEMENT_3D ( 'NONE', #1071, #6607, #332 ) ;
#11414 = DIRECTION ( 'NONE',  ( 1.110223024625156294E-16, -1.224646799147353207E-16, 1.000000000000000000 ) ) ;
#11415 = DIRECTION ( 'NONE',  ( -1.000000000000000000, 0.000000000000000000, 1.110223024625156294E-16 ) ) ;
#11416 = VECTOR ( 'NONE', #8575, 1000.000000000000000 ) ;
#11417 = LINE ( 'NONE', #2154, #5897 ) ;
#11418 = VERTEX_POINT ( 'NONE', #9169 ) ;
#11419 = LINE ( 'NONE', #4040, #13318 ) ;
#11420 = DIRECTION ( 'NONE',  ( 1.000000000000000000, 0.000000000000000000, -1.110223024625156294E-16 ) ) ;
#11421 = EDGE_CURVE ( 'NONE', #8361, #5703, #4228, .T. ) ;
#11422 = EDGE_CURVE ( 'NONE', #1497, #7859, #6184, .T. ) ;
#11423 = CIRCLE ( 'NONE', #4720, 0.4250000000000000444 ) ;
#11424 = ORIENTED_EDGE ( 'NONE', *, *, #8409, .F. ) ;
#11425 = ORIENTED_EDGE ( 'NONE', *, *, #30, .T. ) ;
#11426 = DIRECTION ( 'NONE',  ( 1.110223024625156294E-16, -1.224646799147353207E-16, 1.000000000000000000 ) ) ;
#11427 = SURFACE_STYLE_USAGE ( .BOTH. , #203 ) ;
#11428 = FACE_OUTER_BOUND ( 'NONE', #1093, .T. ) ;
#11429 = CARTESIAN_POINT ( 'NONE',  ( -5.656060606060619556, 7.165151515151509720, -0.5760606060606023870 ) ) ;
#11430 = LINE ( 'NONE', #10275, #6809 ) ;
#11431 = VERTEX_POINT ( 'NONE', #13294 ) ;
#11432 = LINE ( 'NONE', #10410, #6753 ) ;
#11433 = ORIENTED_EDGE ( 'NONE', *, *, #8562, .F. ) ;
#11434 = VECTOR ( 'NONE', #11643, 1000.000000000000000 ) ;
#11435 = DIRECTION ( 'NONE',  ( -2.220446049250312095E-16, 1.000000000000000000, 1.224646799147353207E-16 ) ) ;
#11436 = EDGE_CURVE ( 'NONE', #11008, #6783, #3012, .T. ) ;
#11437 = EDGE_CURVE ( 'NONE', #5381, #13049, #10319, .T. ) ;
#11438 = ORIENTED_EDGE ( 'NONE', *, *, #11505, .F. ) ;
#11439 = ORIENTED_EDGE ( 'NONE', *, *, #2661, .T. ) ;
#11440 = DIRECTION ( 'NONE',  ( 1.110223024625156294E-16, -1.224646799147352961E-16, 1.000000000000000000 ) ) ;
#11441 = LINE ( 'NONE', #6285, #6941 ) ;
#11442 = VERTEX_POINT ( 'NONE', #2142 ) ;
#11443 = CARTESIAN_POINT ( 'NONE',  ( -9.209999999999999076, -32.81321928319991343, 1.589999999999998526 ) ) ;
#11444 = VERTEX_POINT ( 'NONE', #4163 ) ;
#11445 = ORIENTED_EDGE ( 'NONE', *, *, #5400, .T. ) ;
#11446 = ADVANCED_FACE ( 'NONE', ( #6318 ), #1056, .F. ) ;
#11447 = LINE ( 'NONE', #2382, #1560 ) ;
#11448 = CLOSED_SHELL ( 'NONE', ( #10561, #12825, #6630, #3100, #5904, #5621, #12089, #10599, #1946, #10491, #3231, #12588, #4556, #8314 ) ) ;
#11449 = LINE ( 'NONE', #1227, #11434 ) ;
#11450 = CARTESIAN_POINT ( 'NONE',  ( -15.48000000000000398, 2.599999999999998312, -3.174999999999996270 ) ) ;
#11451 = ORIENTED_EDGE ( 'NONE', *, *, #10845, .F. ) ;
#11452 = LINE ( 'NONE', #9282, #199 ) ;
#11453 = ORIENTED_EDGE ( 'NONE', *, *, #12797, .F. ) ;
#11454 = DIRECTION ( 'NONE',  ( 1.359631073446890508E-32, 1.000000000000000000, 1.224646799147352961E-16 ) ) ;
#11455 = LINE ( 'NONE', #3199, #9661 ) ;
#11456 = ORIENTED_EDGE ( 'NONE', *, *, #9303, .F. ) ;
#11457 = LINE ( 'NONE', #3333, #372 ) ;
#11458 = DIRECTION ( 'NONE',  ( -2.220446049250312095E-16, 1.000000000000000000, 1.224646799147353207E-16 ) ) ;
#11459 = EDGE_CURVE ( 'NONE', #9917, #4469, #9433, .T. ) ;
#11460 = CARTESIAN_POINT ( 'NONE',  ( -1.589999999999996305, -32.81321928319991343, 0.9499999999999977351 ) ) ;
#11461 = EDGE_LOOP ( 'NONE', ( #6567, #9504, #11987, #1352 ) ) ;
#11462 = DIRECTION ( 'NONE',  ( -2.220446049250312095E-16, 1.000000000000000000, 1.224646799147353207E-16 ) ) ;
#11463 = DIRECTION ( 'NONE',  ( 1.000000000000000000, 0.000000000000000000, -1.110223024625156294E-16 ) ) ;
#11464 = CARTESIAN_POINT ( 'NONE',  ( 11.10999999999999766, -3.000000000000003553, 1.150000000000000577 ) ) ;
#11465 = DIRECTION ( 'NONE',  ( 2.220446049250312095E-16, -1.000000000000000000, -1.224646799147353207E-16 ) ) ;
#11466 = DIRECTION ( 'NONE',  ( 2.220446049250312095E-16, -1.000000000000000000, -1.224646799147353207E-16 ) ) ;
#11467 = CARTESIAN_POINT ( 'NONE',  ( -14.06500000000000483, -1.734723475976807094E-15, -3.624999999999995559 ) ) ;
#11468 = ORIENTED_EDGE ( 'NONE', *, *, #3486, .F. ) ;
#11469 = ORIENTED_EDGE ( 'NONE', *, *, #11920, .T. ) ;
#11470 = ORIENTED_EDGE ( 'NONE', *, *, #2508, .T. ) ;
#11471 =( LENGTH_UNIT ( ) NAMED_UNIT ( * ) SI_UNIT ( .MILLI., .METRE. ) );
#11472 = ORIENTED_EDGE ( 'NONE', *, *, #3230, .T. ) ;
#11473 = VECTOR ( 'NONE', #5427, 1000.000000000000000 ) ;
#11474 = CARTESIAN_POINT ( 'NONE',  ( -8.569999999999998508, -32.81321928319991343, -1.590000000000001856 ) ) ;
#11475 = LINE ( 'NONE', #5050, #13275 ) ;
#11476 = EDGE_CURVE ( 'NONE', #8458, #13039, #11407, .T. ) ;
#11477 = CARTESIAN_POINT ( 'NONE',  ( 9.210000000000006182, -32.81321928319991343, 1.589999999999996305 ) ) ;
#11478 = VERTEX_POINT ( 'NONE', #5104 ) ;
#11479 = CARTESIAN_POINT ( 'NONE',  ( 9.210000000000000853, 8.100000000000003197, 1.590000000000001412 ) ) ;
#11480 = DIRECTION ( 'NONE',  ( 2.220446049250311848E-16, -1.000000000000000000, -1.224646799147353454E-16 ) ) ;
#11481 = DIRECTION ( 'NONE',  ( 1.110223024625156294E-16, -1.224646799147353207E-16, 1.000000000000000000 ) ) ;
#11482 = AXIS2_PLACEMENT_3D ( 'NONE', #11062, #5706, #1795 ) ;
#11483 = VERTEX_POINT ( 'NONE', #11271 ) ;
#11484 = EDGE_LOOP ( 'NONE', ( #3112, #9892, #9101, #724 ) ) ;
#11485 = PLANE ( 'NONE',  #3620 ) ;
#11486 = CARTESIAN_POINT ( 'NONE',  ( -16.53000000000001180, 0.2499999999999985012, -4.424999999999998046 ) ) ;
#11487 = CARTESIAN_POINT ( 'NONE',  ( 6.669999999999997264, -2.500000000000003109, 1.590000000000000524 ) ) ;
#11488 = FACE_OUTER_BOUND ( 'NONE', #12646, .T. ) ;
#11489 = CARTESIAN_POINT ( 'NONE',  ( -6.230000000000011084, 8.599999999999999645, -0.9499999999999972911 ) ) ;
#11490 = ORIENTED_EDGE ( 'NONE', *, *, #11459, .T. ) ;
#11491 = DIRECTION ( 'NONE',  ( -1.000000000000000000, 0.000000000000000000, 1.110223024625156294E-16 ) ) ;
#11492 = ORIENTED_EDGE ( 'NONE', *, *, #11067, .F. ) ;
#11493 = VECTOR ( 'NONE', #7116, 1000.000000000000000 ) ;
#11494 = FACE_OUTER_BOUND ( 'NONE', #8652, .T. ) ;
#11495 = ORIENTED_EDGE ( 'NONE', *, *, #3417, .T. ) ;
#11496 = ORIENTED_EDGE ( 'NONE', *, *, #10676, .F. ) ;
#11497 = VECTOR ( 'NONE', #2781, 1000.000000000000000 ) ;
#11498 = CARTESIAN_POINT ( 'NONE',  ( 15.47999999999999687, 6.650000000000001243, -1.649999999999998801 ) ) ;
#11499 = DIRECTION ( 'NONE',  ( 0.5773502691896263972, -0.5773502691896270633, 0.5773502691896237327 ) ) ;
#11500 = CARTESIAN_POINT ( 'NONE',  ( -6.030000000000002913, 2.599999999999998312, -1.589999999999997859 ) ) ;
#11501 = LINE ( 'NONE', #2244, #528 ) ;
#11502 = ADVANCED_FACE ( 'NONE', ( #986 ), #1999, .T. ) ;
#11503 = ORIENTED_EDGE ( 'NONE', *, *, #1931, .T. ) ;
#11504 = VECTOR ( 'NONE', #5331, 1000.000000000000000 ) ;
#11505 = EDGE_CURVE ( 'NONE', #4520, #3835, #1119, .T. ) ;
#11506 = EDGE_CURVE ( 'NONE', #449, #12228, #8428, .T. ) ;
#11507 = ORIENTED_EDGE ( 'NONE', *, *, #6293, .T. ) ;
#11508 = CARTESIAN_POINT ( 'NONE',  ( 15.47999999999999510, 8.500000000000001776, 3.175000000000000711 ) ) ;
#11509 = CARTESIAN_POINT ( 'NONE',  ( -5.844999999999998863, 1.574999999999997513, 1.775000000000001688 ) ) ;
#11510 = AXIS2_PLACEMENT_3D ( 'NONE', #7642, #5534, #7832 ) ;
#11511 = FACE_OUTER_BOUND ( 'NONE', #11535, .T. ) ;
#11512 = ADVANCED_FACE ( 'NONE', ( #1314 ), #6718, .T. ) ;
#11513 = VERTEX_POINT ( 'NONE', #2601 ) ;
#11514 = DIRECTION ( 'NONE',  ( 1.649305920077741323E-16, -0.9284766908852591927, -0.3713906763541040545 ) ) ;
#11515 = ADVANCED_FACE ( 'NONE', ( #12751 ), #6515, .T. ) ;
#11516 = EDGE_CURVE ( 'NONE', #3799, #5473, #7609, .T. ) ;
#11517 = ORIENTED_EDGE ( 'NONE', *, *, #9519, .T. ) ;
#11518 = PLANE ( 'NONE',  #386 ) ;
#11519 = DIRECTION ( 'NONE',  ( 1.110223024625156294E-16, -1.224646799147353207E-16, 1.000000000000000000 ) ) ;
#11520 = VECTOR ( 'NONE', #12006, 1000.000000000000000 ) ;
#11521 = ORIENTED_EDGE ( 'NONE', *, *, #2349, .F. ) ;
#11522 = DIRECTION ( 'NONE',  ( -1.000000000000000000, 0.000000000000000000, 1.110223024625156294E-16 ) ) ;
#11523 = FACE_OUTER_BOUND ( 'NONE', #2831, .T. ) ;
#11524 = EDGE_CURVE ( 'NONE', #5698, #11853, #11794, .T. ) ;
#11525 = LINE ( 'NONE', #2264, #11137 ) ;
#11526 = ORIENTED_EDGE ( 'NONE', *, *, #7294, .F. ) ;
#11527 = CARTESIAN_POINT ( 'NONE',  ( -1.589999999999996305, -32.81321928319991343, -0.9500000000000027311 ) ) ;
#11528 = VECTOR ( 'NONE', #11466, 1000.000000000000000 ) ;
#11529 = CARTESIAN_POINT ( 'NONE',  ( 11.10999999999999943, 8.100000000000001421, -0.9499999999999991784 ) ) ;
#11530 = CARTESIAN_POINT ( 'NONE',  ( 10.60999999999999766, 0.2499999999999976130, -2.090000000000000746 ) ) ;
#11531 = LINE ( 'NONE', #10783, #4911 ) ;
#11532 = CARTESIAN_POINT ( 'NONE',  ( -13.64000000000000945, -3.469446951953614189E-15, 3.625000000000003553 ) ) ;
#11533 = DIRECTION ( 'NONE',  ( -0.3481553119113961481, 0.8703882797784888714, 0.3481553119113960371 ) ) ;
#11534 = EDGE_CURVE ( 'NONE', #4203, #4733, #12815, .T. ) ;
#11535 = EDGE_LOOP ( 'NONE', ( #10276, #9695, #1230, #5449 ) ) ;
#11536 = VECTOR ( 'NONE', #5763, 1000.000000000000000 ) ;
#11537 = ORIENTED_EDGE ( 'NONE', *, *, #5693, .T. ) ;
#11538 = ADVANCED_FACE ( 'NONE', ( #9500 ), #8557, .T. ) ;
#11540 = EDGE_CURVE ( 'NONE', #2277, #11755, #3414, .T. ) ;
#11539 = ORIENTED_EDGE ( 'NONE', *, *, #8177, .F. ) ;
#11541 = CARTESIAN_POINT ( 'NONE',  ( -4.130000000000004334, 2.599999999999998312, 1.590000000000002522 ) ) ;
#11542 = EDGE_LOOP ( 'NONE', ( #9165, #2586, #4378, #5684 ) ) ;
#11543 = CARTESIAN_POINT ( 'NONE',  ( 9.209999999999997300, 8.600000000000003197, -1.389999999999998348 ) ) ;
#11544 = DIRECTION ( 'NONE',  ( -1.110223024625156294E-16, 1.224646799147353207E-16, -1.000000000000000000 ) ) ;
#11545 = DIRECTION ( 'NONE',  ( 0.3481553119113958150, 0.8703882797784890935, 0.3481553119113959260 ) ) ;
#11546 = AXIS2_PLACEMENT_3D ( 'NONE', #9677, #11704, #7586 ) ;
#11547 = CARTESIAN_POINT ( 'NONE',  ( -6.670000000000004370, -2.500000000000003109, 1.590000000000001856 ) ) ;
#11548 = ORIENTED_EDGE ( 'NONE', *, *, #10922, .T. ) ;
#11549 = FACE_OUTER_BOUND ( 'NONE', #4201, .T. ) ;
#11550 = VECTOR ( 'NONE', #2153, 1000.000000000000000 ) ;
#11551 = DIRECTION ( 'NONE',  ( -1.110223024625156294E-16, 1.224646799147353207E-16, -1.000000000000000000 ) ) ;
#11552 = CIRCLE ( 'NONE', #9847, 0.3250000000000001221 ) ;
#11553 = ORIENTED_EDGE ( 'NONE', *, *, #2306, .T. ) ;
#11554 = VECTOR ( 'NONE', #11689, 1000.000000000000000 ) ;
#11555 = ORIENTED_EDGE ( 'NONE', *, *, #4283, .T. ) ;
#11556 = CARTESIAN_POINT ( 'NONE',  ( 16.53000000000000114, 0.2499999999999967526, -2.090000000000000746 ) ) ;
#11557 =( LENGTH_UNIT ( ) NAMED_UNIT ( * ) SI_UNIT ( .MILLI., .METRE. ) );
#11558 = LINE ( 'NONE', #9391, #7622 ) ;
#11559 = PLANE ( 'NONE',  #8950 ) ;
#11560 = CARTESIAN_POINT ( 'NONE',  ( -5.484999999999998543, -2.500000000000003997, -1.589999999999998526 ) ) ;
#11561 = VERTEX_POINT ( 'NONE', #7746 ) ;
#11562 = PLANE ( 'NONE',  #12812 ) ;
#11563 = ORIENTED_EDGE ( 'NONE', *, *, #2178, .F. ) ;
#11564 = EDGE_CURVE ( 'NONE', #7412, #6091, #11662, .T. ) ;
#11565 = VECTOR ( 'NONE', #11736, 1000.000000000000000 ) ;
#11566 = DIRECTION ( 'NONE',  ( 1.110223024625162210E-16, -2.832970111128507277E-15, 1.000000000000000000 ) ) ;
#11567 = ORIENTED_EDGE ( 'NONE', *, *, #8456, .F. ) ;
#11568 = VERTEX_POINT ( 'NONE', #10583 ) ;
#11569 = LINE ( 'NONE', #82, #9445 ) ;
#11570 = CARTESIAN_POINT ( 'NONE',  ( 11.30999999999999517, 8.600000000000003197, 1.390000000000000790 ) ) ;
#11571 = LINE ( 'NONE', #3313, #4146 ) ;
#11572 = FACE_OUTER_BOUND ( 'NONE', #3144, .T. ) ;
#11573 = ORIENTED_EDGE ( 'NONE', *, *, #3351, .F. ) ;
#11574 = VERTEX_POINT ( 'NONE', #8629 ) ;
#11575 = CARTESIAN_POINT ( 'NONE',  ( -1.590000000000005409, 8.599999999999997868, 0.9500000000000027311 ) ) ;
#11576 = DIRECTION ( 'NONE',  ( 1.000000000000000000, 0.000000000000000000, -1.110223024625156294E-16 ) ) ;
#11577 = DIRECTION ( 'NONE',  ( 2.821527733676277528E-15, -1.224646799147354193E-16, 1.000000000000000000 ) ) ;
#11578 = ORIENTED_EDGE ( 'NONE', *, *, #3159, .F. ) ;
#11579 = EDGE_CURVE ( 'NONE', #12609, #10402, #11727, .T. ) ;
#11580 = CARTESIAN_POINT ( 'NONE',  ( -4.130000000000003446, -2.500000000000003997, -0.9499999999999988454 ) ) ;
#11581 = EDGE_CURVE ( 'NONE', #19, #12755, #4358, .T. ) ;
#11582 = EDGE_CURVE ( 'NONE', #1709, #2113, #12616, .T. ) ;
#11583 = ORIENTED_EDGE ( 'NONE', *, *, #9019, .T. ) ;
#11584 = DIRECTION ( 'NONE',  ( 1.000000000000000000, 0.000000000000000000, -1.110223024625156294E-16 ) ) ;
#11585 = LINE ( 'NONE', #1235, #2956 ) ;
#11586 = ORIENTED_EDGE ( 'NONE', *, *, #4450, .F. ) ;
#11587 = CARTESIAN_POINT ( 'NONE',  ( 11.74999999999999467, 8.599999999999999645, 1.590000000000001412 ) ) ;
#11588 = PLANE ( 'NONE',  #9745 ) ;
#11589 = CARTESIAN_POINT ( 'NONE',  ( 13.72999999999999687, 9.099999999999999645, -4.424999999999999822 ) ) ;
#11590 = ORIENTED_EDGE ( 'NONE', *, *, #7854, .T. ) ;
#11591 = CARTESIAN_POINT ( 'NONE',  ( -11.11000000000000476, 0.7499999999999981126, -1.589999999999997193 ) ) ;
#11592 = DIRECTION ( 'NONE',  ( -0.3481553119113935946, -0.8703882797784899816, 0.3481553119113957595 ) ) ;
#11593 = AXIS2_PLACEMENT_3D ( 'NONE', #11323, #10306, #12471 ) ;
#11594 = EDGE_CURVE ( 'NONE', #7955, #10688, #11860, .T. ) ;
#11595 = FACE_OUTER_BOUND ( 'NONE', #3455, .T. ) ;
#11596 = DIRECTION ( 'NONE',  ( 2.220446049250311848E-16, -1.000000000000000000, -1.224646799147353454E-16 ) ) ;
#11597 = PLANE ( 'NONE',  #9906 ) ;
#11598 = EDGE_CURVE ( 'NONE', #5863, #11109, #5436, .T. ) ;
#11599 = EDGE_LOOP ( 'NONE', ( #6484, #6661, #5565, #8102 ) ) ;
#11600 = VECTOR ( 'NONE', #9966, 1000.000000000000000 ) ;
#11601 = EDGE_CURVE ( 'NONE', #12458, #1818, #3345, .T. ) ;
#11602 = ORIENTED_EDGE ( 'NONE', *, *, #2219, .F. ) ;
#11603 = VECTOR ( 'NONE', #10656, 1000.000000000000000 ) ;
#11604 = ORIENTED_EDGE ( 'NONE', *, *, #5313, .T. ) ;
#11605 = ORIENTED_EDGE ( 'NONE', *, *, #1942, .T. ) ;
#11606 = DIRECTION ( 'NONE',  ( -0.3481553119113935946, -0.8703882797784899816, 0.3481553119113957595 ) ) ;
#11607 = CARTESIAN_POINT ( 'NONE',  ( -4.130000000000005222, 8.100000000000001421, -0.9499999999999975131 ) ) ;
#11608 = DIRECTION ( 'NONE',  ( 1.110223024625156294E-16, -1.224646799147352961E-16, 1.000000000000000000 ) ) ;
#11609 = AXIS2_PLACEMENT_3D ( 'NONE', #9418, #1233, #3398 ) ;
#11610 = PLANE ( 'NONE',  #7445 ) ;
#11611 = FACE_OUTER_BOUND ( 'NONE', #6028, .T. ) ;
#11612 = ORIENTED_EDGE ( 'NONE', *, *, #229, .T. ) ;
#11613 = CARTESIAN_POINT ( 'NONE',  ( -5.530000000000001137, 0.2499999999999967526, 4.425000000000061995 ) ) ;
#11615 = VECTOR ( 'NONE', #3892, 1000.000000000000000 ) ;
#11614 = DIRECTION ( 'NONE',  ( -2.220446049250312095E-16, 1.000000000000000000, 1.224646799147353207E-16 ) ) ;
#11616 = ORIENTED_EDGE ( 'NONE', *, *, #12794, .F. ) ;
#11617 = VECTOR ( 'NONE', #6754, 1000.000000000000114 ) ;
#11618 = ORIENTED_EDGE ( 'NONE', *, *, #7552, .T. ) ;
#11619 = VECTOR ( 'NONE', #3894, 1000.000000000000000 ) ;
#11620 = FACE_OUTER_BOUND ( 'NONE', #12452, .T. ) ;
#11621 = AXIS2_PLACEMENT_3D ( 'NONE', #5553, #9816, #2585 ) ;
#11622 = CARTESIAN_POINT ( 'NONE',  ( 6.029999999999994031, 8.099999999999999645, -0.9499999999999986233 ) ) ;
#11623 = DIRECTION ( 'NONE',  ( -0.3481553119113937056, -0.8703882797784899816, -0.3481553119113958705 ) ) ;
#11624 = LINE ( 'NONE', #2430, #3791 ) ;
#11625 = ORIENTED_EDGE ( 'NONE', *, *, #11524, .F. ) ;
#11626 = EDGE_CURVE ( 'NONE', #10468, #8478, #12876, .T. ) ;
#11627 = DIRECTION ( 'NONE',  ( 2.220446049250312095E-16, -1.000000000000000000, -1.224646799147353207E-16 ) ) ;
#11628 = ORIENTED_EDGE ( 'NONE', *, *, #3493, .F. ) ;
#11629 = LINE ( 'NONE', #2496, #6096 ) ;
#11630 = VECTOR ( 'NONE', #6875, 1000.000000000000000 ) ;
#11631 = VECTOR ( 'NONE', #7676, 1000.000000000000000 ) ;
#11632 = ADVANCED_FACE ( 'NONE', ( #7479 ), #11597, .F. ) ;
#11633 = ORIENTED_EDGE ( 'NONE', *, *, #4805, .T. ) ;
#11634 = ORIENTED_EDGE ( 'NONE', *, *, #6878, .F. ) ;
#11635 = CARTESIAN_POINT ( 'NONE',  ( 0.9499999999999962919, 2.599999999999998312, -0.9499999999999987343 ) ) ;
#11636 = LINE ( 'NONE', #9608, #8240 ) ;
#11637 = FACE_BOUND ( 'NONE', #354, .T. ) ;
#11638 = VECTOR ( 'NONE', #13149, 999.9999999999998863 ) ;
#11639 = EDGE_LOOP ( 'NONE', ( #2373, #7234, #11272, #2801 ) ) ;
#11640 = ORIENTED_EDGE ( 'NONE', *, *, #10035, .T. ) ;
#11641 = CARTESIAN_POINT ( 'NONE',  ( -9.210000000000006182, 2.599999999999997424, 0.9500000000000028422 ) ) ;
#11642 = EDGE_CURVE ( 'NONE', #1908, #7660, #310, .T. ) ;
#11643 = DIRECTION ( 'NONE',  ( -1.000000000000000000, 0.000000000000000000, 1.110223024625156294E-16 ) ) ;
#11644 = EDGE_LOOP ( 'NONE', ( #6493, #8364, #8633, #978 ) ) ;
#11645 = VECTOR ( 'NONE', #10152, 1000.000000000000000 ) ;
#11646 = LINE ( 'NONE', #5358, #1702 ) ;
#11647 = EDGE_LOOP ( 'NONE', ( #12427, #3077, #7245, #5106 ) ) ;
#11648 = CARTESIAN_POINT ( 'NONE',  ( -1.084687895058777656E-14, 6.650000000000001243, 2.843952956796813190E-15 ) ) ;
#11649 = CARTESIAN_POINT ( 'NONE',  ( 1.589999999999999192, -2.500000000000003997, -0.9499999999999995115 ) ) ;
#11650 = ORIENTED_EDGE ( 'NONE', *, *, #8320, .T. ) ;
#11651 = CARTESIAN_POINT ( 'NONE',  ( -0.9500000000000037303, 8.600000000000001421, 1.150000000000003242 ) ) ;
#11652 = AXIS2_PLACEMENT_3D ( 'NONE', #12271, #6101, #10236 ) ;
#11653 = DIRECTION ( 'NONE',  ( -2.220446049250312095E-16, 1.000000000000000000, 1.224646799147353207E-16 ) ) ;
#11654 = ORIENTED_EDGE ( 'NONE', *, *, #8731, .T. ) ;
#11655 = CARTESIAN_POINT ( 'NONE',  ( 16.53000000000000114, 0.2499999999999967526, -0.4500000000000005107 ) ) ;
#11656 = ADVANCED_FACE ( 'NONE', ( #4820 ), #8007, .F. ) ;
#11657 = PLANE ( 'NONE',  #6820 ) ;
#11658 = EDGE_CURVE ( 'NONE', #860, #6760, #1719, .T. ) ;
#11659 = DIRECTION ( 'NONE',  ( -1.110223024625156294E-16, 1.224646799147353207E-16, -1.000000000000000000 ) ) ;
#11660 = LINE ( 'NONE', #10711, #5259 ) ;
#11661 = UNCERTAINTY_MEASURE_WITH_UNIT (LENGTH_MEASURE( 1.000000000000000082E-05 ), #8926, 'distance_accuracy_value', 'NONE');
#11662 = LINE ( 'NONE', #503, #1477 ) ;
#11663 = ORIENTED_EDGE ( 'NONE', *, *, #4606, .T. ) ;
#11664 = ORIENTED_EDGE ( 'NONE', *, *, #9104, .T. ) ;
#11665 = ORIENTED_EDGE ( 'NONE', *, *, #7478, .T. ) ;
#11666 = VERTEX_POINT ( 'NONE', #773 ) ;
#11667 = LINE ( 'NONE', #2473, #10290 ) ;
#11668 = PLANE ( 'NONE',  #12210 ) ;
#11669 = PLANE ( 'NONE',  #4627 ) ;
#11670 = ADVANCED_FACE ( 'NONE', ( #4687 ), #7804, .T. ) ;
#11671 = EDGE_CURVE ( 'NONE', #12872, #5443, #4886, .T. ) ;
#11672 = EDGE_CURVE ( 'NONE', #4459, #12895, #703, .T. ) ;
#11673 = CARTESIAN_POINT ( 'NONE',  ( 8.569999999999998508, -2.500000000000003109, -0.9500000000000001776 ) ) ;
#11674 = CARTESIAN_POINT ( 'NONE',  ( 13.64000000000000234, -5.204170427930421283E-15, 3.625000000000000888 ) ) ;
#11675 = ORIENTED_EDGE ( 'NONE', *, *, #9229, .T. ) ;
#11676 = PLANE ( 'NONE',  #6834 ) ;
#11677 = CARTESIAN_POINT ( 'NONE',  ( -6.670000000000004370, -3.000000000000004441, -1.389999999999997904 ) ) ;
#11678 = SURFACE_SIDE_STYLE ('',( #5650 ) ) ;
#11679 = ORIENTED_EDGE ( 'NONE', *, *, #2817, .T. ) ;
#11680 = EDGE_CURVE ( 'NONE', #1977, #7891, #8073, .T. ) ;
#11681 = VECTOR ( 'NONE', #10501, 1000.000000000000000 ) ;
#11682 = ORIENTED_EDGE ( 'NONE', *, *, #8199, .T. ) ;
#11683 = EDGE_CURVE ( 'NONE', #3859, #11199, #2927, .T. ) ;
#11684 = CARTESIAN_POINT ( 'NONE',  ( -6.030000000000002025, -2.500000000000004885, -0.9499999999999987343 ) ) ;
#11685 = ORIENTED_EDGE ( 'NONE', *, *, #9135, .F. ) ;
#11686 = SURFACE_SIDE_STYLE ('',( #10664 ) ) ;
#11687 = EDGE_CURVE ( 'NONE', #6392, #5405, #3878, .T. ) ;
#11688 = DIRECTION ( 'NONE',  ( 2.220446049250312095E-16, -1.000000000000000000, -1.224646799147353207E-16 ) ) ;
#11689 = DIRECTION ( 'NONE',  ( 1.000000000000000000, 0.000000000000000000, -1.110223024625156294E-16 ) ) ;
#11690 = CARTESIAN_POINT ( 'NONE',  ( -2.889355421586968950E-15, 0.2499999999999976130, -3.624999999999997335 ) ) ;
#11691 = VERTEX_POINT ( 'NONE', #8877 ) ;
#11692 = VECTOR ( 'NONE', #7910, 1000.000000000000227 ) ;
#11693 = DIRECTION ( 'NONE',  ( 0.5773502691896260641, -0.5773502691896267303, 0.5773502691896243988 ) ) ;
#11694 = ORIENTED_EDGE ( 'NONE', *, *, #7779, .T. ) ;
#11695 = DIRECTION ( 'NONE',  ( -0.7071067811865491270, 0.7071067811865459074, 1.651002285577380499E-16 ) ) ;
#11696 = VECTOR ( 'NONE', #1729, 1000.000000000000000 ) ;
#11697 = ORIENTED_EDGE ( 'NONE', *, *, #3266, .T. ) ;
#11698 = ORIENTED_EDGE ( 'NONE', *, *, #10435, .F. ) ;
#11699 = EDGE_CURVE ( 'NONE', #5801, #7876, #1648, .T. ) ;
#11700 = EDGE_CURVE ( 'NONE', #6498, #6437, #8816, .T. ) ;
#11701 = LINE ( 'NONE', #3517, #8604 ) ;
#11702 = CARTESIAN_POINT ( 'NONE',  ( 1.589999999999996749, 8.100000000000001421, 0.9500000000000022871 ) ) ;
#11703 = PLANE ( 'NONE',  #10697 ) ;
#11704 = DIRECTION ( 'NONE',  ( 0.7071067811865490160, 0.7071067811865461294, -1.908525788164871536E-15 ) ) ;
#11705 = VECTOR ( 'NONE', #8406, 1000.000000000000000 ) ;
#11706 = ORIENTED_EDGE ( 'NONE', *, *, #5059, .F. ) ;
#11707 = ORIENTED_EDGE ( 'NONE', *, *, #9519, .F. ) ;
#11708 = CARTESIAN_POINT ( 'NONE',  ( 11.74999999999999467, 8.600000000000001421, -1.149999999999999467 ) ) ;
#11709 = DIRECTION ( 'NONE',  ( -1.000000000000000000, 0.000000000000000000, 1.110223024625156294E-16 ) ) ;
#11710 = VERTEX_POINT ( 'NONE', #11926 ) ;
#11711 = FACE_OUTER_BOUND ( 'NONE', #4667, .T. ) ;
#11712 = VECTOR ( 'NONE', #1499, 1000.000000000000000 ) ;
#11713 = PRESENTATION_LAYER_ASSIGNMENT (  '', '', ( #7823 ) ) ;
#11714 = ORIENTED_EDGE ( 'NONE', *, *, #2171, .T. ) ;
#11715 = DIRECTION ( 'NONE',  ( -1.110223024625156294E-16, 1.224646799147353207E-16, -1.000000000000000000 ) ) ;
#11716 = VECTOR ( 'NONE', #12235, 1000.000000000000000 ) ;
#11717 = FACE_OUTER_BOUND ( 'NONE', #11226, .T. ) ;
#11718 = ORIENTED_EDGE ( 'NONE', *, *, #4920, .F. ) ;
#11719 = DIRECTION ( 'NONE',  ( -1.000000000000000000, 0.000000000000000000, 0.000000000000000000 ) ) ;
#11720 = EDGE_CURVE ( 'NONE', #8492, #13194, #6781, .T. ) ;
#11721 = DIRECTION ( 'NONE',  ( 1.000000000000000000, 0.000000000000000000, -1.110223024625156294E-16 ) ) ;
#11722 = ORIENTED_EDGE ( 'NONE', *, *, #3931, .T. ) ;
#11723 = DIRECTION ( 'NONE',  ( -2.599483128751245825E-15, -1.224646799147352221E-16, 1.000000000000000000 ) ) ;
#11724 = AXIS2_PLACEMENT_3D ( 'NONE', #6588, #4690, #8690 ) ;
#11725 = CARTESIAN_POINT ( 'NONE',  ( -10.07833333333331005, 2.421666666666667300, 0.08166666666666216878 ) ) ;
#11726 = DIRECTION ( 'NONE',  ( -1.000000000000000000, -2.220446049250312341E-16, 1.110223024625156047E-16 ) ) ;
#11727 = LINE ( 'NONE', #1522, #11631 ) ;
#11728 = VERTEX_POINT ( 'NONE', #10988 ) ;
#11729 = ORIENTED_EDGE ( 'NONE', *, *, #9610, .T. ) ;
#11730 = VECTOR ( 'NONE', #6331, 999.9999999999998863 ) ;
#11731 = CARTESIAN_POINT ( 'NONE',  ( 11.10999999999999766, 0.7499999999999963363, 1.590000000000000524 ) ) ;
#11732 = DIRECTION ( 'NONE',  ( 1.000000000000000000, 0.000000000000000000, 0.000000000000000000 ) ) ;
#11733 = VECTOR ( 'NONE', #3412, 1000.000000000000000 ) ;
#11734 = ORIENTED_EDGE ( 'NONE', *, *, #12100, .T. ) ;
#11735 = DIRECTION ( 'NONE',  ( -0.9284766908852596368, 0.3713906763541028333, 1.485638603078811822E-16 ) ) ;
#11736 = DIRECTION ( 'NONE',  ( -1.110223024625156294E-16, 1.224646799147353207E-16, -1.000000000000000000 ) ) ;
#11737 = CARTESIAN_POINT ( 'NONE',  ( -6.030000000000003801, 8.100000000000003197, 0.9500000000000030642 ) ) ;
#11738 = LINE ( 'NONE', #1397, #4206 ) ;
#11739 = CARTESIAN_POINT ( 'NONE',  ( -2.090000000000003855, 0.2499999999999958922, 4.425000000000001599 ) ) ;
#11740 = ORIENTED_EDGE ( 'NONE', *, *, #5469, .F. ) ;
#11741 = DIRECTION ( 'NONE',  ( 1.030816200048588727E-16, 0.3713906763541041101, 0.9284766908852591927 ) ) ;
#11742 = LINE ( 'NONE', #11677, #4528 ) ;
#11743 = PLANE ( 'NONE',  #2947 ) ;
#11744 = EDGE_CURVE ( 'NONE', #4499, #11355, #2662, .T. ) ;
#11745 = VERTEX_POINT ( 'NONE', #12199 ) ;
#11746 = EDGE_CURVE ( 'NONE', #7314, #11574, #5969, .T. ) ;
#11747 = EDGE_CURVE ( 'NONE', #9876, #10660, #11994, .T. ) ;
#11748 = ORIENTED_EDGE ( 'NONE', *, *, #3979, .T. ) ;
#11750 = LINE ( 'NONE', #5654, #7318 ) ;
#11749 = STYLED_ITEM ( 'NONE', ( #6426 ), #6673 ) ;
#11751 = VERTEX_POINT ( 'NONE', #842 ) ;
#11752 = CARTESIAN_POINT ( 'NONE',  ( -16.53000000000001180, 9.099999999999999645, 3.775000000000005684 ) ) ;
#11753 = DIRECTION ( 'NONE',  ( 1.649305920077741323E-16, -0.9284766908852591927, -0.3713906763541040545 ) ) ;
#11754 = DIRECTION ( 'NONE',  ( -1.110223024625156294E-16, 1.224646799147353207E-16, -1.000000000000000000 ) ) ;
#11755 = VERTEX_POINT ( 'NONE', #4959 ) ;
#11756 = LINE ( 'NONE', #4716, #5462 ) ;
#11757 = AXIS2_PLACEMENT_3D ( 'NONE', #3032, #7367, #10474 ) ;
#11758 = EDGE_LOOP ( 'NONE', ( #9439, #843, #7646, #5824 ) ) ;
#11759 = EDGE_CURVE ( 'NONE', #2904, #3644, #13211, .T. ) ;
#11760 = PLANE ( 'NONE',  #6748 ) ;
#11761 = EDGE_CURVE ( 'NONE', #3251, #5842, #9963, .T. ) ;
#11762 = AXIS2_PLACEMENT_3D ( 'NONE', #8388, #12511, #5401 ) ;
#11763 = ORIENTED_EDGE ( 'NONE', *, *, #3757, .F. ) ;
#11764 = ORIENTED_EDGE ( 'NONE', *, *, #12310, .F. ) ;
#11765 = VECTOR ( 'NONE', #1498, 1000.000000000000000 ) ;
#11766 = DIRECTION ( 'NONE',  ( -1.110223024625156294E-16, 1.224646799147353207E-16, -1.000000000000000000 ) ) ;
#11767 = DIRECTION ( 'NONE',  ( 1.000000000000000000, 0.000000000000000000, -1.110223024625156294E-16 ) ) ;
#11768 = FACE_BOUND ( 'NONE', #12007, .T. ) ;
#11769 = PLANE ( 'NONE',  #12192 ) ;
#11770 = ORIENTED_EDGE ( 'NONE', *, *, #8068, .F. ) ;
#11771 = VECTOR ( 'NONE', #10043, 1000.000000000000000 ) ;
#11772 = ORIENTED_EDGE ( 'NONE', *, *, #9841, .F. ) ;
#11773 = LINE ( 'NONE', #7784, #6578 ) ;
#11774 = PLANE ( 'NONE',  #8271 ) ;
#11775 = FACE_OUTER_BOUND ( 'NONE', #8734, .T. ) ;
#11776 = DIRECTION ( 'NONE',  ( 1.110223024625156294E-16, -1.224646799147353207E-16, 1.000000000000000000 ) ) ;
#11777 = ORIENTED_EDGE ( 'NONE', *, *, #9443, .F. ) ;
#11778 = CARTESIAN_POINT ( 'NONE',  ( 0.9499999999999950706, 8.100000000000001421, -0.9499999999999980682 ) ) ;
#11779 = ORIENTED_EDGE ( 'NONE', *, *, #3725, .F. ) ;
#11780 = CARTESIAN_POINT ( 'NONE',  ( 16.53000000000000114, 9.099999999999999645, 4.425000000000001599 ) ) ;
#11781 = LINE ( 'NONE', #2591, #10962 ) ;
#11782 = VECTOR ( 'NONE', #6743, 1000.000000000000000 ) ;
#11783 = DIRECTION ( 'NONE',  ( 1.110223024625156294E-16, -1.224646799147352961E-16, 1.000000000000000000 ) ) ;
#11784 = ORIENTED_EDGE ( 'NONE', *, *, #514, .F. ) ;
#11785 = DIRECTION ( 'NONE',  ( -0.9284766908852596368, 0.3713906763541028333, 1.485638603078811822E-16 ) ) ;
#11786 = AXIS2_PLACEMENT_3D ( 'NONE', #1787, #11319, #2929 ) ;
#11787 = DIRECTION ( 'NONE',  ( 0.9284766908852596368, 0.3713906763541028888, -5.759937970183664956E-17 ) ) ;
#11788 = ORIENTED_EDGE ( 'NONE', *, *, #8726, .T. ) ;
#11789 = DIRECTION ( 'NONE',  ( -1.000000000000000000, 1.110223024625156787E-16, 1.110223024625156294E-16 ) ) ;
#11790 = ADVANCED_FACE ( 'NONE', ( #5696 ), #9834, .F. ) ;
#11791 = PLANE ( 'NONE',  #6420 ) ;
#11792 = CARTESIAN_POINT ( 'NONE',  ( 6.030000000000002025, -3.000000000000004441, -0.9499999999999999556 ) ) ;
#11793 = UNCERTAINTY_MEASURE_WITH_UNIT (LENGTH_MEASURE( 1.000000000000000082E-05 ), #12526, 'distance_accuracy_value', 'NONE');
#11794 = LINE ( 'NONE', #7547, #3849 ) ;
#11795 = EDGE_CURVE ( 'NONE', #8878, #4725, #11452, .T. ) ;
#11796 = ORIENTED_EDGE ( 'NONE', *, *, #6133, .F. ) ;
#11797 = ORIENTED_EDGE ( 'NONE', *, *, #3914, .F. ) ;
#11798 = PLANE ( 'NONE',  #5247 ) ;
#11799 = CARTESIAN_POINT ( 'NONE',  ( -2.990000000000001990, 0.2499999999999967526, 2.090000000000002522 ) ) ;
#11800 = ADVANCED_FACE ( 'NONE', ( #8412 ), #10233, .F. ) ;
#11801 = EDGE_LOOP ( 'NONE', ( #10600, #12568, #10487, #12855 ) ) ;
#11802 = DIRECTION ( 'NONE',  ( 2.220446049250312095E-16, -1.000000000000000000, -1.224646799147353207E-16 ) ) ;
#11803 = PLANE ( 'NONE',  #1626 ) ;
#11804 = CARTESIAN_POINT ( 'NONE',  ( 10.60999999999999766, 0.2499999999999967526, 4.425000000000000711 ) ) ;
#11805 = LINE ( 'NONE', #2548, #6600 ) ;
#11806 = PLANE ( 'NONE',  #12818 ) ;
#11807 = ORIENTED_EDGE ( 'NONE', *, *, #11989, .T. ) ;
#11808 = CARTESIAN_POINT ( 'NONE',  ( -4.130000000000003446, -3.000000000000003553, 1.150000000000002354 ) ) ;
#11809 = FACE_OUTER_BOUND ( 'NONE', #7161, .T. ) ;
#11810 = CARTESIAN_POINT ( 'NONE',  ( -0.9499999999999948486, -32.81321928319991343, -1.590000000000002744 ) ) ;
#11811 = VECTOR ( 'NONE', #2827, 1000.000000000000000 ) ;
#11812 = ORIENTED_EDGE ( 'NONE', *, *, #9161, .F. ) ;
#11813 = VERTEX_POINT ( 'NONE', #4275 ) ;
#11814 = CARTESIAN_POINT ( 'NONE',  ( -2.945000000000004725, -2.500000000000004885, 1.590000000000001634 ) ) ;
#11815 = ORIENTED_EDGE ( 'NONE', *, *, #11564, .F. ) ;
#11816 = DIRECTION ( 'NONE',  ( -1.000000000000000000, 0.000000000000000000, 1.110223024625156294E-16 ) ) ;
#11817 = VECTOR ( 'NONE', #430, 1000.000000000000000 ) ;
#11818 = CARTESIAN_POINT ( 'NONE',  ( 16.53000000000000114, 0.2499999999999967526, 0.4499999999999992339 ) ) ;
#11819 = CARTESIAN_POINT ( 'NONE',  ( 16.53000000000000114, 0.2499999999999967526, -2.090000000000000746 ) ) ;
#11820 = ORIENTED_EDGE ( 'NONE', *, *, #2673, .T. ) ;
#11821 = DIRECTION ( 'NONE',  ( 1.030816200048588727E-16, 0.3713906763541041101, 0.9284766908852591927 ) ) ;
#11822 = AXIS2_PLACEMENT_3D ( 'NONE', #9431, #11268, #5175 ) ;
#11823 = EDGE_LOOP ( 'NONE', ( #4643, #6472, #3796, #12650, #11472 ) ) ;
#11824 = EDGE_CURVE ( 'NONE', #10629, #11916, #12394, .T. ) ;
#11825 = DIRECTION ( 'NONE',  ( 1.359631073446890508E-32, 1.000000000000000000, 1.224646799147352961E-16 ) ) ;
#11826 = ADVANCED_FACE ( 'NONE', ( #1099 ), #24, .F. ) ;
#11827 = VECTOR ( 'NONE', #3366, 1000.000000000000000 ) ;
#11828 = EDGE_LOOP ( 'NONE', ( #13291, #2984, #8854, #13104 ) ) ;
#11829 = EDGE_LOOP ( 'NONE', ( #2882, #11962, #2077, #11999 ) ) ;
#11830 = VECTOR ( 'NONE', #7528, 1000.000000000000000 ) ;
#11831 = FACE_OUTER_BOUND ( 'NONE', #8134, .T. ) ;
#11832 = CARTESIAN_POINT ( 'NONE',  ( 12.29499999999999460, 8.100000000000001421, -0.9499999999999994005 ) ) ;
#11833 = DIRECTION ( 'NONE',  ( 2.220446049250311848E-16, -1.000000000000000000, -1.224646799147353454E-16 ) ) ;
#11834 = VERTEX_POINT ( 'NONE', #2123 ) ;
#11835 = VECTOR ( 'NONE', #9438, 1000.000000000000000 ) ;
#11836 = VERTEX_POINT ( 'NONE', #9416 ) ;
#11837 = CARTESIAN_POINT ( 'NONE',  ( 16.53000000000000114, 9.099999999999999645, 4.425000000000001599 ) ) ;
#11838 = AXIS2_PLACEMENT_3D ( 'NONE', #13369, #4028, #12414 ) ;
#11839 = EDGE_CURVE ( 'NONE', #1908, #2920, #4141, .T. ) ;
#11840 = EDGE_CURVE ( 'NONE', #6020, #7023, #3258, .T. ) ;
#11841 = DIRECTION ( 'NONE',  ( 0.3481553119113958150, 0.8703882797784890935, 0.3481553119113959260 ) ) ;
#11842 = LINE ( 'NONE', #10692, #3218 ) ;
#11843 = PLANE ( 'NONE',  #12047 ) ;
#11844 = VERTEX_POINT ( 'NONE', #5290 ) ;
#11845 = FACE_OUTER_BOUND ( 'NONE', #9435, .T. ) ;
#11846 = AXIS2_PLACEMENT_3D ( 'NONE', #8132, #10223, #7179 ) ;
#11847 = VECTOR ( 'NONE', #9821, 1000.000000000000000 ) ;
#11848 = ORIENTED_EDGE ( 'NONE', *, *, #2785, .T. ) ;
#11849 = LINE ( 'NONE', #12866, #10092 ) ;
#11850 = CARTESIAN_POINT ( 'NONE',  ( 4.129999999999995453, 2.599999999999998312, -0.9499999999999990674 ) ) ;
#11851 = ADVANCED_FACE ( 'NONE', ( #10433 ), #7257, .F. ) ;
#11852 = CARTESIAN_POINT ( 'NONE',  ( 0.9500000000000043965, -32.81321928319991343, 0.9499999999999974021 ) ) ;
#11853 = VERTEX_POINT ( 'NONE', #8210 ) ;
#11854 = CARTESIAN_POINT ( 'NONE',  ( 13.67666666666670139, -1.176666666666673855, 3.516666666666659502 ) ) ;
#11855 = ORIENTED_EDGE ( 'NONE', *, *, #4123, .F. ) ;
#11856 = PLANE ( 'NONE',  #3483 ) ;
#11857 = VECTOR ( 'NONE', #3793, 1000.000000000000000 ) ;
#11858 = DIRECTION ( 'NONE',  ( 1.000000000000000000, 0.000000000000000000, -1.110223024625156294E-16 ) ) ;
#11859 = DIRECTION ( 'NONE',  ( -1.000000000000000000, 0.000000000000000000, 1.110223024625156294E-16 ) ) ;
#11860 = LINE ( 'NONE', #1384, #10550 ) ;
#11861 = ORIENTED_EDGE ( 'NONE', *, *, #9930, .F. ) ;
#11862 = PLANE ( 'NONE',  #9788 ) ;
#11863 = ADVANCED_FACE ( 'NONE', ( #1914 ), #7186, .T. ) ;
#11864 = ORIENTED_EDGE ( 'NONE', *, *, #11178, .F. ) ;
#11865 = EDGE_LOOP ( 'NONE', ( #10011, #5226, #4116, #11374 ) ) ;
#11866 = LINE ( 'NONE', #644, #9654 ) ;
#11867 = LINE ( 'NONE', #8639, #5076 ) ;
#11868 = FACE_OUTER_BOUND ( 'NONE', #6994, .T. ) ;
#11869 = CARTESIAN_POINT ( 'NONE',  ( -3.930000000000007265, 8.600000000000003197, -0.9499999999999976241 ) ) ;
#11870 = CARTESIAN_POINT ( 'NONE',  ( -16.53000000000001180, 9.100000000000003197, -4.424999999999996270 ) ) ;
#11871 = ORIENTED_EDGE ( 'NONE', *, *, #11683, .T. ) ;
#11872 = CARTESIAN_POINT ( 'NONE',  ( 1.589999999999996971, 8.100000000000001421, 1.590000000000002300 ) ) ;
#11873 = DIRECTION ( 'NONE',  ( -0.3713906763541042766, 0.9284766908852590817, 1.549382487594995162E-16 ) ) ;
#11874 = LINE ( 'NONE', #11810, #6868 ) ;
#11875 = ORIENTED_EDGE ( 'NONE', *, *, #6323, .F. ) ;
#11876 = ORIENTED_EDGE ( 'NONE', *, *, #9912, .T. ) ;
#11877 = DIRECTION ( 'NONE',  ( 1.855469160087460128E-16, -0.3713906763541040545, 0.9284766908852591927 ) ) ;
#11878 = ORIENTED_EDGE ( 'NONE', *, *, #7779, .F. ) ;
#11879 = LINE ( 'NONE', #10325, #4674 ) ;
#11880 = LINE ( 'NONE', #2624, #8311 ) ;
#11881 = CARTESIAN_POINT ( 'NONE',  ( 11.10999999999999766, -3.000000000000003553, 1.389999999999999458 ) ) ;
#11882 = ORIENTED_EDGE ( 'NONE', *, *, #11594, .T. ) ;
#11883 = LINE ( 'NONE', #1484, #8278 ) ;
#11884 = EDGE_CURVE ( 'NONE', #12231, #7520, #6301, .T. ) ;
#11885 = CARTESIAN_POINT ( 'NONE',  ( 11.75000000000000000, 0.7499999999999963363, 0.9500000000000002887 ) ) ;
#11886 = ORIENTED_EDGE ( 'NONE', *, *, #10197, .T. ) ;
#11887 = CARTESIAN_POINT ( 'NONE',  ( 9.009999999999999787, 8.600000000000003197, -1.389999999999998348 ) ) ;
#11888 = ORIENTED_EDGE ( 'NONE', *, *, #10101, .F. ) ;
#11889 = VERTEX_POINT ( 'NONE', #10370 ) ;
#11890 = ADVANCED_FACE ( 'NONE', ( #5225 ), #10300, .F. ) ;
#11891 = EDGE_CURVE ( 'NONE', #55, #4032, #10164, .T. ) ;
#11892 = CARTESIAN_POINT ( 'NONE',  ( 14.83499999999999730, 2.799999999999998934, -1.590000000000000080 ) ) ;
#11893 = DIRECTION ( 'NONE',  ( -1.000000000000000000, 0.000000000000000000, 1.110223024625156294E-16 ) ) ;
#11894 = STYLED_ITEM ( 'NONE', ( #5670 ), #1829 ) ;
#11895 = FACE_OUTER_BOUND ( 'NONE', #9542, .T. ) ;
#11896 = DIRECTION ( 'NONE',  ( -0.3481553119113956485, -0.8703882797784890935, 0.3481553119113957595 ) ) ;
#11897 = ORIENTED_EDGE ( 'NONE', *, *, #5394, .F. ) ;
#11898 = AXIS2_PLACEMENT_3D ( 'NONE', #8218, #9291, #12333 ) ;
#11899 = VERTEX_POINT ( 'NONE', #9153 ) ;
#11900 = DIRECTION ( 'NONE',  ( -2.821527733676277528E-15, 1.224646799147354193E-16, -1.000000000000000000 ) ) ;
#11901 = CARTESIAN_POINT ( 'NONE',  ( -6.670000000000007034, 8.600000000000003197, -0.9499999999999971800 ) ) ;
#11902 = DIRECTION ( 'NONE',  ( -7.850462293418888160E-17, 0.7071067811865462405, -0.7071067811865487940 ) ) ;
#11903 = ORIENTED_EDGE ( 'NONE', *, *, #3082, .T. ) ;
#11904 = DIRECTION ( 'NONE',  ( -2.220446049250312095E-16, 1.000000000000000000, 1.224646799147353207E-16 ) ) ;
#11905 = VECTOR ( 'NONE', #9957, 1000.000000000000000 ) ;
#11907 = ORIENTED_EDGE ( 'NONE', *, *, #1853, .F. ) ;
#11906 = EDGE_CURVE ( 'NONE', #3907, #3251, #5087, .T. ) ;
#11908 = LINE ( 'NONE', #9885, #5342 ) ;
#11909 = EDGE_CURVE ( 'NONE', #497, #11006, #11423, .T. ) ;
#11910 = EDGE_CURVE ( 'NONE', #10823, #4500, #4010, .T. ) ;
#11911 = CARTESIAN_POINT ( 'NONE',  ( -8.770000000000012008, 8.599999999999999645, 1.590000000000003411 ) ) ;
#11912 = FILL_AREA_STYLE ('',( #12806 ) ) ;
#11913 = EDGE_LOOP ( 'NONE', ( #3569, #11788, #5594, #344 ) ) ;
#11914 = AXIS2_PLACEMENT_3D ( 'NONE', #12726, #6756, #8792 ) ;
#11915 = FACE_OUTER_BOUND ( 'NONE', #5160, .T. ) ;
#11916 = VERTEX_POINT ( 'NONE', #7120 ) ;
#11917 = PLANE ( 'NONE',  #7596 ) ;
#11918 = VECTOR ( 'NONE', #3154, 1000.000000000000000 ) ;
#11919 = EDGE_CURVE ( 'NONE', #899, #5666, #1979, .T. ) ;
#11920 = EDGE_CURVE ( 'NONE', #9394, #4873, #426, .T. ) ;
#11921 = AXIS2_PLACEMENT_3D ( 'NONE', #1409, #5529, #9659 ) ;
#11922 = LINE ( 'NONE', #11991, #9881 ) ;
#11923 = DIRECTION ( 'NONE',  ( 1.110223024625156294E-16, -1.224646799147353207E-16, 1.000000000000000000 ) ) ;
#11924 = EDGE_CURVE ( 'NONE', #11745, #4940, #3460, .T. ) ;
#11925 = UNCERTAINTY_MEASURE_WITH_UNIT (LENGTH_MEASURE( 1.000000000000000082E-05 ), #8463, 'distance_accuracy_value', 'NONE');
#11926 = CARTESIAN_POINT ( 'NONE',  ( 8.569999999999998508, 0.7499999999999972244, -1.589999999999999414 ) ) ;
#11927 = VECTOR ( 'NONE', #8315, 1000.000000000000000 ) ;
#11928 = ORIENTED_EDGE ( 'NONE', *, *, #1215, .T. ) ;
#11929 = DIRECTION ( 'NONE',  ( 1.649305920077741323E-16, -0.9284766908852591927, -0.3713906763541040545 ) ) ;
#11930 = ORIENTED_EDGE ( 'NONE', *, *, #7030, .T. ) ;
#11931 = VECTOR ( 'NONE', #5605, 1000.000000000000000 ) ;
#11932 = VERTEX_POINT ( 'NONE', #11580 ) ;
#11933 = DIRECTION ( 'NONE',  ( 1.110223024625156294E-16, -1.224646799147353207E-16, 1.000000000000000000 ) ) ;
#11934 = PLANE ( 'NONE',  #10687 ) ;
#11935 = CARTESIAN_POINT ( 'NONE',  ( 8.769999999999996021, -3.000000000000004441, -0.9500000000000002887 ) ) ;
#11936 = DIRECTION ( 'NONE',  ( 1.000000000000000000, 0.000000000000000000, -1.110223024625156294E-16 ) ) ;
#11937 = LINE ( 'NONE', #6863, #11955 ) ;
#11938 = ORIENTED_EDGE ( 'NONE', *, *, #3485, .T. ) ;
#11939 = DIRECTION ( 'NONE',  ( -1.110223024625156294E-16, 1.224646799147353207E-16, -1.000000000000000000 ) ) ;
#11940 = EDGE_CURVE ( 'NONE', #1625, #3578, #1503, .T. ) ;
#11941 = CARTESIAN_POINT ( 'NONE',  ( 11.74999999999999822, 8.100000000000001421, 1.590000000000001412 ) ) ;
#11943 = AXIS2_PLACEMENT_3D ( 'NONE', #3637, #6613, #10743 ) ;
#11942 = DIRECTION ( 'NONE',  ( -2.220446049250312095E-16, 1.000000000000000000, 1.224646799147353207E-16 ) ) ;
#11944 = EDGE_CURVE ( 'NONE', #4924, #11899, #11646, .T. ) ;
#11945 = ADVANCED_BREP_SHAPE_REPRESENTATION ( '61202021621', ( #6402, #6579, #1974, #6604, #1829, #6422, #2231, #10853, #11019, #6673, #2070, #2165, #10746, #6688, #10945, #11174, #2046, #2205, #2145, #6380, #2002, #4396 ), #5268 ) ;
#11946 = EDGE_CURVE ( 'NONE', #7499, #9375, #8613, .T. ) ;
#11947 = AXIS2_PLACEMENT_3D ( 'NONE', #8292, #12413, #2141 ) ;
#11948 = ORIENTED_EDGE ( 'NONE', *, *, #6585, .T. ) ;
#11949 = ORIENTED_EDGE ( 'NONE', *, *, #6518, .F. ) ;
#11950 = FACE_OUTER_BOUND ( 'NONE', #9056, .T. ) ;
#11951 = ORIENTED_EDGE ( 'NONE', *, *, #362, .F. ) ;
#11952 = DIRECTION ( 'NONE',  ( 2.220446049250312095E-16, -1.000000000000000000, -1.224646799147353207E-16 ) ) ;
#11953 = CARTESIAN_POINT ( 'NONE',  ( 8.570000000000000284, 8.599999999999999645, 1.590000000000001856 ) ) ;
#11954 = PLANE ( 'NONE',  #10701 ) ;
#11955 = VECTOR ( 'NONE', #6936, 1000.000000000000000 ) ;
#11956 = ORIENTED_EDGE ( 'NONE', *, *, #12182, .T. ) ;
#11957 = CARTESIAN_POINT ( 'NONE',  ( 4.129999999999993676, 8.599999999999999645, 1.590000000000002300 ) ) ;
#11958 = DIRECTION ( 'NONE',  ( 0.9284766908852591927, -0.3713906763541040545, -1.485638603078812808E-16 ) ) ;
#11959 = ORIENTED_EDGE ( 'NONE', *, *, #11924, .T. ) ;
#11960 = LINE ( 'NONE', #3700, #1656 ) ;
#11961 = EDGE_CURVE ( 'NONE', #7955, #5871, #6499, .T. ) ;
#11962 = ORIENTED_EDGE ( 'NONE', *, *, #840, .T. ) ;
#11963 = VERTEX_POINT ( 'NONE', #6434 ) ;
#11964 = EDGE_CURVE ( 'NONE', #13006, #6392, #12799, .T. ) ;
#11965 = DIRECTION ( 'NONE',  ( 2.220446049250312095E-16, -1.000000000000000000, -1.224646799147353207E-16 ) ) ;
#11966 = DIRECTION ( 'NONE',  ( -1.000000000000000000, 0.000000000000000000, 0.000000000000000000 ) ) ;
#11967 = CARTESIAN_POINT ( 'NONE',  ( 15.47999999999999687, 6.650000000000001243, -1.649999999999998801 ) ) ;
#11968 = EDGE_CURVE ( 'NONE', #6283, #5421, #8742, .T. ) ;
#11969 = FACE_OUTER_BOUND ( 'NONE', #12583, .T. ) ;
#11970 = ORIENTED_EDGE ( 'NONE', *, *, #2344, .F. ) ;
#11971 = ORIENTED_EDGE ( 'NONE', *, *, #10759, .T. ) ;
#11972 = LINE ( 'NONE', #13126, #10897 ) ;
#11973 = VECTOR ( 'NONE', #2969, 1000.000000000000000 ) ;
#11974 = CARTESIAN_POINT ( 'NONE',  ( -3.490000000000001990, -2.500000000000003109, 1.590000000000001856 ) ) ;
#11975 = FILL_AREA_STYLE_COLOUR ( '', #11196 ) ;
#11976 = VECTOR ( 'NONE', #191, 1000.000000000000000 ) ;
#11977 = ORIENTED_EDGE ( 'NONE', *, *, #6219, .F. ) ;
#11978 = AXIS2_PLACEMENT_3D ( 'NONE', #9716, #7489, #8765 ) ;
#11979 = DIRECTION ( 'NONE',  ( 0.3481553119113962591, -0.8703882797784889824, 0.3481553119113957040 ) ) ;
#11980 = ORIENTED_EDGE ( 'NONE', *, *, #6823, .T. ) ;
#11981 = VECTOR ( 'NONE', #9524, 1000.000000000000000 ) ;
#11982 = LINE ( 'NONE', #8866, #2114 ) ;
#11983 = LINE ( 'NONE', #3937, #7936 ) ;
#11984 = CARTESIAN_POINT ( 'NONE',  ( -8.745757575757572511, 8.539393939393940869, 1.125757575757582618 ) ) ;
#11985 = ORIENTED_EDGE ( 'NONE', *, *, #2450, .T. ) ;
#11986 = DIRECTION ( 'NONE',  ( 1.110223024625156294E-16, -1.224646799147353207E-16, 1.000000000000000000 ) ) ;
#11987 = ORIENTED_EDGE ( 'NONE', *, *, #11278, .T. ) ;
#11988 = CARTESIAN_POINT ( 'NONE',  ( -3.690000000000007496, -3.000000000000004441, -0.9499999999999989564 ) ) ;
#11989 = EDGE_CURVE ( 'NONE', #9179, #2058, #3530, .T. ) ;
#11990 = VECTOR ( 'NONE', #11326, 1000.000000000000000 ) ;
#11991 = CARTESIAN_POINT ( 'NONE',  ( -6.670000000000007034, 8.600000000000003197, 0.9500000000000032863 ) ) ;
#11992 = EDGE_CURVE ( 'NONE', #5494, #945, #9620, .T. ) ;
#11993 = PLANE ( 'NONE',  #8077 ) ;
#11994 = LINE ( 'NONE', #8949, #6666 ) ;
#11995 = VECTOR ( 'NONE', #9393, 1000.000000000000000 ) ;
#11996 = ORIENTED_EDGE ( 'NONE', *, *, #2085, .T. ) ;
#11997 = DIRECTION ( 'NONE',  ( -0.3481553119113961481, 0.8703882797784888714, 0.3481553119113960371 ) ) ;
#11998 = VERTEX_POINT ( 'NONE', #4544 ) ;
#11999 = ORIENTED_EDGE ( 'NONE', *, *, #1676, .F. ) ;
#12000 = CARTESIAN_POINT ( 'NONE',  ( 6.481515151515154116, 9.228787878787878540, -1.401515151515147384 ) ) ;
#12001 = PLANE ( 'NONE',  #12155 ) ;
#12002 = PLANE ( 'NONE',  #13288 ) ;
#12003 = EDGE_CURVE ( 'NONE', #10202, #7499, #2252, .T. ) ;
#12004 = PLANE ( 'NONE',  #11482 ) ;
#12005 = CARTESIAN_POINT ( 'NONE',  ( -9.209999999999999076, -32.81321928319991343, 0.9499999999999985123 ) ) ;
#12006 = DIRECTION ( 'NONE',  ( 2.599483128751245825E-15, 1.224646799147352221E-16, -1.000000000000000000 ) ) ;
#12007 = EDGE_LOOP ( 'NONE', ( #358, #10360, #2923, #11548 ) ) ;
#12008 = EDGE_CURVE ( 'NONE', #8878, #3294, #10768, .T. ) ;
#12009 = LINE ( 'NONE', #9979, #3382 ) ;
#12010 = CARTESIAN_POINT ( 'NONE',  ( -3.954242424242438325, -2.939393939393943889, 1.414242424242420970 ) ) ;
#12011 = EDGE_CURVE ( 'NONE', #8748, #1763, #12663, .T. ) ;
#12012 = DIRECTION ( 'NONE',  ( 1.030816200048588727E-16, 0.3713906763541041101, 0.9284766908852591927 ) ) ;
#12013 = ORIENTED_EDGE ( 'NONE', *, *, #11437, .F. ) ;
#12014 = VECTOR ( 'NONE', #6663, 1000.000000000000000 ) ;
#12015 = EDGE_LOOP ( 'NONE', ( #11553, #154, #9835, #504 ) ) ;
#12016 = CARTESIAN_POINT ( 'NONE',  ( 9.709999999999997300, 0.2499999999999967526, -0.4499999999999997891 ) ) ;
#12017 = ORIENTED_EDGE ( 'NONE', *, *, #4155, .F. ) ;
#12018 = LINE ( 'NONE', #7767, #12883 ) ;
#12019 = CARTESIAN_POINT ( 'NONE',  ( 6.029999999999995808, -2.500000000000003109, 0.9500000000000005107 ) ) ;
#12020 = ADVANCED_FACE ( 'NONE', ( #7394 ), #5420, .F. ) ;
#12021 = FACE_OUTER_BOUND ( 'NONE', #4055, .T. ) ;
#12022 = ORIENTED_EDGE ( 'NONE', *, *, #1380, .T. ) ;
#12023 = CARTESIAN_POINT ( 'NONE',  ( 15.47999999999999687, 2.599999999999998312, 3.174999999999999822 ) ) ;
#12024 = CARTESIAN_POINT ( 'NONE',  ( 6.669999999999997264, -2.500000000000003109, -1.589999999999999858 ) ) ;
#12025 = ORIENTED_EDGE ( 'NONE', *, *, #2101, .T. ) ;
#12026 = CARTESIAN_POINT ( 'NONE',  ( 12.29499999999999460, 8.100000000000001421, 1.590000000000001412 ) ) ;
#12027 = VECTOR ( 'NONE', #9313, 1000.000000000000000 ) ;
#12028 = AXIS2_PLACEMENT_3D ( 'NONE', #11200, #5093, #32 ) ;
#12029 = ORIENTED_EDGE ( 'NONE', *, *, #12756, .F. ) ;
#12030 = ORIENTED_EDGE ( 'NONE', *, *, #5502, .F. ) ;
#12031 = AXIS2_PLACEMENT_3D ( 'NONE', #6241, #9556, #9356 ) ;
#12032 = DIRECTION ( 'NONE',  ( -1.000000000000000000, 0.000000000000000000, 1.110223024625156294E-16 ) ) ;
#12033 = CARTESIAN_POINT ( 'NONE',  ( 9.132424242424251659, -2.693939393939393412, 1.027575757575759141 ) ) ;
#12034 = ADVANCED_FACE ( 'NONE', ( #9751 ), #8473, .T. ) ;
#12035 = VECTOR ( 'NONE', #6989, 1000.000000000000000 ) ;
#12036 = LINE ( 'NONE', #7982, #64 ) ;
#12037 = LINE ( 'NONE', #879, #6137 ) ;
#12038 = LINE ( 'NONE', #13047, #7688 ) ;
#12039 = VERTEX_POINT ( 'NONE', #10495 ) ;
#12040 = VECTOR ( 'NONE', #10222, 1000.000000000000000 ) ;
#12041 = EDGE_LOOP ( 'NONE', ( #6204, #11074, #1798, #11897 ) ) ;
#12042 = CARTESIAN_POINT ( 'NONE',  ( -9.210000000000006182, -2.500000000000003109, 0.9500000000000021760 ) ) ;
#12043 = ADVANCED_FACE ( 'NONE', ( #11711 ), #1231, .F. ) ;
#12044 = CARTESIAN_POINT ( 'NONE',  ( -6.030000000000002025, 0.7499999999999972244, 0.9500000000000021760 ) ) ;
#12045 = VECTOR ( 'NONE', #7729, 1000.000000000000000 ) ;
#12046 = CARTESIAN_POINT ( 'NONE',  ( 4.674999999999999822, 2.799999999999999378, -1.589999999999998970 ) ) ;
#12047 = AXIS2_PLACEMENT_3D ( 'NONE', #3718, #11902, #6765 ) ;
#12048 = EDGE_LOOP ( 'NONE', ( #9055, #3440 ) ) ;
#12049 = LINE ( 'NONE', #2846, #9054 ) ;
#12050 = ORIENTED_EDGE ( 'NONE', *, *, #9866, .T. ) ;
#12051 = DIRECTION ( 'NONE',  ( 1.000000000000000000, 0.000000000000000000, -1.110223024625156294E-16 ) ) ;
#12052 = ORIENTED_EDGE ( 'NONE', *, *, #1013, .F. ) ;
#12053 = VECTOR ( 'NONE', #7157, 999.9999999999998863 ) ;
#12054 = CARTESIAN_POINT ( 'NONE',  ( 5.529999999999999361, 0.2499999999999958922, 4.425000000000000711 ) ) ;
#12055 = DIRECTION ( 'NONE',  ( 1.000000000000000000, 0.000000000000000000, -1.110223024625156294E-16 ) ) ;
#12056 = VECTOR ( 'NONE', #10514, 1000.000000000000000 ) ;
#12057 = EDGE_LOOP ( 'NONE', ( #9063, #3309, #4884, #448 ) ) ;
#12058 = DIRECTION ( 'NONE',  ( 1.000000000000000000, 0.000000000000000000, -1.110223024625156294E-16 ) ) ;
#12059 = ORIENTED_EDGE ( 'NONE', *, *, #4142, .T. ) ;
#12060 = DIRECTION ( 'NONE',  ( 0.5773502691896251759, 0.5773502691896271743, 0.5773502691896250649 ) ) ;
#12061 = FILL_AREA_STYLE_COLOUR ( '', #9450 ) ;
#12062 = VECTOR ( 'NONE', #9826, 999.9999999999998863 ) ;
#12063 = DIRECTION ( 'NONE',  ( -1.000000000000000000, 0.000000000000000000, 1.110223024625156294E-16 ) ) ;
#12064 = VECTOR ( 'NONE', #13003, 1000.000000000000000 ) ;
#12065 = DIRECTION ( 'NONE',  ( 1.110223024625156294E-16, -1.224646799147352961E-16, 1.000000000000000000 ) ) ;
#12066 = ORIENTED_EDGE ( 'NONE', *, *, #4322, .T. ) ;
#12067 = PLANE ( 'NONE',  #3579 ) ;
#12068 = LINE ( 'NONE', #11197, #1724 ) ;
#12069 = EDGE_CURVE ( 'NONE', #10802, #9097, #12600, .T. ) ;
#12070 = ORIENTED_EDGE ( 'NONE', *, *, #13022, .T. ) ;
#12071 = CARTESIAN_POINT ( 'NONE',  ( -11.75000000000000888, 8.099999999999999645, -0.9499999999999967359 ) ) ;
#12072 = DIRECTION ( 'NONE',  ( 1.000000000000000000, 0.000000000000000000, 0.000000000000000000 ) ) ;
#12073 = CARTESIAN_POINT ( 'NONE',  ( 12.25000000000000711, 0.2499999999999958922, -2.090000000000000746 ) ) ;
#12074 = CARTESIAN_POINT ( 'NONE',  ( 3.490000000000000657, 2.599999999999998312, 0.9500000000000013989 ) ) ;
#12075 = AXIS2_PLACEMENT_3D ( 'NONE', #802, #9053, #3909 ) ;
#12076 = CARTESIAN_POINT ( 'NONE',  ( 2.089999999999991864, 0.2499999999999967526, -0.4499999999999989009 ) ) ;
#12077 = CARTESIAN_POINT ( 'NONE',  ( 11.11000000000000476, -32.81321928319991343, -1.590000000000003855 ) ) ;
#12078 = EDGE_LOOP ( 'NONE', ( #5992, #1732, #63, #505 ) ) ;
#12079 = CARTESIAN_POINT ( 'NONE',  ( 8.570000000000000284, 8.100000000000003197, -0.9499999999999989564 ) ) ;
#12080 = DIRECTION ( 'NONE',  ( -2.599483128751245825E-15, -1.224646799147352221E-16, 1.000000000000000000 ) ) ;
#12081 = DIRECTION ( 'NONE',  ( -2.220446049250312095E-16, 1.000000000000000000, 1.224646799147353207E-16 ) ) ;
#12082 = VECTOR ( 'NONE', #6132, 1000.000000000000114 ) ;
#12083 = ORIENTED_EDGE ( 'NONE', *, *, #12980, .T. ) ;
#12084 = EDGE_LOOP ( 'NONE', ( #6975, #7130, #5718, #1159 ) ) ;
#12085 = EDGE_CURVE ( 'NONE', #5537, #6709, #12736, .T. ) ;
#12086 = LINE ( 'NONE', #5991, #8394 ) ;
#12087 = ORIENTED_EDGE ( 'NONE', *, *, #62, .T. ) ;
#12088 = CARTESIAN_POINT ( 'NONE',  ( 12.78166666666670181, 2.421666666666665524, 0.08166666666665961527 ) ) ;
#12089 = ADVANCED_FACE ( 'NONE', ( #1770 ), #3720, .F. ) ;
#12090 = EDGE_CURVE ( 'NONE', #2550, #9598, #11038, .T. ) ;
#12091 = CARTESIAN_POINT ( 'NONE',  ( 10.92500000000000426, 1.574999999999997069, 1.774999999999999911 ) ) ;
#12092 = PLANE ( 'NONE',  #8089 ) ;
#12093 = ORIENTED_EDGE ( 'NONE', *, *, #112, .T. ) ;
#12094 = DIRECTION ( 'NONE',  ( 1.649305920077741323E-16, -0.9284766908852591927, -0.3713906763541040545 ) ) ;
#12095 = PLANE ( 'NONE',  #10439 ) ;
#12096 = EDGE_LOOP ( 'NONE', ( #1037, #2155, #4474, #1301 ) ) ;
#12097 = CARTESIAN_POINT ( 'NONE',  ( 16.53000000000000114, 0.2499999999999967526, -2.090000000000000746 ) ) ;
#12098 = LINE ( 'NONE', #9815, #9267 ) ;
#12099 = EDGE_CURVE ( 'NONE', #5494, #2346, #824, .T. ) ;
#12100 = EDGE_CURVE ( 'NONE', #9744, #7362, #2647, .T. ) ;
#12101 = EDGE_LOOP ( 'NONE', ( #4083, #790, #3305, #6649 ) ) ;
#12102 = EDGE_CURVE ( 'NONE', #12850, #3294, #7853, .T. ) ;
#12103 = ORIENTED_EDGE ( 'NONE', *, *, #10281, .T. ) ;
#12104 = EDGE_CURVE ( 'NONE', #3823, #8319, #3660, .T. ) ;
#12105 = LINE ( 'NONE', #13117, #1687 ) ;
#12106 = FACE_OUTER_BOUND ( 'NONE', #7932, .T. ) ;
#12107 = FACE_OUTER_BOUND ( 'NONE', #12239, .T. ) ;
#12108 = CARTESIAN_POINT ( 'NONE',  ( -6.470000000000000639, 8.599999999999999645, 1.590000000000003189 ) ) ;
#12109 = FACE_OUTER_BOUND ( 'NONE', #12881, .T. ) ;
#12110 = EDGE_LOOP ( 'NONE', ( #4814, #9803, #12328, #6662 ) ) ;
#12111 = EDGE_LOOP ( 'NONE', ( #2285, #11236, #2763, #9415 ) ) ;
#12112 = DIRECTION ( 'NONE',  ( -1.000000000000000000, 0.000000000000000000, 1.110223024625156294E-16 ) ) ;
#12113 = CARTESIAN_POINT ( 'NONE',  ( -9.210000000000006182, 2.599999999999997868, -0.9499999999999976241 ) ) ;
#12114 = FACE_OUTER_BOUND ( 'NONE', #2916, .T. ) ;
#12115 = EDGE_CURVE ( 'NONE', #331, #6454, #10898, .T. ) ;
#12116 = ORIENTED_EDGE ( 'NONE', *, *, #1350, .F. ) ;
#12117 = CARTESIAN_POINT ( 'NONE',  ( 1.389999999999993685, -3.000000000000004441, -0.9499999999999995115 ) ) ;
#12118 = EDGE_CURVE ( 'NONE', #10475, #11116, #1569, .T. ) ;
#12119 = EDGE_CURVE ( 'NONE', #12704, #12590, #2714, .T. ) ;
#12120 = ORIENTED_EDGE ( 'NONE', *, *, #8244, .T. ) ;
#12121 = DIRECTION ( 'NONE',  ( 1.000000000000000000, 0.000000000000000000, -1.110223024625156294E-16 ) ) ;
#12122 = AXIS2_PLACEMENT_3D ( 'NONE', #4193, #2106, #4125 ) ;
#12123 = VERTEX_POINT ( 'NONE', #755 ) ;
#12124 = LINE ( 'NONE', #8936, #2109 ) ;
#12125 = LINE ( 'NONE', #11044, #10246 ) ;
#12126 = EDGE_LOOP ( 'NONE', ( #748, #322, #4253, #8675 ) ) ;
#12127 = CARTESIAN_POINT ( 'NONE',  ( 1.389999999999993907, -3.000000000000004441, 1.590000000000000968 ) ) ;
#12128 = ORIENTED_EDGE ( 'NONE', *, *, #838, .T. ) ;
#12129 = LINE ( 'NONE', #12937, #4355 ) ;
#12130 = LINE ( 'NONE', #9017, #3178 ) ;
#12131 = AXIS2_PLACEMENT_3D ( 'NONE', #10445, #6043, #979 ) ;
#12132 = CARTESIAN_POINT ( 'NONE',  ( -9.210000000000007958, 8.099999999999999645, -0.9499999999999969580 ) ) ;
#12133 = ORIENTED_EDGE ( 'NONE', *, *, #2630, .T. ) ;
#12134 = CARTESIAN_POINT ( 'NONE',  ( 9.210000000000000853, 8.100000000000003197, 1.590000000000001412 ) ) ;
#12135 = CARTESIAN_POINT ( 'NONE',  ( -6.670000000000006146, 8.100000000000003197, -0.9499999999999971800 ) ) ;
#12136 = EDGE_LOOP ( 'NONE', ( #5512, #13108, #775, #7512 ) ) ;
#12137 = DIRECTION ( 'NONE',  ( -1.110223024625156294E-16, 1.224646799147353207E-16, -1.000000000000000000 ) ) ;
#12138 = LINE ( 'NONE', #10109, #10175 ) ;
#12139 = CARTESIAN_POINT ( 'NONE',  ( -6.107575757575751219, -2.693939393939393412, 1.027575757575760695 ) ) ;
#12140 = EDGE_CURVE ( 'NONE', #12228, #5396, #10970, .T. ) ;
#12141 = CARTESIAN_POINT ( 'NONE',  ( 11.54999999999999538, 8.599999999999999645, -0.9499999999999994005 ) ) ;
#12142 = VECTOR ( 'NONE', #8796, 1000.000000000000000 ) ;
#12143 = PLANE ( 'NONE',  #9196 ) ;
#12144 = PLANE ( 'NONE',  #6118 ) ;
#12145 = VERTEX_POINT ( 'NONE', #3866 ) ;
#12146 = FACE_OUTER_BOUND ( 'NONE', #4878, .T. ) ;
#12147 = CARTESIAN_POINT ( 'NONE',  ( 16.53000000000000114, 0.2499999999999967526, 0.4499999999999992339 ) ) ;
#12148 = PLANE ( 'NONE',  #1906 ) ;
#12149 = ORIENTED_EDGE ( 'NONE', *, *, #10225, .T. ) ;
#12150 = VECTOR ( 'NONE', #2842, 1000.000000000000000 ) ;
#12151 = ORIENTED_EDGE ( 'NONE', *, *, #3723, .F. ) ;
#12152 = CARTESIAN_POINT ( 'NONE',  ( -8.570000000000003837, 2.599999999999998757, 0.9500000000000028422 ) ) ;
#12153 = ORIENTED_EDGE ( 'NONE', *, *, #769, .F. ) ;
#12154 = CARTESIAN_POINT ( 'NONE',  ( 1.149999999999996803, -3.000000000000004441, 1.590000000000000968 ) ) ;
#12155 = AXIS2_PLACEMENT_3D ( 'NONE', #7946, #12712, #9903 ) ;
#12156 = DIRECTION ( 'NONE',  ( 2.220446049250312095E-16, -1.000000000000000000, -1.224646799147353207E-16 ) ) ;
#12157 = FACE_OUTER_BOUND ( 'NONE', #2216, .T. ) ;
#12158 = CARTESIAN_POINT ( 'NONE',  ( -8.570000000000003837, 0.7499999999999981126, -0.9499999999999978462 ) ) ;
#12159 = DIRECTION ( 'NONE',  ( -1.000000000000000000, 0.000000000000000000, 1.110223024625156294E-16 ) ) ;
#12160 = ORIENTED_EDGE ( 'NONE', *, *, #10521, .F. ) ;
#12161 = VECTOR ( 'NONE', #11151, 1000.000000000000114 ) ;
#12162 = DIRECTION ( 'NONE',  ( 1.000000000000000000, 0.000000000000000000, -1.110223024625156294E-16 ) ) ;
#12163 = CARTESIAN_POINT ( 'NONE',  ( 9.210000000000006182, -32.81321928319991343, -0.9500000000000039524 ) ) ;
#12164 = ADVANCED_FACE ( 'NONE', ( #5819 ), #557, .F. ) ;
#12165 = EDGE_CURVE ( 'NONE', #4224, #481, #4872, .T. ) ;
#12166 = EDGE_CURVE ( 'NONE', #4310, #5311, #4945, .T. ) ;
#12167 = VERTEX_POINT ( 'NONE', #8863 ) ;
#12168 = EDGE_LOOP ( 'NONE', ( #10168, #12967, #6943, #3173 ) ) ;
#12169 = AXIS2_PLACEMENT_3D ( 'NONE', #1613, #11016, #663 ) ;
#12170 = DIRECTION ( 'NONE',  ( -1.000000000000000000, 0.000000000000000000, 1.110223024625156294E-16 ) ) ;
#12171 = DIRECTION ( 'NONE',  ( -0.3481553119113940942, 0.8703882797784897596, -0.3481553119113955930 ) ) ;
#12172 = CARTESIAN_POINT ( 'NONE',  ( 1.590000000000005631, -32.81321928319991343, -1.590000000000003189 ) ) ;
#12173 = CARTESIAN_POINT ( 'NONE',  ( -6.670000000000005258, 2.599999999999998312, -1.589999999999997859 ) ) ;
#12174 = CARTESIAN_POINT ( 'NONE',  ( 14.83499999999999552, 8.100000000000003197, -0.9499999999999995115 ) ) ;
#12175 = ORIENTED_EDGE ( 'NONE', *, *, #1089, .F. ) ;
#12176 = VERTEX_POINT ( 'NONE', #1837 ) ;
#12177 = EDGE_CURVE ( 'NONE', #1236, #6586, #4672, .T. ) ;
#12178 = FACE_OUTER_BOUND ( 'NONE', #9349, .T. ) ;
#12179 = LINE ( 'NONE', #12113, #1135 ) ;
#12180 = CARTESIAN_POINT ( 'NONE',  ( 6.230000000000001315, -3.000000000000004441, 1.150000000000001021 ) ) ;
#12181 = ADVANCED_FACE ( 'NONE', ( #11845 ), #9001, .F. ) ;
#12182 = EDGE_CURVE ( 'NONE', #395, #6252, #8929, .T. ) ;
#12183 = ORIENTED_EDGE ( 'NONE', *, *, #7739, .T. ) ;
#12184 = DIRECTION ( 'NONE',  ( -1.000000000000000000, 0.000000000000000000, 1.110223024625156294E-16 ) ) ;
#12185 = DIRECTION ( 'NONE',  ( 1.000000000000000000, 0.000000000000000000, -1.110223024625156294E-16 ) ) ;
#12186 = ORIENTED_EDGE ( 'NONE', *, *, #13354, .T. ) ;
#12187 = DIRECTION ( 'NONE',  ( -2.821527733676277528E-15, 1.224646799147354193E-16, -1.000000000000000000 ) ) ;
#12188 = VERTEX_POINT ( 'NONE', #7921 ) ;
#12189 = LINE ( 'NONE', #1904, #1022 ) ;
#12190 = SURFACE_SIDE_STYLE ('',( #831 ) ) ;
#12191 = ORIENTED_EDGE ( 'NONE', *, *, #206, .F. ) ;
#12192 = AXIS2_PLACEMENT_3D ( 'NONE', #10820, #8853, #6625 ) ;
#12193 = EDGE_LOOP ( 'NONE', ( #8283, #5549, #8579, #10382 ) ) ;
#12194 = CARTESIAN_POINT ( 'NONE',  ( -2.978173263556981158E-15, 0.2499999999999976130, -4.424999999999999822 ) ) ;
#12195 = AXIS2_PLACEMENT_3D ( 'NONE', #5515, #5445, #12827 ) ;
#12196 = VECTOR ( 'NONE', #5098, 1000.000000000000000 ) ;
#12197 = DIRECTION ( 'NONE',  ( -1.110223024625156294E-16, 1.224646799147353207E-16, -1.000000000000000000 ) ) ;
#12198 = UNCERTAINTY_MEASURE_WITH_UNIT (LENGTH_MEASURE( 1.000000000000000082E-05 ), #5544, 'distance_accuracy_value', 'NONE');
#12199 = CARTESIAN_POINT ( 'NONE',  ( 2.249999999999994671, 9.100000000000001421, 4.425000000000003375 ) ) ;
#12200 = VECTOR ( 'NONE', #3504, 1000.000000000000000 ) ;
#12201 = ORIENTED_EDGE ( 'NONE', *, *, #10756, .F. ) ;
#12202 = DIRECTION ( 'NONE',  ( 1.649305920077741323E-16, -0.9284766908852591927, -0.3713906763541040545 ) ) ;
#12203 = PLANE ( 'NONE',  #5332 ) ;
#12204 = ORIENTED_EDGE ( 'NONE', *, *, #11824, .T. ) ;
#12205 = CARTESIAN_POINT ( 'NONE',  ( 16.53000000000000114, 0.2499999999999967526, -0.4500000000000005107 ) ) ;
#12206 = CARTESIAN_POINT ( 'NONE',  ( 16.53000000000000114, 6.649999999999999467, -1.649999999999999023 ) ) ;
#12207 = EDGE_CURVE ( 'NONE', #4488, #12123, #12049, .T. ) ;
#12208 = DIRECTION ( 'NONE',  ( -7.850462293418888160E-17, 0.7071067811865462405, -0.7071067811865487940 ) ) ;
#12209 = PLANE ( 'NONE',  #1331 ) ;
#12210 = AXIS2_PLACEMENT_3D ( 'NONE', #5641, #9508, #250 ) ;
#12211 = DIRECTION ( 'NONE',  ( -2.220446049250312095E-16, 1.000000000000000000, 1.224646799147353207E-16 ) ) ;
#12212 = CARTESIAN_POINT ( 'NONE',  ( -2.945000000000004725, -2.500000000000004885, 0.9500000000000015099 ) ) ;
#12213 = EDGE_LOOP ( 'NONE', ( #9344, #6658, #8422, #11663 ) ) ;
#12214 = EDGE_CURVE ( 'NONE', #8659, #6980, #3593, .T. ) ;
#12215 = DIRECTION ( 'NONE',  ( -1.000000000000000000, 0.000000000000000000, 1.110223024625156294E-16 ) ) ;
#12216 = LINE ( 'NONE', #12344, #293 ) ;
#12217 = CARTESIAN_POINT ( 'NONE',  ( 6.669999999999997264, -32.81321928319991343, -0.9500000000000037303 ) ) ;
#12218 = EDGE_CURVE ( 'NONE', #1455, #8659, #4061, .T. ) ;
#12219 = ORIENTED_EDGE ( 'NONE', *, *, #4309, .T. ) ;
#12220 = ORIENTED_EDGE ( 'NONE', *, *, #12090, .T. ) ;
#12221 = DIRECTION ( 'NONE',  ( 0.7071067811865490160, 0.7071067811865461294, -1.908525788164871536E-15 ) ) ;
#12222 = ORIENTED_EDGE ( 'NONE', *, *, #10193, .F. ) ;
#12223 = DIRECTION ( 'NONE',  ( -2.220446049250312095E-16, 1.000000000000000000, 1.224646799147353207E-16 ) ) ;
#12224 = CARTESIAN_POINT ( 'NONE',  ( 3.929999999999997939, -3.000000000000005329, -1.149999999999999911 ) ) ;
#12225 = AXIS2_PLACEMENT_3D ( 'NONE', #5172, #5238, #8154 ) ;
#12226 = DIRECTION ( 'NONE',  ( 1.000000000000000000, 0.000000000000000000, -1.110223024625156294E-16 ) ) ;
#12227 = DIRECTION ( 'NONE',  ( 1.000000000000000000, 0.000000000000000000, -1.110223024625156294E-16 ) ) ;
#12228 = VERTEX_POINT ( 'NONE', #2031 ) ;
#12229 = CARTESIAN_POINT ( 'NONE',  ( 8.569999999999998508, 0.7499999999999972244, -0.9499999999999997335 ) ) ;
#12230 = CARTESIAN_POINT ( 'NONE',  ( 9.209999999999997300, 8.600000000000003197, -1.149999999999999467 ) ) ;
#12231 = VERTEX_POINT ( 'NONE', #5074 ) ;
#12232 = ORIENTED_EDGE ( 'NONE', *, *, #11110, .F. ) ;
#12233 = PLANE ( 'NONE',  #3847 ) ;
#12234 = CARTESIAN_POINT ( 'NONE',  ( 6.230000000000001315, -3.000000000000004441, -1.150000000000000355 ) ) ;
#12235 = DIRECTION ( 'NONE',  ( -2.220446049250312095E-16, 1.000000000000000000, 1.224646799147353207E-16 ) ) ;
#12236 = LINE ( 'NONE', #10073, #11973 ) ;
#12237 = DIRECTION ( 'NONE',  ( -1.110223024625156294E-16, 1.224646799147353207E-16, -1.000000000000000000 ) ) ;
#12238 = EDGE_CURVE ( 'NONE', #11728, #3692, #8257, .T. ) ;
#12239 = EDGE_LOOP ( 'NONE', ( #9718, #3015, #10068, #8775 ) ) ;
#12240 = VECTOR ( 'NONE', #11481, 1000.000000000000000 ) ;
#12241 = EDGE_CURVE ( 'NONE', #7891, #10440, #8124, .T. ) ;
#12242 = STYLED_ITEM ( 'NONE', ( #3970 ), #2231 ) ;
#12243 = ORIENTED_EDGE ( 'NONE', *, *, #12955, .F. ) ;
#12244 = CARTESIAN_POINT ( 'NONE',  ( 16.53000000000000114, 0.2499999999999967526, -1.649999999999999689 ) ) ;
#12245 = CARTESIAN_POINT ( 'NONE',  ( 1.589999999999998082, 2.599999999999998312, -0.9499999999999988454 ) ) ;
#12246 = VECTOR ( 'NONE', #2325, 1000.000000000000114 ) ;
#12247 = ORIENTED_EDGE ( 'NONE', *, *, #5484, .F. ) ;
#12248 = LINE ( 'NONE', #13327, #8833 ) ;
#12249 = LINE ( 'NONE', #13196, #3470 ) ;
#12250 = AXIS2_PLACEMENT_3D ( 'NONE', #8704, #1400, #520 ) ;
#12251 = CARTESIAN_POINT ( 'NONE',  ( -4.130000000000004334, 2.599999999999998757, -0.9499999999999981792 ) ) ;
#12252 = ORIENTED_EDGE ( 'NONE', *, *, #2052, .F. ) ;
#12253 = FACE_OUTER_BOUND ( 'NONE', #8724, .T. ) ;
#12254 = CARTESIAN_POINT ( 'NONE',  ( 4.129999999999993676, 8.599999999999999645, 1.150000000000002798 ) ) ;
#12255 = EDGE_CURVE ( 'NONE', #9218, #7955, #12248, .T. ) ;
#12256 = ORIENTED_EDGE ( 'NONE', *, *, #7575, .T. ) ;
#12257 = EDGE_CURVE ( 'NONE', #3831, #2402, #1017, .T. ) ;
#12258 = EDGE_CURVE ( 'NONE', #1883, #10322, #78, .T. ) ;
#12259 = VECTOR ( 'NONE', #296, 1000.000000000000000 ) ;
#12260 = ORIENTED_EDGE ( 'NONE', *, *, #1924, .T. ) ;
#12261 = CARTESIAN_POINT ( 'NONE',  ( -7.170000000000004370, 0.2499999999999976130, 2.090000000000003411 ) ) ;
#12262 = VECTOR ( 'NONE', #7203, 1000.000000000000000 ) ;
#12263 = DIRECTION ( 'NONE',  ( 1.000000000000000000, 0.000000000000000000, 0.000000000000000000 ) ) ;
#12264 = CARTESIAN_POINT ( 'NONE',  ( 2.249999999999995115, 5.549999999999999822, 0.2250000000000019762 ) ) ;
#12265 = ADVANCED_FACE ( 'NONE', ( #1082 ), #12312, .F. ) ;
#12266 = AXIS2_PLACEMENT_3D ( 'NONE', #7567, #10602, #8713 ) ;
#12267 = EDGE_CURVE ( 'NONE', #5863, #2920, #6083, .T. ) ;
#12268 = VERTEX_POINT ( 'NONE', #5142 ) ;
#12269 = PLANE ( 'NONE',  #5090 ) ;
#12270 = AXIS2_PLACEMENT_3D ( 'NONE', #12533, #3322, #3255 ) ;
#12271 = CARTESIAN_POINT ( 'NONE',  ( 2.134999999999997122, 8.100000000000001421, 1.590000000000002300 ) ) ;
#12272 = ORIENTED_EDGE ( 'NONE', *, *, #9059, .T. ) ;
#12273 = LINE ( 'NONE', #13216, #2735 ) ;
#12274 = DIRECTION ( 'NONE',  ( -2.220446049250312095E-16, 1.000000000000000000, 1.224646799147353207E-16 ) ) ;
#12275 = DIRECTION ( 'NONE',  ( -2.220446049250312095E-16, 1.000000000000000000, 1.224646799147353207E-16 ) ) ;
#12276 = DIRECTION ( 'NONE',  ( -0.3481553119113939831, 0.8703882797784897596, 0.3481553119113959816 ) ) ;
#12277 = MECHANICAL_DESIGN_GEOMETRIC_PRESENTATION_REPRESENTATION (  '', ( #7742 ), #9249 ) ;
#12278 = CARTESIAN_POINT ( 'NONE',  ( 6.030000000000002025, 0.7499999999999963363, 0.9500000000000009548 ) ) ;
#12279 = PLANE ( 'NONE',  #8896 ) ;
#12280 = EDGE_LOOP ( 'NONE', ( #10019, #2912, #9106, #315 ) ) ;
#12281 = VECTOR ( 'NONE', #3963, 1000.000000000000114 ) ;
#12282 = DIRECTION ( 'NONE',  ( 2.220446049250312095E-16, -1.000000000000000000, -1.224646799147353207E-16 ) ) ;
#12283 = DIRECTION ( 'NONE',  ( -1.000000000000000000, -2.220446049250312341E-16, 1.110223024625156047E-16 ) ) ;
#12284 = DIRECTION ( 'NONE',  ( 1.000000000000000000, 0.000000000000000000, -1.110223024625156294E-16 ) ) ;
#12285 = EDGE_CURVE ( 'NONE', #13150, #1744, #3038, .T. ) ;
#12286 = VERTEX_POINT ( 'NONE', #7039 ) ;
#12287 = ORIENTED_EDGE ( 'NONE', *, *, #7249, .F. ) ;
#12288 = VECTOR ( 'NONE', #10099, 1000.000000000000000 ) ;
#12289 = ORIENTED_EDGE ( 'NONE', *, *, #8342, .T. ) ;
#12290 = SURFACE_STYLE_FILL_AREA ( #51 ) ;
#12291 = CARTESIAN_POINT ( 'NONE',  ( -11.11000000000000476, 2.599999999999998757, -1.589999999999996971 ) ) ;
#12292 = FACE_OUTER_BOUND ( 'NONE', #4912, .T. ) ;
#12293 = CARTESIAN_POINT ( 'NONE',  ( 15.47999999999999687, 2.599999999999999201, -3.174999999999999822 ) ) ;
#12294 = ORIENTED_EDGE ( 'NONE', *, *, #1181, .T. ) ;
#12295 = FACE_OUTER_BOUND ( 'NONE', #9260, .T. ) ;
#12296 = LINE ( 'NONE', #10199, #1059 ) ;
#12297 = VECTOR ( 'NONE', #6152, 1000.000000000000000 ) ;
#12298 = ORIENTED_EDGE ( 'NONE', *, *, #11761, .T. ) ;
#12299 = CARTESIAN_POINT ( 'NONE',  ( -6.670000000000006146, 8.100000000000003197, -0.9499999999999971800 ) ) ;
#12300 =( LENGTH_UNIT ( ) NAMED_UNIT ( * ) SI_UNIT ( .MILLI., .METRE. ) );
#12301 = ADVANCED_FACE ( 'NONE', ( #11172 ), #3107, .T. ) ;
#12302 = LINE ( 'NONE', #3030, #5241 ) ;
#12303 = DIRECTION ( 'NONE',  ( 1.110223024625156294E-16, -1.224646799147353207E-16, 1.000000000000000000 ) ) ;
#12304 = CARTESIAN_POINT ( 'NONE',  ( -4.130000000000003446, 0.7499999999999988898, -1.589999999999998082 ) ) ;
#12305 = ORIENTED_EDGE ( 'NONE', *, *, #11397, .F. ) ;
#12306 = ORIENTED_EDGE ( 'NONE', *, *, #525, .F. ) ;
#12307 = LINE ( 'NONE', #10278, #10039 ) ;
#12308 = FACE_OUTER_BOUND ( 'NONE', #655, .T. ) ;
#12309 = ORIENTED_EDGE ( 'NONE', *, *, #3252, .T. ) ;
#12310 = EDGE_CURVE ( 'NONE', #116, #9932, #7239, .T. ) ;
#12311 = EDGE_CURVE ( 'NONE', #10267, #7522, #8057, .T. ) ;
#12312 = PLANE ( 'NONE',  #10566 ) ;
#12313 = LINE ( 'NONE', #12448, #2829 ) ;
#12314 = CARTESIAN_POINT ( 'NONE',  ( -0.4500000000000015654, 0.2499999999999976130, -0.4499999999999986233 ) ) ;
#12315 = LINE ( 'NONE', #12524, #3688 ) ;
#12316 = EDGE_LOOP ( 'NONE', ( #7826, #11265, #11119, #2876 ) ) ;
#12317 = DIRECTION ( 'NONE',  ( 1.855469160087460128E-16, -0.3713906763541040545, 0.9284766908852591927 ) ) ;
#12318 = LINE ( 'NONE', #5891, #12501 ) ;
#12319 = ORIENTED_EDGE ( 'NONE', *, *, #8296, .T. ) ;
#12320 = ORIENTED_EDGE ( 'NONE', *, *, #5306, .F. ) ;
#12321 = DIRECTION ( 'NONE',  ( 0.3481553119113962591, -0.8703882797784889824, 0.3481553119113957040 ) ) ;
#12322 = FACE_OUTER_BOUND ( 'NONE', #5555, .T. ) ;
#12323 = EDGE_CURVE ( 'NONE', #13150, #2188, #9137, .T. ) ;
#12324 = CARTESIAN_POINT ( 'NONE',  ( 13.64000000000000234, 0.2499999999999950040, 3.625000000000000888 ) ) ;
#12325 = AXIS2_PLACEMENT_3D ( 'NONE', #4085, #13155, #2806 ) ;
#12326 = ADVANCED_FACE ( 'NONE', ( #2105 ), #10215, .F. ) ;
#12327 = EDGE_CURVE ( 'NONE', #6311, #10812, #10354, .T. ) ;
#12328 = ORIENTED_EDGE ( 'NONE', *, *, #11267, .T. ) ;
#12329 = DIRECTION ( 'NONE',  ( -2.821527733676277528E-15, 1.224646799147354193E-16, -1.000000000000000000 ) ) ;
#12330 = LINE ( 'NONE', #1982, #11600 ) ;
#12331 = ORIENTED_EDGE ( 'NONE', *, *, #8821, .T. ) ;
#12332 = DIRECTION ( 'NONE',  ( -0.3713906763541042766, 0.9284766908852590817, 1.549382487594995162E-16 ) ) ;
#12333 = DIRECTION ( 'NONE',  ( 1.000000000000000000, 0.000000000000000000, -1.110223024625156294E-16 ) ) ;
#12334 = LINE ( 'NONE', #102, #11990 ) ;
#12335 = ORIENTED_EDGE ( 'NONE', *, *, #6319, .F. ) ;
#12336 = DIRECTION ( 'NONE',  ( -0.3481553119113940942, 0.8703882797784897596, -0.3481553119113955930 ) ) ;
#12337 = EDGE_CURVE ( 'NONE', #449, #2069, #6296, .T. ) ;
#12338 = CARTESIAN_POINT ( 'NONE',  ( 16.08000000000000185, 9.100000000000003197, 4.425000000000001599 ) ) ;
#12339 = DIRECTION ( 'NONE',  ( 1.000000000000000000, 0.000000000000000000, -1.110223024625156294E-16 ) ) ;
#12340 = ORIENTED_EDGE ( 'NONE', *, *, #6253, .F. ) ;
#12341 = EDGE_CURVE ( 'NONE', #1144, #7634, #5415, .T. ) ;
#12342 = VECTOR ( 'NONE', #1447, 1000.000000000000114 ) ;
#12343 = DIRECTION ( 'NONE',  ( -1.110223024625156294E-16, 1.224646799147353207E-16, -1.000000000000000000 ) ) ;
#12344 = CARTESIAN_POINT ( 'NONE',  ( 1.589999999999999414, -2.500000000000003997, 1.590000000000000968 ) ) ;
#12345 = DIRECTION ( 'NONE',  ( -1.000000000000000000, 0.000000000000000000, 1.110223024625156294E-16 ) ) ;
#12346 = ORIENTED_EDGE ( 'NONE', *, *, #10845, .T. ) ;
#12347 = EDGE_LOOP ( 'NONE', ( #247, #3523, #5538, #6851 ) ) ;
#12348 = AXIS2_PLACEMENT_3D ( 'NONE', #2808, #783, #11136 ) ;
#12349 = FACE_OUTER_BOUND ( 'NONE', #10107, .T. ) ;
#12350 = ORIENTED_EDGE ( 'NONE', *, *, #5707, .T. ) ;
#12351 = DIRECTION ( 'NONE',  ( 7.850462293418890625E-17, 0.7071067811865460184, 0.7071067811865490160 ) ) ;
#12352 = CARTESIAN_POINT ( 'NONE',  ( 10.60999999999999766, 0.2499999999999967526, 4.425000000000000711 ) ) ;
#12353 = LINE ( 'NONE', #5186, #11550 ) ;
#12354 = VECTOR ( 'NONE', #5281, 1000.000000000000000 ) ;
#12355 = ADVANCED_FACE ( 'NONE', ( #6431 ), #6495, .T. ) ;
#12356 = DIRECTION ( 'NONE',  ( 1.359631073446890508E-32, 1.000000000000000000, 1.224646799147352961E-16 ) ) ;
#12357 = ORIENTED_EDGE ( 'NONE', *, *, #12925, .F. ) ;
#12358 = EDGE_CURVE ( 'NONE', #3004, #2320, #12460, .T. ) ;
#12359 = DIRECTION ( 'NONE',  ( -0.9284766908852596368, 0.3713906763541028333, 1.485638603078811822E-16 ) ) ;
#12360 = LINE ( 'NONE', #7154, #4298 ) ;
#12361 = EDGE_CURVE ( 'NONE', #1177, #4344, #3321, .T. ) ;
#12362 = ORIENTED_EDGE ( 'NONE', *, *, #2992, .F. ) ;
#12363 = VECTOR ( 'NONE', #10144, 1000.000000000000000 ) ;
#12364 = CARTESIAN_POINT ( 'NONE',  ( 3.489999999999999325, 8.599999999999997868, 0.9500000000000020650 ) ) ;
#12365 = DIRECTION ( 'NONE',  ( -1.000000000000000000, -2.220446049250312341E-16, 1.110223024625156047E-16 ) ) ;
#12366 = CARTESIAN_POINT ( 'NONE',  ( -6.030000000000003801, 8.100000000000003197, -0.9499999999999974021 ) ) ;
#12367 = LINE ( 'NONE', #10274, #7860 ) ;
#12368 = CARTESIAN_POINT ( 'NONE',  ( -6.030000000000004690, 8.599999999999999645, 1.590000000000003189 ) ) ;
#12369 = VECTOR ( 'NONE', #8425, 1000.000000000000000 ) ;
#12370 = ORIENTED_EDGE ( 'NONE', *, *, #9720, .F. ) ;
#12371 = EDGE_CURVE ( 'NONE', #12039, #10081, #418, .T. ) ;
#12372 = PLANE ( 'NONE',  #10866 ) ;
#12373 = ORIENTED_EDGE ( 'NONE', *, *, #5557, .F. ) ;
#12374 = DIRECTION ( 'NONE',  ( -2.599483128751245825E-15, -1.224646799147352221E-16, 1.000000000000000000 ) ) ;
#12375 = LINE ( 'NONE', #12519, #8048 ) ;
#12376 = EDGE_CURVE ( 'NONE', #5311, #5728, #5286, .T. ) ;
#12377 = EDGE_LOOP ( 'NONE', ( #3870, #7471, #2407, #12981 ) ) ;
#12378 = CARTESIAN_POINT ( 'NONE',  ( 6.669999999999994600, 8.599999999999996092, 1.150000000000002354 ) ) ;
#12379 = VECTOR ( 'NONE', #3769, 999.9999999999998863 ) ;
#12380 = CARTESIAN_POINT ( 'NONE',  ( -8.770000000000010232, -3.000000000000004441, 1.150000000000002798 ) ) ;
#12381 = ADVANCED_FACE ( 'NONE', ( #8407 ), #4407, .F. ) ;
#12382 = AXIS2_PLACEMENT_3D ( 'NONE', #521, #6732, #4641 ) ;
#12383 = DIRECTION ( 'NONE',  ( -2.220446049250312095E-16, 1.000000000000000000, 1.224646799147353207E-16 ) ) ;
#12384 = LINE ( 'NONE', #1021, #12976 ) ;
#12385 = ORIENTED_EDGE ( 'NONE', *, *, #11103, .F. ) ;
#12386 = DIRECTION ( 'NONE',  ( 1.000000000000000000, 0.000000000000000000, -1.110223024625156294E-16 ) ) ;
#12387 = ORIENTED_EDGE ( 'NONE', *, *, #11422, .T. ) ;
#12388 = ORIENTED_EDGE ( 'NONE', *, *, #1307, .F. ) ;
#12389 = LINE ( 'NONE', #835, #5004 ) ;
#12390 = CARTESIAN_POINT ( 'NONE',  ( -1.125757575757575735, 8.539393939393940869, 1.125757575757581730 ) ) ;
#12391 = CARTESIAN_POINT ( 'NONE',  ( 3.689999999999998170, 8.599999999999997868, 1.390000000000001679 ) ) ;
#12392 =( LENGTH_UNIT ( ) NAMED_UNIT ( * ) SI_UNIT ( .MILLI., .METRE. ) );
#12393 = ORIENTED_EDGE ( 'NONE', *, *, #8126, .F. ) ;
#12394 = LINE ( 'NONE', #6167, #4290 ) ;
#12395 = EDGE_LOOP ( 'NONE', ( #3200, #11517, #9684, #1293 ) ) ;
#12396 = VECTOR ( 'NONE', #152, 1000.000000000000000 ) ;
#12397 = CARTESIAN_POINT ( 'NONE',  ( -10.61000000000000476, 0.2499999999999958922, 4.424999999999933209 ) ) ;
#12398 = FACE_OUTER_BOUND ( 'NONE', #7218, .T. ) ;
#12399 = ORIENTED_EDGE ( 'NONE', *, *, #5890, .F. ) ;
#12400 = CARTESIAN_POINT ( 'NONE',  ( 6.669999999999994600, 8.599999999999996092, -1.149999999999999023 ) ) ;
#12401 = CARTESIAN_POINT ( 'NONE',  ( 8.569999999999998508, 2.599999999999997868, -0.9499999999999995115 ) ) ;
#12402 = VECTOR ( 'NONE', #532, 1000.000000000000000 ) ;
#12403 = DIRECTION ( 'NONE',  ( 1.000000000000000000, 0.000000000000000000, -1.110223024625156294E-16 ) ) ;
#12404 = EDGE_LOOP ( 'NONE', ( #10833, #4321, #9157, #4280 ) ) ;
#12405 = LINE ( 'NONE', #7132, #41 ) ;
#12406 = EDGE_CURVE ( 'NONE', #9097, #1858, #10562, .T. ) ;
#12407 = EDGE_CURVE ( 'NONE', #8923, #12709, #3254, .T. ) ;
#12408 = CARTESIAN_POINT ( 'NONE',  ( 6.030000000000001137, 2.599999999999996980, -1.589999999999999192 ) ) ;
#12409 = DIRECTION ( 'NONE',  ( 1.000000000000000000, 0.000000000000000000, -1.110223024625156294E-16 ) ) ;
#12410 = ORIENTED_EDGE ( 'NONE', *, *, #11516, .T. ) ;
#12411 = AXIS2_PLACEMENT_3D ( 'NONE', #1, #5267, #9460 ) ;
#12412 = CARTESIAN_POINT ( 'NONE',  ( -11.75000000000000711, 0.7499999999999981126, -1.589999999999997193 ) ) ;
#12413 = DIRECTION ( 'NONE',  ( 1.855469160087460128E-16, -0.3713906763541040545, 0.9284766908852591927 ) ) ;
#12414 = DIRECTION ( 'NONE',  ( 1.000000000000000000, 0.000000000000000000, -1.110223024625156294E-16 ) ) ;
#12415 = VECTOR ( 'NONE', #11900, 1000.000000000000000 ) ;
#12416 = ORIENTED_EDGE ( 'NONE', *, *, #8538, .F. ) ;
#12417 = ORIENTED_EDGE ( 'NONE', *, *, #2334, .T. ) ;
#12418 = EDGE_CURVE ( 'NONE', #10851, #8617, #7389, .T. ) ;
#12420 = LINE ( 'NONE', #3219, #189 ) ;
#12419 = AXIS2_PLACEMENT_3D ( 'NONE', #5583, #10856, #5385 ) ;
#12421 = ORIENTED_EDGE ( 'NONE', *, *, #12218, .T. ) ;
#12422 = CARTESIAN_POINT ( 'NONE',  ( 3.690000000000000391, -3.000000000000005329, -0.9499999999999997335 ) ) ;
#12423 = LINE ( 'NONE', #3284, #12849 ) ;
#12424 = CARTESIAN_POINT ( 'NONE',  ( -8.070000000000003837, 0.2499999999999958922, 4.425000000000071765 ) ) ;
#12425 = ADVANCED_FACE ( 'NONE', ( #3120 ), #9413, .T. ) ;
#12426 = CARTESIAN_POINT ( 'NONE',  ( -11.75000000000000711, -3.000000000000004441, 1.590000000000002744 ) ) ;
#12427 = ORIENTED_EDGE ( 'NONE', *, *, #10352, .F. ) ;
#12428 = EDGE_CURVE ( 'NONE', #36, #7838, #6362, .T. ) ;
#12429 = CARTESIAN_POINT ( 'NONE',  ( 11.30999999999999517, 8.600000000000003197, -0.9499999999999992895 ) ) ;
#12430 = PLANE ( 'NONE',  #8626 ) ;
#12431 = DIRECTION ( 'NONE',  ( -0.5773502691896250649, -0.5773502691896273964, 0.5773502691896250649 ) ) ;
#12432 = AXIS2_PLACEMENT_3D ( 'NONE', #5689, #13066, #2721 ) ;
#12433 = VERTEX_POINT ( 'NONE', #4136 ) ;
#12434 = EDGE_LOOP ( 'NONE', ( #11612, #4409, #3895, #2322 ) ) ;
#12435 = VECTOR ( 'NONE', #2091, 1000.000000000000000 ) ;
#12436 = EDGE_CURVE ( 'NONE', #7090, #5381, #11449, .T. ) ;
#12437 = DIRECTION ( 'NONE',  ( 1.000000000000000000, 0.000000000000000000, -1.110223024625156294E-16 ) ) ;
#12438 = AXIS2_PLACEMENT_3D ( 'NONE', #13213, #8075, #12202 ) ;
#12439 = LINE ( 'NONE', #1072, #2641 ) ;
#12440 = DIRECTION ( 'NONE',  ( 2.355138688025662380E-16, -0.7071067811865480168, 0.7071067811865470176 ) ) ;
#12441 = DIRECTION ( 'NONE',  ( 1.000000000000000000, 0.000000000000000000, -1.110223024625156294E-16 ) ) ;
#12442 = CARTESIAN_POINT ( 'NONE',  ( 6.029999999999995808, -2.500000000000003109, 1.590000000000000524 ) ) ;
#12443 = ORIENTED_EDGE ( 'NONE', *, *, #9912, .F. ) ;
#12444 = PLANE ( 'NONE',  #11085 ) ;
#12445 = ORIENTED_EDGE ( 'NONE', *, *, #13170, .F. ) ;
#12446 = CARTESIAN_POINT ( 'NONE',  ( 16.53000000000000114, 0.2499999999999967526, 2.090000000000000746 ) ) ;
#12447 = VERTEX_POINT ( 'NONE', #9479 ) ;
#12448 = CARTESIAN_POINT ( 'NONE',  ( 6.669999999999994600, 8.599999999999996092, 1.390000000000001235 ) ) ;
#12449 = ADVANCED_FACE ( 'NONE', ( #8470 ), #1161, .F. ) ;
#12450 = DIRECTION ( 'NONE',  ( 1.000000000000000000, 0.000000000000000000, -1.110223024625156294E-16 ) ) ;
#12451 = CARTESIAN_POINT ( 'NONE',  ( 15.47999999999999687, 6.650000000000001243, 1.649999999999999911 ) ) ;
#12452 = EDGE_LOOP ( 'NONE', ( #8849, #10397, #6627, #5831 ) ) ;
#12453 = FACE_OUTER_BOUND ( 'NONE', #5659, .T. ) ;
#12454 = VECTOR ( 'NONE', #2606, 1000.000000000000114 ) ;
#12455 = SURFACE_STYLE_FILL_AREA ( #2311 ) ;
#12456 = VERTEX_POINT ( 'NONE', #21 ) ;
#12457 = EDGE_CURVE ( 'NONE', #6146, #3786, #8269, .T. ) ;
#12458 = VERTEX_POINT ( 'NONE', #7254 ) ;
#12459 = LINE ( 'NONE', #1094, #11493 ) ;
#12460 = LINE ( 'NONE', #12531, #10139 ) ;
#12461 = PLANE ( 'NONE',  #609 ) ;
#12462 = AXIS2_PLACEMENT_3D ( 'NONE', #12498, #7287, #6334 ) ;
#12463 = VECTOR ( 'NONE', #99, 1000.000000000000114 ) ;
#12464 = ORIENTED_EDGE ( 'NONE', *, *, #4173, .T. ) ;
#12465 = DIRECTION ( 'NONE',  ( -1.000000000000000000, -2.220446049250312341E-16, 1.110223024625156047E-16 ) ) ;
#12466 = ORIENTED_EDGE ( 'NONE', *, *, #6909, .T. ) ;
#12467 = LINE ( 'NONE', #7259, #8372 ) ;
#12468 = VECTOR ( 'NONE', #4546, 1000.000000000000000 ) ;
#12469 = PLANE ( 'NONE',  #10952 ) ;
#12470 = EDGE_LOOP ( 'NONE', ( #13082, #7862, #1327, #8162 ) ) ;
#12471 = DIRECTION ( 'NONE',  ( -2.220446049250312095E-16, 1.000000000000000000, 1.224646799147353207E-16 ) ) ;
#12472 = LINE ( 'NONE', #5366, #1541 ) ;
#12473 = VECTOR ( 'NONE', #13292, 1000.000000000000000 ) ;
#12474 = DIRECTION ( 'NONE',  ( -1.110223024625156294E-16, 1.224646799147353207E-16, -1.000000000000000000 ) ) ;
#12475 = ORIENTED_EDGE ( 'NONE', *, *, #1622, .T. ) ;
#12476 = DIRECTION ( 'NONE',  ( -2.599483128751245825E-15, -1.224646799147352221E-16, 1.000000000000000000 ) ) ;
#12477 = DIRECTION ( 'NONE',  ( 1.000000000000000000, 0.000000000000000000, -1.110223024625156294E-16 ) ) ;
#12478 = DIRECTION ( 'NONE',  ( -0.3481553119113956485, -0.8703882797784890935, 0.3481553119113957595 ) ) ;
#12479 = ORIENTED_EDGE ( 'NONE', *, *, #11919, .T. ) ;
#12480 = DIRECTION ( 'NONE',  ( 1.000000000000000000, 0.000000000000000000, -1.110223024625156294E-16 ) ) ;
#12481 = VECTOR ( 'NONE', #10662, 1000.000000000000000 ) ;
#12482 = CARTESIAN_POINT ( 'NONE',  ( 16.53000000000000114, 0.2499999999999967526, -2.090000000000000746 ) ) ;
#12483 = DIRECTION ( 'NONE',  ( 1.359631073446890508E-32, 1.000000000000000000, 1.224646799147352961E-16 ) ) ;
#12484 = ORIENTED_EDGE ( 'NONE', *, *, #9301, .T. ) ;
#12485 = AXIS2_PLACEMENT_3D ( 'NONE', #91, #13277, #11250 ) ;
#12486 = ADVANCED_FACE ( 'NONE', ( #11380 ), #10429, .T. ) ;
#12487 = EDGE_CURVE ( 'NONE', #4733, #7509, #12098, .T. ) ;
#12488 = ORIENTED_EDGE ( 'NONE', *, *, #1598, .T. ) ;
#12489 = ORIENTED_EDGE ( 'NONE', *, *, #7556, .F. ) ;
#12490 = ORIENTED_EDGE ( 'NONE', *, *, #4478, .T. ) ;
#12491 = DIRECTION ( 'NONE',  ( 1.110223024625156294E-16, -1.224646799147353207E-16, 1.000000000000000000 ) ) ;
#12492 = VECTOR ( 'NONE', #7045, 1000.000000000000114 ) ;
#12493 = PLANE ( 'NONE',  #9387 ) ;
#12494 = PLANE ( 'NONE',  #3770 ) ;
#12495 = VECTOR ( 'NONE', #45, 1000.000000000000000 ) ;
#12496 = CARTESIAN_POINT ( 'NONE',  ( -15.48000000000000398, 2.599999999999997424, 3.175000000000003375 ) ) ;
#12497 = VERTEX_POINT ( 'NONE', #12860 ) ;
#12498 = CARTESIAN_POINT ( 'NONE',  ( 11.74999999999999467, 8.600000000000001421, -0.9499999999999992895 ) ) ;
#12499 = DIRECTION ( 'NONE',  ( 2.220446049250312095E-16, -1.000000000000000000, -1.224646799147353207E-16 ) ) ;
#12500 = PLANE ( 'NONE',  #4922 ) ;
#12501 = VECTOR ( 'NONE', #5960, 1000.000000000000000 ) ;
#12502 = AXIS2_PLACEMENT_3D ( 'NONE', #2800, #5764, #13074 ) ;
#12503 = EDGE_CURVE ( 'NONE', #5944, #4344, #10765, .T. ) ;
#12504 = EDGE_LOOP ( 'NONE', ( #6410, #7839, #9402, #10134 ) ) ;
#12505 = ADVANCED_FACE ( 'NONE', ( #11775 ), #4927, .T. ) ;
#12506 = EDGE_CURVE ( 'NONE', #4310, #7314, #6563, .T. ) ;
#12507 = ORIENTED_EDGE ( 'NONE', *, *, #4796, .T. ) ;
#12508 = LINE ( 'NONE', #6138, #6641 ) ;
#12509 = CARTESIAN_POINT ( 'NONE',  ( 6.669999999999991935, 8.099999999999999645, 0.9500000000000017319 ) ) ;
#12510 = CARTESIAN_POINT ( 'NONE',  ( -4.130000000000003446, -3.000000000000003553, 1.390000000000001235 ) ) ;
#12511 = DIRECTION ( 'NONE',  ( 1.030816200048588727E-16, 0.3713906763541041101, 0.9284766908852591927 ) ) ;
#12512 = FACE_OUTER_BOUND ( 'NONE', #1353, .T. ) ;
#12513 = ORIENTED_EDGE ( 'NONE', *, *, #3493, .T. ) ;
#12514 = CARTESIAN_POINT ( 'NONE',  ( 6.669999999999997264, -2.500000000000003109, 1.590000000000000524 ) ) ;
#12515 = ORIENTED_EDGE ( 'NONE', *, *, #7593, .T. ) ;
#12516 = EDGE_CURVE ( 'NONE', #7092, #5017, #13111, .T. ) ;
#12517 = VECTOR ( 'NONE', #3846, 1000.000000000000000 ) ;
#12518 = EDGE_CURVE ( 'NONE', #1406, #3760, #356, .T. ) ;
#12519 = CARTESIAN_POINT ( 'NONE',  ( -0.4250000000000037637, -4.336808689942017736E-15, 3.625000000000002220 ) ) ;
#12520 = EDGE_CURVE ( 'NONE', #5381, #1980, #11842, .T. ) ;
#12521 = VERTEX_POINT ( 'NONE', #5552 ) ;
#12522 = EDGE_LOOP ( 'NONE', ( #46, #8345, #1023, #6698 ) ) ;
#12523 = CARTESIAN_POINT ( 'NONE',  ( -2.090000000000003855, 0.2499999999999958922, 2.090000000000002967 ) ) ;
#12524 = CARTESIAN_POINT ( 'NONE',  ( -8.770000000000010232, -3.000000000000004441, -0.9499999999999984013 ) ) ;
#12525 = CARTESIAN_POINT ( 'NONE',  ( -9.210000000000006182, 2.599999999999997868, -1.589999999999997415 ) ) ;
#12526 =( LENGTH_UNIT ( ) NAMED_UNIT ( * ) SI_UNIT ( .MILLI., .METRE. ) );
#12527 = EDGE_LOOP ( 'NONE', ( #2669, #3714, #4305, #12535 ) ) ;
#12528 = ORIENTED_EDGE ( 'NONE', *, *, #2426, .T. ) ;
#12529 = DIRECTION ( 'NONE',  ( 2.220446049250312095E-16, -1.000000000000000000, -1.224646799147353207E-16 ) ) ;
#12530 = ADVANCED_FACE ( 'NONE', ( #9749 ), #5677, .F. ) ;
#12531 = CARTESIAN_POINT ( 'NONE',  ( -16.53000000000001180, 9.099999999999999645, 4.425000000000005151 ) ) ;
#12532 = ADVANCED_FACE ( 'NONE', ( #6633 ), #5616, .F. ) ;
#12533 = CARTESIAN_POINT ( 'NONE',  ( 16.53000000000000114, 0.2499999999999967526, -2.090000000000000746 ) ) ;
#12534 = EDGE_CURVE ( 'NONE', #10283, #8333, #4853, .T. ) ;
#12535 = ORIENTED_EDGE ( 'NONE', *, *, #4692, .F. ) ;
#12536 = CARTESIAN_POINT ( 'NONE',  ( 6.029999999999999361, 8.599999999999996092, 1.590000000000001856 ) ) ;
#12537 = ORIENTED_EDGE ( 'NONE', *, *, #12418, .F. ) ;
#12538 = FACE_OUTER_BOUND ( 'NONE', #2946, .T. ) ;
#12539 = LINE ( 'NONE', #1106, #585 ) ;
#12540 = ORIENTED_EDGE ( 'NONE', *, *, #9036, .F. ) ;
#12541 = LINE ( 'NONE', #7400, #5108 ) ;
#12542 = CARTESIAN_POINT ( 'NONE',  ( 6.030000000000002025, -3.000000000000004441, -1.389999999999999236 ) ) ;
#12543 = CARTESIAN_POINT ( 'NONE',  ( -3.490000000000011315, 8.600000000000001421, -0.9499999999999975131 ) ) ;
#12544 = ORIENTED_EDGE ( 'NONE', *, *, #966, .T. ) ;
#12545 = DIRECTION ( 'NONE',  ( -2.220446049250312095E-16, 1.000000000000000000, 1.224646799147353207E-16 ) ) ;
#12546 = CARTESIAN_POINT ( 'NONE',  ( 16.53000000000000114, 0.2499999999999967526, -2.090000000000000746 ) ) ;
#12547 = CARTESIAN_POINT ( 'NONE',  ( 16.53000000000000114, 0.2499999999999967526, 2.090000000000000746 ) ) ;
#12548 = CARTESIAN_POINT ( 'NONE',  ( -2.090000000000004299, 0.2499999999999967526, -0.4499999999999984568 ) ) ;
#12549 = FACE_OUTER_BOUND ( 'NONE', #7855, .T. ) ;
#12550 = CARTESIAN_POINT ( 'NONE',  ( -0.9500000000000010658, -2.500000000000003997, 1.590000000000001412 ) ) ;
#12551 = ORIENTED_EDGE ( 'NONE', *, *, #13105, .T. ) ;
#12552 = EDGE_LOOP ( 'NONE', ( #9678, #11425, #5248, #9976, #12540, #8442, #11273, #11215, #4024, #1136, #1304, #4214, #7297, #9306, #11928, #286, #11959, #10644 ) ) ;
#12553 = VECTOR ( 'NONE', #6962, 1000.000000000000000 ) ;
#12554 = ORIENTED_EDGE ( 'NONE', *, *, #4400, .T. ) ;
#12555 = EDGE_CURVE ( 'NONE', #9876, #7580, #7976, .T. ) ;
#12556 =( NAMED_UNIT ( * ) SI_UNIT ( $, .STERADIAN. ) SOLID_ANGLE_UNIT ( ) );
#12557 = EDGE_LOOP ( 'NONE', ( #12909, #1163, #4701, #4903 ) ) ;
#12558 = PLANE ( 'NONE',  #3807 ) ;
#12559 = VECTOR ( 'NONE', #5008, 1000.000000000000000 ) ;
#12560 = LINE ( 'NONE', #8300, #9823 ) ;
#12561 = CARTESIAN_POINT ( 'NONE',  ( -13.21500000000000163, -3.469446951953614189E-15, 3.625000000000003553 ) ) ;
#12562 = PLANE ( 'NONE',  #7850 ) ;
#12563 = EDGE_LOOP ( 'NONE', ( #2818, #4592, #9328, #5788 ) ) ;
#12564 = FACE_OUTER_BOUND ( 'NONE', #5635, .T. ) ;
#12565 = DIRECTION ( 'NONE',  ( 1.000000000000000000, 0.000000000000000000, -1.110223024625156294E-16 ) ) ;
#12566 = LINE ( 'NONE', #6337, #9024 ) ;
#12567 = ORIENTED_EDGE ( 'NONE', *, *, #7095, .F. ) ;
#12568 = ORIENTED_EDGE ( 'NONE', *, *, #12323, .T. ) ;
#12569 = DIRECTION ( 'NONE',  ( 1.000000000000000000, 0.000000000000000000, -1.110223024625156294E-16 ) ) ;
#12570 = FILL_AREA_STYLE ('',( #7569 ) ) ;
#12571 = LINE ( 'NONE', #3297, #8902 ) ;
#12572 = PLANE ( 'NONE',  #1396 ) ;
#12573 = CARTESIAN_POINT ( 'NONE',  ( 0.9499999999999965139, 2.599999999999997868, 0.9500000000000017319 ) ) ;
#12574 = ORIENTED_EDGE ( 'NONE', *, *, #8296, .F. ) ;
#12575 = PLANE ( 'NONE',  #3733 ) ;
#12576 = ORIENTED_EDGE ( 'NONE', *, *, #9868, .T. ) ;
#12577 = VECTOR ( 'NONE', #1662, 1000.000000000000000 ) ;
#12578 = EDGE_CURVE ( 'NONE', #11339, #13097, #10826, .T. ) ;
#12579 = ADVANCED_FACE ( 'NONE', ( #8609 ), #4603, .T. ) ;
#12580 = FACE_OUTER_BOUND ( 'NONE', #2589, .T. ) ;
#12581 = EDGE_CURVE ( 'NONE', #2113, #2092, #4541, .T. ) ;
#12582 = ORIENTED_EDGE ( 'NONE', *, *, #2892, .F. ) ;
#12583 = EDGE_LOOP ( 'NONE', ( #11864, #5873, #7632, #8049 ) ) ;
#12584 = AXIS2_PLACEMENT_3D ( 'NONE', #76, #7440, #11566 ) ;
#12585 = LINE ( 'NONE', #12, #10527 ) ;
#12586 = DIRECTION ( 'NONE',  ( -0.3713906763541042766, 0.9284766908852590817, 1.549382487594995162E-16 ) ) ;
#12587 = LINE ( 'NONE', #150, #2425 ) ;
#12588 = ADVANCED_FACE ( 'NONE', ( #12732 ), #10067, .F. ) ;
#12589 = PLANE ( 'NONE',  #10661 ) ;
#12590 = VERTEX_POINT ( 'NONE', #8037 ) ;
#12591 = ORIENTED_EDGE ( 'NONE', *, *, #4670, .T. ) ;
#12592 = LINE ( 'NONE', #10623, #11063 ) ;
#12593 = EDGE_CURVE ( 'NONE', #5169, #8142, #3457, .T. ) ;
#12594 = EDGE_CURVE ( 'NONE', #10481, #6946, #12296, .T. ) ;
#12595 = CARTESIAN_POINT ( 'NONE',  ( 12.29499999999999993, 2.799999999999998490, -0.9499999999999999556 ) ) ;
#12596 = VECTOR ( 'NONE', #1650, 1000.000000000000000 ) ;
#12597 = FACE_OUTER_BOUND ( 'NONE', #1041, .T. ) ;
#12598 = VERTEX_POINT ( 'NONE', #5054 ) ;
#12599 = VECTOR ( 'NONE', #10657, 1000.000000000000000 ) ;
#12600 = LINE ( 'NONE', #3394, #10336 ) ;
#12601 = VERTEX_POINT ( 'NONE', #6268 ) ;
#12602 = DIRECTION ( 'NONE',  ( -1.110223024625156294E-16, 1.224646799147353207E-16, -1.000000000000000000 ) ) ;
#12603 = DIRECTION ( 'NONE',  ( 1.855469160087460128E-16, -0.3713906763541040545, 0.9284766908852591927 ) ) ;
#12604 = VECTOR ( 'NONE', #4170, 1000.000000000000000 ) ;
#12605 = EDGE_LOOP ( 'NONE', ( #11779, #594, #834, #12685 ) ) ;
#12606 = FACE_BOUND ( 'NONE', #1439, .T. ) ;
#12607 = LINE ( 'NONE', #301, #11473 ) ;
#12608 = DIRECTION ( 'NONE',  ( -1.110223024625156294E-16, 1.224646799147353207E-16, -1.000000000000000000 ) ) ;
#12609 = VERTEX_POINT ( 'NONE', #6196 ) ;
#12610 = DIRECTION ( 'NONE',  ( 2.599483128751245825E-15, 1.224646799147352221E-16, -1.000000000000000000 ) ) ;
#12611 = AXIS2_PLACEMENT_3D ( 'NONE', #8831, #9980, #11873 ) ;
#12612 = CARTESIAN_POINT ( 'NONE',  ( 16.53000000000000114, 9.099999999999999645, 4.425000000000001599 ) ) ;
#12613 = DIRECTION ( 'NONE',  ( -2.220446049250312095E-16, 1.000000000000000000, 1.224646799147353207E-16 ) ) ;
#12614 = DIRECTION ( 'NONE',  ( -1.110223024625156294E-16, 1.224646799147353207E-16, -1.000000000000000000 ) ) ;
#12615 = DIRECTION ( 'NONE',  ( 1.000000000000000000, 0.000000000000000000, -1.110223024625156294E-16 ) ) ;
#12616 = LINE ( 'NONE', #10785, #4068 ) ;
#12617 = EDGE_LOOP ( 'NONE', ( #3386, #5655, #5673, #11970 ) ) ;
#12618 = ORIENTED_EDGE ( 'NONE', *, *, #6905, .T. ) ;
#12619 = EDGE_CURVE ( 'NONE', #8941, #2440, #13308, .T. ) ;
#12620 = ORIENTED_EDGE ( 'NONE', *, *, #5803, .F. ) ;
#12621 = ORIENTED_EDGE ( 'NONE', *, *, #360, .T. ) ;
#12622 = LINE ( 'NONE', #12690, #2310 ) ;
#12623 = CARTESIAN_POINT ( 'NONE',  ( -1.590000000000005187, 8.100000000000001421, 1.590000000000002744 ) ) ;
#12624 = CARTESIAN_POINT ( 'NONE',  ( -11.75000000000000711, -3.000000000000004441, 1.150000000000003242 ) ) ;
#12625 =( GEOMETRIC_REPRESENTATION_CONTEXT ( 3 ) GLOBAL_UNCERTAINTY_ASSIGNED_CONTEXT ( ( #11793 ) ) GLOBAL_UNIT_ASSIGNED_CONTEXT ( ( #12526, #7247, #7320 ) ) REPRESENTATION_CONTEXT ( 'NONE', 'WORKASPACE' ) );
#12626 = ADVANCED_FACE ( 'NONE', ( #4041 ), #12430, .T. ) ;
#12627 = CARTESIAN_POINT ( 'NONE',  ( 16.29666666666660291, 9.316666666666671759, 3.991666666666671137 ) ) ;
#12628 = LINE ( 'NONE', #2353, #4394 ) ;
#12629 = EDGE_LOOP ( 'NONE', ( #1839, #7678, #6163, #11871 ) ) ;
#12630 = LINE ( 'NONE', #457, #157 ) ;
#12631 = VECTOR ( 'NONE', #2350, 1000.000000000000000 ) ;
#12632 = CARTESIAN_POINT ( 'NONE',  ( -16.08000000000000895, 9.099999999999999645, 3.775000000000005684 ) ) ;
#12633 = EDGE_CURVE ( 'NONE', #1549, #3348, #8176, .T. ) ;
#12634 = AXIS2_PLACEMENT_3D ( 'NONE', #7654, #10890, #10012 ) ;
#12635 = DIRECTION ( 'NONE',  ( -1.000000000000000000, 0.000000000000000000, 1.110223024625156294E-16 ) ) ;
#12636 = VERTEX_POINT ( 'NONE', #5120 ) ;
#12637 = VECTOR ( 'NONE', #12441, 1000.000000000000000 ) ;
#12638 = ORIENTED_EDGE ( 'NONE', *, *, #8967, .T. ) ;
#12639 = LINE ( 'NONE', #5457, #5994 ) ;
#12640 = CARTESIAN_POINT ( 'NONE',  ( -6.030000000000004690, 8.599999999999999645, -1.589999999999997193 ) ) ;
#12641 = DIRECTION ( 'NONE',  ( -1.000000000000000000, 0.000000000000000000, 1.110223024625156294E-16 ) ) ;
#12642 = CARTESIAN_POINT ( 'NONE',  ( 6.029999999999995808, -2.500000000000003109, -1.589999999999999858 ) ) ;
#12643 = DIRECTION ( 'NONE',  ( -1.110223024625156294E-16, 1.224646799147353207E-16, -1.000000000000000000 ) ) ;
#12644 = EDGE_LOOP ( 'NONE', ( #2751, #6552, #7303, #10992 ) ) ;
#12645 = DIRECTION ( 'NONE',  ( 1.855469160087460128E-16, -0.3713906763541040545, 0.9284766908852591927 ) ) ;
#12646 = EDGE_LOOP ( 'NONE', ( #10160, #1057, #1809, #6766 ) ) ;
#12647 = VECTOR ( 'NONE', #12474, 1000.000000000000000 ) ;
#12648 = FACE_OUTER_BOUND ( 'NONE', #2928, .T. ) ;
#12649 = ORIENTED_EDGE ( 'NONE', *, *, #11035, .T. ) ;
#12650 = ORIENTED_EDGE ( 'NONE', *, *, #9616, .F. ) ;
#12651 = CARTESIAN_POINT ( 'NONE',  ( -13.64000000000000945, -3.469446951953614189E-15, 3.625000000000003553 ) ) ;
#12652 = CARTESIAN_POINT ( 'NONE',  ( -11.11000000000000654, 8.599999999999999645, -1.589999999999996305 ) ) ;
#12653 = FACE_BOUND ( 'NONE', #7279, .T. ) ;
#12654 = EDGE_CURVE ( 'NONE', #692, #2381, #4992, .T. ) ;
#12655 = SURFACE_STYLE_USAGE ( .BOTH. , #2112 ) ;
#12656 = EDGE_LOOP ( 'NONE', ( #2433, #10559, #4977, #11058 ) ) ;
#12657 = ORIENTED_EDGE ( 'NONE', *, *, #5884, .F. ) ;
#12658 = DIRECTION ( 'NONE',  ( -1.110223024625156294E-16, 1.224646799147353207E-16, -1.000000000000000000 ) ) ;
#12659 = VECTOR ( 'NONE', #12477, 1000.000000000000000 ) ;
#12660 = DIRECTION ( 'NONE',  ( 2.220446049250312095E-16, -1.000000000000000000, -1.224646799147353207E-16 ) ) ;
#12661 = CARTESIAN_POINT ( 'NONE',  ( -1.590000000000002967, -2.500000000000003997, 1.590000000000001412 ) ) ;
#12662 = ORIENTED_EDGE ( 'NONE', *, *, #1243, .T. ) ;
#12663 = LINE ( 'NONE', #10567, #7102 ) ;
#12664 = AXIS2_PLACEMENT_3D ( 'NONE', #4566, #4368, #10523 ) ;
#12666 = ADVANCED_FACE ( 'NONE', ( #6003 ), #3025, .T. ) ;
#12665 = ORIENTED_EDGE ( 'NONE', *, *, #6219, .T. ) ;
#12667 = PLANE ( 'NONE',  #11609 ) ;
#12668 = EDGE_CURVE ( 'NONE', #11844, #692, #9248, .T. ) ;
#12669 = EDGE_CURVE ( 'NONE', #9923, #4456, #12360, .T. ) ;
#12670 = FACE_OUTER_BOUND ( 'NONE', #8064, .T. ) ;
#12671 = EDGE_LOOP ( 'NONE', ( #10645, #5343, #3232, #5310 ) ) ;
#12672 = FACE_OUTER_BOUND ( 'NONE', #5219, .T. ) ;
#12673 = DIRECTION ( 'NONE',  ( 1.000000000000000000, 0.000000000000000000, -1.110223024625156294E-16 ) ) ;
#12674 = CARTESIAN_POINT ( 'NONE',  ( 3.490000000000001990, -2.500000000000003997, 0.9500000000000007327 ) ) ;
#12675 = ORIENTED_EDGE ( 'NONE', *, *, #6471, .F. ) ;
#12676 = CARTESIAN_POINT ( 'NONE',  ( 16.53000000000000114, 0.2499999999999967526, -2.090000000000000746 ) ) ;
#12677 = DIRECTION ( 'NONE',  ( 2.220446049250312095E-16, -1.000000000000000000, -1.224646799147353207E-16 ) ) ;
#12678 = VECTOR ( 'NONE', #7975, 1000.000000000000000 ) ;
#12679 = VECTOR ( 'NONE', #1305, 1000.000000000000000 ) ;
#12680 = EDGE_CURVE ( 'NONE', #4484, #6885, #2959, .T. ) ;
#12681 = CARTESIAN_POINT ( 'NONE',  ( -8.569999999999998508, -32.81321928319991343, 1.589999999999998526 ) ) ;
#12682 = DIRECTION ( 'NONE',  ( -1.110223024625156294E-16, 1.224646799147353207E-16, -1.000000000000000000 ) ) ;
#12683 = EDGE_CURVE ( 'NONE', #8750, #1988, #2016, .T. ) ;
#12684 = CARTESIAN_POINT ( 'NONE',  ( -3.116060606060619520, 7.165151515151511497, -0.5760606060606027201 ) ) ;
#12685 = ORIENTED_EDGE ( 'NONE', *, *, #6629, .F. ) ;
#12686 = EDGE_LOOP ( 'NONE', ( #6172, #10790, #5963, #13125 ) ) ;
#12687 = AXIS2_PLACEMENT_3D ( 'NONE', #7888, #5984, #3139 ) ;
#12688 = ORIENTED_EDGE ( 'NONE', *, *, #11266, .F. ) ;
#12689 = ORIENTED_EDGE ( 'NONE', *, *, #5619, .F. ) ;
#12690 = CARTESIAN_POINT ( 'NONE',  ( 0.9499999999999951816, 8.599999999999997868, 0.9500000000000023981 ) ) ;
#12691 = VECTOR ( 'NONE', #7599, 1000.000000000000000 ) ;
#12692 = FACE_OUTER_BOUND ( 'NONE', #9746, .T. ) ;
#12693 = PLANE ( 'NONE',  #963 ) ;
#12694 = VECTOR ( 'NONE', #12121, 1000.000000000000000 ) ;
#12695 = CARTESIAN_POINT ( 'NONE',  ( 15.47999999999999687, 2.599999999999999201, -3.174999999999999822 ) ) ;
#12696 = DIRECTION ( 'NONE',  ( 1.110223024625156294E-16, -1.224646799147353207E-16, 1.000000000000000000 ) ) ;
#12697 = ORIENTED_EDGE ( 'NONE', *, *, #10544, .T. ) ;
#12698 = PLANE ( 'NONE',  #12891 ) ;
#12699 = EDGE_CURVE ( 'NONE', #9044, #4599, #7021, .T. ) ;
#12701 = STYLED_ITEM ( 'NONE', ( #223 ), #10853 ) ;
#12700 = FACE_OUTER_BOUND ( 'NONE', #7581, .T. ) ;
#12702 = DIRECTION ( 'NONE',  ( -2.220446049250312095E-16, 1.000000000000000000, 1.224646799147353207E-16 ) ) ;
#12703 = EDGE_CURVE ( 'NONE', #5944, #4004, #3089, .T. ) ;
#12704 = VERTEX_POINT ( 'NONE', #2079 ) ;
#12705 = VECTOR ( 'NONE', #12383, 1000.000000000000000 ) ;
#12706 = ORIENTED_EDGE ( 'NONE', *, *, #9858, .T. ) ;
#12707 = VECTOR ( 'NONE', #4445, 1000.000000000000000 ) ;
#12708 = PLANE ( 'NONE',  #7730 ) ;
#12709 = VERTEX_POINT ( 'NONE', #10333 ) ;
#12710 = CARTESIAN_POINT ( 'NONE',  ( -1.590000000000003189, -2.500000000000003997, -0.9499999999999990674 ) ) ;
#12711 = VECTOR ( 'NONE', #9652, 1000.000000000000114 ) ;
#12712 = DIRECTION ( 'NONE',  ( 1.359631073446890508E-32, 1.000000000000000000, 1.224646799147352961E-16 ) ) ;
#12713 = DIRECTION ( 'NONE',  ( -2.220446049250312095E-16, 1.000000000000000000, 1.224646799147353207E-16 ) ) ;
#12714 = CARTESIAN_POINT ( 'NONE',  ( -8.570000000000005613, 8.599999999999999645, 1.150000000000004130 ) ) ;
#12715 = EDGE_LOOP ( 'NONE', ( #12675, #7019, #6707, #10028 ) ) ;
#12716 = CARTESIAN_POINT ( 'NONE',  ( 12.29500000000000348, -2.500000000000002220, -0.9500000000000006217 ) ) ;
#12717 = ORIENTED_EDGE ( 'NONE', *, *, #3932, .T. ) ;
#12718 = CARTESIAN_POINT ( 'NONE',  ( 4.503939393939385027, -1.565151515151522954, 1.963939393939390765 ) ) ;
#12719 = VECTOR ( 'NONE', #593, 1000.000000000000000 ) ;
#12720 = VECTOR ( 'NONE', #6638, 1000.000000000000000 ) ;
#12721 = VERTEX_POINT ( 'NONE', #1067 ) ;
#12722 = ORIENTED_EDGE ( 'NONE', *, *, #8947, .T. ) ;
#12723 = EDGE_CURVE ( 'NONE', #10767, #9179, #10399, .T. ) ;
#12724 = LINE ( 'NONE', #346, #5350 ) ;
#12725 = DIRECTION ( 'NONE',  ( 1.110223024625156294E-16, -1.224646799147352961E-16, 1.000000000000000000 ) ) ;
#12726 = CARTESIAN_POINT ( 'NONE',  ( -0.9500000000000039524, 8.600000000000001421, -0.9499999999999978462 ) ) ;
#12727 = PLANE ( 'NONE',  #8520 ) ;
#12728 = VECTOR ( 'NONE', #2828, 1000.000000000000000 ) ;
#12729 = ORIENTED_EDGE ( 'NONE', *, *, #12085, .F. ) ;
#12730 = ORIENTED_EDGE ( 'NONE', *, *, #8933, .F. ) ;
#12731 = FACE_OUTER_BOUND ( 'NONE', #9809, .T. ) ;
#12732 = FACE_OUTER_BOUND ( 'NONE', #3464, .T. ) ;
#12733 = EDGE_CURVE ( 'NONE', #2251, #4362, #4175, .T. ) ;
#12734 = ORIENTED_EDGE ( 'NONE', *, *, #14, .T. ) ;
#12735 = AXIS2_PLACEMENT_3D ( 'NONE', #9384, #128, #10137 ) ;
#12736 = LINE ( 'NONE', #8540, #8616 ) ;
#12737 = ORIENTED_EDGE ( 'NONE', *, *, #11964, .F. ) ;
#12738 = DIRECTION ( 'NONE',  ( -0.3481553119113961481, 0.8703882797784888714, 0.3481553119113960371 ) ) ;
#12739 = LINE ( 'NONE', #627, #4471 ) ;
#12740 = ORIENTED_EDGE ( 'NONE', *, *, #13358, .F. ) ;
#12741 = CARTESIAN_POINT ( 'NONE',  ( 16.53000000000000114, 0.2499999999999958922, 4.424999999999999822 ) ) ;
#12742 = FACE_OUTER_BOUND ( 'NONE', #10245, .T. ) ;
#12743 = VERTEX_POINT ( 'NONE', #2157 ) ;
#12744 = FACE_OUTER_BOUND ( 'NONE', #5560, .T. ) ;
#12745 = ADVANCED_FACE ( 'NONE', ( #1133 ), #11155, .T. ) ;
#12746 = EDGE_CURVE ( 'NONE', #1198, #278, #872, .T. ) ;
#12747 = LINE ( 'NONE', #3471, #2541 ) ;
#12748 = EDGE_CURVE ( 'NONE', #11343, #10310, #8105, .T. ) ;
#12749 = CARTESIAN_POINT ( 'NONE',  ( -6.030000000000002025, 0.7499999999999972244, -0.9499999999999982903 ) ) ;
#12750 = UNCERTAINTY_MEASURE_WITH_UNIT (LENGTH_MEASURE( 1.000000000000000082E-05 ), #9756, 'distance_accuracy_value', 'NONE');
#12751 = FACE_OUTER_BOUND ( 'NONE', #3982, .T. ) ;
#12752 = ORIENTED_EDGE ( 'NONE', *, *, #9284, .T. ) ;
#12753 = ORIENTED_EDGE ( 'NONE', *, *, #5910, .F. ) ;
#12754 = LINE ( 'NONE', #1525, #4385 ) ;
#12755 = VERTEX_POINT ( 'NONE', #196 ) ;
#12756 = EDGE_CURVE ( 'NONE', #12590, #13375, #11742, .T. ) ;
#12757 = ORIENTED_EDGE ( 'NONE', *, *, #158, .F. ) ;
#12758 =( NAMED_UNIT ( * ) SI_UNIT ( $, .STERADIAN. ) SOLID_ANGLE_UNIT ( ) );
#12759 = CARTESIAN_POINT ( 'NONE',  ( -4.130000000000005222, 8.100000000000001421, -0.9499999999999975131 ) ) ;
#12760 = EDGE_CURVE ( 'NONE', #11349, #6796, #3361, .T. ) ;
#12761 = DIRECTION ( 'NONE',  ( -0.3481553119113939831, 0.8703882797784897596, 0.3481553119113959816 ) ) ;
#12762 = PLANE ( 'NONE',  #11978 ) ;
#12763 = DIRECTION ( 'NONE',  ( 1.110223024625156294E-16, -1.224646799147352961E-16, 1.000000000000000000 ) ) ;
#12764 = ORIENTED_EDGE ( 'NONE', *, *, #4069, .F. ) ;
#12765 = LINE ( 'NONE', #9784, #1229 ) ;
#12766 = CARTESIAN_POINT ( 'NONE',  ( 4.129999999999996341, 0.7499999999999981126, -1.589999999999998970 ) ) ;
#12767 = LINE ( 'NONE', #3362, #5360 ) ;
#12768 = ORIENTED_EDGE ( 'NONE', *, *, #3441, .F. ) ;
#12769 = VECTOR ( 'NONE', #11458, 1000.000000000000000 ) ;
#12770 = EDGE_LOOP ( 'NONE', ( #7749, #12373, #6910, #1879 ) ) ;
#12771 = PLANE ( 'NONE',  #9453 ) ;
#12772 = EDGE_LOOP ( 'NONE', ( #9711, #9810, #5888, #11567 ) ) ;
#12773 = DIRECTION ( 'NONE',  ( 1.000000000000000000, 0.000000000000000000, -1.110223024625156294E-16 ) ) ;
#12774 = DIRECTION ( 'NONE',  ( -1.000000000000000000, -2.220446049250308890E-16, -2.599483128751243459E-15 ) ) ;
#12775 = FACE_OUTER_BOUND ( 'NONE', #1377, .T. ) ;
#12776 = CARTESIAN_POINT ( 'NONE',  ( 15.47999999999999687, 2.599999999999998312, 1.649999999999999467 ) ) ;
#12777 = VERTEX_POINT ( 'NONE', #1471 ) ;
#12778 = AXIS2_PLACEMENT_3D ( 'NONE', #5866, #1822, #5939 ) ;
#12779 = LINE ( 'NONE', #8782, #9996 ) ;
#12780 = ORIENTED_EDGE ( 'NONE', *, *, #11642, .F. ) ;
#12781 = CARTESIAN_POINT ( 'NONE',  ( 4.675000000000000711, -2.500000000000003109, -0.9499999999999997335 ) ) ;
#12782 = AXIS2_PLACEMENT_3D ( 'NONE', #6986, #10982, #9830 ) ;
#12783 = ORIENTED_EDGE ( 'NONE', *, *, #12406, .F. ) ;
#12784 = ORIENTED_EDGE ( 'NONE', *, *, #7961, .F. ) ;
#12785 = CARTESIAN_POINT ( 'NONE',  ( -1.150000000000009237, 8.599999999999999645, 1.590000000000002744 ) ) ;
#12786 = PLANE ( 'NONE',  #673 ) ;
#12787 = EDGE_CURVE ( 'NONE', #6980, #10772, #4575, .T. ) ;
#12788 = FACE_BOUND ( 'NONE', #8688, .T. ) ;
#12789 =( NAMED_UNIT ( * ) SI_UNIT ( $, .STERADIAN. ) SOLID_ANGLE_UNIT ( ) );
#12790 = VECTOR ( 'NONE', #7324, 1000.000000000000114 ) ;
#12791 = ORIENTED_EDGE ( 'NONE', *, *, #12683, .T. ) ;
#12792 = ORIENTED_EDGE ( 'NONE', *, *, #4142, .F. ) ;
#12793 = CARTESIAN_POINT ( 'NONE',  ( 11.18757575757579659, 8.293939393939391280, 1.027575757575760251 ) ) ;
#12794 = EDGE_CURVE ( 'NONE', #12433, #7979, #8646, .T. ) ;
#12795 = DIRECTION ( 'NONE',  ( -1.110223024625156294E-16, 1.224646799147353207E-16, -1.000000000000000000 ) ) ;
#12796 = DIRECTION ( 'NONE',  ( -7.850462293418888160E-17, 0.7071067811865462405, -0.7071067811865487940 ) ) ;
#12797 = EDGE_CURVE ( 'NONE', #654, #7944, #9514, .T. ) ;
#12798 = ORIENTED_EDGE ( 'NONE', *, *, #9301, .F. ) ;
#12799 = LINE ( 'NONE', #5620, #4507 ) ;
#12800 = VECTOR ( 'NONE', #7103, 1000.000000000000114 ) ;
#12801 = VECTOR ( 'NONE', #11816, 1000.000000000000000 ) ;
#12802 = ORIENTED_EDGE ( 'NONE', *, *, #8576, .T. ) ;
#12803 = CARTESIAN_POINT ( 'NONE',  ( -8.025000000000000355, -2.500000000000003109, 1.590000000000002300 ) ) ;
#12804 = VECTOR ( 'NONE', #6896, 1000.000000000000000 ) ;
#12805 = DIRECTION ( 'NONE',  ( -1.110223024625156294E-16, 1.224646799147353207E-16, -1.000000000000000000 ) ) ;
#12806 = FILL_AREA_STYLE_COLOUR ( '', #616 ) ;
#12807 = ORIENTED_EDGE ( 'NONE', *, *, #8528, .T. ) ;
#12808 = CARTESIAN_POINT ( 'NONE',  ( 13.64000000000000234, 0.2499999999999950040, 3.625000000000000888 ) ) ;
#12809 = LINE ( 'NONE', #7537, #341 ) ;
#12810 = VERTEX_POINT ( 'NONE', #6400 ) ;
#12811 = CARTESIAN_POINT ( 'NONE',  ( -8.070000000000003837, 0.2499999999999967526, 2.090000000000003411 ) ) ;
#12812 = AXIS2_PLACEMENT_3D ( 'NONE', #4, #8391, #11627 ) ;
#12813 = LINE ( 'NONE', #1450, #4048 ) ;
#12814 = LINE ( 'NONE', #3542, #5692 ) ;
#12815 = LINE ( 'NONE', #12684, #2125 ) ;
#12816 = ORIENTED_EDGE ( 'NONE', *, *, #1419, .F. ) ;
#12817 = ORIENTED_EDGE ( 'NONE', *, *, #9081, .F. ) ;
#12818 = AXIS2_PLACEMENT_3D ( 'NONE', #8571, #9717, #1326 ) ;
#12819 = DIRECTION ( 'NONE',  ( -0.3713906763541042766, 0.9284766908852590817, 1.549382487594995162E-16 ) ) ;
#12820 = CARTESIAN_POINT ( 'NONE',  ( -3.490000000000011315, 8.599999999999999645, 1.590000000000003189 ) ) ;
#12821 = AXIS2_PLACEMENT_3D ( 'NONE', #9499, #11596, #3213 ) ;
#12822 = ADVANCED_FACE ( 'NONE', ( #9721 ), #6467, .F. ) ;
#12823 = ORIENTED_EDGE ( 'NONE', *, *, #8369, .F. ) ;
#12824 = LINE ( 'NONE', #4504, #5099 ) ;
#12825 = ADVANCED_FACE ( 'NONE', ( #3289 ), #5522, .F. ) ;
#12826 = DIRECTION ( 'NONE',  ( -1.110223024625156294E-16, 1.224646799147353207E-16, -1.000000000000000000 ) ) ;
#12827 = DIRECTION ( 'NONE',  ( 2.220446049250312095E-16, -1.000000000000000000, -1.224646799147353207E-16 ) ) ;
#12828 = DIRECTION ( 'NONE',  ( -0.3713906763541042766, 0.9284766908852590817, 1.549382487594995162E-16 ) ) ;
#12829 = DIRECTION ( 'NONE',  ( 1.359631073446890508E-32, 1.000000000000000000, 1.224646799147352961E-16 ) ) ;
#12830 = ORIENTED_EDGE ( 'NONE', *, *, #9352, .F. ) ;
#12831 = DIRECTION ( 'NONE',  ( 1.110223024625156294E-16, -1.224646799147353207E-16, 1.000000000000000000 ) ) ;
#12832 = LINE ( 'NONE', #8965, #9364 ) ;
#12833 = DIRECTION ( 'NONE',  ( 2.821527733676277528E-15, -1.224646799147354193E-16, 1.000000000000000000 ) ) ;
#12834 = ORIENTED_EDGE ( 'NONE', *, *, #13041, .F. ) ;
#12835 = ORIENTED_EDGE ( 'NONE', *, *, #11626, .T. ) ;
#12836 = EDGE_CURVE ( 'NONE', #10761, #3786, #256, .T. ) ;
#12838 = LINE ( 'NONE', #1275, #820 ) ;
#12837 = VECTOR ( 'NONE', #8793, 1000.000000000000227 ) ;
#12839 = EDGE_LOOP ( 'NONE', ( #1443, #3678, #10148, #12191 ) ) ;
#12840 = PRESENTATION_STYLE_ASSIGNMENT (( #4521 ) ) ;
#12841 = EDGE_CURVE ( 'NONE', #13280, #12268, #4444, .T. ) ;
#12842 = CARTESIAN_POINT ( 'NONE',  ( -1.590000000000002744, -3.000000000000004441, 1.150000000000001910 ) ) ;
#12843 = DIRECTION ( 'NONE',  ( 1.855469160087460128E-16, -0.3713906763541040545, 0.9284766908852591927 ) ) ;
#12844 = ORIENTED_EDGE ( 'NONE', *, *, #8614, .T. ) ;
#12845 = DIRECTION ( 'NONE',  ( 2.220446049250312095E-16, -1.000000000000000000, -1.224646799147353207E-16 ) ) ;
#12846 = VECTOR ( 'NONE', #660, 1000.000000000000000 ) ;
#12847 = EDGE_LOOP ( 'NONE', ( #5613, #1786, #1511, #1321 ) ) ;
#12848 = LINE ( 'NONE', #12718, #11072 ) ;
#12849 = VECTOR ( 'NONE', #4168, 1000.000000000000000 ) ;
#12850 = VERTEX_POINT ( 'NONE', #391 ) ;
#12851 = EDGE_CURVE ( 'NONE', #2682, #4184, #9651, .T. ) ;
#12852 = ORIENTED_EDGE ( 'NONE', *, *, #5210, .F. ) ;
#12853 = CARTESIAN_POINT ( 'NONE',  ( 0.3249999999999939604, 9.099999999999999645, -4.424999999999998046 ) ) ;
#12854 = CARTESIAN_POINT ( 'NONE',  ( -3.490000000000011315, 8.599999999999999645, 1.590000000000003189 ) ) ;
#12855 = ORIENTED_EDGE ( 'NONE', *, *, #6370, .F. ) ;
#12856 = AXIS2_PLACEMENT_3D ( 'NONE', #7752, #12826, #384 ) ;
#12857 = ORIENTED_EDGE ( 'NONE', *, *, #2098, .T. ) ;
#12858 = DIRECTION ( 'NONE',  ( 1.000000000000000000, 0.000000000000000000, 0.000000000000000000 ) ) ;
#12859 = CARTESIAN_POINT ( 'NONE',  ( 11.75000000000000711, -32.81321928319991343, 0.9499999999999961808 ) ) ;
#12860 = CARTESIAN_POINT ( 'NONE',  ( -3.490000000000001990, -2.500000000000003109, 1.590000000000001856 ) ) ;
#12861 = DIRECTION ( 'NONE',  ( -1.110223024625156294E-16, 1.224646799147353207E-16, -1.000000000000000000 ) ) ;
#12862 = ADVANCED_FACE ( 'NONE', ( #12700 ), #4375, .F. ) ;
#12863 = VERTEX_POINT ( 'NONE', #8574 ) ;
#12864 = DIRECTION ( 'NONE',  ( 2.821527733676277528E-15, -1.224646799147354193E-16, 1.000000000000000000 ) ) ;
#12865 = ORIENTED_EDGE ( 'NONE', *, *, #8612, .T. ) ;
#12866 = CARTESIAN_POINT ( 'NONE',  ( -15.48000000000000576, 8.499999999999998224, 3.175000000000004263 ) ) ;
#12867 = DIRECTION ( 'NONE',  ( -2.220446049250312095E-16, 1.000000000000000000, 1.224646799147353207E-16 ) ) ;
#12868 = CARTESIAN_POINT ( 'NONE',  ( 11.10999999999999943, 8.099999999999999645, 1.590000000000001412 ) ) ;
#12869 = ORIENTED_EDGE ( 'NONE', *, *, #8657, .T. ) ;
#12870 = VECTOR ( 'NONE', #6794, 1000.000000000000000 ) ;
#12871 = CARTESIAN_POINT ( 'NONE',  ( 11.67242424242430054, -2.693939393939392524, -1.512424242424239562 ) ) ;
#12872 = VERTEX_POINT ( 'NONE', #10726 ) ;
#12873 = CARTESIAN_POINT ( 'NONE',  ( 3.490000000000001545, -32.81321928319991343, 0.9499999999999970690 ) ) ;
#12874 = LINE ( 'NONE', #7802, #9222 ) ;
#12875 = LINE ( 'NONE', #8814, #10454 ) ;
#12876 = LINE ( 'NONE', #3608, #2767 ) ;
#12877 = ORIENTED_EDGE ( 'NONE', *, *, #5135, .T. ) ;
#12878 = FACE_OUTER_BOUND ( 'NONE', #1098, .T. ) ;
#12879 = EDGE_CURVE ( 'NONE', #11116, #8452, #10466, .T. ) ;
#12880 = PLANE ( 'NONE',  #11652 ) ;
#12881 = EDGE_LOOP ( 'NONE', ( #1738, #6077, #8209, #1917 ) ) ;
#12882 = DIRECTION ( 'NONE',  ( 1.110223024625156294E-16, -1.224646799147353207E-16, 1.000000000000000000 ) ) ;
#12883 = VECTOR ( 'NONE', #11952, 1000.000000000000000 ) ;
#12884 = FACE_OUTER_BOUND ( 'NONE', #12504, .T. ) ;
#12885 = CARTESIAN_POINT ( 'NONE',  ( 16.53000000000000114, 0.2499999999999967526, 2.090000000000000746 ) ) ;
#12886 = CARTESIAN_POINT ( 'NONE',  ( -2.250000000000005773, 8.499999999999998224, 3.175000000000002931 ) ) ;
#12887 = CARTESIAN_POINT ( 'NONE',  ( -5.530000000000001137, 0.2499999999999967526, 4.424999999999942091 ) ) ;
#12888 = ORIENTED_EDGE ( 'NONE', *, *, #905, .T. ) ;
#12889 = PLANE ( 'NONE',  #803 ) ;
#12890 = CARTESIAN_POINT ( 'NONE',  ( -13.64000000000000945, -2.602085213965210642E-15, -3.624999999999996003 ) ) ;
#12891 = AXIS2_PLACEMENT_3D ( 'NONE', #255, #1470, #3429 ) ;
#12892 = ORIENTED_EDGE ( 'NONE', *, *, #1793, .T. ) ;
#12893 = VERTEX_POINT ( 'NONE', #12632 ) ;
#12894 = CARTESIAN_POINT ( 'NONE',  ( 3.489999999999992220, 8.100000000000001421, 1.590000000000002300 ) ) ;
#12895 = VERTEX_POINT ( 'NONE', #12766 ) ;
#12896 = CARTESIAN_POINT ( 'NONE',  ( -6.592424242424243630, 8.293939393939391280, 1.027575757575762028 ) ) ;
#12897 = AXIS2_PLACEMENT_3D ( 'NONE', #5409, #11440, #7243 ) ;
#12898 = CARTESIAN_POINT ( 'NONE',  ( -11.33500000000000796, -1.375000000000004663, 1.175000000000002487 ) ) ;
#12899 = LINE ( 'NONE', #8587, #8547 ) ;
#12900 = ORIENTED_EDGE ( 'NONE', *, *, #10098, .F. ) ;
#12901 = PLANE ( 'NONE',  #11510 ) ;
#12902 = AXIS2_PLACEMENT_3D ( 'NONE', #6778, #8754, #568 ) ;
#12903 = ORIENTED_EDGE ( 'NONE', *, *, #2512, .T. ) ;
#12904 = DIRECTION ( 'NONE',  ( -0.3481553119113940942, 0.8703882797784897596, -0.3481553119113955930 ) ) ;
#12905 = ADVANCED_FACE ( 'NONE', ( #6335 ), #6602, .F. ) ;
#12906 = EDGE_CURVE ( 'NONE', #8431, #12167, #5324, .T. ) ;
#12907 = ADVANCED_FACE ( 'NONE', ( #4307 ), #10597, .T. ) ;
#12908 = VECTOR ( 'NONE', #13386, 1000.000000000000000 ) ;
#12909 = ORIENTED_EDGE ( 'NONE', *, *, #6461, .F. ) ;
#12910 = ORIENTED_EDGE ( 'NONE', *, *, #11223, .T. ) ;
#12911 = VECTOR ( 'NONE', #3049, 1000.000000000000000 ) ;
#12912 = DIRECTION ( 'NONE',  ( -1.110223024625156294E-16, 1.224646799147353207E-16, -1.000000000000000000 ) ) ;
#12913 = FACE_OUTER_BOUND ( 'NONE', #9033, .T. ) ;
#12914 = CARTESIAN_POINT ( 'NONE',  ( 2.134999999999992681, -2.500000000000003997, -0.9499999999999995115 ) ) ;
#12915 = ADVANCED_FACE ( 'NONE', ( #4703 ), #11069, .T. ) ;
#12916 = ADVANCED_FACE ( 'NONE', ( #788 ), #8770, .T. ) ;
#12917 = EDGE_LOOP ( 'NONE', ( #9726, #5263, #194, #10601 ) ) ;
#12918 = VECTOR ( 'NONE', #7013, 1000.000000000000000 ) ;
#12919 = ORIENTED_EDGE ( 'NONE', *, *, #4805, .F. ) ;
#12920 = ADVANCED_FACE ( 'NONE', ( #11809 ), #7958, .F. ) ;
#12921 = LINE ( 'NONE', #7848, #12415 ) ;
#12922 = VECTOR ( 'NONE', #11143, 1000.000000000000000 ) ;
#12923 = PLANE ( 'NONE',  #279 ) ;
#12924 = FACE_OUTER_BOUND ( 'NONE', #4915, .T. ) ;
#12925 = EDGE_CURVE ( 'NONE', #11963, #8829, #652, .T. ) ;
#12926 = ORIENTED_EDGE ( 'NONE', *, *, #11968, .T. ) ;
#12927 = CARTESIAN_POINT ( 'NONE',  ( 1.963939393939385436, 7.165151515151509720, 1.963939393939392541 ) ) ;
#12928 = VECTOR ( 'NONE', #2727, 1000.000000000000000 ) ;
#12929 = ORIENTED_EDGE ( 'NONE', *, *, #5043, .F. ) ;
#12930 = CARTESIAN_POINT ( 'NONE',  ( 8.647575757575754807, 8.293939393939391280, -1.512424242424238008 ) ) ;
#12931 = CARTESIAN_POINT ( 'NONE',  ( 4.129999999999999893, -32.81321928319991343, -1.590000000000003189 ) ) ;
#12932 = FACE_OUTER_BOUND ( 'NONE', #420, .T. ) ;
#12933 = ORIENTED_EDGE ( 'NONE', *, *, #12760, .T. ) ;
#12934 = ADVANCED_FACE ( 'NONE', ( #10929 ), #7889, .F. ) ;
#12935 = LINE ( 'NONE', #3667, #6544 ) ;
#12936 = ORIENTED_EDGE ( 'NONE', *, *, #11598, .F. ) ;
#12937 = CARTESIAN_POINT ( 'NONE',  ( 6.669999999999997264, -32.81321928319991343, 1.589999999999996749 ) ) ;
#12938 = EDGE_CURVE ( 'NONE', #11071, #2224, #4908, .T. ) ;
#12939 = ADVANCED_FACE ( 'NONE', ( #10864 ), #1665, .T. ) ;
#12940 = AXIS2_PLACEMENT_3D ( 'NONE', #2384, #1032, #5156 ) ;
#12941 =( NAMED_UNIT ( * ) PLANE_ANGLE_UNIT ( ) SI_UNIT ( $, .RADIAN. ) );
#12942 = DIRECTION ( 'NONE',  ( -1.000000000000000000, 0.000000000000000000, 1.110223024625156294E-16 ) ) ;
#12943 = DIRECTION ( 'NONE',  ( 0.5773502691896273964, -0.5773502691896261751, 0.5773502691896236216 ) ) ;
#12944 = EDGE_LOOP ( 'NONE', ( #11066, #1937, #2934, #8204 ) ) ;
#12945 = DIRECTION ( 'NONE',  ( 1.855469160087460128E-16, -0.3713906763541040545, 0.9284766908852591927 ) ) ;
#12946 = ORIENTED_EDGE ( 'NONE', *, *, #5257, .F. ) ;
#12947 = CLOSED_SHELL ( 'NONE', ( #9353, #8196, #10983, #10174, #7545, #6220, #11790, #11826, #1869, #2980, #10525, #2677, #1186, #1804 ) ) ;
#12948 = ORIENTED_EDGE ( 'NONE', *, *, #8421, .T. ) ;
#12949 = CARTESIAN_POINT ( 'NONE',  ( 11.54999999999999361, -3.000000000000002665, -1.150000000000000799 ) ) ;
#12950 = CARTESIAN_POINT ( 'NONE',  ( 6.469999999999995310, 8.599999999999999645, 1.390000000000001235 ) ) ;
#12951 = LINE ( 'NONE', #3681, #680 ) ;
#12952 = CARTESIAN_POINT ( 'NONE',  ( 11.28575757575759830, -2.939393939393943889, 1.414242424242419194 ) ) ;
#12953 = CARTESIAN_POINT ( 'NONE',  ( 11.10999999999999766, -3.000000000000002665, -0.9500000000000005107 ) ) ;
#12954 = ORIENTED_EDGE ( 'NONE', *, *, #11946, .T. ) ;
#12955 = EDGE_CURVE ( 'NONE', #7548, #6311, #2745, .T. ) ;
#12956 = FACE_OUTER_BOUND ( 'NONE', #13231, .T. ) ;
#12957 = CYLINDRICAL_SURFACE ( 'NONE', #1369, 0.4250000000000001554 ) ;
#12958 = CARTESIAN_POINT ( 'NONE',  ( 1.414242424242424301, 8.539393939393940869, -1.414242424242417195 ) ) ;
#12959 = ADVANCED_FACE ( 'NONE', ( #11002 ), #12957, .T. ) ;
#12960 = ORIENTED_EDGE ( 'NONE', *, *, #3978, .F. ) ;
#12961 = ORIENTED_EDGE ( 'NONE', *, *, #5018, .F. ) ;
#12962 = CARTESIAN_POINT ( 'NONE',  ( -2.945000000000007390, 8.100000000000001421, 0.9500000000000028422 ) ) ;
#12963 = EDGE_LOOP ( 'NONE', ( #8466, #4468, #4527, #3512 ) ) ;
#12964 =( LENGTH_UNIT ( ) NAMED_UNIT ( * ) SI_UNIT ( .MILLI., .METRE. ) );
#12965 = CARTESIAN_POINT ( 'NONE',  ( -1.150000000000006795, -3.000000000000004441, 1.150000000000001910 ) ) ;
#12966 = DIRECTION ( 'NONE',  ( 1.030816200048588727E-16, 0.3713906763541041101, 0.9284766908852591927 ) ) ;
#12967 = ORIENTED_EDGE ( 'NONE', *, *, #10416, .F. ) ;
#12968 = CARTESIAN_POINT ( 'NONE',  ( -8.770000000000012008, 8.599999999999999645, -1.389999999999996350 ) ) ;
#12969 = CARTESIAN_POINT ( 'NONE',  ( -11.75000000000000711, -3.000000000000003553, -1.389999999999997238 ) ) ;
#12970 = ORIENTED_EDGE ( 'NONE', *, *, #3576, .F. ) ;
#12971 = FACE_OUTER_BOUND ( 'NONE', #12686, .T. ) ;
#12972 = ORIENTED_EDGE ( 'NONE', *, *, #2386, .T. ) ;
#12973 = ORIENTED_EDGE ( 'NONE', *, *, #12879, .F. ) ;
#12974 = PLANE ( 'NONE',  #4493 ) ;
#12975 = PLANE ( 'NONE',  #4991 ) ;
#12976 = VECTOR ( 'NONE', #8329, 1000.000000000000000 ) ;
#12977 = PLANE ( 'NONE',  #4160 ) ;
#12978 = EDGE_CURVE ( 'NONE', #5381, #6606, #584, .T. ) ;
#12979 = ORIENTED_EDGE ( 'NONE', *, *, #9303, .T. ) ;
#12980 = EDGE_CURVE ( 'NONE', #4484, #3602, #3625, .T. ) ;
#12981 = ORIENTED_EDGE ( 'NONE', *, *, #7835, .F. ) ;
#12982 = FACE_OUTER_BOUND ( 'NONE', #3062, .T. ) ;
#12983 = PLANE ( 'NONE',  #3076 ) ;
#12984 = ORIENTED_EDGE ( 'NONE', *, *, #2033, .F. ) ;
#12985 = DIRECTION ( 'NONE',  ( 1.110223024625156294E-16, -1.224646799147353207E-16, 1.000000000000000000 ) ) ;
#12986 = EDGE_CURVE ( 'NONE', #10812, #2395, #4835, .T. ) ;
#12987 = VECTOR ( 'NONE', #8825, 1000.000000000000000 ) ;
#12988 = EDGE_LOOP ( 'NONE', ( #10305, #10124, #5395, #7136 ) ) ;
#12989 = CARTESIAN_POINT ( 'NONE',  ( 11.10999999999999943, 8.100000000000001421, -0.9499999999999991784 ) ) ;
#12990 = PLANE ( 'NONE',  #11400 ) ;
#12991 = CARTESIAN_POINT ( 'NONE',  ( -8.570000000000003837, -2.500000000000003109, 1.590000000000002300 ) ) ;
#12992 = ORIENTED_EDGE ( 'NONE', *, *, #12376, .T. ) ;
#12993 = AXIS2_PLACEMENT_3D ( 'NONE', #4266, #12386, #6287 ) ;
#12994 = EDGE_CURVE ( 'NONE', #2395, #7548, #9849, .T. ) ;
#12995 = DIRECTION ( 'NONE',  ( -0.3481553119113935946, -0.8703882797784899816, 0.3481553119113957595 ) ) ;
#12996 = ORIENTED_EDGE ( 'NONE', *, *, #12166, .T. ) ;
#12997 = EDGE_CURVE ( 'NONE', #8572, #7060, #12832, .T. ) ;
#12998 = CARTESIAN_POINT ( 'NONE',  ( -3.690000000000010161, 8.599999999999996092, 1.150000000000003686 ) ) ;
#12999 = VECTOR ( 'NONE', #6113, 1000.000000000000000 ) ;
#13000 = AXIS2_PLACEMENT_3D ( 'NONE', #728, #6947, #1741 ) ;
#13001 = CARTESIAN_POINT ( 'NONE',  ( -15.48000000000000398, 6.649999999999999467, 1.650000000000003464 ) ) ;
#13002 = FACE_OUTER_BOUND ( 'NONE', #12316, .T. ) ;
#13003 = DIRECTION ( 'NONE',  ( 1.000000000000000000, 0.000000000000000000, -1.110223024625156294E-16 ) ) ;
#13004 = VECTOR ( 'NONE', #11688, 1000.000000000000000 ) ;
#13005 = EDGE_CURVE ( 'NONE', #12447, #7090, #3827, .T. ) ;
#13006 = VERTEX_POINT ( 'NONE', #9785 ) ;
#13007 = DIRECTION ( 'NONE',  ( 1.030816200048588727E-16, 0.3713906763541041101, 0.9284766908852591927 ) ) ;
#13008 = VERTEX_POINT ( 'NONE', #1801 ) ;
#13009 = AXIS2_PLACEMENT_3D ( 'NONE', #12859, #5676, #3655 ) ;
#13010 = ORIENTED_EDGE ( 'NONE', *, *, #925, .F. ) ;
#13011 = DIRECTION ( 'NONE',  ( -2.220446049250312095E-16, 1.000000000000000000, 1.224646799147353207E-16 ) ) ;
#13012 = DIRECTION ( 'NONE',  ( -2.220446049250312095E-16, 1.000000000000000000, 1.224646799147353207E-16 ) ) ;
#13013 = LINE ( 'NONE', #12139, #6367 ) ;
#13014 = LINE ( 'NONE', #4967, #6079 ) ;
#13015 = DIRECTION ( 'NONE',  ( 1.000000000000000000, 0.000000000000000000, -1.110223024625156294E-16 ) ) ;
#13016 = FACE_OUTER_BOUND ( 'NONE', #894, .T. ) ;
#13017 = ORIENTED_EDGE ( 'NONE', *, *, #28, .F. ) ;
#13018 = DIRECTION ( 'NONE',  ( -0.3481553119113939831, 0.8703882797784897596, 0.3481553119113959816 ) ) ;
#13019 = DIRECTION ( 'NONE',  ( 1.000000000000000000, 0.000000000000000000, 0.000000000000000000 ) ) ;
#13021 = VECTOR ( 'NONE', #10545, 1000.000000000000000 ) ;
#13020 = CARTESIAN_POINT ( 'NONE',  ( -4.130000000000003446, -2.500000000000004885, 0.9500000000000016209 ) ) ;
#13022 = EDGE_CURVE ( 'NONE', #12850, #686, #3560, .T. ) ;
#13023 = VECTOR ( 'NONE', #1313, 1000.000000000000000 ) ;
#13024 = ORIENTED_EDGE ( 'NONE', *, *, #542, .F. ) ;
#13025 = ORIENTED_EDGE ( 'NONE', *, *, #3393, .F. ) ;
#13026 = LINE ( 'NONE', #3763, #12918 ) ;
#13027 = VERTEX_POINT ( 'NONE', #1536 ) ;
#13028 = CARTESIAN_POINT ( 'NONE',  ( 15.48000000000000398, 0.2499999999999950040, 1.649999999999999245 ) ) ;
#13029 = EDGE_CURVE ( 'NONE', #3014, #7509, #5649, .T. ) ;
#13030 = PLANE ( 'NONE',  #109 ) ;
#13031 = DIRECTION ( 'NONE',  ( 1.110223024625156294E-16, -1.224646799147353207E-16, 1.000000000000000000 ) ) ;
#13032 = AXIS2_PLACEMENT_3D ( 'NONE', #10396, #5114, #8101 ) ;
#13033 = ORIENTED_EDGE ( 'NONE', *, *, #7312, .T. ) ;
#13034 = FACE_OUTER_BOUND ( 'NONE', #1282, .T. ) ;
#13035 = CARTESIAN_POINT ( 'NONE',  ( -0.9500000000000010658, -2.500000000000003997, 1.590000000000001412 ) ) ;
#13036 = VERTEX_POINT ( 'NONE', #7272 ) ;
#13037 = PLANE ( 'NONE',  #1007 ) ;
#13038 = ORIENTED_EDGE ( 'NONE', *, *, #12069, .T. ) ;
#13039 = VERTEX_POINT ( 'NONE', #1933 ) ;
#13040 = VECTOR ( 'NONE', #2179, 1000.000000000000000 ) ;
#13041 = EDGE_CURVE ( 'NONE', #8748, #9204, #6051, .T. ) ;
#13042 = DIRECTION ( 'NONE',  ( -1.000000000000000000, 0.000000000000000000, 1.110223024625156294E-16 ) ) ;
#13043 = CARTESIAN_POINT ( 'NONE',  ( -16.53000000000001180, 9.100000000000003197, -4.424999999999996270 ) ) ;
#13044 = AXIS2_PLACEMENT_3D ( 'NONE', #12808, #7669, #5809 ) ;
#13045 = FACE_OUTER_BOUND ( 'NONE', #10226, .T. ) ;
#13046 = CARTESIAN_POINT ( 'NONE',  ( 15.47999999999999687, 2.599999999999999201, -3.174999999999999822 ) ) ;
#13047 = CARTESIAN_POINT ( 'NONE',  ( -10.61000000000000476, 0.2499999999999958922, 4.424999999999933209 ) ) ;
#13048 = ORIENTED_EDGE ( 'NONE', *, *, #4606, .F. ) ;
#13049 = VERTEX_POINT ( 'NONE', #6116 ) ;
#13050 = LINE ( 'NONE', #4668, #4423 ) ;
#13051 = VECTOR ( 'NONE', #7146, 1000.000000000000000 ) ;
#13052 = CARTESIAN_POINT ( 'NONE',  ( 3.489999999999992220, 8.100000000000001421, 1.590000000000002300 ) ) ;
#13053 = DIRECTION ( 'NONE',  ( -1.110223024625156294E-16, 1.224646799147353207E-16, -1.000000000000000000 ) ) ;
#13054 = AXIS2_PLACEMENT_3D ( 'NONE', #3153, #4236, #11415 ) ;
#13055 = ORIENTED_EDGE ( 'NONE', *, *, #12310, .T. ) ;
#13056 = AXIS2_PLACEMENT_3D ( 'NONE', #10212, #7235, #1264 ) ;
#13057 = ADVANCED_FACE ( 'NONE', ( #13293 ), #7139, .F. ) ;
#13058 = DIRECTION ( 'NONE',  ( 1.110223024625156294E-16, -1.224646799147352961E-16, 1.000000000000000000 ) ) ;
#13059 = VERTEX_POINT ( 'NONE', #4162 ) ;
#13060 = VECTOR ( 'NONE', #9758, 1000.000000000000000 ) ;
#13061 = CARTESIAN_POINT ( 'NONE',  ( 6.669999999999997264, -2.500000000000003109, 1.590000000000000524 ) ) ;
#13062 = VERTEX_POINT ( 'NONE', #2065 ) ;
#13063 = CARTESIAN_POINT ( 'NONE',  ( 6.029999999999999361, 8.599999999999996092, -0.9499999999999986233 ) ) ;
#13064 = DIRECTION ( 'NONE',  ( 1.855469160087460128E-16, -0.3713906763541040545, 0.9284766908852591927 ) ) ;
#13065 = VERTEX_POINT ( 'NONE', #10248 ) ;
#13066 = DIRECTION ( 'NONE',  ( 1.359631073446890508E-32, 1.000000000000000000, 1.224646799147352961E-16 ) ) ;
#13067 = ORIENTED_EDGE ( 'NONE', *, *, #7993, .F. ) ;
#13068 = DIRECTION ( 'NONE',  ( 7.850462293418890625E-17, 0.7071067811865460184, 0.7071067811865490160 ) ) ;
#13069 = AXIS2_PLACEMENT_3D ( 'NONE', #10837, #8940, #12058 ) ;
#13070 = DIRECTION ( 'NONE',  ( 2.220446049250312095E-16, -1.000000000000000000, -1.224646799147353207E-16 ) ) ;
#13071 = AXIS2_PLACEMENT_3D ( 'NONE', #9741, #9676, #2506 ) ;
#13072 = CARTESIAN_POINT ( 'NONE',  ( 6.029999999999994031, 8.099999999999999645, -1.589999999999998526 ) ) ;
#13073 = ADVANCED_FACE ( 'NONE', ( #858 ), #8226, .F. ) ;
#13074 = DIRECTION ( 'NONE',  ( -2.821527733676277528E-15, 1.224646799147354193E-16, -1.000000000000000000 ) ) ;
#13075 = EDGE_CURVE ( 'NONE', #8829, #8878, #12216, .T. ) ;
#13076 = ADVANCED_FACE ( 'NONE', ( #13368 ), #4094, .F. ) ;
#13077 = VECTOR ( 'NONE', #6478, 1000.000000000000000 ) ;
#13078 = ORIENTED_EDGE ( 'NONE', *, *, #12578, .F. ) ;
#13079 = FACE_OUTER_BOUND ( 'NONE', #5790, .T. ) ;
#13080 = AXIS2_PLACEMENT_3D ( 'NONE', #307, #9632, #3408 ) ;
#13081 = CARTESIAN_POINT ( 'NONE',  ( -1.389999999999997016, -3.000000000000005329, 1.390000000000000790 ) ) ;
#13082 = ORIENTED_EDGE ( 'NONE', *, *, #10758, .T. ) ;
#13083 = LINE ( 'NONE', #12071, #7923 ) ;
#13084 = DIRECTION ( 'NONE',  ( -1.000000000000000000, 0.000000000000000000, 1.268196935725447699E-17 ) ) ;
#13085 = PLANE ( 'NONE',  #2918 ) ;
#13086 = EDGE_CURVE ( 'NONE', #6351, #6437, #1118, .T. ) ;
#13087 = DIRECTION ( 'NONE',  ( -0.3481553119113935946, -0.8703882797784899816, 0.3481553119113957595 ) ) ;
#13088 = EDGE_CURVE ( 'NONE', #2320, #10008, #2944, .T. ) ;
#13089 = CARTESIAN_POINT ( 'NONE',  ( -1.589999999999996083, -32.81321928319991343, 1.589999999999997637 ) ) ;
#13090 = CARTESIAN_POINT ( 'NONE',  ( 16.53000000000000114, 6.649999999999999467, -1.649999999999999023 ) ) ;
#13091 = ORIENTED_EDGE ( 'NONE', *, *, #11891, .F. ) ;
#13092 = ADVANCED_FACE ( 'NONE', ( #7071 ), #10384, .F. ) ;
#13093 = EDGE_CURVE ( 'NONE', #1958, #8224, #8087, .T. ) ;
#13094 = DIRECTION ( 'NONE',  ( -1.000000000000000000, 0.000000000000000000, 1.110223024625156294E-16 ) ) ;
#13095 = CARTESIAN_POINT ( 'NONE',  ( 6.669999999999997264, 0.7499999999999963363, -1.589999999999999414 ) ) ;
#13096 = DIRECTION ( 'NONE',  ( -1.110223024625156294E-16, 1.224646799147353207E-16, -1.000000000000000000 ) ) ;
#13097 = VERTEX_POINT ( 'NONE', #11334 ) ;
#13098 = VECTOR ( 'NONE', #6789, 1000.000000000000114 ) ;
#13099 = VERTEX_POINT ( 'NONE', #10318 ) ;
#13100 = CARTESIAN_POINT ( 'NONE',  ( -14.05500000000000860, 0.2499999999999976130, -4.338749999999993889 ) ) ;
#13101 = EDGE_LOOP ( 'NONE', ( #12554, #10867, #3712, #4783 ) ) ;
#13102 = CARTESIAN_POINT ( 'NONE',  ( 6.030000000000002025, -32.81321928319991343, 1.589999999999996749 ) ) ;
#13103 = PLANE ( 'NONE',  #101 ) ;
#13104 = ORIENTED_EDGE ( 'NONE', *, *, #12218, .F. ) ;
#13105 = EDGE_CURVE ( 'NONE', #3940, #6709, #5103, .T. ) ;
#13106 = CARTESIAN_POINT ( 'NONE',  ( 2.211666666666665115, -0.5283333333333319892, 2.868333333333330959 ) ) ;
#13107 = DIRECTION ( 'NONE',  ( -1.110223024625156294E-16, 1.224646799147353207E-16, -1.000000000000000000 ) ) ;
#13108 = ORIENTED_EDGE ( 'NONE', *, *, #427, .F. ) ;
#13109 = EDGE_CURVE ( 'NONE', #6760, #9218, #9299, .T. ) ;
#13110 = CARTESIAN_POINT ( 'NONE',  ( 3.690000000000000391, -3.000000000000006217, 1.590000000000000968 ) ) ;
#13112 = AXIS2_PLACEMENT_3D ( 'NONE', #3288, #7426, #11283 ) ;
#13111 = LINE ( 'NONE', #8738, #3867 ) ;
#13113 = AXIS2_PLACEMENT_3D ( 'NONE', #6505, #1375, #11719 ) ;
#13114 = EDGE_LOOP ( 'NONE', ( #2122, #5073, #1653, #7024 ) ) ;
#13115 = ORIENTED_EDGE ( 'NONE', *, *, #409, .F. ) ;
#13116 = VECTOR ( 'NONE', #1153, 1000.000000000000000 ) ;
#13117 = CARTESIAN_POINT ( 'NONE',  ( -11.75000000000000888, 8.599999999999999645, -1.589999999999996305 ) ) ;
#13118 = DIRECTION ( 'NONE',  ( -1.110223024625156294E-16, 1.224646799147353207E-16, -1.000000000000000000 ) ) ;
#13119 = AXIS2_PLACEMENT_3D ( 'NONE', #11404, #10449, #9167 ) ;
#13120 = DIRECTION ( 'NONE',  ( 2.220446049250312095E-16, -1.000000000000000000, -1.224646799147353207E-16 ) ) ;
#13121 = DIRECTION ( 'NONE',  ( -0.3481553119113961481, 0.8703882797784888714, 0.3481553119113960371 ) ) ;
#13122 = CARTESIAN_POINT ( 'NONE',  ( -6.255000000000005222, -1.375000000000003775, 1.175000000000001599 ) ) ;
#13123 = ORIENTED_EDGE ( 'NONE', *, *, #4651, .T. ) ;
#13124 = AXIS2_PLACEMENT_3D ( 'NONE', #7792, #8746, #12867 ) ;
#13125 = ORIENTED_EDGE ( 'NONE', *, *, #9047, .F. ) ;
#13126 = CARTESIAN_POINT ( 'NONE',  ( 1.414242424242424745, 8.539393939393940869, 1.125757575757581286 ) ) ;
#13127 = LINE ( 'NONE', #13324, #1570 ) ;
#13128 = VECTOR ( 'NONE', #4448, 1000.000000000000227 ) ;
#13129 = DIRECTION ( 'NONE',  ( 1.030816200048588727E-16, 0.3713906763541041101, 0.9284766908852591927 ) ) ;
#13130 = ADVANCED_FACE ( 'NONE', ( #2878 ), #5039, .T. ) ;
#13131 = ORIENTED_EDGE ( 'NONE', *, *, #6388, .F. ) ;
#13132 = DIRECTION ( 'NONE',  ( 1.000000000000000000, 0.000000000000000000, -1.110223024625156294E-16 ) ) ;
#13133 = EDGE_CURVE ( 'NONE', #2026, #8361, #6255, .T. ) ;
#13134 = EDGE_LOOP ( 'NONE', ( #12445, #10421, #260, #4518 ) ) ;
#13135 = DIRECTION ( 'NONE',  ( -1.110223024625156294E-16, 1.224646799147353207E-16, -1.000000000000000000 ) ) ;
#13136 = ORIENTED_EDGE ( 'NONE', *, *, #5557, .T. ) ;
#13137 = AXIS2_PLACEMENT_3D ( 'NONE', #11892, #9739, #8728 ) ;
#13138 = PLANE ( 'NONE',  #2750 ) ;
#13139 =( NAMED_UNIT ( * ) PLANE_ANGLE_UNIT ( ) SI_UNIT ( $, .RADIAN. ) );
#13140 = VECTOR ( 'NONE', #2746, 1000.000000000000000 ) ;
#13141 = ORIENTED_EDGE ( 'NONE', *, *, #11699, .T. ) ;
#13142 = LINE ( 'NONE', #7796, #10696 ) ;
#13143 = VERTEX_POINT ( 'NONE', #11142 ) ;
#13144 = CARTESIAN_POINT ( 'NONE',  ( 8.570000000000007390, -32.81321928319991343, 1.589999999999996749 ) ) ;
#13145 =( LENGTH_UNIT ( ) NAMED_UNIT ( * ) SI_UNIT ( .MILLI., .METRE. ) );
#13146 = CIRCLE ( 'NONE', #2557, 0.3250000000000001221 ) ;
#13147 = EDGE_LOOP ( 'NONE', ( #11131, #7589, #8927, #2445 ) ) ;
#13148 = VECTOR ( 'NONE', #11979, 999.9999999999998863 ) ;
#13149 = DIRECTION ( 'NONE',  ( -0.3481553119113961481, 0.8703882797784888714, 0.3481553119113960371 ) ) ;
#13150 = VERTEX_POINT ( 'NONE', #1867 ) ;
#13151 = DIRECTION ( 'NONE',  ( 0.5773502691896251759, 0.5773502691896271743, 0.5773502691896250649 ) ) ;
#13152 = DIRECTION ( 'NONE',  ( 0.7071067811865494601, 0.7071067811865456854, 1.924707753543579833E-15 ) ) ;
#13153 = VERTEX_POINT ( 'NONE', #10121 ) ;
#13154 = LINE ( 'NONE', #7751, #8995 ) ;
#13155 = DIRECTION ( 'NONE',  ( 1.855469160087460128E-16, -0.3713906763541040545, 0.9284766908852591927 ) ) ;
#13156 = CARTESIAN_POINT ( 'NONE',  ( 8.794999999999999929, -1.375000000000001998, 1.174999999999980727 ) ) ;
#13157 = DIRECTION ( 'NONE',  ( 1.110223024625156294E-16, -1.224646799147353207E-16, 1.000000000000000000 ) ) ;
#13158 = AXIS2_PLACEMENT_3D ( 'NONE', #1363, #8984, #12795 ) ;
#13159 = ADVANCED_FACE ( 'NONE', ( #4975 ), #9099, .T. ) ;
#13160 = EDGE_CURVE ( 'NONE', #10310, #1818, #11660, .T. ) ;
#13161 = EDGE_CURVE ( 'NONE', #11691, #10772, #176, .T. ) ;
#13162 = DIRECTION ( 'NONE',  ( 1.000000000000000000, 0.000000000000000000, -1.110223024625156294E-16 ) ) ;
#13163 = FACE_OUTER_BOUND ( 'NONE', #3668, .T. ) ;
#13164 = ORIENTED_EDGE ( 'NONE', *, *, #4159, .F. ) ;
#13165 = CARTESIAN_POINT ( 'NONE',  ( -6.670000000000006146, 8.100000000000003197, 0.9500000000000032863 ) ) ;
#13166 = CARTESIAN_POINT ( 'NONE',  ( -2.250000000000005773, 9.099999999999999645, 4.425000000000003375 ) ) ;
#13167 = CARTESIAN_POINT ( 'NONE',  ( 16.53000000000000114, 6.649999999999999467, 1.649999999999999689 ) ) ;
#13168 = ORIENTED_EDGE ( 'NONE', *, *, #8365, .T. ) ;
#13169 = ORIENTED_EDGE ( 'NONE', *, *, #5954, .F. ) ;
#13170 = EDGE_CURVE ( 'NONE', #1187, #3823, #10642, .T. ) ;
#13171 = CARTESIAN_POINT ( 'NONE',  ( 11.74999999999999822, 8.100000000000001421, -0.9499999999999992895 ) ) ;
#13172 = ORIENTED_EDGE ( 'NONE', *, *, #3317, .F. ) ;
#13173 = PLANE ( 'NONE',  #1646 ) ;
#13174 = LINE ( 'NONE', #2887, #5708 ) ;
#13175 = CARTESIAN_POINT ( 'NONE',  ( 3.490000000000001101, 0.7499999999999981126, -0.9499999999999992895 ) ) ;
#13176 = CARTESIAN_POINT ( 'NONE',  ( 11.11000000000000476, -32.81321928319991343, -0.9500000000000040634 ) ) ;
#13177 = CARTESIAN_POINT ( 'NONE',  ( -16.08000000000000895, 9.099999999999999645, -3.774999999999995470 ) ) ;
#13178 = CLOSED_SHELL ( 'NONE', ( #2120, #13073, #11321, #6170, #7155, #7292, #3697, #284, #5045, #8944, #12862, #3368, #9109, #3243 ) ) ;
#13179 = ORIENTED_EDGE ( 'NONE', *, *, #7055, .F. ) ;
#13180 = CARTESIAN_POINT ( 'NONE',  ( -9.210000000000006182, -3.000000000000004441, 1.150000000000002798 ) ) ;
#13181 = DIRECTION ( 'NONE',  ( 1.110223024625156294E-16, -1.224646799147353207E-16, 1.000000000000000000 ) ) ;
#13182 = VERTEX_POINT ( 'NONE', #4292 ) ;
#13183 = ORIENTED_EDGE ( 'NONE', *, *, #4392, .F. ) ;
#13184 = CARTESIAN_POINT ( 'NONE',  ( -0.9500000000000022871, 2.599999999999996980, 1.590000000000002078 ) ) ;
#13185 = DIRECTION ( 'NONE',  ( 1.000000000000000000, 0.000000000000000000, -1.110223024625156294E-16 ) ) ;
#13186 = LINE ( 'NONE', #7096, #6526 ) ;
#13187 = DIRECTION ( 'NONE',  ( -0.3481553119113939831, 0.8703882797784897596, 0.3481553119113959816 ) ) ;
#13188 = LINE ( 'NONE', #9129, #10059 ) ;
#13189 = ORIENTED_EDGE ( 'NONE', *, *, #12285, .T. ) ;
#13190 = ORIENTED_EDGE ( 'NONE', *, *, #12118, .F. ) ;
#13191 = CARTESIAN_POINT ( 'NONE',  ( -11.75000000000000711, -3.000000000000004441, 1.150000000000003242 ) ) ;
#13192 = LINE ( 'NONE', #12044, #6966 ) ;
#13193 = LINE ( 'NONE', #3158, #6403 ) ;
#13194 = VERTEX_POINT ( 'NONE', #1184 ) ;
#13195 = DIRECTION ( 'NONE',  ( -1.110223024625156294E-16, 1.224646799147353207E-16, -1.000000000000000000 ) ) ;
#13196 = CARTESIAN_POINT ( 'NONE',  ( 3.490000000000000657, 2.599999999999998312, -1.589999999999998748 ) ) ;
#13197 = ADVANCED_FACE ( 'NONE', ( #5243 ), #2465, .F. ) ;
#13198 = ORIENTED_EDGE ( 'NONE', *, *, #65, .F. ) ;
#13199 = FACE_OUTER_BOUND ( 'NONE', #10494, .T. ) ;
#13200 = AXIS2_PLACEMENT_3D ( 'NONE', #713, #1410, #8957 ) ;
#13201 = EDGE_LOOP ( 'NONE', ( #13136, #1639, #11654, #3176, #1151, #747, #8381, #11796 ) ) ;
#13202 = DIRECTION ( 'NONE',  ( 1.000000000000000000, 0.000000000000000000, -1.110223024625156294E-16 ) ) ;
#13203 = FILL_AREA_STYLE ('',( #4877 ) ) ;
#13204 = EDGE_LOOP ( 'NONE', ( #3945, #4107, #11055, #9454 ) ) ;
#13205 = ADVANCED_FACE ( 'NONE', ( #12549 ), #8489, .T. ) ;
#13206 = ORIENTED_EDGE ( 'NONE', *, *, #5886, .F. ) ;
#13207 = DIRECTION ( 'NONE',  ( -1.000000000000000000, 0.000000000000000000, 1.110223024625156294E-16 ) ) ;
#13208 = ADVANCED_FACE ( 'NONE', ( #9370 ), #2201, .F. ) ;
#13209 = CARTESIAN_POINT ( 'NONE',  ( -11.75000000000000711, -2.500000000000003109, -0.9499999999999980682 ) ) ;
#13210 = VECTOR ( 'NONE', #12060, 1000.000000000000000 ) ;
#13211 = LINE ( 'NONE', #5829, #12928 ) ;
#13212 = ORIENTED_EDGE ( 'NONE', *, *, #10254, .T. ) ;
#13213 = CARTESIAN_POINT ( 'NONE',  ( 11.74999999999999467, 8.600000000000001421, -1.389999999999998348 ) ) ;
#13214 = DIRECTION ( 'NONE',  ( -1.110223024625156294E-16, 1.224646799147353207E-16, -1.000000000000000000 ) ) ;
#13215 = VERTEX_POINT ( 'NONE', #3274 ) ;
#13216 = CARTESIAN_POINT ( 'NONE',  ( -4.052424242424242706, 8.293939393939391280, -1.512424242424236454 ) ) ;
#13217 = CARTESIAN_POINT ( 'NONE',  ( 16.53000000000000114, 9.100000000000003197, -4.424999999999999822 ) ) ;
#13218 = DIRECTION ( 'NONE',  ( -1.110223024625156294E-16, 1.224646799147353207E-16, -1.000000000000000000 ) ) ;
#13219 = FACE_OUTER_BOUND ( 'NONE', #12111, .T. ) ;
#13220 = VECTOR ( 'NONE', #4334, 1000.000000000000000 ) ;
#13221 = DIRECTION ( 'NONE',  ( 2.220446049250312095E-16, -1.000000000000000000, -1.224646799147353207E-16 ) ) ;
#13222 = LINE ( 'NONE', #3959, #2858 ) ;
#13223 = ORIENTED_EDGE ( 'NONE', *, *, #9958, .T. ) ;
#13224 = CARTESIAN_POINT ( 'NONE',  ( 16.53000000000000114, 0.2499999999999967526, -0.4500000000000005107 ) ) ;
#13225 = DIRECTION ( 'NONE',  ( 1.030816200048588727E-16, 0.3713906763541041101, 0.9284766908852591927 ) ) ;
#13226 = CARTESIAN_POINT ( 'NONE',  ( -16.53000000000000114, 0.2499999999999976130, -1.649999999999996136 ) ) ;
#13227 = ADVANCED_FACE ( 'NONE', ( #374 ), #113, .T. ) ;
#13228 = EDGE_LOOP ( 'NONE', ( #11797, #3627, #4625, #9452 ) ) ;
#13229 = AXIS2_PLACEMENT_3D ( 'NONE', #11299, #11435, #6216 ) ;
#13230 = EDGE_CURVE ( 'NONE', #5646, #1527, #7410, .T. ) ;
#13231 = EDGE_LOOP ( 'NONE', ( #149, #4963, #11492, #474 ) ) ;
#13232 = CARTESIAN_POINT ( 'NONE',  ( 0.4499999999999970135, 0.2499999999999958922, 4.425000000000001599 ) ) ;
#13233 = ORIENTED_EDGE ( 'NONE', *, *, #5694, .F. ) ;
#13234 = DIRECTION ( 'NONE',  ( -1.110223024625156294E-16, 1.224646799147353207E-16, -1.000000000000000000 ) ) ;
#13235 = AXIS2_PLACEMENT_3D ( 'NONE', #11359, #6208, #7228 ) ;
#13236 = CARTESIAN_POINT ( 'NONE',  ( -8.569999999999998508, -32.81321928319991343, -1.590000000000001856 ) ) ;
#13237 = DIRECTION ( 'NONE',  ( -1.110223024625156294E-16, 1.224646799147353207E-16, -1.000000000000000000 ) ) ;
#13238 = CARTESIAN_POINT ( 'NONE',  ( -0.9500000000000013989, -2.500000000000003997, -0.9499999999999991784 ) ) ;
#13239 = CARTESIAN_POINT ( 'NONE',  ( -1.390000000000006564, 8.600000000000001421, 1.390000000000002123 ) ) ;
#13240 = EDGE_LOOP ( 'NONE', ( #8502, #2050, #6299, #12243 ) ) ;
#13241 = VECTOR ( 'NONE', #3240, 1000.000000000000000 ) ;
#13242 = FACE_OUTER_BOUND ( 'NONE', #10165, .T. ) ;
#13243 = CARTESIAN_POINT ( 'NONE',  ( -7.170000000000003482, 0.2499999999999967526, 4.425000000000002487 ) ) ;
#13244 = ORIENTED_EDGE ( 'NONE', *, *, #2815, .T. ) ;
#13245 = EDGE_CURVE ( 'NONE', #12521, #1893, #81, .T. ) ;
#13246 = EDGE_LOOP ( 'NONE', ( #10147, #3416 ) ) ;
#13247 = EDGE_CURVE ( 'NONE', #2054, #945, #4226, .T. ) ;
#13248 = ADVANCED_FACE ( 'NONE', ( #1383 ), #5374, .F. ) ;
#13249 = VECTOR ( 'NONE', #5841, 1000.000000000000000 ) ;
#13250 = FACE_OUTER_BOUND ( 'NONE', #4932, .T. ) ;
#13251 = FACE_OUTER_BOUND ( 'NONE', #6684, .T. ) ;
#13252 = LINE ( 'NONE', #2702, #2223 ) ;
#13253 = PLANE ( 'NONE',  #7003 ) ;
#13254 = AXIS2_PLACEMENT_3D ( 'NONE', #6716, #502, #9704 ) ;
#13255 = CARTESIAN_POINT ( 'NONE',  ( -11.11000000000000476, -2.500000000000003109, -0.9499999999999980682 ) ) ;
#13256 = ORIENTED_EDGE ( 'NONE', *, *, #9866, .F. ) ;
#13257 = VERTEX_POINT ( 'NONE', #6450 ) ;
#13258 = CARTESIAN_POINT ( 'NONE',  ( -11.49666666666670700, -3.133333333333334192, -1.336666666666666448 ) ) ;
#13259 = EDGE_CURVE ( 'NONE', #11478, #6560, #10581, .T. ) ;
#13260 = LINE ( 'NONE', #6830, #12150 ) ;
#13261 = ADVANCED_FACE ( 'NONE', ( #7346 ), #6317, .T. ) ;
#13262 = VERTEX_POINT ( 'NONE', #9634 ) ;
#13263 = PRESENTATION_LAYER_ASSIGNMENT (  '', '', ( #4825 ) ) ;
#13264 = CARTESIAN_POINT ( 'NONE',  ( 4.129999999999996341, 0.7499999999999972244, 1.590000000000001412 ) ) ;
#13265 = DIRECTION ( 'NONE',  ( -1.000000000000000000, 0.000000000000000000, 0.000000000000000000 ) ) ;
#13266 = LINE ( 'NONE', #5821, #5124 ) ;
#13267 = ORIENTED_EDGE ( 'NONE', *, *, #8481, .T. ) ;
#13268 = DIRECTION ( 'NONE',  ( 1.110223024625156294E-16, -1.224646799147352961E-16, 1.000000000000000000 ) ) ;
#13269 =( NAMED_UNIT ( * ) SI_UNIT ( $, .STERADIAN. ) SOLID_ANGLE_UNIT ( ) );
#13270 = ORIENTED_EDGE ( 'NONE', *, *, #2864, .F. ) ;
#13271 = VECTOR ( 'NONE', #6825, 1000.000000000000000 ) ;
#13272 = EDGE_LOOP ( 'NONE', ( #988, #11714, #1514, #1069 ) ) ;
#13273 = LINE ( 'NONE', #9209, #3933 ) ;
#13274 = EDGE_CURVE ( 'NONE', #6892, #3632, #8556, .T. ) ;
#13275 = VECTOR ( 'NONE', #2213, 1000.000000000000000 ) ;
#13276 = VECTOR ( 'NONE', #8285, 1000.000000000000000 ) ;
#13277 = DIRECTION ( 'NONE',  ( 1.000000000000000000, 0.000000000000000000, -1.110223024625156294E-16 ) ) ;
#13278 = DIRECTION ( 'NONE',  ( 1.000000000000000000, 0.000000000000000000, -1.110223024625156294E-16 ) ) ;
#13279 = AXIS2_PLACEMENT_3D ( 'NONE', #7699, #10808, #4652 ) ;
#13280 = VERTEX_POINT ( 'NONE', #4494 ) ;
#13281 = CARTESIAN_POINT ( 'NONE',  ( 8.570000000000000284, 8.100000000000003197, -0.9499999999999989564 ) ) ;
#13282 = DIRECTION ( 'NONE',  ( 0.5773502691896260641, -0.5773502691896267303, 0.5773502691896243988 ) ) ;
#13283 = ORIENTED_EDGE ( 'NONE', *, *, #11920, .F. ) ;
#13284 = DIRECTION ( 'NONE',  ( -2.220446049250312095E-16, 1.000000000000000000, 1.224646799147353207E-16 ) ) ;
#13285 = DIRECTION ( 'NONE',  ( 1.030816200048588727E-16, 0.3713906763541041101, 0.9284766908852591927 ) ) ;
#13286 = DIRECTION ( 'NONE',  ( -0.9284766908852590817, -0.3713906763541042766, 5.759937970183641537E-17 ) ) ;
#13287 = PLANE ( 'NONE',  #1766 ) ;
#13288 = AXIS2_PLACEMENT_3D ( 'NONE', #2736, #1861, #6859 ) ;
#13289 = CARTESIAN_POINT ( 'NONE',  ( 1.590000000000005631, -32.81321928319991343, -1.590000000000003189 ) ) ;
#13290 = CARTESIAN_POINT ( 'NONE',  ( -0.4500000000000017319, 0.2499999999999976130, -2.089999999999998970 ) ) ;
#13291 = ORIENTED_EDGE ( 'NONE', *, *, #4659, .T. ) ;
#13292 = DIRECTION ( 'NONE',  ( 1.000000000000000000, 0.000000000000000000, -1.110223024625156294E-16 ) ) ;
#13293 = FACE_OUTER_BOUND ( 'NONE', #9658, .T. ) ;
#13294 = CARTESIAN_POINT ( 'NONE',  ( -14.38000000000000078, 0.2499999999999967526, -4.424999999999996270 ) ) ;
#13295 = EDGE_CURVE ( 'NONE', #11112, #4545, #8628, .T. ) ;
#13296 = ORIENTED_EDGE ( 'NONE', *, *, #4325, .F. ) ;
#13297 = EDGE_LOOP ( 'NONE', ( #12621, #8855, #2903, #7270 ) ) ;
#13298 = CARTESIAN_POINT ( 'NONE',  ( -1.590000000000003633, 0.7499999999999981126, -0.9499999999999986233 ) ) ;
#13299 = ORIENTED_EDGE ( 'NONE', *, *, #12503, .F. ) ;
#13300 = CARTESIAN_POINT ( 'NONE',  ( 2.134999999999997122, 8.100000000000001421, 0.9500000000000022871 ) ) ;
#13301 = DIRECTION ( 'NONE',  ( -2.599483128751245825E-15, -1.224646799147352221E-16, 1.000000000000000000 ) ) ;
#13302 = VECTOR ( 'NONE', #38, 1000.000000000000000 ) ;
#13303 = CARTESIAN_POINT ( 'NONE',  ( 14.83499999999999730, -2.500000000000003997, 0.9499999999999995115 ) ) ;
#13304 = ORIENTED_EDGE ( 'NONE', *, *, #2906, .F. ) ;
#13305 = ADVANCED_FACE ( 'NONE', ( #636 ), #1519, .F. ) ;
#13306 = ADVANCED_FACE ( 'NONE', ( #13002 ), #2660, .T. ) ;
#13307 = CARTESIAN_POINT ( 'NONE',  ( 11.10999999999999766, 2.599999999999999645, 1.590000000000000746 ) ) ;
#13308 = LINE ( 'NONE', #4242, #8411 ) ;
#13309 = VECTOR ( 'NONE', #3421, 1000.000000000000227 ) ;
#13310 = ORIENTED_EDGE ( 'NONE', *, *, #2206, .F. ) ;
#13311 = ORIENTED_EDGE ( 'NONE', *, *, #8270, .F. ) ;
#13312 = FACE_OUTER_BOUND ( 'NONE', #6537, .T. ) ;
#13313 = FILL_AREA_STYLE_COLOUR ( '', #11073 ) ;
#13314 = PLANE ( 'NONE',  #274 ) ;
#13315 = DIRECTION ( 'NONE',  ( -1.110223024625156294E-16, 1.224646799147353207E-16, -1.000000000000000000 ) ) ;
#13316 = DIRECTION ( 'NONE',  ( 0.5773502691896251759, 0.5773502691896271743, 0.5773502691896250649 ) ) ;
#13317 = VERTEX_POINT ( 'NONE', #8876 ) ;
#13318 = VECTOR ( 'NONE', #10263, 1000.000000000000000 ) ;
#13319 = VECTOR ( 'NONE', #511, 1000.000000000000000 ) ;
#13320 = ORIENTED_EDGE ( 'NONE', *, *, #9516, .T. ) ;
#13321 = DIRECTION ( 'NONE',  ( 1.000000000000000000, 0.000000000000000000, -1.110223024625156294E-16 ) ) ;
#13322 = EDGE_CURVE ( 'NONE', #3397, #9044, #1583, .T. ) ;
#13323 = ADVANCED_FACE ( 'NONE', ( #8686 ), #11993, .T. ) ;
#13324 = CARTESIAN_POINT ( 'NONE',  ( -4.130000000000003446, -3.000000000000002665, -1.389999999999997904 ) ) ;
#13325 = ADVANCED_FACE ( 'NONE', ( #6653 ), #4620, .F. ) ;
#13326 = VERTEX_POINT ( 'NONE', #13072 ) ;
#13327 = CARTESIAN_POINT ( 'NONE',  ( -11.75000000000000888, 8.099999999999999645, 1.590000000000003855 ) ) ;
#13328 = CARTESIAN_POINT ( 'NONE',  ( 0.9499999999999970690, 0.7499999999999981126, 1.590000000000001634 ) ) ;
#13329 = VECTOR ( 'NONE', #6798, 1000.000000000000000 ) ;
#13330 = EDGE_CURVE ( 'NONE', #4429, #8275, #3737, .T. ) ;
#13331 = EDGE_CURVE ( 'NONE', #8656, #3263, #2726, .T. ) ;
#13332 = DIRECTION ( 'NONE',  ( -0.5773502691896252870, 0.5773502691896270633, 0.5773502691896250649 ) ) ;
#13333 = CARTESIAN_POINT ( 'NONE',  ( 15.48000000000000398, 0.2499999999999950040, -1.649999999999999467 ) ) ;
#13334 = EDGE_LOOP ( 'NONE', ( #7100, #6937, #3364, #12665 ) ) ;
#13335 = DIRECTION ( 'NONE',  ( -1.000000000000000000, 0.000000000000000000, 1.110223024625156294E-16 ) ) ;
#13336 = EDGE_CURVE ( 'NONE', #11297, #11844, #2600, .T. ) ;
#13337 =( LENGTH_UNIT ( ) NAMED_UNIT ( * ) SI_UNIT ( .MILLI., .METRE. ) );
#13338 = ORIENTED_EDGE ( 'NONE', *, *, #6095, .T. ) ;
#13339 = VECTOR ( 'NONE', #4345, 1000.000000000000000 ) ;
#13340 = EDGE_LOOP ( 'NONE', ( #9822, #8972, #13296, #5201 ) ) ;
#13341 = CARTESIAN_POINT ( 'NONE',  ( -9.210000000000006182, -3.000000000000004441, -1.389999999999997682 ) ) ;
#13342 = VECTOR ( 'NONE', #3010, 999.9999999999998863 ) ;
#13343 = CARTESIAN_POINT ( 'NONE',  ( 8.569999999999998508, 2.599999999999997868, 0.9500000000000008438 ) ) ;
#13344 = DIRECTION ( 'NONE',  ( 0.000000000000000000, 0.000000000000000000, 1.000000000000000000 ) ) ;
#13345 = EDGE_LOOP ( 'NONE', ( #12204, #6185, #1469, #2572 ) ) ;
#13346 = CARTESIAN_POINT ( 'NONE',  ( -16.53000000000000114, 0.2499999999999967526, 4.425000000000003375 ) ) ;
#13347 = VECTOR ( 'NONE', #3499, 1000.000000000000000 ) ;
#13348 = AXIS2_PLACEMENT_3D ( 'NONE', #1185, #12483, #3074 ) ;
#13349 = ORIENTED_EDGE ( 'NONE', *, *, #9518, .T. ) ;
#13350 = DIRECTION ( 'NONE',  ( -1.110223024625156294E-16, 1.224646799147353207E-16, -1.000000000000000000 ) ) ;
#13351 = EDGE_CURVE ( 'NONE', #4499, #9744, #10912, .T. ) ;
#13352 = AXIS2_PLACEMENT_3D ( 'NONE', #1435, #9683, #1298 ) ;
#13353 = DIRECTION ( 'NONE',  ( -1.000000000000000000, 0.000000000000000000, 1.110223024625156294E-16 ) ) ;
#13354 = EDGE_CURVE ( 'NONE', #9097, #9923, #10844, .T. ) ;
#13355 = ORIENTED_EDGE ( 'NONE', *, *, #4705, .T. ) ;
#13356 = LINE ( 'NONE', #2130, #7497 ) ;
#13357 = CARTESIAN_POINT ( 'NONE',  ( 3.490000000000001545, -32.81321928319991343, -1.590000000000003189 ) ) ;
#13358 = EDGE_CURVE ( 'NONE', #8417, #36, #7937, .T. ) ;
#13359 = CARTESIAN_POINT ( 'NONE',  ( -6.670000000000004370, -2.500000000000003109, 1.590000000000001856 ) ) ;
#13360 = VERTEX_POINT ( 'NONE', #5572 ) ;
#13361 = CARTESIAN_POINT ( 'NONE',  ( 0.9499999999999962919, 2.599999999999998312, -0.9499999999999987343 ) ) ;
#13362 =( GEOMETRIC_REPRESENTATION_CONTEXT ( 3 ) GLOBAL_UNCERTAINTY_ASSIGNED_CONTEXT ( ( #1521 ) ) GLOBAL_UNIT_ASSIGNED_CONTEXT ( ( #10256, #1938, #49 ) ) REPRESENTATION_CONTEXT ( 'NONE', 'WORKASPACE' ) );
#13363 = CARTESIAN_POINT ( 'NONE',  ( -9.209999999999999076, -32.81321928319991343, 0.9499999999999985123 ) ) ;
#13364 = CARTESIAN_POINT ( 'NONE',  ( 8.570000000000000284, 8.100000000000003197, -1.589999999999998526 ) ) ;
#13365 = ORIENTED_EDGE ( 'NONE', *, *, #6293, .F. ) ;
#13366 = VECTOR ( 'NONE', #3124, 1000.000000000000000 ) ;
#13367 = LINE ( 'NONE', #10316, #8377 ) ;
#13368 = FACE_OUTER_BOUND ( 'NONE', #8963, .T. ) ;
#13369 = CARTESIAN_POINT ( 'NONE',  ( 16.53000000000000114, 0.2499999999999967526, 0.4499999999999992339 ) ) ;
#13370 = VERTEX_POINT ( 'NONE', #7675 ) ;
#13371 = EDGE_CURVE ( 'NONE', #9204, #9362, #5695, .T. ) ;
#13372 = ORIENTED_EDGE ( 'NONE', *, *, #12238, .T. ) ;
#13373 = VECTOR ( 'NONE', #1584, 1000.000000000000000 ) ;
#13374 = CARTESIAN_POINT ( 'NONE',  ( 16.53000000000000114, 0.2499999999999967526, 0.4499999999999992339 ) ) ;
#13375 = VERTEX_POINT ( 'NONE', #4559 ) ;
#13376 = DIRECTION ( 'NONE',  ( -1.000000000000000000, 0.000000000000000000, 1.110223024625156294E-16 ) ) ;
#13377 = DIRECTION ( 'NONE',  ( 0.7071067811865477948, 0.7071067811865472397, -1.908525788164860098E-15 ) ) ;
#13378 = EDGE_CURVE ( 'NONE', #5292, #6321, #12814, .T. ) ;
#13379 = CARTESIAN_POINT ( 'NONE',  ( 1.027575757575757365, 8.293939393939389504, -1.512424242424237342 ) ) ;
#13380 = EDGE_LOOP ( 'NONE', ( #1253, #1642, #9861, #8002 ) ) ;
#13381 = LINE ( 'NONE', #6466, #4684 ) ;
#13382 = DIRECTION ( 'NONE',  ( -1.000000000000000000, 0.000000000000000000, 1.110223024625156294E-16 ) ) ;
#13383 = EDGE_CURVE ( 'NONE', #3210, #7625, #12875, .T. ) ;
#13384 = VECTOR ( 'NONE', #222, 1000.000000000000000 ) ;
#13385 = ORIENTED_EDGE ( 'NONE', *, *, #6008, .F. ) ;
#13386 = DIRECTION ( 'NONE',  ( 2.220446049250312095E-16, -1.000000000000000000, -1.224646799147353207E-16 ) ) ;
#13387 = DIRECTION ( 'NONE',  ( 1.110223024625162210E-16, -2.832970111128507277E-15, 1.000000000000000000 ) ) ;
ENDSEC;
END-ISO-10303-21;
