ISO-10303-21;
HEADER;
FILE_DESCRIPTION(('FreeCAD Model'),'2;1');
FILE_NAME('Open CASCADE Shape Model','2025-10-29T21:44:40',(''),(''),
  'Open CASCADE STEP processor 7.8','FreeCAD','Unknown');
FILE_SCHEMA(('AUTOMOTIVE_DESIGN { 1 0 10303 214 1 1 1 1 }'));
ENDSEC;
DATA;
#1 = APPLICATION_PROTOCOL_DEFINITION('international standard',
  'automotive_design',2000,#2);
#2 = APPLICATION_CONTEXT(
  'core data for automotive mechanical design processes');
#3 = SHAPE_DEFINITION_REPRESENTATION(#4,#10);
#4 = PRODUCT_DEFINITION_SHAPE('','',#5);
#5 = PRODUCT_DEFINITION('design','',#6,#9);
#6 = PRODUCT_DEFINITION_FORMATION('','',#7);
#7 = PRODUCT('DFN_6240532_W25Q16FWUUIQ_Winbond_Electronics_6195085',
  'DFN_6240532_W25Q16FWUUIQ_Winbond_Electronics_6195085','',(#8));
#8 = PRODUCT_CONTEXT('',#2,'mechanical');
#9 = PRODUCT_DEFINITION_CONTEXT('part definition',#2,'design');
#10 = SHAPE_REPRESENTATION('',(#11,#15,#19,#23,#27,#31,#35,#39,#43,#47,
    #51,#55,#59),#63);
#11 = AXIS2_PLACEMENT_3D('',#12,#13,#14);
#12 = CARTESIAN_POINT('',(0.,0.,0.));
#13 = DIRECTION('',(0.,0.,1.));
#14 = DIRECTION('',(1.,0.,-0.));
#15 = AXIS2_PLACEMENT_3D('',#16,#17,#18);
#16 = CARTESIAN_POINT('',(0.,0.,0.));
#17 = DIRECTION('',(0.,0.,1.));
#18 = DIRECTION('',(1.,0.,0.));
#19 = AXIS2_PLACEMENT_3D('',#20,#21,#22);
#20 = CARTESIAN_POINT('',(0.,0.,0.));
#21 = DIRECTION('',(0.,0.,1.));
#22 = DIRECTION('',(1.,0.,0.));
#23 = AXIS2_PLACEMENT_3D('',#24,#25,#26);
#24 = CARTESIAN_POINT('',(0.,0.,0.));
#25 = DIRECTION('',(0.,0.,1.));
#26 = DIRECTION('',(1.,0.,0.));
#27 = AXIS2_PLACEMENT_3D('',#28,#29,#30);
#28 = CARTESIAN_POINT('',(0.,0.,0.));
#29 = DIRECTION('',(0.,0.,1.));
#30 = DIRECTION('',(1.,0.,0.));
#31 = AXIS2_PLACEMENT_3D('',#32,#33,#34);
#32 = CARTESIAN_POINT('',(0.,0.,0.));
#33 = DIRECTION('',(0.,0.,1.));
#34 = DIRECTION('',(1.,0.,0.));
#35 = AXIS2_PLACEMENT_3D('',#36,#37,#38);
#36 = CARTESIAN_POINT('',(0.,0.,0.));
#37 = DIRECTION('',(0.,0.,1.));
#38 = DIRECTION('',(1.,0.,0.));
#39 = AXIS2_PLACEMENT_3D('',#40,#41,#42);
#40 = CARTESIAN_POINT('',(0.,0.,0.));
#41 = DIRECTION('',(0.,0.,1.));
#42 = DIRECTION('',(1.,0.,0.));
#43 = AXIS2_PLACEMENT_3D('',#44,#45,#46);
#44 = CARTESIAN_POINT('',(0.,0.,0.));
#45 = DIRECTION('',(0.,0.,1.));
#46 = DIRECTION('',(1.,0.,0.));
#47 = AXIS2_PLACEMENT_3D('',#48,#49,#50);
#48 = CARTESIAN_POINT('',(0.,0.,0.));
#49 = DIRECTION('',(0.,0.,1.));
#50 = DIRECTION('',(1.,0.,0.));
#51 = AXIS2_PLACEMENT_3D('',#52,#53,#54);
#52 = CARTESIAN_POINT('',(0.,0.,0.));
#53 = DIRECTION('',(0.,0.,1.));
#54 = DIRECTION('',(1.,0.,0.));
#55 = AXIS2_PLACEMENT_3D('',#56,#57,#58);
#56 = CARTESIAN_POINT('',(0.,0.,0.));
#57 = DIRECTION('',(0.,0.,1.));
#58 = DIRECTION('',(1.,0.,0.));
#59 = AXIS2_PLACEMENT_3D('',#60,#61,#62);
#60 = CARTESIAN_POINT('',(0.,0.,0.));
#61 = DIRECTION('',(0.,0.,1.));
#62 = DIRECTION('',(1.,0.,0.));
#63 = ( GEOMETRIC_REPRESENTATION_CONTEXT(3) 
GLOBAL_UNCERTAINTY_ASSIGNED_CONTEXT((#67)) GLOBAL_UNIT_ASSIGNED_CONTEXT(
(#64,#65,#66)) REPRESENTATION_CONTEXT('Context #1',
  '3D Context with UNIT and UNCERTAINTY') );
#64 = ( LENGTH_UNIT() NAMED_UNIT(*) SI_UNIT(.MILLI.,.METRE.) );
#65 = ( NAMED_UNIT(*) PLANE_ANGLE_UNIT() SI_UNIT($,.RADIAN.) );
#66 = ( NAMED_UNIT(*) SI_UNIT($,.STERADIAN.) SOLID_ANGLE_UNIT() );
#67 = UNCERTAINTY_MEASURE_WITH_UNIT(LENGTH_MEASURE(1.E-07),#64,
  'distance_accuracy_value','confusion accuracy');
#68 = PRODUCT_RELATED_PRODUCT_CATEGORY('part',$,(#7));
#69 = SHAPE_DEFINITION_REPRESENTATION(#70,#76);
#70 = PRODUCT_DEFINITION_SHAPE('','',#71);
#71 = PRODUCT_DEFINITION('design','',#72,#75);
#72 = PRODUCT_DEFINITION_FORMATION('','',#73);
#73 = PRODUCT('BaseWithTopCut','BaseWithTopCut','',(#74));
#74 = PRODUCT_CONTEXT('',#2,'mechanical');
#75 = PRODUCT_DEFINITION_CONTEXT('part definition',#2,'design');
#76 = ADVANCED_BREP_SHAPE_REPRESENTATION('',(#11,#77),#272);
#77 = MANIFOLD_SOLID_BREP('',#78);
#78 = CLOSED_SHELL('',(#79,#119,#150,#174,#209,#226,#238,#263));
#79 = ADVANCED_FACE('',(#80),#114,.T.);
#80 = FACE_BOUND('',#81,.T.);
#81 = EDGE_LOOP('',(#82,#92,#100,#108));
#82 = ORIENTED_EDGE('',*,*,#83,.F.);
#83 = EDGE_CURVE('',#84,#86,#88,.T.);
#84 = VERTEX_POINT('',#85);
#85 = CARTESIAN_POINT('',(-1.5,5.E-02,-2.));
#86 = VERTEX_POINT('',#87);
#87 = CARTESIAN_POINT('',(1.5,5.E-02,-2.));
#88 = LINE('',#89,#90);
#89 = CARTESIAN_POINT('',(-1.5,5.E-02,-2.));
#90 = VECTOR('',#91,1.);
#91 = DIRECTION('',(1.,0.,0.));
#92 = ORIENTED_EDGE('',*,*,#93,.T.);
#93 = EDGE_CURVE('',#84,#94,#96,.T.);
#94 = VERTEX_POINT('',#95);
#95 = CARTESIAN_POINT('',(-1.5,0.6,-2.));
#96 = LINE('',#97,#98);
#97 = CARTESIAN_POINT('',(-1.5,0.,-2.));
#98 = VECTOR('',#99,1.);
#99 = DIRECTION('',(0.,1.,0.));
#100 = ORIENTED_EDGE('',*,*,#101,.T.);
#101 = EDGE_CURVE('',#94,#102,#104,.T.);
#102 = VERTEX_POINT('',#103);
#103 = CARTESIAN_POINT('',(1.5,0.6,-2.));
#104 = LINE('',#105,#106);
#105 = CARTESIAN_POINT('',(-1.5,0.6,-2.));
#106 = VECTOR('',#107,1.);
#107 = DIRECTION('',(1.,0.,0.));
#108 = ORIENTED_EDGE('',*,*,#109,.F.);
#109 = EDGE_CURVE('',#86,#102,#110,.T.);
#110 = LINE('',#111,#112);
#111 = CARTESIAN_POINT('',(1.5,0.,-2.));
#112 = VECTOR('',#113,1.);
#113 = DIRECTION('',(0.,1.,0.));
#114 = PLANE('',#115);
#115 = AXIS2_PLACEMENT_3D('',#116,#117,#118);
#116 = CARTESIAN_POINT('',(-1.5,0.,-2.));
#117 = DIRECTION('',(0.,0.,-1.));
#118 = DIRECTION('',(1.,0.,0.));
#119 = ADVANCED_FACE('',(#120),#145,.T.);
#120 = FACE_BOUND('',#121,.T.);
#121 = EDGE_LOOP('',(#122,#123,#131,#139));
#122 = ORIENTED_EDGE('',*,*,#83,.T.);
#123 = ORIENTED_EDGE('',*,*,#124,.T.);
#124 = EDGE_CURVE('',#86,#125,#127,.T.);
#125 = VERTEX_POINT('',#126);
#126 = CARTESIAN_POINT('',(1.5,5.E-02,2.));
#127 = LINE('',#128,#129);
#128 = CARTESIAN_POINT('',(1.5,5.E-02,-2.));
#129 = VECTOR('',#130,1.);
#130 = DIRECTION('',(0.,0.,1.));
#131 = ORIENTED_EDGE('',*,*,#132,.T.);
#132 = EDGE_CURVE('',#125,#133,#135,.T.);
#133 = VERTEX_POINT('',#134);
#134 = CARTESIAN_POINT('',(-1.5,5.E-02,2.));
#135 = LINE('',#136,#137);
#136 = CARTESIAN_POINT('',(1.5,5.E-02,2.));
#137 = VECTOR('',#138,1.);
#138 = DIRECTION('',(-1.,0.,0.));
#139 = ORIENTED_EDGE('',*,*,#140,.T.);
#140 = EDGE_CURVE('',#133,#84,#141,.T.);
#141 = LINE('',#142,#143);
#142 = CARTESIAN_POINT('',(-1.5,5.E-02,2.));
#143 = VECTOR('',#144,1.);
#144 = DIRECTION('',(0.,0.,-1.));
#145 = PLANE('',#146);
#146 = AXIS2_PLACEMENT_3D('',#147,#148,#149);
#147 = CARTESIAN_POINT('',(0.,5.E-02,0.));
#148 = DIRECTION('',(-0.,-1.,-0.));
#149 = DIRECTION('',(0.,0.,-1.));
#150 = ADVANCED_FACE('',(#151),#169,.T.);
#151 = FACE_BOUND('',#152,.T.);
#152 = EDGE_LOOP('',(#153,#154,#155,#163));
#153 = ORIENTED_EDGE('',*,*,#124,.F.);
#154 = ORIENTED_EDGE('',*,*,#109,.T.);
#155 = ORIENTED_EDGE('',*,*,#156,.T.);
#156 = EDGE_CURVE('',#102,#157,#159,.T.);
#157 = VERTEX_POINT('',#158);
#158 = CARTESIAN_POINT('',(1.5,0.6,2.));
#159 = LINE('',#160,#161);
#160 = CARTESIAN_POINT('',(1.5,0.6,-2.));
#161 = VECTOR('',#162,1.);
#162 = DIRECTION('',(0.,0.,1.));
#163 = ORIENTED_EDGE('',*,*,#164,.F.);
#164 = EDGE_CURVE('',#125,#157,#165,.T.);
#165 = LINE('',#166,#167);
#166 = CARTESIAN_POINT('',(1.5,0.,2.));
#167 = VECTOR('',#168,1.);
#168 = DIRECTION('',(0.,1.,0.));
#169 = PLANE('',#170);
#170 = AXIS2_PLACEMENT_3D('',#171,#172,#173);
#171 = CARTESIAN_POINT('',(1.5,0.,-2.));
#172 = DIRECTION('',(1.,0.,0.));
#173 = DIRECTION('',(0.,0.,1.));
#174 = ADVANCED_FACE('',(#175,#193),#204,.F.);
#175 = FACE_BOUND('',#176,.F.);
#176 = EDGE_LOOP('',(#177,#178,#179,#187));
#177 = ORIENTED_EDGE('',*,*,#101,.T.);
#178 = ORIENTED_EDGE('',*,*,#156,.T.);
#179 = ORIENTED_EDGE('',*,*,#180,.T.);
#180 = EDGE_CURVE('',#157,#181,#183,.T.);
#181 = VERTEX_POINT('',#182);
#182 = CARTESIAN_POINT('',(-1.5,0.6,2.));
#183 = LINE('',#184,#185);
#184 = CARTESIAN_POINT('',(1.5,0.6,2.));
#185 = VECTOR('',#186,1.);
#186 = DIRECTION('',(-1.,0.,0.));
#187 = ORIENTED_EDGE('',*,*,#188,.T.);
#188 = EDGE_CURVE('',#181,#94,#189,.T.);
#189 = LINE('',#190,#191);
#190 = CARTESIAN_POINT('',(-1.5,0.6,2.));
#191 = VECTOR('',#192,1.);
#192 = DIRECTION('',(0.,0.,-1.));
#193 = FACE_BOUND('',#194,.F.);
#194 = EDGE_LOOP('',(#195));
#195 = ORIENTED_EDGE('',*,*,#196,.T.);
#196 = EDGE_CURVE('',#197,#197,#199,.T.);
#197 = VERTEX_POINT('',#198);
#198 = CARTESIAN_POINT('',(-1.119,0.6,-1.469));
#199 = CIRCLE('',#200,0.15);
#200 = AXIS2_PLACEMENT_3D('',#201,#202,#203);
#201 = CARTESIAN_POINT('',(-1.119,0.6,-1.619));
#202 = DIRECTION('',(0.,1.,0.));
#203 = DIRECTION('',(0.,0.,1.));
#204 = PLANE('',#205);
#205 = AXIS2_PLACEMENT_3D('',#206,#207,#208);
#206 = CARTESIAN_POINT('',(0.,0.6,0.));
#207 = DIRECTION('',(-0.,-1.,-0.));
#208 = DIRECTION('',(0.,0.,-1.));
#209 = ADVANCED_FACE('',(#210),#221,.T.);
#210 = FACE_BOUND('',#211,.T.);
#211 = EDGE_LOOP('',(#212,#213,#219,#220));
#212 = ORIENTED_EDGE('',*,*,#140,.F.);
#213 = ORIENTED_EDGE('',*,*,#214,.T.);
#214 = EDGE_CURVE('',#133,#181,#215,.T.);
#215 = LINE('',#216,#217);
#216 = CARTESIAN_POINT('',(-1.5,0.,2.));
#217 = VECTOR('',#218,1.);
#218 = DIRECTION('',(0.,1.,0.));
#219 = ORIENTED_EDGE('',*,*,#188,.T.);
#220 = ORIENTED_EDGE('',*,*,#93,.F.);
#221 = PLANE('',#222);
#222 = AXIS2_PLACEMENT_3D('',#223,#224,#225);
#223 = CARTESIAN_POINT('',(-1.5,0.,2.));
#224 = DIRECTION('',(-1.,0.,0.));
#225 = DIRECTION('',(0.,0.,-1.));
#226 = ADVANCED_FACE('',(#227),#233,.T.);
#227 = FACE_BOUND('',#228,.T.);
#228 = EDGE_LOOP('',(#229,#230,#231,#232));
#229 = ORIENTED_EDGE('',*,*,#132,.F.);
#230 = ORIENTED_EDGE('',*,*,#164,.T.);
#231 = ORIENTED_EDGE('',*,*,#180,.T.);
#232 = ORIENTED_EDGE('',*,*,#214,.F.);
#233 = PLANE('',#234);
#234 = AXIS2_PLACEMENT_3D('',#235,#236,#237);
#235 = CARTESIAN_POINT('',(1.5,0.,2.));
#236 = DIRECTION('',(0.,0.,1.));
#237 = DIRECTION('',(-1.,0.,0.));
#238 = ADVANCED_FACE('',(#239),#258,.F.);
#239 = FACE_BOUND('',#240,.F.);
#240 = EDGE_LOOP('',(#241,#249,#256,#257));
#241 = ORIENTED_EDGE('',*,*,#242,.T.);
#242 = EDGE_CURVE('',#197,#243,#245,.T.);
#243 = VERTEX_POINT('',#244);
#244 = CARTESIAN_POINT('',(-1.119,0.54,-1.469));
#245 = LINE('',#246,#247);
#246 = CARTESIAN_POINT('',(-1.119,0.6,-1.469));
#247 = VECTOR('',#248,1.);
#248 = DIRECTION('',(0.,-1.,0.));
#249 = ORIENTED_EDGE('',*,*,#250,.T.);
#250 = EDGE_CURVE('',#243,#243,#251,.T.);
#251 = CIRCLE('',#252,0.15);
#252 = AXIS2_PLACEMENT_3D('',#253,#254,#255);
#253 = CARTESIAN_POINT('',(-1.119,0.54,-1.619));
#254 = DIRECTION('',(0.,1.,0.));
#255 = DIRECTION('',(0.,0.,1.));
#256 = ORIENTED_EDGE('',*,*,#242,.F.);
#257 = ORIENTED_EDGE('',*,*,#196,.F.);
#258 = CYLINDRICAL_SURFACE('',#259,0.15);
#259 = AXIS2_PLACEMENT_3D('',#260,#261,#262);
#260 = CARTESIAN_POINT('',(-1.119,0.6,-1.619));
#261 = DIRECTION('',(0.,1.,0.));
#262 = DIRECTION('',(0.,0.,1.));
#263 = ADVANCED_FACE('',(#264),#267,.T.);
#264 = FACE_BOUND('',#265,.T.);
#265 = EDGE_LOOP('',(#266));
#266 = ORIENTED_EDGE('',*,*,#250,.T.);
#267 = PLANE('',#268);
#268 = AXIS2_PLACEMENT_3D('',#269,#270,#271);
#269 = CARTESIAN_POINT('',(-1.119,0.54,-1.619));
#270 = DIRECTION('',(0.,1.,0.));
#271 = DIRECTION('',(0.,0.,1.));
#272 = ( GEOMETRIC_REPRESENTATION_CONTEXT(3) 
GLOBAL_UNCERTAINTY_ASSIGNED_CONTEXT((#276)) GLOBAL_UNIT_ASSIGNED_CONTEXT
((#273,#274,#275)) REPRESENTATION_CONTEXT('Context #1',
  '3D Context with UNIT and UNCERTAINTY') );
#273 = ( LENGTH_UNIT() NAMED_UNIT(*) SI_UNIT(.MILLI.,.METRE.) );
#274 = ( NAMED_UNIT(*) PLANE_ANGLE_UNIT() SI_UNIT($,.RADIAN.) );
#275 = ( NAMED_UNIT(*) SI_UNIT($,.STERADIAN.) SOLID_ANGLE_UNIT() );
#276 = UNCERTAINTY_MEASURE_WITH_UNIT(LENGTH_MEASURE(1.E-07),#273,
  'distance_accuracy_value','confusion accuracy');
#277 = CONTEXT_DEPENDENT_SHAPE_REPRESENTATION(#278,#280);
#278 = ( REPRESENTATION_RELATIONSHIP('','',#76,#10) 
REPRESENTATION_RELATIONSHIP_WITH_TRANSFORMATION(#279) 
SHAPE_REPRESENTATION_RELATIONSHIP() );
#279 = ITEM_DEFINED_TRANSFORMATION('','',#11,#15);
#280 = PRODUCT_DEFINITION_SHAPE('Placement','Placement of an item',#281
  );
#281 = NEXT_ASSEMBLY_USAGE_OCCURRENCE('923','BaseWithTopCut','',#5,#71,$
  );
#282 = PRODUCT_RELATED_PRODUCT_CATEGORY('part',$,(#73));
#283 = SHAPE_DEFINITION_REPRESENTATION(#284,#290);
#284 = PRODUCT_DEFINITION_SHAPE('','',#285);
#285 = PRODUCT_DEFINITION('design','',#286,#289);
#286 = PRODUCT_DEFINITION_FORMATION('','',#287);
#287 = PRODUCT('TopCircle_NewBody','TopCircle_NewBody','',(#288));
#288 = PRODUCT_CONTEXT('',#2,'mechanical');
#289 = PRODUCT_DEFINITION_CONTEXT('part definition',#2,'design');
#290 = ADVANCED_BREP_SHAPE_REPRESENTATION('',(#11,#291),#344);
#291 = MANIFOLD_SOLID_BREP('',#292);
#292 = CLOSED_SHELL('',(#293,#326,#335));
#293 = ADVANCED_FACE('',(#294),#321,.T.);
#294 = FACE_BOUND('',#295,.T.);
#295 = EDGE_LOOP('',(#296,#306,#313,#314));
#296 = ORIENTED_EDGE('',*,*,#297,.T.);
#297 = EDGE_CURVE('',#298,#300,#302,.T.);
#298 = VERTEX_POINT('',#299);
#299 = CARTESIAN_POINT('',(-1.119,0.6,-1.469));
#300 = VERTEX_POINT('',#301);
#301 = CARTESIAN_POINT('',(-1.119,0.54,-1.469));
#302 = LINE('',#303,#304);
#303 = CARTESIAN_POINT('',(-1.119,0.6,-1.469));
#304 = VECTOR('',#305,1.);
#305 = DIRECTION('',(0.,-1.,0.));
#306 = ORIENTED_EDGE('',*,*,#307,.T.);
#307 = EDGE_CURVE('',#300,#300,#308,.T.);
#308 = CIRCLE('',#309,0.15);
#309 = AXIS2_PLACEMENT_3D('',#310,#311,#312);
#310 = CARTESIAN_POINT('',(-1.119,0.54,-1.619));
#311 = DIRECTION('',(0.,1.,0.));
#312 = DIRECTION('',(0.,-0.,1.));
#313 = ORIENTED_EDGE('',*,*,#297,.F.);
#314 = ORIENTED_EDGE('',*,*,#315,.F.);
#315 = EDGE_CURVE('',#298,#298,#316,.T.);
#316 = CIRCLE('',#317,0.15);
#317 = AXIS2_PLACEMENT_3D('',#318,#319,#320);
#318 = CARTESIAN_POINT('',(-1.119,0.6,-1.619));
#319 = DIRECTION('',(0.,1.,0.));
#320 = DIRECTION('',(0.,-0.,1.));
#321 = CYLINDRICAL_SURFACE('',#322,0.15);
#322 = AXIS2_PLACEMENT_3D('',#323,#324,#325);
#323 = CARTESIAN_POINT('',(-1.119,0.6,-1.619));
#324 = DIRECTION('',(0.,1.,0.));
#325 = DIRECTION('',(0.,-0.,1.));
#326 = ADVANCED_FACE('',(#327),#330,.T.);
#327 = FACE_BOUND('',#328,.T.);
#328 = EDGE_LOOP('',(#329));
#329 = ORIENTED_EDGE('',*,*,#315,.T.);
#330 = PLANE('',#331);
#331 = AXIS2_PLACEMENT_3D('',#332,#333,#334);
#332 = CARTESIAN_POINT('',(-1.119,0.6,-1.619));
#333 = DIRECTION('',(0.,1.,0.));
#334 = DIRECTION('',(0.,-0.,1.));
#335 = ADVANCED_FACE('',(#336),#339,.F.);
#336 = FACE_BOUND('',#337,.F.);
#337 = EDGE_LOOP('',(#338));
#338 = ORIENTED_EDGE('',*,*,#307,.T.);
#339 = PLANE('',#340);
#340 = AXIS2_PLACEMENT_3D('',#341,#342,#343);
#341 = CARTESIAN_POINT('',(-1.119,0.54,-1.619));
#342 = DIRECTION('',(0.,1.,0.));
#343 = DIRECTION('',(0.,-0.,1.));
#344 = ( GEOMETRIC_REPRESENTATION_CONTEXT(3) 
GLOBAL_UNCERTAINTY_ASSIGNED_CONTEXT((#348)) GLOBAL_UNIT_ASSIGNED_CONTEXT
((#345,#346,#347)) REPRESENTATION_CONTEXT('Context #1',
  '3D Context with UNIT and UNCERTAINTY') );
#345 = ( LENGTH_UNIT() NAMED_UNIT(*) SI_UNIT(.MILLI.,.METRE.) );
#346 = ( NAMED_UNIT(*) PLANE_ANGLE_UNIT() SI_UNIT($,.RADIAN.) );
#347 = ( NAMED_UNIT(*) SI_UNIT($,.STERADIAN.) SOLID_ANGLE_UNIT() );
#348 = UNCERTAINTY_MEASURE_WITH_UNIT(LENGTH_MEASURE(1.E-07),#345,
  'distance_accuracy_value','confusion accuracy');
#349 = CONTEXT_DEPENDENT_SHAPE_REPRESENTATION(#350,#352);
#350 = ( REPRESENTATION_RELATIONSHIP('','',#290,#10) 
REPRESENTATION_RELATIONSHIP_WITH_TRANSFORMATION(#351) 
SHAPE_REPRESENTATION_RELATIONSHIP() );
#351 = ITEM_DEFINED_TRANSFORMATION('','',#11,#19);
#352 = PRODUCT_DEFINITION_SHAPE('Placement','Placement of an item',#353
  );
#353 = NEXT_ASSEMBLY_USAGE_OCCURRENCE('924','TopCircle_NewBody','',#5,
  #285,$);
#354 = PRODUCT_RELATED_PRODUCT_CATEGORY('part',$,(#287));
#355 = SHAPE_DEFINITION_REPRESENTATION(#356,#362);
#356 = PRODUCT_DEFINITION_SHAPE('','',#357);
#357 = PRODUCT_DEFINITION('design','',#358,#361);
#358 = PRODUCT_DEFINITION_FORMATION('','',#359);
#359 = PRODUCT('Pad_1_1','Pad_1_1','',(#360));
#360 = PRODUCT_CONTEXT('',#2,'mechanical');
#361 = PRODUCT_DEFINITION_CONTEXT('part definition',#2,'design');
#362 = ADVANCED_BREP_SHAPE_REPRESENTATION('',(#11,#363),#583);
#363 = MANIFOLD_SOLID_BREP('',#364);
#364 = CLOSED_SHELL('',(#365,#405,#454,#479,#503,#537,#554,#571));
#365 = ADVANCED_FACE('',(#366),#400,.T.);
#366 = FACE_BOUND('',#367,.T.);
#367 = EDGE_LOOP('',(#368,#378,#386,#394));
#368 = ORIENTED_EDGE('',*,*,#369,.F.);
#369 = EDGE_CURVE('',#370,#372,#374,.T.);
#370 = VERTEX_POINT('',#371);
#371 = CARTESIAN_POINT('',(-0.9816432,5.E-02,-1.36));
#372 = VERTEX_POINT('',#373);
#373 = CARTESIAN_POINT('',(-1.5,5.E-02,-1.36));
#374 = LINE('',#375,#376);
#375 = CARTESIAN_POINT('',(-0.825,5.E-02,-1.36));
#376 = VECTOR('',#377,1.);
#377 = DIRECTION('',(-1.,0.,0.));
#378 = ORIENTED_EDGE('',*,*,#379,.T.);
#379 = EDGE_CURVE('',#370,#380,#382,.T.);
#380 = VERTEX_POINT('',#381);
#381 = CARTESIAN_POINT('',(-0.9816432,0.,-1.36));
#382 = LINE('',#383,#384);
#383 = CARTESIAN_POINT('',(-0.9816432,5.E-02,-1.36));
#384 = VECTOR('',#385,1.);
#385 = DIRECTION('',(0.,-1.,0.));
#386 = ORIENTED_EDGE('',*,*,#387,.T.);
#387 = EDGE_CURVE('',#380,#388,#390,.T.);
#388 = VERTEX_POINT('',#389);
#389 = CARTESIAN_POINT('',(-1.5,0.,-1.36));
#390 = LINE('',#391,#392);
#391 = CARTESIAN_POINT('',(-0.825,0.,-1.36));
#392 = VECTOR('',#393,1.);
#393 = DIRECTION('',(-1.,0.,0.));
#394 = ORIENTED_EDGE('',*,*,#395,.F.);
#395 = EDGE_CURVE('',#372,#388,#396,.T.);
#396 = LINE('',#397,#398);
#397 = CARTESIAN_POINT('',(-1.5,5.E-02,-1.36));
#398 = VECTOR('',#399,1.);
#399 = DIRECTION('',(0.,-1.,0.));
#400 = PLANE('',#401);
#401 = AXIS2_PLACEMENT_3D('',#402,#403,#404);
#402 = CARTESIAN_POINT('',(-0.825,5.E-02,-1.36));
#403 = DIRECTION('',(-0.,-0.,-1.));
#404 = DIRECTION('',(-1.,0.,0.));
#405 = ADVANCED_FACE('',(#406),#449,.T.);
#406 = FACE_BOUND('',#407,.T.);
#407 = EDGE_LOOP('',(#408,#409,#417,#425,#434,#442));
#408 = ORIENTED_EDGE('',*,*,#369,.T.);
#409 = ORIENTED_EDGE('',*,*,#410,.F.);
#410 = EDGE_CURVE('',#411,#372,#413,.T.);
#411 = VERTEX_POINT('',#412);
#412 = CARTESIAN_POINT('',(-1.5,5.E-02,-1.04));
#413 = LINE('',#414,#415);
#414 = CARTESIAN_POINT('',(-1.5,5.E-02,2.));
#415 = VECTOR('',#416,1.);
#416 = DIRECTION('',(0.,0.,-1.));
#417 = ORIENTED_EDGE('',*,*,#418,.T.);
#418 = EDGE_CURVE('',#411,#419,#421,.T.);
#419 = VERTEX_POINT('',#420);
#420 = CARTESIAN_POINT('',(-0.9816432,5.E-02,-1.04));
#421 = LINE('',#422,#423);
#422 = CARTESIAN_POINT('',(-1.865,5.E-02,-1.04));
#423 = VECTOR('',#424,1.);
#424 = DIRECTION('',(1.,0.,0.));
#425 = ORIENTED_EDGE('',*,*,#426,.F.);
#426 = EDGE_CURVE('',#427,#419,#429,.T.);
#427 = VERTEX_POINT('',#428);
#428 = CARTESIAN_POINT('',(-0.825,5.E-02,-1.1966432));
#429 = CIRCLE('',#430,0.1566432);
#430 = AXIS2_PLACEMENT_3D('',#431,#432,#433);
#431 = CARTESIAN_POINT('',(-0.9816432,5.E-02,-1.1966432));
#432 = DIRECTION('',(0.,-1.,0.));
#433 = DIRECTION('',(0.,-0.,-1.));
#434 = ORIENTED_EDGE('',*,*,#435,.T.);
#435 = EDGE_CURVE('',#427,#436,#438,.T.);
#436 = VERTEX_POINT('',#437);
#437 = CARTESIAN_POINT('',(-0.825,5.E-02,-1.2033568));
#438 = LINE('',#439,#440);
#439 = CARTESIAN_POINT('',(-0.825,5.E-02,-1.04));
#440 = VECTOR('',#441,1.);
#441 = DIRECTION('',(0.,0.,-1.));
#442 = ORIENTED_EDGE('',*,*,#443,.F.);
#443 = EDGE_CURVE('',#370,#436,#444,.T.);
#444 = CIRCLE('',#445,0.1566432);
#445 = AXIS2_PLACEMENT_3D('',#446,#447,#448);
#446 = CARTESIAN_POINT('',(-0.9816432,5.E-02,-1.2033568));
#447 = DIRECTION('',(0.,-1.,0.));
#448 = DIRECTION('',(0.,-0.,-1.));
#449 = PLANE('',#450);
#450 = AXIS2_PLACEMENT_3D('',#451,#452,#453);
#451 = CARTESIAN_POINT('',(-1.345,5.E-02,-1.2));
#452 = DIRECTION('',(0.,1.,0.));
#453 = DIRECTION('',(0.,0.,1.));
#454 = ADVANCED_FACE('',(#455),#474,.T.);
#455 = FACE_BOUND('',#456,.T.);
#456 = EDGE_LOOP('',(#457,#458,#466,#473));
#457 = ORIENTED_EDGE('',*,*,#443,.T.);
#458 = ORIENTED_EDGE('',*,*,#459,.T.);
#459 = EDGE_CURVE('',#436,#460,#462,.T.);
#460 = VERTEX_POINT('',#461);
#461 = CARTESIAN_POINT('',(-0.825,0.,-1.2033568));
#462 = LINE('',#463,#464);
#463 = CARTESIAN_POINT('',(-0.825,5.E-02,-1.2033568));
#464 = VECTOR('',#465,1.);
#465 = DIRECTION('',(0.,-1.,0.));
#466 = ORIENTED_EDGE('',*,*,#467,.F.);
#467 = EDGE_CURVE('',#380,#460,#468,.T.);
#468 = CIRCLE('',#469,0.1566432);
#469 = AXIS2_PLACEMENT_3D('',#470,#471,#472);
#470 = CARTESIAN_POINT('',(-0.9816432,6.938893903907E-18,-1.2033568));
#471 = DIRECTION('',(0.,-1.,0.));
#472 = DIRECTION('',(0.,-0.,-1.));
#473 = ORIENTED_EDGE('',*,*,#379,.F.);
#474 = CYLINDRICAL_SURFACE('',#475,0.1566432);
#475 = AXIS2_PLACEMENT_3D('',#476,#477,#478);
#476 = CARTESIAN_POINT('',(-0.9816432,5.E-02,-1.2033568));
#477 = DIRECTION('',(0.,-1.,0.));
#478 = DIRECTION('',(0.,0.,-1.));
#479 = ADVANCED_FACE('',(#480),#498,.F.);
#480 = FACE_BOUND('',#481,.F.);
#481 = EDGE_LOOP('',(#482,#490,#496,#497));
#482 = ORIENTED_EDGE('',*,*,#483,.T.);
#483 = EDGE_CURVE('',#411,#484,#486,.T.);
#484 = VERTEX_POINT('',#485);
#485 = CARTESIAN_POINT('',(-1.5,0.,-1.04));
#486 = LINE('',#487,#488);
#487 = CARTESIAN_POINT('',(-1.5,5.E-02,-1.04));
#488 = VECTOR('',#489,1.);
#489 = DIRECTION('',(0.,-1.,0.));
#490 = ORIENTED_EDGE('',*,*,#491,.T.);
#491 = EDGE_CURVE('',#484,#388,#492,.T.);
#492 = LINE('',#493,#494);
#493 = CARTESIAN_POINT('',(-1.5,0.,2.));
#494 = VECTOR('',#495,1.);
#495 = DIRECTION('',(0.,0.,-1.));
#496 = ORIENTED_EDGE('',*,*,#395,.F.);
#497 = ORIENTED_EDGE('',*,*,#410,.F.);
#498 = PLANE('',#499);
#499 = AXIS2_PLACEMENT_3D('',#500,#501,#502);
#500 = CARTESIAN_POINT('',(-1.5,5.E-02,-1.04));
#501 = DIRECTION('',(1.,0.,0.));
#502 = DIRECTION('',(0.,0.,-1.));
#503 = ADVANCED_FACE('',(#504),#532,.F.);
#504 = FACE_BOUND('',#505,.F.);
#505 = EDGE_LOOP('',(#506,#507,#508,#516,#525,#531));
#506 = ORIENTED_EDGE('',*,*,#387,.T.);
#507 = ORIENTED_EDGE('',*,*,#491,.F.);
#508 = ORIENTED_EDGE('',*,*,#509,.T.);
#509 = EDGE_CURVE('',#484,#510,#512,.T.);
#510 = VERTEX_POINT('',#511);
#511 = CARTESIAN_POINT('',(-0.9816432,0.,-1.04));
#512 = LINE('',#513,#514);
#513 = CARTESIAN_POINT('',(-1.865,0.,-1.04));
#514 = VECTOR('',#515,1.);
#515 = DIRECTION('',(1.,0.,0.));
#516 = ORIENTED_EDGE('',*,*,#517,.F.);
#517 = EDGE_CURVE('',#518,#510,#520,.T.);
#518 = VERTEX_POINT('',#519);
#519 = CARTESIAN_POINT('',(-0.825,0.,-1.1966432));
#520 = CIRCLE('',#521,0.1566432);
#521 = AXIS2_PLACEMENT_3D('',#522,#523,#524);
#522 = CARTESIAN_POINT('',(-0.9816432,6.938893903907E-18,-1.1966432));
#523 = DIRECTION('',(0.,-1.,0.));
#524 = DIRECTION('',(0.,-0.,-1.));
#525 = ORIENTED_EDGE('',*,*,#526,.T.);
#526 = EDGE_CURVE('',#518,#460,#527,.T.);
#527 = LINE('',#528,#529);
#528 = CARTESIAN_POINT('',(-0.825,0.,-1.04));
#529 = VECTOR('',#530,1.);
#530 = DIRECTION('',(0.,0.,-1.));
#531 = ORIENTED_EDGE('',*,*,#467,.F.);
#532 = PLANE('',#533);
#533 = AXIS2_PLACEMENT_3D('',#534,#535,#536);
#534 = CARTESIAN_POINT('',(-1.345,6.938893903907E-18,-1.2));
#535 = DIRECTION('',(0.,1.,0.));
#536 = DIRECTION('',(0.,0.,1.));
#537 = ADVANCED_FACE('',(#538),#549,.T.);
#538 = FACE_BOUND('',#539,.T.);
#539 = EDGE_LOOP('',(#540,#541,#547,#548));
#540 = ORIENTED_EDGE('',*,*,#435,.F.);
#541 = ORIENTED_EDGE('',*,*,#542,.T.);
#542 = EDGE_CURVE('',#427,#518,#543,.T.);
#543 = LINE('',#544,#545);
#544 = CARTESIAN_POINT('',(-0.825,5.E-02,-1.1966432));
#545 = VECTOR('',#546,1.);
#546 = DIRECTION('',(0.,-1.,0.));
#547 = ORIENTED_EDGE('',*,*,#526,.T.);
#548 = ORIENTED_EDGE('',*,*,#459,.F.);
#549 = PLANE('',#550);
#550 = AXIS2_PLACEMENT_3D('',#551,#552,#553);
#551 = CARTESIAN_POINT('',(-0.825,5.E-02,-1.04));
#552 = DIRECTION('',(1.,0.,0.));
#553 = DIRECTION('',(0.,0.,-1.));
#554 = ADVANCED_FACE('',(#555),#566,.T.);
#555 = FACE_BOUND('',#556,.T.);
#556 = EDGE_LOOP('',(#557,#558,#559,#560));
#557 = ORIENTED_EDGE('',*,*,#418,.F.);
#558 = ORIENTED_EDGE('',*,*,#483,.T.);
#559 = ORIENTED_EDGE('',*,*,#509,.T.);
#560 = ORIENTED_EDGE('',*,*,#561,.F.);
#561 = EDGE_CURVE('',#419,#510,#562,.T.);
#562 = LINE('',#563,#564);
#563 = CARTESIAN_POINT('',(-0.9816432,5.E-02,-1.04));
#564 = VECTOR('',#565,1.);
#565 = DIRECTION('',(0.,-1.,0.));
#566 = PLANE('',#567);
#567 = AXIS2_PLACEMENT_3D('',#568,#569,#570);
#568 = CARTESIAN_POINT('',(-1.5,5.E-02,-1.04));
#569 = DIRECTION('',(0.,0.,1.));
#570 = DIRECTION('',(1.,0.,0.));
#571 = ADVANCED_FACE('',(#572),#578,.T.);
#572 = FACE_BOUND('',#573,.T.);
#573 = EDGE_LOOP('',(#574,#575,#576,#577));
#574 = ORIENTED_EDGE('',*,*,#426,.T.);
#575 = ORIENTED_EDGE('',*,*,#561,.T.);
#576 = ORIENTED_EDGE('',*,*,#517,.F.);
#577 = ORIENTED_EDGE('',*,*,#542,.F.);
#578 = CYLINDRICAL_SURFACE('',#579,0.1566432);
#579 = AXIS2_PLACEMENT_3D('',#580,#581,#582);
#580 = CARTESIAN_POINT('',(-0.9816432,5.E-02,-1.1966432));
#581 = DIRECTION('',(0.,-1.,0.));
#582 = DIRECTION('',(1.,0.,0.));
#583 = ( GEOMETRIC_REPRESENTATION_CONTEXT(3) 
GLOBAL_UNCERTAINTY_ASSIGNED_CONTEXT((#587)) GLOBAL_UNIT_ASSIGNED_CONTEXT
((#584,#585,#586)) REPRESENTATION_CONTEXT('Context #1',
  '3D Context with UNIT and UNCERTAINTY') );
#584 = ( LENGTH_UNIT() NAMED_UNIT(*) SI_UNIT(.MILLI.,.METRE.) );
#585 = ( NAMED_UNIT(*) PLANE_ANGLE_UNIT() SI_UNIT($,.RADIAN.) );
#586 = ( NAMED_UNIT(*) SI_UNIT($,.STERADIAN.) SOLID_ANGLE_UNIT() );
#587 = UNCERTAINTY_MEASURE_WITH_UNIT(LENGTH_MEASURE(1.E-07),#584,
  'distance_accuracy_value','confusion accuracy');
#588 = CONTEXT_DEPENDENT_SHAPE_REPRESENTATION(#589,#591);
#589 = ( REPRESENTATION_RELATIONSHIP('','',#362,#10) 
REPRESENTATION_RELATIONSHIP_WITH_TRANSFORMATION(#590) 
SHAPE_REPRESENTATION_RELATIONSHIP() );
#590 = ITEM_DEFINED_TRANSFORMATION('','',#11,#23);
#591 = PRODUCT_DEFINITION_SHAPE('Placement','Placement of an item',#592
  );
#592 = NEXT_ASSEMBLY_USAGE_OCCURRENCE('925','Pad_1_1','',#5,#357,$);
#593 = PRODUCT_RELATED_PRODUCT_CATEGORY('part',$,(#359));
#594 = SHAPE_DEFINITION_REPRESENTATION(#595,#601);
#595 = PRODUCT_DEFINITION_SHAPE('','',#596);
#596 = PRODUCT_DEFINITION('design','',#597,#600);
#597 = PRODUCT_DEFINITION_FORMATION('','',#598);
#598 = PRODUCT('Pad_2_1','Pad_2_1','',(#599));
#599 = PRODUCT_CONTEXT('',#2,'mechanical');
#600 = PRODUCT_DEFINITION_CONTEXT('part definition',#2,'design');
#601 = ADVANCED_BREP_SHAPE_REPRESENTATION('',(#11,#602),#822);
#602 = MANIFOLD_SOLID_BREP('',#603);
#603 = CLOSED_SHELL('',(#604,#644,#693,#718,#742,#776,#793,#810));
#604 = ADVANCED_FACE('',(#605),#639,.T.);
#605 = FACE_BOUND('',#606,.T.);
#606 = EDGE_LOOP('',(#607,#617,#625,#633));
#607 = ORIENTED_EDGE('',*,*,#608,.F.);
#608 = EDGE_CURVE('',#609,#611,#613,.T.);
#609 = VERTEX_POINT('',#610);
#610 = CARTESIAN_POINT('',(-0.9816432,5.E-02,-0.56));
#611 = VERTEX_POINT('',#612);
#612 = CARTESIAN_POINT('',(-1.5,5.E-02,-0.56));
#613 = LINE('',#614,#615);
#614 = CARTESIAN_POINT('',(-0.825,5.E-02,-0.56));
#615 = VECTOR('',#616,1.);
#616 = DIRECTION('',(-1.,0.,0.));
#617 = ORIENTED_EDGE('',*,*,#618,.T.);
#618 = EDGE_CURVE('',#609,#619,#621,.T.);
#619 = VERTEX_POINT('',#620);
#620 = CARTESIAN_POINT('',(-0.9816432,0.,-0.56));
#621 = LINE('',#622,#623);
#622 = CARTESIAN_POINT('',(-0.9816432,5.E-02,-0.56));
#623 = VECTOR('',#624,1.);
#624 = DIRECTION('',(0.,-1.,0.));
#625 = ORIENTED_EDGE('',*,*,#626,.T.);
#626 = EDGE_CURVE('',#619,#627,#629,.T.);
#627 = VERTEX_POINT('',#628);
#628 = CARTESIAN_POINT('',(-1.5,0.,-0.56));
#629 = LINE('',#630,#631);
#630 = CARTESIAN_POINT('',(-0.825,0.,-0.56));
#631 = VECTOR('',#632,1.);
#632 = DIRECTION('',(-1.,0.,0.));
#633 = ORIENTED_EDGE('',*,*,#634,.F.);
#634 = EDGE_CURVE('',#611,#627,#635,.T.);
#635 = LINE('',#636,#637);
#636 = CARTESIAN_POINT('',(-1.5,5.E-02,-0.56));
#637 = VECTOR('',#638,1.);
#638 = DIRECTION('',(0.,-1.,0.));
#639 = PLANE('',#640);
#640 = AXIS2_PLACEMENT_3D('',#641,#642,#643);
#641 = CARTESIAN_POINT('',(-0.825,5.E-02,-0.56));
#642 = DIRECTION('',(-0.,-0.,-1.));
#643 = DIRECTION('',(-1.,0.,0.));
#644 = ADVANCED_FACE('',(#645),#688,.T.);
#645 = FACE_BOUND('',#646,.T.);
#646 = EDGE_LOOP('',(#647,#648,#656,#664,#673,#681));
#647 = ORIENTED_EDGE('',*,*,#608,.T.);
#648 = ORIENTED_EDGE('',*,*,#649,.F.);
#649 = EDGE_CURVE('',#650,#611,#652,.T.);
#650 = VERTEX_POINT('',#651);
#651 = CARTESIAN_POINT('',(-1.5,5.E-02,-0.24));
#652 = LINE('',#653,#654);
#653 = CARTESIAN_POINT('',(-1.5,5.E-02,2.));
#654 = VECTOR('',#655,1.);
#655 = DIRECTION('',(0.,0.,-1.));
#656 = ORIENTED_EDGE('',*,*,#657,.T.);
#657 = EDGE_CURVE('',#650,#658,#660,.T.);
#658 = VERTEX_POINT('',#659);
#659 = CARTESIAN_POINT('',(-0.9816432,5.E-02,-0.24));
#660 = LINE('',#661,#662);
#661 = CARTESIAN_POINT('',(-1.865,5.E-02,-0.24));
#662 = VECTOR('',#663,1.);
#663 = DIRECTION('',(1.,0.,0.));
#664 = ORIENTED_EDGE('',*,*,#665,.F.);
#665 = EDGE_CURVE('',#666,#658,#668,.T.);
#666 = VERTEX_POINT('',#667);
#667 = CARTESIAN_POINT('',(-0.825,5.E-02,-0.3966432));
#668 = CIRCLE('',#669,0.1566432);
#669 = AXIS2_PLACEMENT_3D('',#670,#671,#672);
#670 = CARTESIAN_POINT('',(-0.9816432,5.E-02,-0.3966432));
#671 = DIRECTION('',(0.,-1.,0.));
#672 = DIRECTION('',(0.,-0.,-1.));
#673 = ORIENTED_EDGE('',*,*,#674,.T.);
#674 = EDGE_CURVE('',#666,#675,#677,.T.);
#675 = VERTEX_POINT('',#676);
#676 = CARTESIAN_POINT('',(-0.825,5.E-02,-0.4033568));
#677 = LINE('',#678,#679);
#678 = CARTESIAN_POINT('',(-0.825,5.E-02,-0.24));
#679 = VECTOR('',#680,1.);
#680 = DIRECTION('',(0.,0.,-1.));
#681 = ORIENTED_EDGE('',*,*,#682,.F.);
#682 = EDGE_CURVE('',#609,#675,#683,.T.);
#683 = CIRCLE('',#684,0.1566432);
#684 = AXIS2_PLACEMENT_3D('',#685,#686,#687);
#685 = CARTESIAN_POINT('',(-0.9816432,5.E-02,-0.4033568));
#686 = DIRECTION('',(0.,-1.,0.));
#687 = DIRECTION('',(0.,-0.,-1.));
#688 = PLANE('',#689);
#689 = AXIS2_PLACEMENT_3D('',#690,#691,#692);
#690 = CARTESIAN_POINT('',(-1.345,5.E-02,-0.4));
#691 = DIRECTION('',(0.,1.,0.));
#692 = DIRECTION('',(0.,0.,1.));
#693 = ADVANCED_FACE('',(#694),#713,.T.);
#694 = FACE_BOUND('',#695,.T.);
#695 = EDGE_LOOP('',(#696,#697,#705,#712));
#696 = ORIENTED_EDGE('',*,*,#682,.T.);
#697 = ORIENTED_EDGE('',*,*,#698,.T.);
#698 = EDGE_CURVE('',#675,#699,#701,.T.);
#699 = VERTEX_POINT('',#700);
#700 = CARTESIAN_POINT('',(-0.825,0.,-0.4033568));
#701 = LINE('',#702,#703);
#702 = CARTESIAN_POINT('',(-0.825,5.E-02,-0.4033568));
#703 = VECTOR('',#704,1.);
#704 = DIRECTION('',(0.,-1.,0.));
#705 = ORIENTED_EDGE('',*,*,#706,.F.);
#706 = EDGE_CURVE('',#619,#699,#707,.T.);
#707 = CIRCLE('',#708,0.1566432);
#708 = AXIS2_PLACEMENT_3D('',#709,#710,#711);
#709 = CARTESIAN_POINT('',(-0.9816432,-1.387778780781E-17,-0.4033568));
#710 = DIRECTION('',(0.,-1.,0.));
#711 = DIRECTION('',(0.,-0.,-1.));
#712 = ORIENTED_EDGE('',*,*,#618,.F.);
#713 = CYLINDRICAL_SURFACE('',#714,0.1566432);
#714 = AXIS2_PLACEMENT_3D('',#715,#716,#717);
#715 = CARTESIAN_POINT('',(-0.9816432,5.E-02,-0.4033568));
#716 = DIRECTION('',(0.,-1.,0.));
#717 = DIRECTION('',(0.,0.,-1.));
#718 = ADVANCED_FACE('',(#719),#737,.F.);
#719 = FACE_BOUND('',#720,.F.);
#720 = EDGE_LOOP('',(#721,#729,#735,#736));
#721 = ORIENTED_EDGE('',*,*,#722,.T.);
#722 = EDGE_CURVE('',#650,#723,#725,.T.);
#723 = VERTEX_POINT('',#724);
#724 = CARTESIAN_POINT('',(-1.5,0.,-0.24));
#725 = LINE('',#726,#727);
#726 = CARTESIAN_POINT('',(-1.5,5.E-02,-0.24));
#727 = VECTOR('',#728,1.);
#728 = DIRECTION('',(0.,-1.,0.));
#729 = ORIENTED_EDGE('',*,*,#730,.T.);
#730 = EDGE_CURVE('',#723,#627,#731,.T.);
#731 = LINE('',#732,#733);
#732 = CARTESIAN_POINT('',(-1.5,0.,2.));
#733 = VECTOR('',#734,1.);
#734 = DIRECTION('',(0.,0.,-1.));
#735 = ORIENTED_EDGE('',*,*,#634,.F.);
#736 = ORIENTED_EDGE('',*,*,#649,.F.);
#737 = PLANE('',#738);
#738 = AXIS2_PLACEMENT_3D('',#739,#740,#741);
#739 = CARTESIAN_POINT('',(-1.5,5.E-02,-0.24));
#740 = DIRECTION('',(1.,0.,0.));
#741 = DIRECTION('',(0.,0.,-1.));
#742 = ADVANCED_FACE('',(#743),#771,.F.);
#743 = FACE_BOUND('',#744,.F.);
#744 = EDGE_LOOP('',(#745,#746,#747,#755,#764,#770));
#745 = ORIENTED_EDGE('',*,*,#626,.T.);
#746 = ORIENTED_EDGE('',*,*,#730,.F.);
#747 = ORIENTED_EDGE('',*,*,#748,.T.);
#748 = EDGE_CURVE('',#723,#749,#751,.T.);
#749 = VERTEX_POINT('',#750);
#750 = CARTESIAN_POINT('',(-0.9816432,0.,-0.24));
#751 = LINE('',#752,#753);
#752 = CARTESIAN_POINT('',(-1.865,0.,-0.24));
#753 = VECTOR('',#754,1.);
#754 = DIRECTION('',(1.,0.,0.));
#755 = ORIENTED_EDGE('',*,*,#756,.F.);
#756 = EDGE_CURVE('',#757,#749,#759,.T.);
#757 = VERTEX_POINT('',#758);
#758 = CARTESIAN_POINT('',(-0.825,0.,-0.3966432));
#759 = CIRCLE('',#760,0.1566432);
#760 = AXIS2_PLACEMENT_3D('',#761,#762,#763);
#761 = CARTESIAN_POINT('',(-0.9816432,-1.387778780781E-17,-0.3966432));
#762 = DIRECTION('',(0.,-1.,0.));
#763 = DIRECTION('',(0.,-0.,-1.));
#764 = ORIENTED_EDGE('',*,*,#765,.T.);
#765 = EDGE_CURVE('',#757,#699,#766,.T.);
#766 = LINE('',#767,#768);
#767 = CARTESIAN_POINT('',(-0.825,0.,-0.24));
#768 = VECTOR('',#769,1.);
#769 = DIRECTION('',(0.,0.,-1.));
#770 = ORIENTED_EDGE('',*,*,#706,.F.);
#771 = PLANE('',#772);
#772 = AXIS2_PLACEMENT_3D('',#773,#774,#775);
#773 = CARTESIAN_POINT('',(-1.345,-1.387778780781E-17,-0.4));
#774 = DIRECTION('',(0.,1.,0.));
#775 = DIRECTION('',(0.,0.,1.));
#776 = ADVANCED_FACE('',(#777),#788,.T.);
#777 = FACE_BOUND('',#778,.T.);
#778 = EDGE_LOOP('',(#779,#780,#786,#787));
#779 = ORIENTED_EDGE('',*,*,#674,.F.);
#780 = ORIENTED_EDGE('',*,*,#781,.T.);
#781 = EDGE_CURVE('',#666,#757,#782,.T.);
#782 = LINE('',#783,#784);
#783 = CARTESIAN_POINT('',(-0.825,5.E-02,-0.3966432));
#784 = VECTOR('',#785,1.);
#785 = DIRECTION('',(0.,-1.,0.));
#786 = ORIENTED_EDGE('',*,*,#765,.T.);
#787 = ORIENTED_EDGE('',*,*,#698,.F.);
#788 = PLANE('',#789);
#789 = AXIS2_PLACEMENT_3D('',#790,#791,#792);
#790 = CARTESIAN_POINT('',(-0.825,5.E-02,-0.24));
#791 = DIRECTION('',(1.,0.,0.));
#792 = DIRECTION('',(0.,0.,-1.));
#793 = ADVANCED_FACE('',(#794),#805,.T.);
#794 = FACE_BOUND('',#795,.T.);
#795 = EDGE_LOOP('',(#796,#797,#798,#799));
#796 = ORIENTED_EDGE('',*,*,#657,.F.);
#797 = ORIENTED_EDGE('',*,*,#722,.T.);
#798 = ORIENTED_EDGE('',*,*,#748,.T.);
#799 = ORIENTED_EDGE('',*,*,#800,.F.);
#800 = EDGE_CURVE('',#658,#749,#801,.T.);
#801 = LINE('',#802,#803);
#802 = CARTESIAN_POINT('',(-0.9816432,5.E-02,-0.24));
#803 = VECTOR('',#804,1.);
#804 = DIRECTION('',(0.,-1.,0.));
#805 = PLANE('',#806);
#806 = AXIS2_PLACEMENT_3D('',#807,#808,#809);
#807 = CARTESIAN_POINT('',(-1.5,5.E-02,-0.24));
#808 = DIRECTION('',(0.,0.,1.));
#809 = DIRECTION('',(1.,0.,0.));
#810 = ADVANCED_FACE('',(#811),#817,.T.);
#811 = FACE_BOUND('',#812,.T.);
#812 = EDGE_LOOP('',(#813,#814,#815,#816));
#813 = ORIENTED_EDGE('',*,*,#665,.T.);
#814 = ORIENTED_EDGE('',*,*,#800,.T.);
#815 = ORIENTED_EDGE('',*,*,#756,.F.);
#816 = ORIENTED_EDGE('',*,*,#781,.F.);
#817 = CYLINDRICAL_SURFACE('',#818,0.1566432);
#818 = AXIS2_PLACEMENT_3D('',#819,#820,#821);
#819 = CARTESIAN_POINT('',(-0.9816432,5.E-02,-0.3966432));
#820 = DIRECTION('',(0.,-1.,0.));
#821 = DIRECTION('',(1.,0.,0.));
#822 = ( GEOMETRIC_REPRESENTATION_CONTEXT(3) 
GLOBAL_UNCERTAINTY_ASSIGNED_CONTEXT((#826)) GLOBAL_UNIT_ASSIGNED_CONTEXT
((#823,#824,#825)) REPRESENTATION_CONTEXT('Context #1',
  '3D Context with UNIT and UNCERTAINTY') );
#823 = ( LENGTH_UNIT() NAMED_UNIT(*) SI_UNIT(.MILLI.,.METRE.) );
#824 = ( NAMED_UNIT(*) PLANE_ANGLE_UNIT() SI_UNIT($,.RADIAN.) );
#825 = ( NAMED_UNIT(*) SI_UNIT($,.STERADIAN.) SOLID_ANGLE_UNIT() );
#826 = UNCERTAINTY_MEASURE_WITH_UNIT(LENGTH_MEASURE(1.E-07),#823,
  'distance_accuracy_value','confusion accuracy');
#827 = CONTEXT_DEPENDENT_SHAPE_REPRESENTATION(#828,#830);
#828 = ( REPRESENTATION_RELATIONSHIP('','',#601,#10) 
REPRESENTATION_RELATIONSHIP_WITH_TRANSFORMATION(#829) 
SHAPE_REPRESENTATION_RELATIONSHIP() );
#829 = ITEM_DEFINED_TRANSFORMATION('','',#11,#27);
#830 = PRODUCT_DEFINITION_SHAPE('Placement','Placement of an item',#831
  );
#831 = NEXT_ASSEMBLY_USAGE_OCCURRENCE('926','Pad_2_1','',#5,#596,$);
#832 = PRODUCT_RELATED_PRODUCT_CATEGORY('part',$,(#598));
#833 = SHAPE_DEFINITION_REPRESENTATION(#834,#840);
#834 = PRODUCT_DEFINITION_SHAPE('','',#835);
#835 = PRODUCT_DEFINITION('design','',#836,#839);
#836 = PRODUCT_DEFINITION_FORMATION('','',#837);
#837 = PRODUCT('Pad_3_1','Pad_3_1','',(#838));
#838 = PRODUCT_CONTEXT('',#2,'mechanical');
#839 = PRODUCT_DEFINITION_CONTEXT('part definition',#2,'design');
#840 = ADVANCED_BREP_SHAPE_REPRESENTATION('',(#11,#841),#1061);
#841 = MANIFOLD_SOLID_BREP('',#842);
#842 = CLOSED_SHELL('',(#843,#883,#932,#957,#981,#1015,#1032,#1049));
#843 = ADVANCED_FACE('',(#844),#878,.T.);
#844 = FACE_BOUND('',#845,.T.);
#845 = EDGE_LOOP('',(#846,#856,#864,#872));
#846 = ORIENTED_EDGE('',*,*,#847,.F.);
#847 = EDGE_CURVE('',#848,#850,#852,.T.);
#848 = VERTEX_POINT('',#849);
#849 = CARTESIAN_POINT('',(-0.9816432,5.E-02,0.24));
#850 = VERTEX_POINT('',#851);
#851 = CARTESIAN_POINT('',(-1.5,5.E-02,0.24));
#852 = LINE('',#853,#854);
#853 = CARTESIAN_POINT('',(-0.825,5.E-02,0.24));
#854 = VECTOR('',#855,1.);
#855 = DIRECTION('',(-1.,0.,0.));
#856 = ORIENTED_EDGE('',*,*,#857,.T.);
#857 = EDGE_CURVE('',#848,#858,#860,.T.);
#858 = VERTEX_POINT('',#859);
#859 = CARTESIAN_POINT('',(-0.9816432,0.,0.24));
#860 = LINE('',#861,#862);
#861 = CARTESIAN_POINT('',(-0.9816432,5.E-02,0.24));
#862 = VECTOR('',#863,1.);
#863 = DIRECTION('',(0.,-1.,0.));
#864 = ORIENTED_EDGE('',*,*,#865,.T.);
#865 = EDGE_CURVE('',#858,#866,#868,.T.);
#866 = VERTEX_POINT('',#867);
#867 = CARTESIAN_POINT('',(-1.5,0.,0.24));
#868 = LINE('',#869,#870);
#869 = CARTESIAN_POINT('',(-0.825,0.,0.24));
#870 = VECTOR('',#871,1.);
#871 = DIRECTION('',(-1.,0.,0.));
#872 = ORIENTED_EDGE('',*,*,#873,.F.);
#873 = EDGE_CURVE('',#850,#866,#874,.T.);
#874 = LINE('',#875,#876);
#875 = CARTESIAN_POINT('',(-1.5,5.E-02,0.24));
#876 = VECTOR('',#877,1.);
#877 = DIRECTION('',(0.,-1.,0.));
#878 = PLANE('',#879);
#879 = AXIS2_PLACEMENT_3D('',#880,#881,#882);
#880 = CARTESIAN_POINT('',(-0.825,5.E-02,0.24));
#881 = DIRECTION('',(-0.,-0.,-1.));
#882 = DIRECTION('',(-1.,0.,0.));
#883 = ADVANCED_FACE('',(#884),#927,.T.);
#884 = FACE_BOUND('',#885,.T.);
#885 = EDGE_LOOP('',(#886,#887,#895,#903,#912,#920));
#886 = ORIENTED_EDGE('',*,*,#847,.T.);
#887 = ORIENTED_EDGE('',*,*,#888,.F.);
#888 = EDGE_CURVE('',#889,#850,#891,.T.);
#889 = VERTEX_POINT('',#890);
#890 = CARTESIAN_POINT('',(-1.5,5.E-02,0.56));
#891 = LINE('',#892,#893);
#892 = CARTESIAN_POINT('',(-1.5,5.E-02,2.));
#893 = VECTOR('',#894,1.);
#894 = DIRECTION('',(0.,0.,-1.));
#895 = ORIENTED_EDGE('',*,*,#896,.T.);
#896 = EDGE_CURVE('',#889,#897,#899,.T.);
#897 = VERTEX_POINT('',#898);
#898 = CARTESIAN_POINT('',(-0.9816432,5.E-02,0.56));
#899 = LINE('',#900,#901);
#900 = CARTESIAN_POINT('',(-1.865,5.E-02,0.56));
#901 = VECTOR('',#902,1.);
#902 = DIRECTION('',(1.,0.,0.));
#903 = ORIENTED_EDGE('',*,*,#904,.F.);
#904 = EDGE_CURVE('',#905,#897,#907,.T.);
#905 = VERTEX_POINT('',#906);
#906 = CARTESIAN_POINT('',(-0.825,5.E-02,0.4033568));
#907 = CIRCLE('',#908,0.1566432);
#908 = AXIS2_PLACEMENT_3D('',#909,#910,#911);
#909 = CARTESIAN_POINT('',(-0.9816432,5.E-02,0.4033568));
#910 = DIRECTION('',(0.,-1.,0.));
#911 = DIRECTION('',(0.,-0.,-1.));
#912 = ORIENTED_EDGE('',*,*,#913,.T.);
#913 = EDGE_CURVE('',#905,#914,#916,.T.);
#914 = VERTEX_POINT('',#915);
#915 = CARTESIAN_POINT('',(-0.825,5.E-02,0.3966432));
#916 = LINE('',#917,#918);
#917 = CARTESIAN_POINT('',(-0.825,5.E-02,0.56));
#918 = VECTOR('',#919,1.);
#919 = DIRECTION('',(0.,0.,-1.));
#920 = ORIENTED_EDGE('',*,*,#921,.F.);
#921 = EDGE_CURVE('',#848,#914,#922,.T.);
#922 = CIRCLE('',#923,0.1566432);
#923 = AXIS2_PLACEMENT_3D('',#924,#925,#926);
#924 = CARTESIAN_POINT('',(-0.9816432,5.E-02,0.3966432));
#925 = DIRECTION('',(0.,-1.,0.));
#926 = DIRECTION('',(0.,-0.,-1.));
#927 = PLANE('',#928);
#928 = AXIS2_PLACEMENT_3D('',#929,#930,#931);
#929 = CARTESIAN_POINT('',(-1.345,5.E-02,0.4));
#930 = DIRECTION('',(0.,1.,0.));
#931 = DIRECTION('',(0.,0.,1.));
#932 = ADVANCED_FACE('',(#933),#952,.T.);
#933 = FACE_BOUND('',#934,.T.);
#934 = EDGE_LOOP('',(#935,#936,#944,#951));
#935 = ORIENTED_EDGE('',*,*,#921,.T.);
#936 = ORIENTED_EDGE('',*,*,#937,.T.);
#937 = EDGE_CURVE('',#914,#938,#940,.T.);
#938 = VERTEX_POINT('',#939);
#939 = CARTESIAN_POINT('',(-0.825,0.,0.3966432));
#940 = LINE('',#941,#942);
#941 = CARTESIAN_POINT('',(-0.825,5.E-02,0.3966432));
#942 = VECTOR('',#943,1.);
#943 = DIRECTION('',(0.,-1.,0.));
#944 = ORIENTED_EDGE('',*,*,#945,.F.);
#945 = EDGE_CURVE('',#858,#938,#946,.T.);
#946 = CIRCLE('',#947,0.1566432);
#947 = AXIS2_PLACEMENT_3D('',#948,#949,#950);
#948 = CARTESIAN_POINT('',(-0.9816432,-1.387778780781E-17,0.3966432));
#949 = DIRECTION('',(0.,-1.,0.));
#950 = DIRECTION('',(0.,-0.,-1.));
#951 = ORIENTED_EDGE('',*,*,#857,.F.);
#952 = CYLINDRICAL_SURFACE('',#953,0.1566432);
#953 = AXIS2_PLACEMENT_3D('',#954,#955,#956);
#954 = CARTESIAN_POINT('',(-0.9816432,5.E-02,0.3966432));
#955 = DIRECTION('',(0.,-1.,0.));
#956 = DIRECTION('',(0.,0.,-1.));
#957 = ADVANCED_FACE('',(#958),#976,.F.);
#958 = FACE_BOUND('',#959,.F.);
#959 = EDGE_LOOP('',(#960,#968,#974,#975));
#960 = ORIENTED_EDGE('',*,*,#961,.T.);
#961 = EDGE_CURVE('',#889,#962,#964,.T.);
#962 = VERTEX_POINT('',#963);
#963 = CARTESIAN_POINT('',(-1.5,0.,0.56));
#964 = LINE('',#965,#966);
#965 = CARTESIAN_POINT('',(-1.5,5.E-02,0.56));
#966 = VECTOR('',#967,1.);
#967 = DIRECTION('',(0.,-1.,0.));
#968 = ORIENTED_EDGE('',*,*,#969,.T.);
#969 = EDGE_CURVE('',#962,#866,#970,.T.);
#970 = LINE('',#971,#972);
#971 = CARTESIAN_POINT('',(-1.5,0.,2.));
#972 = VECTOR('',#973,1.);
#973 = DIRECTION('',(0.,0.,-1.));
#974 = ORIENTED_EDGE('',*,*,#873,.F.);
#975 = ORIENTED_EDGE('',*,*,#888,.F.);
#976 = PLANE('',#977);
#977 = AXIS2_PLACEMENT_3D('',#978,#979,#980);
#978 = CARTESIAN_POINT('',(-1.5,5.E-02,0.56));
#979 = DIRECTION('',(1.,0.,0.));
#980 = DIRECTION('',(0.,0.,-1.));
#981 = ADVANCED_FACE('',(#982),#1010,.F.);
#982 = FACE_BOUND('',#983,.F.);
#983 = EDGE_LOOP('',(#984,#985,#986,#994,#1003,#1009));
#984 = ORIENTED_EDGE('',*,*,#865,.T.);
#985 = ORIENTED_EDGE('',*,*,#969,.F.);
#986 = ORIENTED_EDGE('',*,*,#987,.T.);
#987 = EDGE_CURVE('',#962,#988,#990,.T.);
#988 = VERTEX_POINT('',#989);
#989 = CARTESIAN_POINT('',(-0.9816432,0.,0.56));
#990 = LINE('',#991,#992);
#991 = CARTESIAN_POINT('',(-1.865,0.,0.56));
#992 = VECTOR('',#993,1.);
#993 = DIRECTION('',(1.,0.,0.));
#994 = ORIENTED_EDGE('',*,*,#995,.F.);
#995 = EDGE_CURVE('',#996,#988,#998,.T.);
#996 = VERTEX_POINT('',#997);
#997 = CARTESIAN_POINT('',(-0.825,0.,0.4033568));
#998 = CIRCLE('',#999,0.1566432);
#999 = AXIS2_PLACEMENT_3D('',#1000,#1001,#1002);
#1000 = CARTESIAN_POINT('',(-0.9816432,-1.387778780781E-17,0.4033568));
#1001 = DIRECTION('',(0.,-1.,0.));
#1002 = DIRECTION('',(0.,-0.,-1.));
#1003 = ORIENTED_EDGE('',*,*,#1004,.T.);
#1004 = EDGE_CURVE('',#996,#938,#1005,.T.);
#1005 = LINE('',#1006,#1007);
#1006 = CARTESIAN_POINT('',(-0.825,0.,0.56));
#1007 = VECTOR('',#1008,1.);
#1008 = DIRECTION('',(0.,0.,-1.));
#1009 = ORIENTED_EDGE('',*,*,#945,.F.);
#1010 = PLANE('',#1011);
#1011 = AXIS2_PLACEMENT_3D('',#1012,#1013,#1014);
#1012 = CARTESIAN_POINT('',(-1.345,-1.387778780781E-17,0.4));
#1013 = DIRECTION('',(0.,1.,0.));
#1014 = DIRECTION('',(0.,0.,1.));
#1015 = ADVANCED_FACE('',(#1016),#1027,.T.);
#1016 = FACE_BOUND('',#1017,.T.);
#1017 = EDGE_LOOP('',(#1018,#1019,#1025,#1026));
#1018 = ORIENTED_EDGE('',*,*,#913,.F.);
#1019 = ORIENTED_EDGE('',*,*,#1020,.T.);
#1020 = EDGE_CURVE('',#905,#996,#1021,.T.);
#1021 = LINE('',#1022,#1023);
#1022 = CARTESIAN_POINT('',(-0.825,5.E-02,0.4033568));
#1023 = VECTOR('',#1024,1.);
#1024 = DIRECTION('',(0.,-1.,0.));
#1025 = ORIENTED_EDGE('',*,*,#1004,.T.);
#1026 = ORIENTED_EDGE('',*,*,#937,.F.);
#1027 = PLANE('',#1028);
#1028 = AXIS2_PLACEMENT_3D('',#1029,#1030,#1031);
#1029 = CARTESIAN_POINT('',(-0.825,5.E-02,0.56));
#1030 = DIRECTION('',(1.,0.,0.));
#1031 = DIRECTION('',(0.,0.,-1.));
#1032 = ADVANCED_FACE('',(#1033),#1044,.T.);
#1033 = FACE_BOUND('',#1034,.T.);
#1034 = EDGE_LOOP('',(#1035,#1036,#1037,#1038));
#1035 = ORIENTED_EDGE('',*,*,#896,.F.);
#1036 = ORIENTED_EDGE('',*,*,#961,.T.);
#1037 = ORIENTED_EDGE('',*,*,#987,.T.);
#1038 = ORIENTED_EDGE('',*,*,#1039,.F.);
#1039 = EDGE_CURVE('',#897,#988,#1040,.T.);
#1040 = LINE('',#1041,#1042);
#1041 = CARTESIAN_POINT('',(-0.9816432,5.E-02,0.56));
#1042 = VECTOR('',#1043,1.);
#1043 = DIRECTION('',(0.,-1.,0.));
#1044 = PLANE('',#1045);
#1045 = AXIS2_PLACEMENT_3D('',#1046,#1047,#1048);
#1046 = CARTESIAN_POINT('',(-1.5,5.E-02,0.56));
#1047 = DIRECTION('',(0.,0.,1.));
#1048 = DIRECTION('',(1.,0.,0.));
#1049 = ADVANCED_FACE('',(#1050),#1056,.T.);
#1050 = FACE_BOUND('',#1051,.T.);
#1051 = EDGE_LOOP('',(#1052,#1053,#1054,#1055));
#1052 = ORIENTED_EDGE('',*,*,#904,.T.);
#1053 = ORIENTED_EDGE('',*,*,#1039,.T.);
#1054 = ORIENTED_EDGE('',*,*,#995,.F.);
#1055 = ORIENTED_EDGE('',*,*,#1020,.F.);
#1056 = CYLINDRICAL_SURFACE('',#1057,0.1566432);
#1057 = AXIS2_PLACEMENT_3D('',#1058,#1059,#1060);
#1058 = CARTESIAN_POINT('',(-0.9816432,5.E-02,0.4033568));
#1059 = DIRECTION('',(0.,-1.,0.));
#1060 = DIRECTION('',(1.,0.,0.));
#1061 = ( GEOMETRIC_REPRESENTATION_CONTEXT(3) 
GLOBAL_UNCERTAINTY_ASSIGNED_CONTEXT((#1065)) 
GLOBAL_UNIT_ASSIGNED_CONTEXT((#1062,#1063,#1064)) REPRESENTATION_CONTEXT
('Context #1','3D Context with UNIT and UNCERTAINTY') );
#1062 = ( LENGTH_UNIT() NAMED_UNIT(*) SI_UNIT(.MILLI.,.METRE.) );
#1063 = ( NAMED_UNIT(*) PLANE_ANGLE_UNIT() SI_UNIT($,.RADIAN.) );
#1064 = ( NAMED_UNIT(*) SI_UNIT($,.STERADIAN.) SOLID_ANGLE_UNIT() );
#1065 = UNCERTAINTY_MEASURE_WITH_UNIT(LENGTH_MEASURE(1.E-07),#1062,
  'distance_accuracy_value','confusion accuracy');
#1066 = CONTEXT_DEPENDENT_SHAPE_REPRESENTATION(#1067,#1069);
#1067 = ( REPRESENTATION_RELATIONSHIP('','',#840,#10) 
REPRESENTATION_RELATIONSHIP_WITH_TRANSFORMATION(#1068) 
SHAPE_REPRESENTATION_RELATIONSHIP() );
#1068 = ITEM_DEFINED_TRANSFORMATION('','',#11,#31);
#1069 = PRODUCT_DEFINITION_SHAPE('Placement','Placement of an item',
  #1070);
#1070 = NEXT_ASSEMBLY_USAGE_OCCURRENCE('927','Pad_3_1','',#5,#835,$);
#1071 = PRODUCT_RELATED_PRODUCT_CATEGORY('part',$,(#837));
#1072 = SHAPE_DEFINITION_REPRESENTATION(#1073,#1079);
#1073 = PRODUCT_DEFINITION_SHAPE('','',#1074);
#1074 = PRODUCT_DEFINITION('design','',#1075,#1078);
#1075 = PRODUCT_DEFINITION_FORMATION('','',#1076);
#1076 = PRODUCT('Pad_4_1','Pad_4_1','',(#1077));
#1077 = PRODUCT_CONTEXT('',#2,'mechanical');
#1078 = PRODUCT_DEFINITION_CONTEXT('part definition',#2,'design');
#1079 = ADVANCED_BREP_SHAPE_REPRESENTATION('',(#11,#1080),#1300);
#1080 = MANIFOLD_SOLID_BREP('',#1081);
#1081 = CLOSED_SHELL('',(#1082,#1122,#1171,#1196,#1220,#1254,#1271,#1288
    ));
#1082 = ADVANCED_FACE('',(#1083),#1117,.T.);
#1083 = FACE_BOUND('',#1084,.T.);
#1084 = EDGE_LOOP('',(#1085,#1095,#1103,#1111));
#1085 = ORIENTED_EDGE('',*,*,#1086,.F.);
#1086 = EDGE_CURVE('',#1087,#1089,#1091,.T.);
#1087 = VERTEX_POINT('',#1088);
#1088 = CARTESIAN_POINT('',(-0.9816432,5.E-02,1.04));
#1089 = VERTEX_POINT('',#1090);
#1090 = CARTESIAN_POINT('',(-1.5,5.E-02,1.04));
#1091 = LINE('',#1092,#1093);
#1092 = CARTESIAN_POINT('',(-0.825,5.E-02,1.04));
#1093 = VECTOR('',#1094,1.);
#1094 = DIRECTION('',(-1.,0.,0.));
#1095 = ORIENTED_EDGE('',*,*,#1096,.T.);
#1096 = EDGE_CURVE('',#1087,#1097,#1099,.T.);
#1097 = VERTEX_POINT('',#1098);
#1098 = CARTESIAN_POINT('',(-0.9816432,0.,1.04));
#1099 = LINE('',#1100,#1101);
#1100 = CARTESIAN_POINT('',(-0.9816432,5.E-02,1.04));
#1101 = VECTOR('',#1102,1.);
#1102 = DIRECTION('',(0.,-1.,0.));
#1103 = ORIENTED_EDGE('',*,*,#1104,.T.);
#1104 = EDGE_CURVE('',#1097,#1105,#1107,.T.);
#1105 = VERTEX_POINT('',#1106);
#1106 = CARTESIAN_POINT('',(-1.5,0.,1.04));
#1107 = LINE('',#1108,#1109);
#1108 = CARTESIAN_POINT('',(-0.825,0.,1.04));
#1109 = VECTOR('',#1110,1.);
#1110 = DIRECTION('',(-1.,0.,0.));
#1111 = ORIENTED_EDGE('',*,*,#1112,.F.);
#1112 = EDGE_CURVE('',#1089,#1105,#1113,.T.);
#1113 = LINE('',#1114,#1115);
#1114 = CARTESIAN_POINT('',(-1.5,5.E-02,1.04));
#1115 = VECTOR('',#1116,1.);
#1116 = DIRECTION('',(0.,-1.,0.));
#1117 = PLANE('',#1118);
#1118 = AXIS2_PLACEMENT_3D('',#1119,#1120,#1121);
#1119 = CARTESIAN_POINT('',(-0.825,5.E-02,1.04));
#1120 = DIRECTION('',(-0.,-0.,-1.));
#1121 = DIRECTION('',(-1.,0.,0.));
#1122 = ADVANCED_FACE('',(#1123),#1166,.T.);
#1123 = FACE_BOUND('',#1124,.T.);
#1124 = EDGE_LOOP('',(#1125,#1126,#1134,#1142,#1151,#1159));
#1125 = ORIENTED_EDGE('',*,*,#1086,.T.);
#1126 = ORIENTED_EDGE('',*,*,#1127,.F.);
#1127 = EDGE_CURVE('',#1128,#1089,#1130,.T.);
#1128 = VERTEX_POINT('',#1129);
#1129 = CARTESIAN_POINT('',(-1.5,5.E-02,1.36));
#1130 = LINE('',#1131,#1132);
#1131 = CARTESIAN_POINT('',(-1.5,5.E-02,2.));
#1132 = VECTOR('',#1133,1.);
#1133 = DIRECTION('',(0.,0.,-1.));
#1134 = ORIENTED_EDGE('',*,*,#1135,.T.);
#1135 = EDGE_CURVE('',#1128,#1136,#1138,.T.);
#1136 = VERTEX_POINT('',#1137);
#1137 = CARTESIAN_POINT('',(-0.9816432,5.E-02,1.36));
#1138 = LINE('',#1139,#1140);
#1139 = CARTESIAN_POINT('',(-1.865,5.E-02,1.36));
#1140 = VECTOR('',#1141,1.);
#1141 = DIRECTION('',(1.,0.,0.));
#1142 = ORIENTED_EDGE('',*,*,#1143,.F.);
#1143 = EDGE_CURVE('',#1144,#1136,#1146,.T.);
#1144 = VERTEX_POINT('',#1145);
#1145 = CARTESIAN_POINT('',(-0.825,5.E-02,1.2033568));
#1146 = CIRCLE('',#1147,0.1566432);
#1147 = AXIS2_PLACEMENT_3D('',#1148,#1149,#1150);
#1148 = CARTESIAN_POINT('',(-0.9816432,5.E-02,1.2033568));
#1149 = DIRECTION('',(0.,-1.,0.));
#1150 = DIRECTION('',(0.,-0.,-1.));
#1151 = ORIENTED_EDGE('',*,*,#1152,.T.);
#1152 = EDGE_CURVE('',#1144,#1153,#1155,.T.);
#1153 = VERTEX_POINT('',#1154);
#1154 = CARTESIAN_POINT('',(-0.825,5.E-02,1.1966432));
#1155 = LINE('',#1156,#1157);
#1156 = CARTESIAN_POINT('',(-0.825,5.E-02,1.36));
#1157 = VECTOR('',#1158,1.);
#1158 = DIRECTION('',(0.,0.,-1.));
#1159 = ORIENTED_EDGE('',*,*,#1160,.F.);
#1160 = EDGE_CURVE('',#1087,#1153,#1161,.T.);
#1161 = CIRCLE('',#1162,0.1566432);
#1162 = AXIS2_PLACEMENT_3D('',#1163,#1164,#1165);
#1163 = CARTESIAN_POINT('',(-0.9816432,5.E-02,1.1966432));
#1164 = DIRECTION('',(0.,-1.,0.));
#1165 = DIRECTION('',(0.,-0.,-1.));
#1166 = PLANE('',#1167);
#1167 = AXIS2_PLACEMENT_3D('',#1168,#1169,#1170);
#1168 = CARTESIAN_POINT('',(-1.345,5.E-02,1.2));
#1169 = DIRECTION('',(0.,1.,0.));
#1170 = DIRECTION('',(0.,0.,1.));
#1171 = ADVANCED_FACE('',(#1172),#1191,.T.);
#1172 = FACE_BOUND('',#1173,.T.);
#1173 = EDGE_LOOP('',(#1174,#1175,#1183,#1190));
#1174 = ORIENTED_EDGE('',*,*,#1160,.T.);
#1175 = ORIENTED_EDGE('',*,*,#1176,.T.);
#1176 = EDGE_CURVE('',#1153,#1177,#1179,.T.);
#1177 = VERTEX_POINT('',#1178);
#1178 = CARTESIAN_POINT('',(-0.825,0.,1.1966432));
#1179 = LINE('',#1180,#1181);
#1180 = CARTESIAN_POINT('',(-0.825,5.E-02,1.1966432));
#1181 = VECTOR('',#1182,1.);
#1182 = DIRECTION('',(0.,-1.,0.));
#1183 = ORIENTED_EDGE('',*,*,#1184,.F.);
#1184 = EDGE_CURVE('',#1097,#1177,#1185,.T.);
#1185 = CIRCLE('',#1186,0.1566432);
#1186 = AXIS2_PLACEMENT_3D('',#1187,#1188,#1189);
#1187 = CARTESIAN_POINT('',(-0.9816432,6.938893903907E-18,1.1966432));
#1188 = DIRECTION('',(0.,-1.,0.));
#1189 = DIRECTION('',(0.,-0.,-1.));
#1190 = ORIENTED_EDGE('',*,*,#1096,.F.);
#1191 = CYLINDRICAL_SURFACE('',#1192,0.1566432);
#1192 = AXIS2_PLACEMENT_3D('',#1193,#1194,#1195);
#1193 = CARTESIAN_POINT('',(-0.9816432,5.E-02,1.1966432));
#1194 = DIRECTION('',(0.,-1.,0.));
#1195 = DIRECTION('',(0.,0.,-1.));
#1196 = ADVANCED_FACE('',(#1197),#1215,.F.);
#1197 = FACE_BOUND('',#1198,.F.);
#1198 = EDGE_LOOP('',(#1199,#1207,#1213,#1214));
#1199 = ORIENTED_EDGE('',*,*,#1200,.T.);
#1200 = EDGE_CURVE('',#1128,#1201,#1203,.T.);
#1201 = VERTEX_POINT('',#1202);
#1202 = CARTESIAN_POINT('',(-1.5,0.,1.36));
#1203 = LINE('',#1204,#1205);
#1204 = CARTESIAN_POINT('',(-1.5,5.E-02,1.36));
#1205 = VECTOR('',#1206,1.);
#1206 = DIRECTION('',(0.,-1.,0.));
#1207 = ORIENTED_EDGE('',*,*,#1208,.T.);
#1208 = EDGE_CURVE('',#1201,#1105,#1209,.T.);
#1209 = LINE('',#1210,#1211);
#1210 = CARTESIAN_POINT('',(-1.5,0.,2.));
#1211 = VECTOR('',#1212,1.);
#1212 = DIRECTION('',(0.,0.,-1.));
#1213 = ORIENTED_EDGE('',*,*,#1112,.F.);
#1214 = ORIENTED_EDGE('',*,*,#1127,.F.);
#1215 = PLANE('',#1216);
#1216 = AXIS2_PLACEMENT_3D('',#1217,#1218,#1219);
#1217 = CARTESIAN_POINT('',(-1.5,5.E-02,1.36));
#1218 = DIRECTION('',(1.,0.,0.));
#1219 = DIRECTION('',(0.,0.,-1.));
#1220 = ADVANCED_FACE('',(#1221),#1249,.F.);
#1221 = FACE_BOUND('',#1222,.F.);
#1222 = EDGE_LOOP('',(#1223,#1224,#1225,#1233,#1242,#1248));
#1223 = ORIENTED_EDGE('',*,*,#1104,.T.);
#1224 = ORIENTED_EDGE('',*,*,#1208,.F.);
#1225 = ORIENTED_EDGE('',*,*,#1226,.T.);
#1226 = EDGE_CURVE('',#1201,#1227,#1229,.T.);
#1227 = VERTEX_POINT('',#1228);
#1228 = CARTESIAN_POINT('',(-0.9816432,0.,1.36));
#1229 = LINE('',#1230,#1231);
#1230 = CARTESIAN_POINT('',(-1.865,0.,1.36));
#1231 = VECTOR('',#1232,1.);
#1232 = DIRECTION('',(1.,0.,0.));
#1233 = ORIENTED_EDGE('',*,*,#1234,.F.);
#1234 = EDGE_CURVE('',#1235,#1227,#1237,.T.);
#1235 = VERTEX_POINT('',#1236);
#1236 = CARTESIAN_POINT('',(-0.825,0.,1.2033568));
#1237 = CIRCLE('',#1238,0.1566432);
#1238 = AXIS2_PLACEMENT_3D('',#1239,#1240,#1241);
#1239 = CARTESIAN_POINT('',(-0.9816432,6.938893903907E-18,1.2033568));
#1240 = DIRECTION('',(0.,-1.,0.));
#1241 = DIRECTION('',(0.,-0.,-1.));
#1242 = ORIENTED_EDGE('',*,*,#1243,.T.);
#1243 = EDGE_CURVE('',#1235,#1177,#1244,.T.);
#1244 = LINE('',#1245,#1246);
#1245 = CARTESIAN_POINT('',(-0.825,0.,1.36));
#1246 = VECTOR('',#1247,1.);
#1247 = DIRECTION('',(0.,0.,-1.));
#1248 = ORIENTED_EDGE('',*,*,#1184,.F.);
#1249 = PLANE('',#1250);
#1250 = AXIS2_PLACEMENT_3D('',#1251,#1252,#1253);
#1251 = CARTESIAN_POINT('',(-1.345,6.938893903907E-18,1.2));
#1252 = DIRECTION('',(0.,1.,0.));
#1253 = DIRECTION('',(0.,0.,1.));
#1254 = ADVANCED_FACE('',(#1255),#1266,.T.);
#1255 = FACE_BOUND('',#1256,.T.);
#1256 = EDGE_LOOP('',(#1257,#1258,#1264,#1265));
#1257 = ORIENTED_EDGE('',*,*,#1152,.F.);
#1258 = ORIENTED_EDGE('',*,*,#1259,.T.);
#1259 = EDGE_CURVE('',#1144,#1235,#1260,.T.);
#1260 = LINE('',#1261,#1262);
#1261 = CARTESIAN_POINT('',(-0.825,5.E-02,1.2033568));
#1262 = VECTOR('',#1263,1.);
#1263 = DIRECTION('',(0.,-1.,0.));
#1264 = ORIENTED_EDGE('',*,*,#1243,.T.);
#1265 = ORIENTED_EDGE('',*,*,#1176,.F.);
#1266 = PLANE('',#1267);
#1267 = AXIS2_PLACEMENT_3D('',#1268,#1269,#1270);
#1268 = CARTESIAN_POINT('',(-0.825,5.E-02,1.36));
#1269 = DIRECTION('',(1.,0.,0.));
#1270 = DIRECTION('',(0.,0.,-1.));
#1271 = ADVANCED_FACE('',(#1272),#1283,.T.);
#1272 = FACE_BOUND('',#1273,.T.);
#1273 = EDGE_LOOP('',(#1274,#1275,#1276,#1277));
#1274 = ORIENTED_EDGE('',*,*,#1135,.F.);
#1275 = ORIENTED_EDGE('',*,*,#1200,.T.);
#1276 = ORIENTED_EDGE('',*,*,#1226,.T.);
#1277 = ORIENTED_EDGE('',*,*,#1278,.F.);
#1278 = EDGE_CURVE('',#1136,#1227,#1279,.T.);
#1279 = LINE('',#1280,#1281);
#1280 = CARTESIAN_POINT('',(-0.9816432,5.E-02,1.36));
#1281 = VECTOR('',#1282,1.);
#1282 = DIRECTION('',(0.,-1.,0.));
#1283 = PLANE('',#1284);
#1284 = AXIS2_PLACEMENT_3D('',#1285,#1286,#1287);
#1285 = CARTESIAN_POINT('',(-1.5,5.E-02,1.36));
#1286 = DIRECTION('',(0.,0.,1.));
#1287 = DIRECTION('',(1.,0.,0.));
#1288 = ADVANCED_FACE('',(#1289),#1295,.T.);
#1289 = FACE_BOUND('',#1290,.T.);
#1290 = EDGE_LOOP('',(#1291,#1292,#1293,#1294));
#1291 = ORIENTED_EDGE('',*,*,#1143,.T.);
#1292 = ORIENTED_EDGE('',*,*,#1278,.T.);
#1293 = ORIENTED_EDGE('',*,*,#1234,.F.);
#1294 = ORIENTED_EDGE('',*,*,#1259,.F.);
#1295 = CYLINDRICAL_SURFACE('',#1296,0.1566432);
#1296 = AXIS2_PLACEMENT_3D('',#1297,#1298,#1299);
#1297 = CARTESIAN_POINT('',(-0.9816432,5.E-02,1.2033568));
#1298 = DIRECTION('',(0.,-1.,0.));
#1299 = DIRECTION('',(1.,0.,0.));
#1300 = ( GEOMETRIC_REPRESENTATION_CONTEXT(3) 
GLOBAL_UNCERTAINTY_ASSIGNED_CONTEXT((#1304)) 
GLOBAL_UNIT_ASSIGNED_CONTEXT((#1301,#1302,#1303)) REPRESENTATION_CONTEXT
('Context #1','3D Context with UNIT and UNCERTAINTY') );
#1301 = ( LENGTH_UNIT() NAMED_UNIT(*) SI_UNIT(.MILLI.,.METRE.) );
#1302 = ( NAMED_UNIT(*) PLANE_ANGLE_UNIT() SI_UNIT($,.RADIAN.) );
#1303 = ( NAMED_UNIT(*) SI_UNIT($,.STERADIAN.) SOLID_ANGLE_UNIT() );
#1304 = UNCERTAINTY_MEASURE_WITH_UNIT(LENGTH_MEASURE(1.E-07),#1301,
  'distance_accuracy_value','confusion accuracy');
#1305 = CONTEXT_DEPENDENT_SHAPE_REPRESENTATION(#1306,#1308);
#1306 = ( REPRESENTATION_RELATIONSHIP('','',#1079,#10) 
REPRESENTATION_RELATIONSHIP_WITH_TRANSFORMATION(#1307) 
SHAPE_REPRESENTATION_RELATIONSHIP() );
#1307 = ITEM_DEFINED_TRANSFORMATION('','',#11,#35);
#1308 = PRODUCT_DEFINITION_SHAPE('Placement','Placement of an item',
  #1309);
#1309 = NEXT_ASSEMBLY_USAGE_OCCURRENCE('928','Pad_4_1','',#5,#1074,$);
#1310 = PRODUCT_RELATED_PRODUCT_CATEGORY('part',$,(#1076));
#1311 = SHAPE_DEFINITION_REPRESENTATION(#1312,#1318);
#1312 = PRODUCT_DEFINITION_SHAPE('','',#1313);
#1313 = PRODUCT_DEFINITION('design','',#1314,#1317);
#1314 = PRODUCT_DEFINITION_FORMATION('','',#1315);
#1315 = PRODUCT('Pad_5_1','Pad_5_1','',(#1316));
#1316 = PRODUCT_CONTEXT('',#2,'mechanical');
#1317 = PRODUCT_DEFINITION_CONTEXT('part definition',#2,'design');
#1318 = ADVANCED_BREP_SHAPE_REPRESENTATION('',(#11,#1319),#1539);
#1319 = MANIFOLD_SOLID_BREP('',#1320);
#1320 = CLOSED_SHELL('',(#1321,#1361,#1410,#1435,#1460,#1493,#1510,#1527
    ));
#1321 = ADVANCED_FACE('',(#1322),#1356,.T.);
#1322 = FACE_BOUND('',#1323,.T.);
#1323 = EDGE_LOOP('',(#1324,#1334,#1342,#1350));
#1324 = ORIENTED_EDGE('',*,*,#1325,.F.);
#1325 = EDGE_CURVE('',#1326,#1328,#1330,.T.);
#1326 = VERTEX_POINT('',#1327);
#1327 = CARTESIAN_POINT('',(0.825,5.E-02,1.1966432));
#1328 = VERTEX_POINT('',#1329);
#1329 = CARTESIAN_POINT('',(0.825,5.E-02,1.2033568));
#1330 = LINE('',#1331,#1332);
#1331 = CARTESIAN_POINT('',(0.825,5.E-02,1.04));
#1332 = VECTOR('',#1333,1.);
#1333 = DIRECTION('',(0.,0.,1.));
#1334 = ORIENTED_EDGE('',*,*,#1335,.T.);
#1335 = EDGE_CURVE('',#1326,#1336,#1338,.T.);
#1336 = VERTEX_POINT('',#1337);
#1337 = CARTESIAN_POINT('',(0.825,0.,1.1966432));
#1338 = LINE('',#1339,#1340);
#1339 = CARTESIAN_POINT('',(0.825,5.E-02,1.1966432));
#1340 = VECTOR('',#1341,1.);
#1341 = DIRECTION('',(0.,-1.,0.));
#1342 = ORIENTED_EDGE('',*,*,#1343,.T.);
#1343 = EDGE_CURVE('',#1336,#1344,#1346,.T.);
#1344 = VERTEX_POINT('',#1345);
#1345 = CARTESIAN_POINT('',(0.825,0.,1.2033568));
#1346 = LINE('',#1347,#1348);
#1347 = CARTESIAN_POINT('',(0.825,0.,1.04));
#1348 = VECTOR('',#1349,1.);
#1349 = DIRECTION('',(0.,0.,1.));
#1350 = ORIENTED_EDGE('',*,*,#1351,.F.);
#1351 = EDGE_CURVE('',#1328,#1344,#1352,.T.);
#1352 = LINE('',#1353,#1354);
#1353 = CARTESIAN_POINT('',(0.825,5.E-02,1.2033568));
#1354 = VECTOR('',#1355,1.);
#1355 = DIRECTION('',(0.,-1.,0.));
#1356 = PLANE('',#1357);
#1357 = AXIS2_PLACEMENT_3D('',#1358,#1359,#1360);
#1358 = CARTESIAN_POINT('',(0.825,5.E-02,1.04));
#1359 = DIRECTION('',(-1.,0.,0.));
#1360 = DIRECTION('',(0.,0.,1.));
#1361 = ADVANCED_FACE('',(#1362),#1405,.T.);
#1362 = FACE_BOUND('',#1363,.T.);
#1363 = EDGE_LOOP('',(#1364,#1365,#1374,#1382,#1390,#1398));
#1364 = ORIENTED_EDGE('',*,*,#1325,.T.);
#1365 = ORIENTED_EDGE('',*,*,#1366,.T.);
#1366 = EDGE_CURVE('',#1328,#1367,#1369,.T.);
#1367 = VERTEX_POINT('',#1368);
#1368 = CARTESIAN_POINT('',(0.9816432,5.E-02,1.36));
#1369 = CIRCLE('',#1370,0.1566432);
#1370 = AXIS2_PLACEMENT_3D('',#1371,#1372,#1373);
#1371 = CARTESIAN_POINT('',(0.9816432,5.E-02,1.2033568));
#1372 = DIRECTION('',(-0.,1.,0.));
#1373 = DIRECTION('',(0.,0.,-1.));
#1374 = ORIENTED_EDGE('',*,*,#1375,.T.);
#1375 = EDGE_CURVE('',#1367,#1376,#1378,.T.);
#1376 = VERTEX_POINT('',#1377);
#1377 = CARTESIAN_POINT('',(1.5,5.E-02,1.36));
#1378 = LINE('',#1379,#1380);
#1379 = CARTESIAN_POINT('',(0.825,5.E-02,1.36));
#1380 = VECTOR('',#1381,1.);
#1381 = DIRECTION('',(1.,0.,0.));
#1382 = ORIENTED_EDGE('',*,*,#1383,.F.);
#1383 = EDGE_CURVE('',#1384,#1376,#1386,.T.);
#1384 = VERTEX_POINT('',#1385);
#1385 = CARTESIAN_POINT('',(1.5,5.E-02,1.04));
#1386 = LINE('',#1387,#1388);
#1387 = CARTESIAN_POINT('',(1.5,5.E-02,-2.));
#1388 = VECTOR('',#1389,1.);
#1389 = DIRECTION('',(0.,0.,1.));
#1390 = ORIENTED_EDGE('',*,*,#1391,.T.);
#1391 = EDGE_CURVE('',#1384,#1392,#1394,.T.);
#1392 = VERTEX_POINT('',#1393);
#1393 = CARTESIAN_POINT('',(0.9816432,5.E-02,1.04));
#1394 = LINE('',#1395,#1396);
#1395 = CARTESIAN_POINT('',(1.865,5.E-02,1.04));
#1396 = VECTOR('',#1397,1.);
#1397 = DIRECTION('',(-1.,0.,0.));
#1398 = ORIENTED_EDGE('',*,*,#1399,.F.);
#1399 = EDGE_CURVE('',#1326,#1392,#1400,.T.);
#1400 = CIRCLE('',#1401,0.1566432);
#1401 = AXIS2_PLACEMENT_3D('',#1402,#1403,#1404);
#1402 = CARTESIAN_POINT('',(0.9816432,5.E-02,1.1966432));
#1403 = DIRECTION('',(0.,-1.,0.));
#1404 = DIRECTION('',(0.,-0.,-1.));
#1405 = PLANE('',#1406);
#1406 = AXIS2_PLACEMENT_3D('',#1407,#1408,#1409);
#1407 = CARTESIAN_POINT('',(1.345,5.E-02,1.2));
#1408 = DIRECTION('',(0.,1.,0.));
#1409 = DIRECTION('',(0.,0.,1.));
#1410 = ADVANCED_FACE('',(#1411),#1430,.T.);
#1411 = FACE_BOUND('',#1412,.T.);
#1412 = EDGE_LOOP('',(#1413,#1414,#1422,#1429));
#1413 = ORIENTED_EDGE('',*,*,#1399,.T.);
#1414 = ORIENTED_EDGE('',*,*,#1415,.T.);
#1415 = EDGE_CURVE('',#1392,#1416,#1418,.T.);
#1416 = VERTEX_POINT('',#1417);
#1417 = CARTESIAN_POINT('',(0.9816432,0.,1.04));
#1418 = LINE('',#1419,#1420);
#1419 = CARTESIAN_POINT('',(0.9816432,5.E-02,1.04));
#1420 = VECTOR('',#1421,1.);
#1421 = DIRECTION('',(0.,-1.,0.));
#1422 = ORIENTED_EDGE('',*,*,#1423,.F.);
#1423 = EDGE_CURVE('',#1336,#1416,#1424,.T.);
#1424 = CIRCLE('',#1425,0.1566432);
#1425 = AXIS2_PLACEMENT_3D('',#1426,#1427,#1428);
#1426 = CARTESIAN_POINT('',(0.9816432,6.938893903907E-18,1.1966432));
#1427 = DIRECTION('',(0.,-1.,0.));
#1428 = DIRECTION('',(0.,-0.,-1.));
#1429 = ORIENTED_EDGE('',*,*,#1335,.F.);
#1430 = CYLINDRICAL_SURFACE('',#1431,0.1566432);
#1431 = AXIS2_PLACEMENT_3D('',#1432,#1433,#1434);
#1432 = CARTESIAN_POINT('',(0.9816432,5.E-02,1.1966432));
#1433 = DIRECTION('',(0.,-1.,0.));
#1434 = DIRECTION('',(-1.,0.,0.));
#1435 = ADVANCED_FACE('',(#1436),#1455,.T.);
#1436 = FACE_BOUND('',#1437,.F.);
#1437 = EDGE_LOOP('',(#1438,#1439,#1447,#1454));
#1438 = ORIENTED_EDGE('',*,*,#1366,.T.);
#1439 = ORIENTED_EDGE('',*,*,#1440,.T.);
#1440 = EDGE_CURVE('',#1367,#1441,#1443,.T.);
#1441 = VERTEX_POINT('',#1442);
#1442 = CARTESIAN_POINT('',(0.9816432,0.,1.36));
#1443 = LINE('',#1444,#1445);
#1444 = CARTESIAN_POINT('',(0.9816432,5.E-02,1.36));
#1445 = VECTOR('',#1446,1.);
#1446 = DIRECTION('',(0.,-1.,0.));
#1447 = ORIENTED_EDGE('',*,*,#1448,.F.);
#1448 = EDGE_CURVE('',#1344,#1441,#1449,.T.);
#1449 = CIRCLE('',#1450,0.1566432);
#1450 = AXIS2_PLACEMENT_3D('',#1451,#1452,#1453);
#1451 = CARTESIAN_POINT('',(0.9816432,6.938893903907E-18,1.2033568));
#1452 = DIRECTION('',(-0.,1.,0.));
#1453 = DIRECTION('',(0.,0.,-1.));
#1454 = ORIENTED_EDGE('',*,*,#1351,.F.);
#1455 = CYLINDRICAL_SURFACE('',#1456,0.1566432);
#1456 = AXIS2_PLACEMENT_3D('',#1457,#1458,#1459);
#1457 = CARTESIAN_POINT('',(0.9816432,5.E-02,1.2033568));
#1458 = DIRECTION('',(0.,-1.,0.));
#1459 = DIRECTION('',(-1.,0.,0.));
#1460 = ADVANCED_FACE('',(#1461),#1488,.F.);
#1461 = FACE_BOUND('',#1462,.F.);
#1462 = EDGE_LOOP('',(#1463,#1464,#1465,#1473,#1481,#1487));
#1463 = ORIENTED_EDGE('',*,*,#1343,.T.);
#1464 = ORIENTED_EDGE('',*,*,#1448,.T.);
#1465 = ORIENTED_EDGE('',*,*,#1466,.T.);
#1466 = EDGE_CURVE('',#1441,#1467,#1469,.T.);
#1467 = VERTEX_POINT('',#1468);
#1468 = CARTESIAN_POINT('',(1.5,0.,1.36));
#1469 = LINE('',#1470,#1471);
#1470 = CARTESIAN_POINT('',(0.825,0.,1.36));
#1471 = VECTOR('',#1472,1.);
#1472 = DIRECTION('',(1.,0.,0.));
#1473 = ORIENTED_EDGE('',*,*,#1474,.F.);
#1474 = EDGE_CURVE('',#1475,#1467,#1477,.T.);
#1475 = VERTEX_POINT('',#1476);
#1476 = CARTESIAN_POINT('',(1.5,0.,1.04));
#1477 = LINE('',#1478,#1479);
#1478 = CARTESIAN_POINT('',(1.5,0.,-2.));
#1479 = VECTOR('',#1480,1.);
#1480 = DIRECTION('',(0.,0.,1.));
#1481 = ORIENTED_EDGE('',*,*,#1482,.T.);
#1482 = EDGE_CURVE('',#1475,#1416,#1483,.T.);
#1483 = LINE('',#1484,#1485);
#1484 = CARTESIAN_POINT('',(1.865,0.,1.04));
#1485 = VECTOR('',#1486,1.);
#1486 = DIRECTION('',(-1.,0.,0.));
#1487 = ORIENTED_EDGE('',*,*,#1423,.F.);
#1488 = PLANE('',#1489);
#1489 = AXIS2_PLACEMENT_3D('',#1490,#1491,#1492);
#1490 = CARTESIAN_POINT('',(1.345,6.938893903907E-18,1.2));
#1491 = DIRECTION('',(0.,1.,0.));
#1492 = DIRECTION('',(0.,0.,1.));
#1493 = ADVANCED_FACE('',(#1494),#1505,.T.);
#1494 = FACE_BOUND('',#1495,.T.);
#1495 = EDGE_LOOP('',(#1496,#1497,#1503,#1504));
#1496 = ORIENTED_EDGE('',*,*,#1391,.F.);
#1497 = ORIENTED_EDGE('',*,*,#1498,.T.);
#1498 = EDGE_CURVE('',#1384,#1475,#1499,.T.);
#1499 = LINE('',#1500,#1501);
#1500 = CARTESIAN_POINT('',(1.5,5.E-02,1.04));
#1501 = VECTOR('',#1502,1.);
#1502 = DIRECTION('',(0.,-1.,0.));
#1503 = ORIENTED_EDGE('',*,*,#1482,.T.);
#1504 = ORIENTED_EDGE('',*,*,#1415,.F.);
#1505 = PLANE('',#1506);
#1506 = AXIS2_PLACEMENT_3D('',#1507,#1508,#1509);
#1507 = CARTESIAN_POINT('',(1.5,5.E-02,1.04));
#1508 = DIRECTION('',(-0.,-0.,-1.));
#1509 = DIRECTION('',(-1.,0.,0.));
#1510 = ADVANCED_FACE('',(#1511),#1522,.T.);
#1511 = FACE_BOUND('',#1512,.T.);
#1512 = EDGE_LOOP('',(#1513,#1514,#1515,#1516));
#1513 = ORIENTED_EDGE('',*,*,#1375,.F.);
#1514 = ORIENTED_EDGE('',*,*,#1440,.T.);
#1515 = ORIENTED_EDGE('',*,*,#1466,.T.);
#1516 = ORIENTED_EDGE('',*,*,#1517,.F.);
#1517 = EDGE_CURVE('',#1376,#1467,#1518,.T.);
#1518 = LINE('',#1519,#1520);
#1519 = CARTESIAN_POINT('',(1.5,5.E-02,1.36));
#1520 = VECTOR('',#1521,1.);
#1521 = DIRECTION('',(0.,-1.,0.));
#1522 = PLANE('',#1523);
#1523 = AXIS2_PLACEMENT_3D('',#1524,#1525,#1526);
#1524 = CARTESIAN_POINT('',(0.825,5.E-02,1.36));
#1525 = DIRECTION('',(0.,0.,1.));
#1526 = DIRECTION('',(1.,0.,0.));
#1527 = ADVANCED_FACE('',(#1528),#1534,.F.);
#1528 = FACE_BOUND('',#1529,.F.);
#1529 = EDGE_LOOP('',(#1530,#1531,#1532,#1533));
#1530 = ORIENTED_EDGE('',*,*,#1498,.T.);
#1531 = ORIENTED_EDGE('',*,*,#1474,.T.);
#1532 = ORIENTED_EDGE('',*,*,#1517,.F.);
#1533 = ORIENTED_EDGE('',*,*,#1383,.F.);
#1534 = PLANE('',#1535);
#1535 = AXIS2_PLACEMENT_3D('',#1536,#1537,#1538);
#1536 = CARTESIAN_POINT('',(1.5,5.E-02,1.04));
#1537 = DIRECTION('',(-1.,0.,0.));
#1538 = DIRECTION('',(0.,0.,1.));
#1539 = ( GEOMETRIC_REPRESENTATION_CONTEXT(3) 
GLOBAL_UNCERTAINTY_ASSIGNED_CONTEXT((#1543)) 
GLOBAL_UNIT_ASSIGNED_CONTEXT((#1540,#1541,#1542)) REPRESENTATION_CONTEXT
('Context #1','3D Context with UNIT and UNCERTAINTY') );
#1540 = ( LENGTH_UNIT() NAMED_UNIT(*) SI_UNIT(.MILLI.,.METRE.) );
#1541 = ( NAMED_UNIT(*) PLANE_ANGLE_UNIT() SI_UNIT($,.RADIAN.) );
#1542 = ( NAMED_UNIT(*) SI_UNIT($,.STERADIAN.) SOLID_ANGLE_UNIT() );
#1543 = UNCERTAINTY_MEASURE_WITH_UNIT(LENGTH_MEASURE(1.E-07),#1540,
  'distance_accuracy_value','confusion accuracy');
#1544 = CONTEXT_DEPENDENT_SHAPE_REPRESENTATION(#1545,#1547);
#1545 = ( REPRESENTATION_RELATIONSHIP('','',#1318,#10) 
REPRESENTATION_RELATIONSHIP_WITH_TRANSFORMATION(#1546) 
SHAPE_REPRESENTATION_RELATIONSHIP() );
#1546 = ITEM_DEFINED_TRANSFORMATION('','',#11,#39);
#1547 = PRODUCT_DEFINITION_SHAPE('Placement','Placement of an item',
  #1548);
#1548 = NEXT_ASSEMBLY_USAGE_OCCURRENCE('929','Pad_5_1','',#5,#1313,$);
#1549 = PRODUCT_RELATED_PRODUCT_CATEGORY('part',$,(#1315));
#1550 = SHAPE_DEFINITION_REPRESENTATION(#1551,#1557);
#1551 = PRODUCT_DEFINITION_SHAPE('','',#1552);
#1552 = PRODUCT_DEFINITION('design','',#1553,#1556);
#1553 = PRODUCT_DEFINITION_FORMATION('','',#1554);
#1554 = PRODUCT('Pad_6_1','Pad_6_1','',(#1555));
#1555 = PRODUCT_CONTEXT('',#2,'mechanical');
#1556 = PRODUCT_DEFINITION_CONTEXT('part definition',#2,'design');
#1557 = ADVANCED_BREP_SHAPE_REPRESENTATION('',(#11,#1558),#1778);
#1558 = MANIFOLD_SOLID_BREP('',#1559);
#1559 = CLOSED_SHELL('',(#1560,#1600,#1649,#1674,#1699,#1732,#1749,#1766
    ));
#1560 = ADVANCED_FACE('',(#1561),#1595,.T.);
#1561 = FACE_BOUND('',#1562,.T.);
#1562 = EDGE_LOOP('',(#1563,#1573,#1581,#1589));
#1563 = ORIENTED_EDGE('',*,*,#1564,.F.);
#1564 = EDGE_CURVE('',#1565,#1567,#1569,.T.);
#1565 = VERTEX_POINT('',#1566);
#1566 = CARTESIAN_POINT('',(0.825,5.E-02,0.3966432));
#1567 = VERTEX_POINT('',#1568);
#1568 = CARTESIAN_POINT('',(0.825,5.E-02,0.4033568));
#1569 = LINE('',#1570,#1571);
#1570 = CARTESIAN_POINT('',(0.825,5.E-02,0.24));
#1571 = VECTOR('',#1572,1.);
#1572 = DIRECTION('',(0.,0.,1.));
#1573 = ORIENTED_EDGE('',*,*,#1574,.T.);
#1574 = EDGE_CURVE('',#1565,#1575,#1577,.T.);
#1575 = VERTEX_POINT('',#1576);
#1576 = CARTESIAN_POINT('',(0.825,0.,0.3966432));
#1577 = LINE('',#1578,#1579);
#1578 = CARTESIAN_POINT('',(0.825,5.E-02,0.3966432));
#1579 = VECTOR('',#1580,1.);
#1580 = DIRECTION('',(0.,-1.,0.));
#1581 = ORIENTED_EDGE('',*,*,#1582,.T.);
#1582 = EDGE_CURVE('',#1575,#1583,#1585,.T.);
#1583 = VERTEX_POINT('',#1584);
#1584 = CARTESIAN_POINT('',(0.825,0.,0.4033568));
#1585 = LINE('',#1586,#1587);
#1586 = CARTESIAN_POINT('',(0.825,0.,0.24));
#1587 = VECTOR('',#1588,1.);
#1588 = DIRECTION('',(0.,0.,1.));
#1589 = ORIENTED_EDGE('',*,*,#1590,.F.);
#1590 = EDGE_CURVE('',#1567,#1583,#1591,.T.);
#1591 = LINE('',#1592,#1593);
#1592 = CARTESIAN_POINT('',(0.825,5.E-02,0.4033568));
#1593 = VECTOR('',#1594,1.);
#1594 = DIRECTION('',(0.,-1.,0.));
#1595 = PLANE('',#1596);
#1596 = AXIS2_PLACEMENT_3D('',#1597,#1598,#1599);
#1597 = CARTESIAN_POINT('',(0.825,5.E-02,0.24));
#1598 = DIRECTION('',(-1.,0.,0.));
#1599 = DIRECTION('',(0.,0.,1.));
#1600 = ADVANCED_FACE('',(#1601),#1644,.T.);
#1601 = FACE_BOUND('',#1602,.T.);
#1602 = EDGE_LOOP('',(#1603,#1604,#1613,#1621,#1629,#1637));
#1603 = ORIENTED_EDGE('',*,*,#1564,.T.);
#1604 = ORIENTED_EDGE('',*,*,#1605,.T.);
#1605 = EDGE_CURVE('',#1567,#1606,#1608,.T.);
#1606 = VERTEX_POINT('',#1607);
#1607 = CARTESIAN_POINT('',(0.9816432,5.E-02,0.56));
#1608 = CIRCLE('',#1609,0.1566432);
#1609 = AXIS2_PLACEMENT_3D('',#1610,#1611,#1612);
#1610 = CARTESIAN_POINT('',(0.9816432,5.E-02,0.4033568));
#1611 = DIRECTION('',(-0.,1.,0.));
#1612 = DIRECTION('',(0.,0.,-1.));
#1613 = ORIENTED_EDGE('',*,*,#1614,.T.);
#1614 = EDGE_CURVE('',#1606,#1615,#1617,.T.);
#1615 = VERTEX_POINT('',#1616);
#1616 = CARTESIAN_POINT('',(1.5,5.E-02,0.56));
#1617 = LINE('',#1618,#1619);
#1618 = CARTESIAN_POINT('',(0.825,5.E-02,0.56));
#1619 = VECTOR('',#1620,1.);
#1620 = DIRECTION('',(1.,0.,0.));
#1621 = ORIENTED_EDGE('',*,*,#1622,.F.);
#1622 = EDGE_CURVE('',#1623,#1615,#1625,.T.);
#1623 = VERTEX_POINT('',#1624);
#1624 = CARTESIAN_POINT('',(1.5,5.E-02,0.24));
#1625 = LINE('',#1626,#1627);
#1626 = CARTESIAN_POINT('',(1.5,5.E-02,-2.));
#1627 = VECTOR('',#1628,1.);
#1628 = DIRECTION('',(0.,0.,1.));
#1629 = ORIENTED_EDGE('',*,*,#1630,.T.);
#1630 = EDGE_CURVE('',#1623,#1631,#1633,.T.);
#1631 = VERTEX_POINT('',#1632);
#1632 = CARTESIAN_POINT('',(0.9816432,5.E-02,0.24));
#1633 = LINE('',#1634,#1635);
#1634 = CARTESIAN_POINT('',(1.865,5.E-02,0.24));
#1635 = VECTOR('',#1636,1.);
#1636 = DIRECTION('',(-1.,0.,0.));
#1637 = ORIENTED_EDGE('',*,*,#1638,.F.);
#1638 = EDGE_CURVE('',#1565,#1631,#1639,.T.);
#1639 = CIRCLE('',#1640,0.1566432);
#1640 = AXIS2_PLACEMENT_3D('',#1641,#1642,#1643);
#1641 = CARTESIAN_POINT('',(0.9816432,5.E-02,0.3966432));
#1642 = DIRECTION('',(0.,-1.,0.));
#1643 = DIRECTION('',(0.,-0.,-1.));
#1644 = PLANE('',#1645);
#1645 = AXIS2_PLACEMENT_3D('',#1646,#1647,#1648);
#1646 = CARTESIAN_POINT('',(1.345,5.E-02,0.4));
#1647 = DIRECTION('',(0.,1.,0.));
#1648 = DIRECTION('',(0.,0.,1.));
#1649 = ADVANCED_FACE('',(#1650),#1669,.T.);
#1650 = FACE_BOUND('',#1651,.T.);
#1651 = EDGE_LOOP('',(#1652,#1653,#1661,#1668));
#1652 = ORIENTED_EDGE('',*,*,#1638,.T.);
#1653 = ORIENTED_EDGE('',*,*,#1654,.T.);
#1654 = EDGE_CURVE('',#1631,#1655,#1657,.T.);
#1655 = VERTEX_POINT('',#1656);
#1656 = CARTESIAN_POINT('',(0.9816432,0.,0.24));
#1657 = LINE('',#1658,#1659);
#1658 = CARTESIAN_POINT('',(0.9816432,5.E-02,0.24));
#1659 = VECTOR('',#1660,1.);
#1660 = DIRECTION('',(0.,-1.,0.));
#1661 = ORIENTED_EDGE('',*,*,#1662,.F.);
#1662 = EDGE_CURVE('',#1575,#1655,#1663,.T.);
#1663 = CIRCLE('',#1664,0.1566432);
#1664 = AXIS2_PLACEMENT_3D('',#1665,#1666,#1667);
#1665 = CARTESIAN_POINT('',(0.9816432,-1.387778780781E-17,0.3966432));
#1666 = DIRECTION('',(0.,-1.,0.));
#1667 = DIRECTION('',(0.,-0.,-1.));
#1668 = ORIENTED_EDGE('',*,*,#1574,.F.);
#1669 = CYLINDRICAL_SURFACE('',#1670,0.1566432);
#1670 = AXIS2_PLACEMENT_3D('',#1671,#1672,#1673);
#1671 = CARTESIAN_POINT('',(0.9816432,5.E-02,0.3966432));
#1672 = DIRECTION('',(0.,-1.,0.));
#1673 = DIRECTION('',(-1.,0.,0.));
#1674 = ADVANCED_FACE('',(#1675),#1694,.T.);
#1675 = FACE_BOUND('',#1676,.F.);
#1676 = EDGE_LOOP('',(#1677,#1678,#1686,#1693));
#1677 = ORIENTED_EDGE('',*,*,#1605,.T.);
#1678 = ORIENTED_EDGE('',*,*,#1679,.T.);
#1679 = EDGE_CURVE('',#1606,#1680,#1682,.T.);
#1680 = VERTEX_POINT('',#1681);
#1681 = CARTESIAN_POINT('',(0.9816432,0.,0.56));
#1682 = LINE('',#1683,#1684);
#1683 = CARTESIAN_POINT('',(0.9816432,5.E-02,0.56));
#1684 = VECTOR('',#1685,1.);
#1685 = DIRECTION('',(0.,-1.,0.));
#1686 = ORIENTED_EDGE('',*,*,#1687,.F.);
#1687 = EDGE_CURVE('',#1583,#1680,#1688,.T.);
#1688 = CIRCLE('',#1689,0.1566432);
#1689 = AXIS2_PLACEMENT_3D('',#1690,#1691,#1692);
#1690 = CARTESIAN_POINT('',(0.9816432,-1.387778780781E-17,0.4033568));
#1691 = DIRECTION('',(-0.,1.,0.));
#1692 = DIRECTION('',(0.,0.,-1.));
#1693 = ORIENTED_EDGE('',*,*,#1590,.F.);
#1694 = CYLINDRICAL_SURFACE('',#1695,0.1566432);
#1695 = AXIS2_PLACEMENT_3D('',#1696,#1697,#1698);
#1696 = CARTESIAN_POINT('',(0.9816432,5.E-02,0.4033568));
#1697 = DIRECTION('',(0.,-1.,0.));
#1698 = DIRECTION('',(-1.,0.,0.));
#1699 = ADVANCED_FACE('',(#1700),#1727,.F.);
#1700 = FACE_BOUND('',#1701,.F.);
#1701 = EDGE_LOOP('',(#1702,#1703,#1704,#1712,#1720,#1726));
#1702 = ORIENTED_EDGE('',*,*,#1582,.T.);
#1703 = ORIENTED_EDGE('',*,*,#1687,.T.);
#1704 = ORIENTED_EDGE('',*,*,#1705,.T.);
#1705 = EDGE_CURVE('',#1680,#1706,#1708,.T.);
#1706 = VERTEX_POINT('',#1707);
#1707 = CARTESIAN_POINT('',(1.5,0.,0.56));
#1708 = LINE('',#1709,#1710);
#1709 = CARTESIAN_POINT('',(0.825,0.,0.56));
#1710 = VECTOR('',#1711,1.);
#1711 = DIRECTION('',(1.,0.,0.));
#1712 = ORIENTED_EDGE('',*,*,#1713,.F.);
#1713 = EDGE_CURVE('',#1714,#1706,#1716,.T.);
#1714 = VERTEX_POINT('',#1715);
#1715 = CARTESIAN_POINT('',(1.5,0.,0.24));
#1716 = LINE('',#1717,#1718);
#1717 = CARTESIAN_POINT('',(1.5,0.,-2.));
#1718 = VECTOR('',#1719,1.);
#1719 = DIRECTION('',(0.,0.,1.));
#1720 = ORIENTED_EDGE('',*,*,#1721,.T.);
#1721 = EDGE_CURVE('',#1714,#1655,#1722,.T.);
#1722 = LINE('',#1723,#1724);
#1723 = CARTESIAN_POINT('',(1.865,0.,0.24));
#1724 = VECTOR('',#1725,1.);
#1725 = DIRECTION('',(-1.,0.,0.));
#1726 = ORIENTED_EDGE('',*,*,#1662,.F.);
#1727 = PLANE('',#1728);
#1728 = AXIS2_PLACEMENT_3D('',#1729,#1730,#1731);
#1729 = CARTESIAN_POINT('',(1.345,-1.387778780781E-17,0.4));
#1730 = DIRECTION('',(0.,1.,0.));
#1731 = DIRECTION('',(0.,0.,1.));
#1732 = ADVANCED_FACE('',(#1733),#1744,.T.);
#1733 = FACE_BOUND('',#1734,.T.);
#1734 = EDGE_LOOP('',(#1735,#1736,#1742,#1743));
#1735 = ORIENTED_EDGE('',*,*,#1630,.F.);
#1736 = ORIENTED_EDGE('',*,*,#1737,.T.);
#1737 = EDGE_CURVE('',#1623,#1714,#1738,.T.);
#1738 = LINE('',#1739,#1740);
#1739 = CARTESIAN_POINT('',(1.5,5.E-02,0.24));
#1740 = VECTOR('',#1741,1.);
#1741 = DIRECTION('',(0.,-1.,0.));
#1742 = ORIENTED_EDGE('',*,*,#1721,.T.);
#1743 = ORIENTED_EDGE('',*,*,#1654,.F.);
#1744 = PLANE('',#1745);
#1745 = AXIS2_PLACEMENT_3D('',#1746,#1747,#1748);
#1746 = CARTESIAN_POINT('',(1.5,5.E-02,0.24));
#1747 = DIRECTION('',(-0.,-0.,-1.));
#1748 = DIRECTION('',(-1.,0.,0.));
#1749 = ADVANCED_FACE('',(#1750),#1761,.T.);
#1750 = FACE_BOUND('',#1751,.T.);
#1751 = EDGE_LOOP('',(#1752,#1753,#1754,#1755));
#1752 = ORIENTED_EDGE('',*,*,#1614,.F.);
#1753 = ORIENTED_EDGE('',*,*,#1679,.T.);
#1754 = ORIENTED_EDGE('',*,*,#1705,.T.);
#1755 = ORIENTED_EDGE('',*,*,#1756,.F.);
#1756 = EDGE_CURVE('',#1615,#1706,#1757,.T.);
#1757 = LINE('',#1758,#1759);
#1758 = CARTESIAN_POINT('',(1.5,5.E-02,0.56));
#1759 = VECTOR('',#1760,1.);
#1760 = DIRECTION('',(0.,-1.,0.));
#1761 = PLANE('',#1762);
#1762 = AXIS2_PLACEMENT_3D('',#1763,#1764,#1765);
#1763 = CARTESIAN_POINT('',(0.825,5.E-02,0.56));
#1764 = DIRECTION('',(0.,0.,1.));
#1765 = DIRECTION('',(1.,0.,0.));
#1766 = ADVANCED_FACE('',(#1767),#1773,.F.);
#1767 = FACE_BOUND('',#1768,.F.);
#1768 = EDGE_LOOP('',(#1769,#1770,#1771,#1772));
#1769 = ORIENTED_EDGE('',*,*,#1737,.T.);
#1770 = ORIENTED_EDGE('',*,*,#1713,.T.);
#1771 = ORIENTED_EDGE('',*,*,#1756,.F.);
#1772 = ORIENTED_EDGE('',*,*,#1622,.F.);
#1773 = PLANE('',#1774);
#1774 = AXIS2_PLACEMENT_3D('',#1775,#1776,#1777);
#1775 = CARTESIAN_POINT('',(1.5,5.E-02,0.24));
#1776 = DIRECTION('',(-1.,0.,0.));
#1777 = DIRECTION('',(0.,0.,1.));
#1778 = ( GEOMETRIC_REPRESENTATION_CONTEXT(3) 
GLOBAL_UNCERTAINTY_ASSIGNED_CONTEXT((#1782)) 
GLOBAL_UNIT_ASSIGNED_CONTEXT((#1779,#1780,#1781)) REPRESENTATION_CONTEXT
('Context #1','3D Context with UNIT and UNCERTAINTY') );
#1779 = ( LENGTH_UNIT() NAMED_UNIT(*) SI_UNIT(.MILLI.,.METRE.) );
#1780 = ( NAMED_UNIT(*) PLANE_ANGLE_UNIT() SI_UNIT($,.RADIAN.) );
#1781 = ( NAMED_UNIT(*) SI_UNIT($,.STERADIAN.) SOLID_ANGLE_UNIT() );
#1782 = UNCERTAINTY_MEASURE_WITH_UNIT(LENGTH_MEASURE(1.E-07),#1779,
  'distance_accuracy_value','confusion accuracy');
#1783 = CONTEXT_DEPENDENT_SHAPE_REPRESENTATION(#1784,#1786);
#1784 = ( REPRESENTATION_RELATIONSHIP('','',#1557,#10) 
REPRESENTATION_RELATIONSHIP_WITH_TRANSFORMATION(#1785) 
SHAPE_REPRESENTATION_RELATIONSHIP() );
#1785 = ITEM_DEFINED_TRANSFORMATION('','',#11,#43);
#1786 = PRODUCT_DEFINITION_SHAPE('Placement','Placement of an item',
  #1787);
#1787 = NEXT_ASSEMBLY_USAGE_OCCURRENCE('930','Pad_6_1','',#5,#1552,$);
#1788 = PRODUCT_RELATED_PRODUCT_CATEGORY('part',$,(#1554));
#1789 = SHAPE_DEFINITION_REPRESENTATION(#1790,#1796);
#1790 = PRODUCT_DEFINITION_SHAPE('','',#1791);
#1791 = PRODUCT_DEFINITION('design','',#1792,#1795);
#1792 = PRODUCT_DEFINITION_FORMATION('','',#1793);
#1793 = PRODUCT('Pad_7_1','Pad_7_1','',(#1794));
#1794 = PRODUCT_CONTEXT('',#2,'mechanical');
#1795 = PRODUCT_DEFINITION_CONTEXT('part definition',#2,'design');
#1796 = ADVANCED_BREP_SHAPE_REPRESENTATION('',(#11,#1797),#2017);
#1797 = MANIFOLD_SOLID_BREP('',#1798);
#1798 = CLOSED_SHELL('',(#1799,#1839,#1888,#1913,#1938,#1971,#1988,#2005
    ));
#1799 = ADVANCED_FACE('',(#1800),#1834,.T.);
#1800 = FACE_BOUND('',#1801,.T.);
#1801 = EDGE_LOOP('',(#1802,#1812,#1820,#1828));
#1802 = ORIENTED_EDGE('',*,*,#1803,.F.);
#1803 = EDGE_CURVE('',#1804,#1806,#1808,.T.);
#1804 = VERTEX_POINT('',#1805);
#1805 = CARTESIAN_POINT('',(0.825,5.E-02,-0.4033568));
#1806 = VERTEX_POINT('',#1807);
#1807 = CARTESIAN_POINT('',(0.825,5.E-02,-0.3966432));
#1808 = LINE('',#1809,#1810);
#1809 = CARTESIAN_POINT('',(0.825,5.E-02,-0.56));
#1810 = VECTOR('',#1811,1.);
#1811 = DIRECTION('',(0.,0.,1.));
#1812 = ORIENTED_EDGE('',*,*,#1813,.T.);
#1813 = EDGE_CURVE('',#1804,#1814,#1816,.T.);
#1814 = VERTEX_POINT('',#1815);
#1815 = CARTESIAN_POINT('',(0.825,0.,-0.4033568));
#1816 = LINE('',#1817,#1818);
#1817 = CARTESIAN_POINT('',(0.825,5.E-02,-0.4033568));
#1818 = VECTOR('',#1819,1.);
#1819 = DIRECTION('',(0.,-1.,0.));
#1820 = ORIENTED_EDGE('',*,*,#1821,.T.);
#1821 = EDGE_CURVE('',#1814,#1822,#1824,.T.);
#1822 = VERTEX_POINT('',#1823);
#1823 = CARTESIAN_POINT('',(0.825,0.,-0.3966432));
#1824 = LINE('',#1825,#1826);
#1825 = CARTESIAN_POINT('',(0.825,0.,-0.56));
#1826 = VECTOR('',#1827,1.);
#1827 = DIRECTION('',(0.,0.,1.));
#1828 = ORIENTED_EDGE('',*,*,#1829,.F.);
#1829 = EDGE_CURVE('',#1806,#1822,#1830,.T.);
#1830 = LINE('',#1831,#1832);
#1831 = CARTESIAN_POINT('',(0.825,5.E-02,-0.3966432));
#1832 = VECTOR('',#1833,1.);
#1833 = DIRECTION('',(0.,-1.,0.));
#1834 = PLANE('',#1835);
#1835 = AXIS2_PLACEMENT_3D('',#1836,#1837,#1838);
#1836 = CARTESIAN_POINT('',(0.825,5.E-02,-0.56));
#1837 = DIRECTION('',(-1.,0.,0.));
#1838 = DIRECTION('',(0.,0.,1.));
#1839 = ADVANCED_FACE('',(#1840),#1883,.T.);
#1840 = FACE_BOUND('',#1841,.T.);
#1841 = EDGE_LOOP('',(#1842,#1843,#1852,#1860,#1868,#1876));
#1842 = ORIENTED_EDGE('',*,*,#1803,.T.);
#1843 = ORIENTED_EDGE('',*,*,#1844,.T.);
#1844 = EDGE_CURVE('',#1806,#1845,#1847,.T.);
#1845 = VERTEX_POINT('',#1846);
#1846 = CARTESIAN_POINT('',(0.9816432,5.E-02,-0.24));
#1847 = CIRCLE('',#1848,0.1566432);
#1848 = AXIS2_PLACEMENT_3D('',#1849,#1850,#1851);
#1849 = CARTESIAN_POINT('',(0.9816432,5.E-02,-0.3966432));
#1850 = DIRECTION('',(-0.,1.,0.));
#1851 = DIRECTION('',(0.,0.,-1.));
#1852 = ORIENTED_EDGE('',*,*,#1853,.T.);
#1853 = EDGE_CURVE('',#1845,#1854,#1856,.T.);
#1854 = VERTEX_POINT('',#1855);
#1855 = CARTESIAN_POINT('',(1.5,5.E-02,-0.24));
#1856 = LINE('',#1857,#1858);
#1857 = CARTESIAN_POINT('',(0.825,5.E-02,-0.24));
#1858 = VECTOR('',#1859,1.);
#1859 = DIRECTION('',(1.,0.,0.));
#1860 = ORIENTED_EDGE('',*,*,#1861,.F.);
#1861 = EDGE_CURVE('',#1862,#1854,#1864,.T.);
#1862 = VERTEX_POINT('',#1863);
#1863 = CARTESIAN_POINT('',(1.5,5.E-02,-0.56));
#1864 = LINE('',#1865,#1866);
#1865 = CARTESIAN_POINT('',(1.5,5.E-02,-2.));
#1866 = VECTOR('',#1867,1.);
#1867 = DIRECTION('',(0.,0.,1.));
#1868 = ORIENTED_EDGE('',*,*,#1869,.T.);
#1869 = EDGE_CURVE('',#1862,#1870,#1872,.T.);
#1870 = VERTEX_POINT('',#1871);
#1871 = CARTESIAN_POINT('',(0.9816432,5.E-02,-0.56));
#1872 = LINE('',#1873,#1874);
#1873 = CARTESIAN_POINT('',(1.865,5.E-02,-0.56));
#1874 = VECTOR('',#1875,1.);
#1875 = DIRECTION('',(-1.,0.,0.));
#1876 = ORIENTED_EDGE('',*,*,#1877,.F.);
#1877 = EDGE_CURVE('',#1804,#1870,#1878,.T.);
#1878 = CIRCLE('',#1879,0.1566432);
#1879 = AXIS2_PLACEMENT_3D('',#1880,#1881,#1882);
#1880 = CARTESIAN_POINT('',(0.9816432,5.E-02,-0.4033568));
#1881 = DIRECTION('',(0.,-1.,0.));
#1882 = DIRECTION('',(0.,-0.,-1.));
#1883 = PLANE('',#1884);
#1884 = AXIS2_PLACEMENT_3D('',#1885,#1886,#1887);
#1885 = CARTESIAN_POINT('',(1.345,5.E-02,-0.4));
#1886 = DIRECTION('',(0.,1.,0.));
#1887 = DIRECTION('',(0.,0.,1.));
#1888 = ADVANCED_FACE('',(#1889),#1908,.T.);
#1889 = FACE_BOUND('',#1890,.T.);
#1890 = EDGE_LOOP('',(#1891,#1892,#1900,#1907));
#1891 = ORIENTED_EDGE('',*,*,#1877,.T.);
#1892 = ORIENTED_EDGE('',*,*,#1893,.T.);
#1893 = EDGE_CURVE('',#1870,#1894,#1896,.T.);
#1894 = VERTEX_POINT('',#1895);
#1895 = CARTESIAN_POINT('',(0.9816432,0.,-0.56));
#1896 = LINE('',#1897,#1898);
#1897 = CARTESIAN_POINT('',(0.9816432,5.E-02,-0.56));
#1898 = VECTOR('',#1899,1.);
#1899 = DIRECTION('',(0.,-1.,0.));
#1900 = ORIENTED_EDGE('',*,*,#1901,.F.);
#1901 = EDGE_CURVE('',#1814,#1894,#1902,.T.);
#1902 = CIRCLE('',#1903,0.1566432);
#1903 = AXIS2_PLACEMENT_3D('',#1904,#1905,#1906);
#1904 = CARTESIAN_POINT('',(0.9816432,-1.387778780781E-17,-0.4033568));
#1905 = DIRECTION('',(0.,-1.,0.));
#1906 = DIRECTION('',(0.,-0.,-1.));
#1907 = ORIENTED_EDGE('',*,*,#1813,.F.);
#1908 = CYLINDRICAL_SURFACE('',#1909,0.1566432);
#1909 = AXIS2_PLACEMENT_3D('',#1910,#1911,#1912);
#1910 = CARTESIAN_POINT('',(0.9816432,5.E-02,-0.4033568));
#1911 = DIRECTION('',(0.,-1.,0.));
#1912 = DIRECTION('',(-1.,0.,0.));
#1913 = ADVANCED_FACE('',(#1914),#1933,.T.);
#1914 = FACE_BOUND('',#1915,.F.);
#1915 = EDGE_LOOP('',(#1916,#1917,#1925,#1932));
#1916 = ORIENTED_EDGE('',*,*,#1844,.T.);
#1917 = ORIENTED_EDGE('',*,*,#1918,.T.);
#1918 = EDGE_CURVE('',#1845,#1919,#1921,.T.);
#1919 = VERTEX_POINT('',#1920);
#1920 = CARTESIAN_POINT('',(0.9816432,0.,-0.24));
#1921 = LINE('',#1922,#1923);
#1922 = CARTESIAN_POINT('',(0.9816432,5.E-02,-0.24));
#1923 = VECTOR('',#1924,1.);
#1924 = DIRECTION('',(0.,-1.,0.));
#1925 = ORIENTED_EDGE('',*,*,#1926,.F.);
#1926 = EDGE_CURVE('',#1822,#1919,#1927,.T.);
#1927 = CIRCLE('',#1928,0.1566432);
#1928 = AXIS2_PLACEMENT_3D('',#1929,#1930,#1931);
#1929 = CARTESIAN_POINT('',(0.9816432,-1.387778780781E-17,-0.3966432));
#1930 = DIRECTION('',(-0.,1.,0.));
#1931 = DIRECTION('',(0.,0.,-1.));
#1932 = ORIENTED_EDGE('',*,*,#1829,.F.);
#1933 = CYLINDRICAL_SURFACE('',#1934,0.1566432);
#1934 = AXIS2_PLACEMENT_3D('',#1935,#1936,#1937);
#1935 = CARTESIAN_POINT('',(0.9816432,5.E-02,-0.3966432));
#1936 = DIRECTION('',(0.,-1.,0.));
#1937 = DIRECTION('',(-1.,0.,0.));
#1938 = ADVANCED_FACE('',(#1939),#1966,.F.);
#1939 = FACE_BOUND('',#1940,.F.);
#1940 = EDGE_LOOP('',(#1941,#1942,#1943,#1951,#1959,#1965));
#1941 = ORIENTED_EDGE('',*,*,#1821,.T.);
#1942 = ORIENTED_EDGE('',*,*,#1926,.T.);
#1943 = ORIENTED_EDGE('',*,*,#1944,.T.);
#1944 = EDGE_CURVE('',#1919,#1945,#1947,.T.);
#1945 = VERTEX_POINT('',#1946);
#1946 = CARTESIAN_POINT('',(1.5,0.,-0.24));
#1947 = LINE('',#1948,#1949);
#1948 = CARTESIAN_POINT('',(0.825,0.,-0.24));
#1949 = VECTOR('',#1950,1.);
#1950 = DIRECTION('',(1.,0.,0.));
#1951 = ORIENTED_EDGE('',*,*,#1952,.F.);
#1952 = EDGE_CURVE('',#1953,#1945,#1955,.T.);
#1953 = VERTEX_POINT('',#1954);
#1954 = CARTESIAN_POINT('',(1.5,0.,-0.56));
#1955 = LINE('',#1956,#1957);
#1956 = CARTESIAN_POINT('',(1.5,0.,-2.));
#1957 = VECTOR('',#1958,1.);
#1958 = DIRECTION('',(0.,0.,1.));
#1959 = ORIENTED_EDGE('',*,*,#1960,.T.);
#1960 = EDGE_CURVE('',#1953,#1894,#1961,.T.);
#1961 = LINE('',#1962,#1963);
#1962 = CARTESIAN_POINT('',(1.865,0.,-0.56));
#1963 = VECTOR('',#1964,1.);
#1964 = DIRECTION('',(-1.,0.,0.));
#1965 = ORIENTED_EDGE('',*,*,#1901,.F.);
#1966 = PLANE('',#1967);
#1967 = AXIS2_PLACEMENT_3D('',#1968,#1969,#1970);
#1968 = CARTESIAN_POINT('',(1.345,-1.387778780781E-17,-0.4));
#1969 = DIRECTION('',(0.,1.,0.));
#1970 = DIRECTION('',(0.,0.,1.));
#1971 = ADVANCED_FACE('',(#1972),#1983,.T.);
#1972 = FACE_BOUND('',#1973,.T.);
#1973 = EDGE_LOOP('',(#1974,#1975,#1981,#1982));
#1974 = ORIENTED_EDGE('',*,*,#1869,.F.);
#1975 = ORIENTED_EDGE('',*,*,#1976,.T.);
#1976 = EDGE_CURVE('',#1862,#1953,#1977,.T.);
#1977 = LINE('',#1978,#1979);
#1978 = CARTESIAN_POINT('',(1.5,5.E-02,-0.56));
#1979 = VECTOR('',#1980,1.);
#1980 = DIRECTION('',(0.,-1.,0.));
#1981 = ORIENTED_EDGE('',*,*,#1960,.T.);
#1982 = ORIENTED_EDGE('',*,*,#1893,.F.);
#1983 = PLANE('',#1984);
#1984 = AXIS2_PLACEMENT_3D('',#1985,#1986,#1987);
#1985 = CARTESIAN_POINT('',(1.5,5.E-02,-0.56));
#1986 = DIRECTION('',(-0.,-0.,-1.));
#1987 = DIRECTION('',(-1.,0.,0.));
#1988 = ADVANCED_FACE('',(#1989),#2000,.T.);
#1989 = FACE_BOUND('',#1990,.T.);
#1990 = EDGE_LOOP('',(#1991,#1992,#1993,#1994));
#1991 = ORIENTED_EDGE('',*,*,#1853,.F.);
#1992 = ORIENTED_EDGE('',*,*,#1918,.T.);
#1993 = ORIENTED_EDGE('',*,*,#1944,.T.);
#1994 = ORIENTED_EDGE('',*,*,#1995,.F.);
#1995 = EDGE_CURVE('',#1854,#1945,#1996,.T.);
#1996 = LINE('',#1997,#1998);
#1997 = CARTESIAN_POINT('',(1.5,5.E-02,-0.24));
#1998 = VECTOR('',#1999,1.);
#1999 = DIRECTION('',(0.,-1.,0.));
#2000 = PLANE('',#2001);
#2001 = AXIS2_PLACEMENT_3D('',#2002,#2003,#2004);
#2002 = CARTESIAN_POINT('',(0.825,5.E-02,-0.24));
#2003 = DIRECTION('',(0.,0.,1.));
#2004 = DIRECTION('',(1.,0.,0.));
#2005 = ADVANCED_FACE('',(#2006),#2012,.F.);
#2006 = FACE_BOUND('',#2007,.F.);
#2007 = EDGE_LOOP('',(#2008,#2009,#2010,#2011));
#2008 = ORIENTED_EDGE('',*,*,#1976,.T.);
#2009 = ORIENTED_EDGE('',*,*,#1952,.T.);
#2010 = ORIENTED_EDGE('',*,*,#1995,.F.);
#2011 = ORIENTED_EDGE('',*,*,#1861,.F.);
#2012 = PLANE('',#2013);
#2013 = AXIS2_PLACEMENT_3D('',#2014,#2015,#2016);
#2014 = CARTESIAN_POINT('',(1.5,5.E-02,-0.56));
#2015 = DIRECTION('',(-1.,0.,0.));
#2016 = DIRECTION('',(0.,0.,1.));
#2017 = ( GEOMETRIC_REPRESENTATION_CONTEXT(3) 
GLOBAL_UNCERTAINTY_ASSIGNED_CONTEXT((#2021)) 
GLOBAL_UNIT_ASSIGNED_CONTEXT((#2018,#2019,#2020)) REPRESENTATION_CONTEXT
('Context #1','3D Context with UNIT and UNCERTAINTY') );
#2018 = ( LENGTH_UNIT() NAMED_UNIT(*) SI_UNIT(.MILLI.,.METRE.) );
#2019 = ( NAMED_UNIT(*) PLANE_ANGLE_UNIT() SI_UNIT($,.RADIAN.) );
#2020 = ( NAMED_UNIT(*) SI_UNIT($,.STERADIAN.) SOLID_ANGLE_UNIT() );
#2021 = UNCERTAINTY_MEASURE_WITH_UNIT(LENGTH_MEASURE(1.E-07),#2018,
  'distance_accuracy_value','confusion accuracy');
#2022 = CONTEXT_DEPENDENT_SHAPE_REPRESENTATION(#2023,#2025);
#2023 = ( REPRESENTATION_RELATIONSHIP('','',#1796,#10) 
REPRESENTATION_RELATIONSHIP_WITH_TRANSFORMATION(#2024) 
SHAPE_REPRESENTATION_RELATIONSHIP() );
#2024 = ITEM_DEFINED_TRANSFORMATION('','',#11,#47);
#2025 = PRODUCT_DEFINITION_SHAPE('Placement','Placement of an item',
  #2026);
#2026 = NEXT_ASSEMBLY_USAGE_OCCURRENCE('931','Pad_7_1','',#5,#1791,$);
#2027 = PRODUCT_RELATED_PRODUCT_CATEGORY('part',$,(#1793));
#2028 = SHAPE_DEFINITION_REPRESENTATION(#2029,#2035);
#2029 = PRODUCT_DEFINITION_SHAPE('','',#2030);
#2030 = PRODUCT_DEFINITION('design','',#2031,#2034);
#2031 = PRODUCT_DEFINITION_FORMATION('','',#2032);
#2032 = PRODUCT('Pad_8_1','Pad_8_1','',(#2033));
#2033 = PRODUCT_CONTEXT('',#2,'mechanical');
#2034 = PRODUCT_DEFINITION_CONTEXT('part definition',#2,'design');
#2035 = ADVANCED_BREP_SHAPE_REPRESENTATION('',(#11,#2036),#2256);
#2036 = MANIFOLD_SOLID_BREP('',#2037);
#2037 = CLOSED_SHELL('',(#2038,#2078,#2127,#2152,#2177,#2210,#2227,#2244
    ));
#2038 = ADVANCED_FACE('',(#2039),#2073,.T.);
#2039 = FACE_BOUND('',#2040,.T.);
#2040 = EDGE_LOOP('',(#2041,#2051,#2059,#2067));
#2041 = ORIENTED_EDGE('',*,*,#2042,.F.);
#2042 = EDGE_CURVE('',#2043,#2045,#2047,.T.);
#2043 = VERTEX_POINT('',#2044);
#2044 = CARTESIAN_POINT('',(0.825,5.E-02,-1.2033568));
#2045 = VERTEX_POINT('',#2046);
#2046 = CARTESIAN_POINT('',(0.825,5.E-02,-1.1966432));
#2047 = LINE('',#2048,#2049);
#2048 = CARTESIAN_POINT('',(0.825,5.E-02,-1.36));
#2049 = VECTOR('',#2050,1.);
#2050 = DIRECTION('',(0.,0.,1.));
#2051 = ORIENTED_EDGE('',*,*,#2052,.T.);
#2052 = EDGE_CURVE('',#2043,#2053,#2055,.T.);
#2053 = VERTEX_POINT('',#2054);
#2054 = CARTESIAN_POINT('',(0.825,0.,-1.2033568));
#2055 = LINE('',#2056,#2057);
#2056 = CARTESIAN_POINT('',(0.825,5.E-02,-1.2033568));
#2057 = VECTOR('',#2058,1.);
#2058 = DIRECTION('',(0.,-1.,0.));
#2059 = ORIENTED_EDGE('',*,*,#2060,.T.);
#2060 = EDGE_CURVE('',#2053,#2061,#2063,.T.);
#2061 = VERTEX_POINT('',#2062);
#2062 = CARTESIAN_POINT('',(0.825,0.,-1.1966432));
#2063 = LINE('',#2064,#2065);
#2064 = CARTESIAN_POINT('',(0.825,0.,-1.36));
#2065 = VECTOR('',#2066,1.);
#2066 = DIRECTION('',(0.,0.,1.));
#2067 = ORIENTED_EDGE('',*,*,#2068,.F.);
#2068 = EDGE_CURVE('',#2045,#2061,#2069,.T.);
#2069 = LINE('',#2070,#2071);
#2070 = CARTESIAN_POINT('',(0.825,5.E-02,-1.1966432));
#2071 = VECTOR('',#2072,1.);
#2072 = DIRECTION('',(0.,-1.,0.));
#2073 = PLANE('',#2074);
#2074 = AXIS2_PLACEMENT_3D('',#2075,#2076,#2077);
#2075 = CARTESIAN_POINT('',(0.825,5.E-02,-1.36));
#2076 = DIRECTION('',(-1.,0.,0.));
#2077 = DIRECTION('',(0.,0.,1.));
#2078 = ADVANCED_FACE('',(#2079),#2122,.T.);
#2079 = FACE_BOUND('',#2080,.T.);
#2080 = EDGE_LOOP('',(#2081,#2082,#2091,#2099,#2107,#2115));
#2081 = ORIENTED_EDGE('',*,*,#2042,.T.);
#2082 = ORIENTED_EDGE('',*,*,#2083,.T.);
#2083 = EDGE_CURVE('',#2045,#2084,#2086,.T.);
#2084 = VERTEX_POINT('',#2085);
#2085 = CARTESIAN_POINT('',(0.9816432,5.E-02,-1.04));
#2086 = CIRCLE('',#2087,0.1566432);
#2087 = AXIS2_PLACEMENT_3D('',#2088,#2089,#2090);
#2088 = CARTESIAN_POINT('',(0.9816432,5.E-02,-1.1966432));
#2089 = DIRECTION('',(-0.,1.,0.));
#2090 = DIRECTION('',(0.,0.,-1.));
#2091 = ORIENTED_EDGE('',*,*,#2092,.T.);
#2092 = EDGE_CURVE('',#2084,#2093,#2095,.T.);
#2093 = VERTEX_POINT('',#2094);
#2094 = CARTESIAN_POINT('',(1.5,5.E-02,-1.04));
#2095 = LINE('',#2096,#2097);
#2096 = CARTESIAN_POINT('',(0.825,5.E-02,-1.04));
#2097 = VECTOR('',#2098,1.);
#2098 = DIRECTION('',(1.,0.,0.));
#2099 = ORIENTED_EDGE('',*,*,#2100,.F.);
#2100 = EDGE_CURVE('',#2101,#2093,#2103,.T.);
#2101 = VERTEX_POINT('',#2102);
#2102 = CARTESIAN_POINT('',(1.5,5.E-02,-1.36));
#2103 = LINE('',#2104,#2105);
#2104 = CARTESIAN_POINT('',(1.5,5.E-02,-2.));
#2105 = VECTOR('',#2106,1.);
#2106 = DIRECTION('',(0.,0.,1.));
#2107 = ORIENTED_EDGE('',*,*,#2108,.T.);
#2108 = EDGE_CURVE('',#2101,#2109,#2111,.T.);
#2109 = VERTEX_POINT('',#2110);
#2110 = CARTESIAN_POINT('',(0.9816432,5.E-02,-1.36));
#2111 = LINE('',#2112,#2113);
#2112 = CARTESIAN_POINT('',(1.865,5.E-02,-1.36));
#2113 = VECTOR('',#2114,1.);
#2114 = DIRECTION('',(-1.,0.,0.));
#2115 = ORIENTED_EDGE('',*,*,#2116,.F.);
#2116 = EDGE_CURVE('',#2043,#2109,#2117,.T.);
#2117 = CIRCLE('',#2118,0.1566432);
#2118 = AXIS2_PLACEMENT_3D('',#2119,#2120,#2121);
#2119 = CARTESIAN_POINT('',(0.9816432,5.E-02,-1.2033568));
#2120 = DIRECTION('',(0.,-1.,0.));
#2121 = DIRECTION('',(0.,-0.,-1.));
#2122 = PLANE('',#2123);
#2123 = AXIS2_PLACEMENT_3D('',#2124,#2125,#2126);
#2124 = CARTESIAN_POINT('',(1.345,5.E-02,-1.2));
#2125 = DIRECTION('',(0.,1.,0.));
#2126 = DIRECTION('',(0.,0.,1.));
#2127 = ADVANCED_FACE('',(#2128),#2147,.T.);
#2128 = FACE_BOUND('',#2129,.T.);
#2129 = EDGE_LOOP('',(#2130,#2131,#2139,#2146));
#2130 = ORIENTED_EDGE('',*,*,#2116,.T.);
#2131 = ORIENTED_EDGE('',*,*,#2132,.T.);
#2132 = EDGE_CURVE('',#2109,#2133,#2135,.T.);
#2133 = VERTEX_POINT('',#2134);
#2134 = CARTESIAN_POINT('',(0.9816432,0.,-1.36));
#2135 = LINE('',#2136,#2137);
#2136 = CARTESIAN_POINT('',(0.9816432,5.E-02,-1.36));
#2137 = VECTOR('',#2138,1.);
#2138 = DIRECTION('',(0.,-1.,0.));
#2139 = ORIENTED_EDGE('',*,*,#2140,.F.);
#2140 = EDGE_CURVE('',#2053,#2133,#2141,.T.);
#2141 = CIRCLE('',#2142,0.1566432);
#2142 = AXIS2_PLACEMENT_3D('',#2143,#2144,#2145);
#2143 = CARTESIAN_POINT('',(0.9816432,6.938893903907E-18,-1.2033568));
#2144 = DIRECTION('',(0.,-1.,0.));
#2145 = DIRECTION('',(0.,-0.,-1.));
#2146 = ORIENTED_EDGE('',*,*,#2052,.F.);
#2147 = CYLINDRICAL_SURFACE('',#2148,0.1566432);
#2148 = AXIS2_PLACEMENT_3D('',#2149,#2150,#2151);
#2149 = CARTESIAN_POINT('',(0.9816432,5.E-02,-1.2033568));
#2150 = DIRECTION('',(0.,-1.,0.));
#2151 = DIRECTION('',(-1.,0.,0.));
#2152 = ADVANCED_FACE('',(#2153),#2172,.T.);
#2153 = FACE_BOUND('',#2154,.F.);
#2154 = EDGE_LOOP('',(#2155,#2156,#2164,#2171));
#2155 = ORIENTED_EDGE('',*,*,#2083,.T.);
#2156 = ORIENTED_EDGE('',*,*,#2157,.T.);
#2157 = EDGE_CURVE('',#2084,#2158,#2160,.T.);
#2158 = VERTEX_POINT('',#2159);
#2159 = CARTESIAN_POINT('',(0.9816432,0.,-1.04));
#2160 = LINE('',#2161,#2162);
#2161 = CARTESIAN_POINT('',(0.9816432,5.E-02,-1.04));
#2162 = VECTOR('',#2163,1.);
#2163 = DIRECTION('',(0.,-1.,0.));
#2164 = ORIENTED_EDGE('',*,*,#2165,.F.);
#2165 = EDGE_CURVE('',#2061,#2158,#2166,.T.);
#2166 = CIRCLE('',#2167,0.1566432);
#2167 = AXIS2_PLACEMENT_3D('',#2168,#2169,#2170);
#2168 = CARTESIAN_POINT('',(0.9816432,6.938893903907E-18,-1.1966432));
#2169 = DIRECTION('',(-0.,1.,0.));
#2170 = DIRECTION('',(0.,0.,-1.));
#2171 = ORIENTED_EDGE('',*,*,#2068,.F.);
#2172 = CYLINDRICAL_SURFACE('',#2173,0.1566432);
#2173 = AXIS2_PLACEMENT_3D('',#2174,#2175,#2176);
#2174 = CARTESIAN_POINT('',(0.9816432,5.E-02,-1.1966432));
#2175 = DIRECTION('',(0.,-1.,0.));
#2176 = DIRECTION('',(-1.,0.,0.));
#2177 = ADVANCED_FACE('',(#2178),#2205,.F.);
#2178 = FACE_BOUND('',#2179,.F.);
#2179 = EDGE_LOOP('',(#2180,#2181,#2182,#2190,#2198,#2204));
#2180 = ORIENTED_EDGE('',*,*,#2060,.T.);
#2181 = ORIENTED_EDGE('',*,*,#2165,.T.);
#2182 = ORIENTED_EDGE('',*,*,#2183,.T.);
#2183 = EDGE_CURVE('',#2158,#2184,#2186,.T.);
#2184 = VERTEX_POINT('',#2185);
#2185 = CARTESIAN_POINT('',(1.5,0.,-1.04));
#2186 = LINE('',#2187,#2188);
#2187 = CARTESIAN_POINT('',(0.825,0.,-1.04));
#2188 = VECTOR('',#2189,1.);
#2189 = DIRECTION('',(1.,0.,0.));
#2190 = ORIENTED_EDGE('',*,*,#2191,.F.);
#2191 = EDGE_CURVE('',#2192,#2184,#2194,.T.);
#2192 = VERTEX_POINT('',#2193);
#2193 = CARTESIAN_POINT('',(1.5,0.,-1.36));
#2194 = LINE('',#2195,#2196);
#2195 = CARTESIAN_POINT('',(1.5,0.,-2.));
#2196 = VECTOR('',#2197,1.);
#2197 = DIRECTION('',(0.,0.,1.));
#2198 = ORIENTED_EDGE('',*,*,#2199,.T.);
#2199 = EDGE_CURVE('',#2192,#2133,#2200,.T.);
#2200 = LINE('',#2201,#2202);
#2201 = CARTESIAN_POINT('',(1.865,0.,-1.36));
#2202 = VECTOR('',#2203,1.);
#2203 = DIRECTION('',(-1.,0.,0.));
#2204 = ORIENTED_EDGE('',*,*,#2140,.F.);
#2205 = PLANE('',#2206);
#2206 = AXIS2_PLACEMENT_3D('',#2207,#2208,#2209);
#2207 = CARTESIAN_POINT('',(1.345,6.938893903907E-18,-1.2));
#2208 = DIRECTION('',(0.,1.,0.));
#2209 = DIRECTION('',(0.,0.,1.));
#2210 = ADVANCED_FACE('',(#2211),#2222,.T.);
#2211 = FACE_BOUND('',#2212,.T.);
#2212 = EDGE_LOOP('',(#2213,#2214,#2220,#2221));
#2213 = ORIENTED_EDGE('',*,*,#2108,.F.);
#2214 = ORIENTED_EDGE('',*,*,#2215,.T.);
#2215 = EDGE_CURVE('',#2101,#2192,#2216,.T.);
#2216 = LINE('',#2217,#2218);
#2217 = CARTESIAN_POINT('',(1.5,5.E-02,-1.36));
#2218 = VECTOR('',#2219,1.);
#2219 = DIRECTION('',(0.,-1.,0.));
#2220 = ORIENTED_EDGE('',*,*,#2199,.T.);
#2221 = ORIENTED_EDGE('',*,*,#2132,.F.);
#2222 = PLANE('',#2223);
#2223 = AXIS2_PLACEMENT_3D('',#2224,#2225,#2226);
#2224 = CARTESIAN_POINT('',(1.5,5.E-02,-1.36));
#2225 = DIRECTION('',(-0.,-0.,-1.));
#2226 = DIRECTION('',(-1.,0.,0.));
#2227 = ADVANCED_FACE('',(#2228),#2239,.T.);
#2228 = FACE_BOUND('',#2229,.T.);
#2229 = EDGE_LOOP('',(#2230,#2231,#2232,#2233));
#2230 = ORIENTED_EDGE('',*,*,#2092,.F.);
#2231 = ORIENTED_EDGE('',*,*,#2157,.T.);
#2232 = ORIENTED_EDGE('',*,*,#2183,.T.);
#2233 = ORIENTED_EDGE('',*,*,#2234,.F.);
#2234 = EDGE_CURVE('',#2093,#2184,#2235,.T.);
#2235 = LINE('',#2236,#2237);
#2236 = CARTESIAN_POINT('',(1.5,5.E-02,-1.04));
#2237 = VECTOR('',#2238,1.);
#2238 = DIRECTION('',(0.,-1.,0.));
#2239 = PLANE('',#2240);
#2240 = AXIS2_PLACEMENT_3D('',#2241,#2242,#2243);
#2241 = CARTESIAN_POINT('',(0.825,5.E-02,-1.04));
#2242 = DIRECTION('',(0.,0.,1.));
#2243 = DIRECTION('',(1.,0.,0.));
#2244 = ADVANCED_FACE('',(#2245),#2251,.F.);
#2245 = FACE_BOUND('',#2246,.F.);
#2246 = EDGE_LOOP('',(#2247,#2248,#2249,#2250));
#2247 = ORIENTED_EDGE('',*,*,#2215,.T.);
#2248 = ORIENTED_EDGE('',*,*,#2191,.T.);
#2249 = ORIENTED_EDGE('',*,*,#2234,.F.);
#2250 = ORIENTED_EDGE('',*,*,#2100,.F.);
#2251 = PLANE('',#2252);
#2252 = AXIS2_PLACEMENT_3D('',#2253,#2254,#2255);
#2253 = CARTESIAN_POINT('',(1.5,5.E-02,-1.36));
#2254 = DIRECTION('',(-1.,0.,0.));
#2255 = DIRECTION('',(0.,0.,1.));
#2256 = ( GEOMETRIC_REPRESENTATION_CONTEXT(3) 
GLOBAL_UNCERTAINTY_ASSIGNED_CONTEXT((#2260)) 
GLOBAL_UNIT_ASSIGNED_CONTEXT((#2257,#2258,#2259)) REPRESENTATION_CONTEXT
('Context #1','3D Context with UNIT and UNCERTAINTY') );
#2257 = ( LENGTH_UNIT() NAMED_UNIT(*) SI_UNIT(.MILLI.,.METRE.) );
#2258 = ( NAMED_UNIT(*) PLANE_ANGLE_UNIT() SI_UNIT($,.RADIAN.) );
#2259 = ( NAMED_UNIT(*) SI_UNIT($,.STERADIAN.) SOLID_ANGLE_UNIT() );
#2260 = UNCERTAINTY_MEASURE_WITH_UNIT(LENGTH_MEASURE(1.E-07),#2257,
  'distance_accuracy_value','confusion accuracy');
#2261 = CONTEXT_DEPENDENT_SHAPE_REPRESENTATION(#2262,#2264);
#2262 = ( REPRESENTATION_RELATIONSHIP('','',#2035,#10) 
REPRESENTATION_RELATIONSHIP_WITH_TRANSFORMATION(#2263) 
SHAPE_REPRESENTATION_RELATIONSHIP() );
#2263 = ITEM_DEFINED_TRANSFORMATION('','',#11,#51);
#2264 = PRODUCT_DEFINITION_SHAPE('Placement','Placement of an item',
  #2265);
#2265 = NEXT_ASSEMBLY_USAGE_OCCURRENCE('932','Pad_8_1','',#5,#2030,$);
#2266 = PRODUCT_RELATED_PRODUCT_CATEGORY('part',$,(#2032));
#2267 = SHAPE_DEFINITION_REPRESENTATION(#2268,#2274);
#2268 = PRODUCT_DEFINITION_SHAPE('','',#2269);
#2269 = PRODUCT_DEFINITION('design','',#2270,#2273);
#2270 = PRODUCT_DEFINITION_FORMATION('','',#2271);
#2271 = PRODUCT('Pad_9_1','Pad_9_1','',(#2272));
#2272 = PRODUCT_CONTEXT('',#2,'mechanical');
#2273 = PRODUCT_DEFINITION_CONTEXT('part definition',#2,'design');
#2274 = ADVANCED_BREP_SHAPE_REPRESENTATION('',(#11,#2275),#2425);
#2275 = MANIFOLD_SOLID_BREP('',#2276);
#2276 = CLOSED_SHELL('',(#2277,#2317,#2348,#2379,#2401,#2413));
#2277 = ADVANCED_FACE('',(#2278),#2312,.T.);
#2278 = FACE_BOUND('',#2279,.T.);
#2279 = EDGE_LOOP('',(#2280,#2290,#2298,#2306));
#2280 = ORIENTED_EDGE('',*,*,#2281,.T.);
#2281 = EDGE_CURVE('',#2282,#2284,#2286,.T.);
#2282 = VERTEX_POINT('',#2283);
#2283 = CARTESIAN_POINT('',(-0.15,5.E-02,-0.35));
#2284 = VERTEX_POINT('',#2285);
#2285 = CARTESIAN_POINT('',(-0.15,0.,-0.35));
#2286 = LINE('',#2287,#2288);
#2287 = CARTESIAN_POINT('',(-0.15,5.E-02,-0.35));
#2288 = VECTOR('',#2289,1.);
#2289 = DIRECTION('',(0.,-1.,0.));
#2290 = ORIENTED_EDGE('',*,*,#2291,.T.);
#2291 = EDGE_CURVE('',#2284,#2292,#2294,.T.);
#2292 = VERTEX_POINT('',#2293);
#2293 = CARTESIAN_POINT('',(0.15,0.,-0.35));
#2294 = LINE('',#2295,#2296);
#2295 = CARTESIAN_POINT('',(-0.15,0.,-0.35));
#2296 = VECTOR('',#2297,1.);
#2297 = DIRECTION('',(1.,0.,0.));
#2298 = ORIENTED_EDGE('',*,*,#2299,.F.);
#2299 = EDGE_CURVE('',#2300,#2292,#2302,.T.);
#2300 = VERTEX_POINT('',#2301);
#2301 = CARTESIAN_POINT('',(0.15,5.E-02,-0.35));
#2302 = LINE('',#2303,#2304);
#2303 = CARTESIAN_POINT('',(0.15,5.E-02,-0.35));
#2304 = VECTOR('',#2305,1.);
#2305 = DIRECTION('',(0.,-1.,0.));
#2306 = ORIENTED_EDGE('',*,*,#2307,.F.);
#2307 = EDGE_CURVE('',#2282,#2300,#2308,.T.);
#2308 = LINE('',#2309,#2310);
#2309 = CARTESIAN_POINT('',(-0.15,5.E-02,-0.35));
#2310 = VECTOR('',#2311,1.);
#2311 = DIRECTION('',(1.,0.,0.));
#2312 = PLANE('',#2313);
#2313 = AXIS2_PLACEMENT_3D('',#2314,#2315,#2316);
#2314 = CARTESIAN_POINT('',(-0.15,5.E-02,-0.35));
#2315 = DIRECTION('',(-0.,0.,1.));
#2316 = DIRECTION('',(1.,0.,0.));
#2317 = ADVANCED_FACE('',(#2318),#2343,.T.);
#2318 = FACE_BOUND('',#2319,.T.);
#2319 = EDGE_LOOP('',(#2320,#2321,#2329,#2337));
#2320 = ORIENTED_EDGE('',*,*,#2299,.T.);
#2321 = ORIENTED_EDGE('',*,*,#2322,.T.);
#2322 = EDGE_CURVE('',#2292,#2323,#2325,.T.);
#2323 = VERTEX_POINT('',#2324);
#2324 = CARTESIAN_POINT('',(0.15,0.,-1.25));
#2325 = LINE('',#2326,#2327);
#2326 = CARTESIAN_POINT('',(0.15,0.,-0.35));
#2327 = VECTOR('',#2328,1.);
#2328 = DIRECTION('',(0.,0.,-1.));
#2329 = ORIENTED_EDGE('',*,*,#2330,.F.);
#2330 = EDGE_CURVE('',#2331,#2323,#2333,.T.);
#2331 = VERTEX_POINT('',#2332);
#2332 = CARTESIAN_POINT('',(0.15,5.E-02,-1.25));
#2333 = LINE('',#2334,#2335);
#2334 = CARTESIAN_POINT('',(0.15,5.E-02,-1.25));
#2335 = VECTOR('',#2336,1.);
#2336 = DIRECTION('',(0.,-1.,0.));
#2337 = ORIENTED_EDGE('',*,*,#2338,.F.);
#2338 = EDGE_CURVE('',#2300,#2331,#2339,.T.);
#2339 = LINE('',#2340,#2341);
#2340 = CARTESIAN_POINT('',(0.15,5.E-02,-0.35));
#2341 = VECTOR('',#2342,1.);
#2342 = DIRECTION('',(0.,0.,-1.));
#2343 = PLANE('',#2344);
#2344 = AXIS2_PLACEMENT_3D('',#2345,#2346,#2347);
#2345 = CARTESIAN_POINT('',(0.15,5.E-02,-0.35));
#2346 = DIRECTION('',(1.,0.,0.));
#2347 = DIRECTION('',(0.,0.,-1.));
#2348 = ADVANCED_FACE('',(#2349),#2374,.T.);
#2349 = FACE_BOUND('',#2350,.T.);
#2350 = EDGE_LOOP('',(#2351,#2352,#2360,#2368));
#2351 = ORIENTED_EDGE('',*,*,#2330,.T.);
#2352 = ORIENTED_EDGE('',*,*,#2353,.T.);
#2353 = EDGE_CURVE('',#2323,#2354,#2356,.T.);
#2354 = VERTEX_POINT('',#2355);
#2355 = CARTESIAN_POINT('',(-0.15,0.,-1.25));
#2356 = LINE('',#2357,#2358);
#2357 = CARTESIAN_POINT('',(0.15,0.,-1.25));
#2358 = VECTOR('',#2359,1.);
#2359 = DIRECTION('',(-1.,0.,0.));
#2360 = ORIENTED_EDGE('',*,*,#2361,.F.);
#2361 = EDGE_CURVE('',#2362,#2354,#2364,.T.);
#2362 = VERTEX_POINT('',#2363);
#2363 = CARTESIAN_POINT('',(-0.15,5.E-02,-1.25));
#2364 = LINE('',#2365,#2366);
#2365 = CARTESIAN_POINT('',(-0.15,5.E-02,-1.25));
#2366 = VECTOR('',#2367,1.);
#2367 = DIRECTION('',(0.,-1.,0.));
#2368 = ORIENTED_EDGE('',*,*,#2369,.F.);
#2369 = EDGE_CURVE('',#2331,#2362,#2370,.T.);
#2370 = LINE('',#2371,#2372);
#2371 = CARTESIAN_POINT('',(0.15,5.E-02,-1.25));
#2372 = VECTOR('',#2373,1.);
#2373 = DIRECTION('',(-1.,0.,0.));
#2374 = PLANE('',#2375);
#2375 = AXIS2_PLACEMENT_3D('',#2376,#2377,#2378);
#2376 = CARTESIAN_POINT('',(0.15,5.E-02,-1.25));
#2377 = DIRECTION('',(-0.,-0.,-1.));
#2378 = DIRECTION('',(-1.,0.,0.));
#2379 = ADVANCED_FACE('',(#2380),#2396,.T.);
#2380 = FACE_BOUND('',#2381,.T.);
#2381 = EDGE_LOOP('',(#2382,#2383,#2389,#2390));
#2382 = ORIENTED_EDGE('',*,*,#2361,.T.);
#2383 = ORIENTED_EDGE('',*,*,#2384,.T.);
#2384 = EDGE_CURVE('',#2354,#2284,#2385,.T.);
#2385 = LINE('',#2386,#2387);
#2386 = CARTESIAN_POINT('',(-0.15,0.,-1.25));
#2387 = VECTOR('',#2388,1.);
#2388 = DIRECTION('',(0.,0.,1.));
#2389 = ORIENTED_EDGE('',*,*,#2281,.F.);
#2390 = ORIENTED_EDGE('',*,*,#2391,.F.);
#2391 = EDGE_CURVE('',#2362,#2282,#2392,.T.);
#2392 = LINE('',#2393,#2394);
#2393 = CARTESIAN_POINT('',(-0.15,5.E-02,-1.25));
#2394 = VECTOR('',#2395,1.);
#2395 = DIRECTION('',(0.,0.,1.));
#2396 = PLANE('',#2397);
#2397 = AXIS2_PLACEMENT_3D('',#2398,#2399,#2400);
#2398 = CARTESIAN_POINT('',(-0.15,5.E-02,-1.25));
#2399 = DIRECTION('',(-1.,0.,0.));
#2400 = DIRECTION('',(0.,0.,1.));
#2401 = ADVANCED_FACE('',(#2402),#2408,.T.);
#2402 = FACE_BOUND('',#2403,.T.);
#2403 = EDGE_LOOP('',(#2404,#2405,#2406,#2407));
#2404 = ORIENTED_EDGE('',*,*,#2307,.T.);
#2405 = ORIENTED_EDGE('',*,*,#2338,.T.);
#2406 = ORIENTED_EDGE('',*,*,#2369,.T.);
#2407 = ORIENTED_EDGE('',*,*,#2391,.T.);
#2408 = PLANE('',#2409);
#2409 = AXIS2_PLACEMENT_3D('',#2410,#2411,#2412);
#2410 = CARTESIAN_POINT('',(0.,5.E-02,-0.8));
#2411 = DIRECTION('',(0.,1.,0.));
#2412 = DIRECTION('',(0.,-0.,1.));
#2413 = ADVANCED_FACE('',(#2414),#2420,.F.);
#2414 = FACE_BOUND('',#2415,.F.);
#2415 = EDGE_LOOP('',(#2416,#2417,#2418,#2419));
#2416 = ORIENTED_EDGE('',*,*,#2291,.T.);
#2417 = ORIENTED_EDGE('',*,*,#2322,.T.);
#2418 = ORIENTED_EDGE('',*,*,#2353,.T.);
#2419 = ORIENTED_EDGE('',*,*,#2384,.T.);
#2420 = PLANE('',#2421);
#2421 = AXIS2_PLACEMENT_3D('',#2422,#2423,#2424);
#2422 = CARTESIAN_POINT('',(0.,6.938893903907E-18,-0.8));
#2423 = DIRECTION('',(0.,1.,0.));
#2424 = DIRECTION('',(0.,-0.,1.));
#2425 = ( GEOMETRIC_REPRESENTATION_CONTEXT(3) 
GLOBAL_UNCERTAINTY_ASSIGNED_CONTEXT((#2429)) 
GLOBAL_UNIT_ASSIGNED_CONTEXT((#2426,#2427,#2428)) REPRESENTATION_CONTEXT
('Context #1','3D Context with UNIT and UNCERTAINTY') );
#2426 = ( LENGTH_UNIT() NAMED_UNIT(*) SI_UNIT(.MILLI.,.METRE.) );
#2427 = ( NAMED_UNIT(*) PLANE_ANGLE_UNIT() SI_UNIT($,.RADIAN.) );
#2428 = ( NAMED_UNIT(*) SI_UNIT($,.STERADIAN.) SOLID_ANGLE_UNIT() );
#2429 = UNCERTAINTY_MEASURE_WITH_UNIT(LENGTH_MEASURE(1.E-07),#2426,
  'distance_accuracy_value','confusion accuracy');
#2430 = CONTEXT_DEPENDENT_SHAPE_REPRESENTATION(#2431,#2433);
#2431 = ( REPRESENTATION_RELATIONSHIP('','',#2274,#10) 
REPRESENTATION_RELATIONSHIP_WITH_TRANSFORMATION(#2432) 
SHAPE_REPRESENTATION_RELATIONSHIP() );
#2432 = ITEM_DEFINED_TRANSFORMATION('','',#11,#55);
#2433 = PRODUCT_DEFINITION_SHAPE('Placement','Placement of an item',
  #2434);
#2434 = NEXT_ASSEMBLY_USAGE_OCCURRENCE('933','Pad_9_1','',#5,#2269,$);
#2435 = PRODUCT_RELATED_PRODUCT_CATEGORY('part',$,(#2271));
#2436 = SHAPE_DEFINITION_REPRESENTATION(#2437,#2443);
#2437 = PRODUCT_DEFINITION_SHAPE('','',#2438);
#2438 = PRODUCT_DEFINITION('design','',#2439,#2442);
#2439 = PRODUCT_DEFINITION_FORMATION('','',#2440);
#2440 = PRODUCT('Pad_10_1','Pad_10_1','',(#2441));
#2441 = PRODUCT_CONTEXT('',#2,'mechanical');
#2442 = PRODUCT_DEFINITION_CONTEXT('part definition',#2,'design');
#2443 = ADVANCED_BREP_SHAPE_REPRESENTATION('',(#11,#2444),#2594);
#2444 = MANIFOLD_SOLID_BREP('',#2445);
#2445 = CLOSED_SHELL('',(#2446,#2486,#2517,#2548,#2570,#2582));
#2446 = ADVANCED_FACE('',(#2447),#2481,.T.);
#2447 = FACE_BOUND('',#2448,.T.);
#2448 = EDGE_LOOP('',(#2449,#2459,#2467,#2475));
#2449 = ORIENTED_EDGE('',*,*,#2450,.T.);
#2450 = EDGE_CURVE('',#2451,#2453,#2455,.T.);
#2451 = VERTEX_POINT('',#2452);
#2452 = CARTESIAN_POINT('',(-0.15,5.E-02,1.25));
#2453 = VERTEX_POINT('',#2454);
#2454 = CARTESIAN_POINT('',(-0.15,0.,1.25));
#2455 = LINE('',#2456,#2457);
#2456 = CARTESIAN_POINT('',(-0.15,5.E-02,1.25));
#2457 = VECTOR('',#2458,1.);
#2458 = DIRECTION('',(0.,-1.,0.));
#2459 = ORIENTED_EDGE('',*,*,#2460,.T.);
#2460 = EDGE_CURVE('',#2453,#2461,#2463,.T.);
#2461 = VERTEX_POINT('',#2462);
#2462 = CARTESIAN_POINT('',(0.15,0.,1.25));
#2463 = LINE('',#2464,#2465);
#2464 = CARTESIAN_POINT('',(-0.15,0.,1.25));
#2465 = VECTOR('',#2466,1.);
#2466 = DIRECTION('',(1.,0.,0.));
#2467 = ORIENTED_EDGE('',*,*,#2468,.F.);
#2468 = EDGE_CURVE('',#2469,#2461,#2471,.T.);
#2469 = VERTEX_POINT('',#2470);
#2470 = CARTESIAN_POINT('',(0.15,5.E-02,1.25));
#2471 = LINE('',#2472,#2473);
#2472 = CARTESIAN_POINT('',(0.15,5.E-02,1.25));
#2473 = VECTOR('',#2474,1.);
#2474 = DIRECTION('',(0.,-1.,0.));
#2475 = ORIENTED_EDGE('',*,*,#2476,.F.);
#2476 = EDGE_CURVE('',#2451,#2469,#2477,.T.);
#2477 = LINE('',#2478,#2479);
#2478 = CARTESIAN_POINT('',(-0.15,5.E-02,1.25));
#2479 = VECTOR('',#2480,1.);
#2480 = DIRECTION('',(1.,0.,0.));
#2481 = PLANE('',#2482);
#2482 = AXIS2_PLACEMENT_3D('',#2483,#2484,#2485);
#2483 = CARTESIAN_POINT('',(-0.15,5.E-02,1.25));
#2484 = DIRECTION('',(-0.,0.,1.));
#2485 = DIRECTION('',(1.,0.,0.));
#2486 = ADVANCED_FACE('',(#2487),#2512,.T.);
#2487 = FACE_BOUND('',#2488,.T.);
#2488 = EDGE_LOOP('',(#2489,#2490,#2498,#2506));
#2489 = ORIENTED_EDGE('',*,*,#2468,.T.);
#2490 = ORIENTED_EDGE('',*,*,#2491,.T.);
#2491 = EDGE_CURVE('',#2461,#2492,#2494,.T.);
#2492 = VERTEX_POINT('',#2493);
#2493 = CARTESIAN_POINT('',(0.15,0.,0.35));
#2494 = LINE('',#2495,#2496);
#2495 = CARTESIAN_POINT('',(0.15,0.,1.25));
#2496 = VECTOR('',#2497,1.);
#2497 = DIRECTION('',(0.,0.,-1.));
#2498 = ORIENTED_EDGE('',*,*,#2499,.F.);
#2499 = EDGE_CURVE('',#2500,#2492,#2502,.T.);
#2500 = VERTEX_POINT('',#2501);
#2501 = CARTESIAN_POINT('',(0.15,5.E-02,0.35));
#2502 = LINE('',#2503,#2504);
#2503 = CARTESIAN_POINT('',(0.15,5.E-02,0.35));
#2504 = VECTOR('',#2505,1.);
#2505 = DIRECTION('',(0.,-1.,0.));
#2506 = ORIENTED_EDGE('',*,*,#2507,.F.);
#2507 = EDGE_CURVE('',#2469,#2500,#2508,.T.);
#2508 = LINE('',#2509,#2510);
#2509 = CARTESIAN_POINT('',(0.15,5.E-02,1.25));
#2510 = VECTOR('',#2511,1.);
#2511 = DIRECTION('',(0.,0.,-1.));
#2512 = PLANE('',#2513);
#2513 = AXIS2_PLACEMENT_3D('',#2514,#2515,#2516);
#2514 = CARTESIAN_POINT('',(0.15,5.E-02,1.25));
#2515 = DIRECTION('',(1.,0.,0.));
#2516 = DIRECTION('',(0.,0.,-1.));
#2517 = ADVANCED_FACE('',(#2518),#2543,.T.);
#2518 = FACE_BOUND('',#2519,.T.);
#2519 = EDGE_LOOP('',(#2520,#2521,#2529,#2537));
#2520 = ORIENTED_EDGE('',*,*,#2499,.T.);
#2521 = ORIENTED_EDGE('',*,*,#2522,.T.);
#2522 = EDGE_CURVE('',#2492,#2523,#2525,.T.);
#2523 = VERTEX_POINT('',#2524);
#2524 = CARTESIAN_POINT('',(-0.15,0.,0.35));
#2525 = LINE('',#2526,#2527);
#2526 = CARTESIAN_POINT('',(0.15,0.,0.35));
#2527 = VECTOR('',#2528,1.);
#2528 = DIRECTION('',(-1.,0.,0.));
#2529 = ORIENTED_EDGE('',*,*,#2530,.F.);
#2530 = EDGE_CURVE('',#2531,#2523,#2533,.T.);
#2531 = VERTEX_POINT('',#2532);
#2532 = CARTESIAN_POINT('',(-0.15,5.E-02,0.35));
#2533 = LINE('',#2534,#2535);
#2534 = CARTESIAN_POINT('',(-0.15,5.E-02,0.35));
#2535 = VECTOR('',#2536,1.);
#2536 = DIRECTION('',(0.,-1.,0.));
#2537 = ORIENTED_EDGE('',*,*,#2538,.F.);
#2538 = EDGE_CURVE('',#2500,#2531,#2539,.T.);
#2539 = LINE('',#2540,#2541);
#2540 = CARTESIAN_POINT('',(0.15,5.E-02,0.35));
#2541 = VECTOR('',#2542,1.);
#2542 = DIRECTION('',(-1.,0.,0.));
#2543 = PLANE('',#2544);
#2544 = AXIS2_PLACEMENT_3D('',#2545,#2546,#2547);
#2545 = CARTESIAN_POINT('',(0.15,5.E-02,0.35));
#2546 = DIRECTION('',(-0.,-0.,-1.));
#2547 = DIRECTION('',(-1.,0.,0.));
#2548 = ADVANCED_FACE('',(#2549),#2565,.T.);
#2549 = FACE_BOUND('',#2550,.T.);
#2550 = EDGE_LOOP('',(#2551,#2552,#2558,#2559));
#2551 = ORIENTED_EDGE('',*,*,#2530,.T.);
#2552 = ORIENTED_EDGE('',*,*,#2553,.T.);
#2553 = EDGE_CURVE('',#2523,#2453,#2554,.T.);
#2554 = LINE('',#2555,#2556);
#2555 = CARTESIAN_POINT('',(-0.15,0.,0.35));
#2556 = VECTOR('',#2557,1.);
#2557 = DIRECTION('',(0.,0.,1.));
#2558 = ORIENTED_EDGE('',*,*,#2450,.F.);
#2559 = ORIENTED_EDGE('',*,*,#2560,.F.);
#2560 = EDGE_CURVE('',#2531,#2451,#2561,.T.);
#2561 = LINE('',#2562,#2563);
#2562 = CARTESIAN_POINT('',(-0.15,5.E-02,0.35));
#2563 = VECTOR('',#2564,1.);
#2564 = DIRECTION('',(0.,0.,1.));
#2565 = PLANE('',#2566);
#2566 = AXIS2_PLACEMENT_3D('',#2567,#2568,#2569);
#2567 = CARTESIAN_POINT('',(-0.15,5.E-02,0.35));
#2568 = DIRECTION('',(-1.,0.,0.));
#2569 = DIRECTION('',(0.,0.,1.));
#2570 = ADVANCED_FACE('',(#2571),#2577,.T.);
#2571 = FACE_BOUND('',#2572,.T.);
#2572 = EDGE_LOOP('',(#2573,#2574,#2575,#2576));
#2573 = ORIENTED_EDGE('',*,*,#2476,.T.);
#2574 = ORIENTED_EDGE('',*,*,#2507,.T.);
#2575 = ORIENTED_EDGE('',*,*,#2538,.T.);
#2576 = ORIENTED_EDGE('',*,*,#2560,.T.);
#2577 = PLANE('',#2578);
#2578 = AXIS2_PLACEMENT_3D('',#2579,#2580,#2581);
#2579 = CARTESIAN_POINT('',(0.,5.E-02,0.8));
#2580 = DIRECTION('',(0.,1.,0.));
#2581 = DIRECTION('',(0.,-0.,1.));
#2582 = ADVANCED_FACE('',(#2583),#2589,.F.);
#2583 = FACE_BOUND('',#2584,.F.);
#2584 = EDGE_LOOP('',(#2585,#2586,#2587,#2588));
#2585 = ORIENTED_EDGE('',*,*,#2460,.T.);
#2586 = ORIENTED_EDGE('',*,*,#2491,.T.);
#2587 = ORIENTED_EDGE('',*,*,#2522,.T.);
#2588 = ORIENTED_EDGE('',*,*,#2553,.T.);
#2589 = PLANE('',#2590);
#2590 = AXIS2_PLACEMENT_3D('',#2591,#2592,#2593);
#2591 = CARTESIAN_POINT('',(0.,6.938893903907E-18,0.8));
#2592 = DIRECTION('',(0.,1.,0.));
#2593 = DIRECTION('',(0.,-0.,1.));
#2594 = ( GEOMETRIC_REPRESENTATION_CONTEXT(3) 
GLOBAL_UNCERTAINTY_ASSIGNED_CONTEXT((#2598)) 
GLOBAL_UNIT_ASSIGNED_CONTEXT((#2595,#2596,#2597)) REPRESENTATION_CONTEXT
('Context #1','3D Context with UNIT and UNCERTAINTY') );
#2595 = ( LENGTH_UNIT() NAMED_UNIT(*) SI_UNIT(.MILLI.,.METRE.) );
#2596 = ( NAMED_UNIT(*) PLANE_ANGLE_UNIT() SI_UNIT($,.RADIAN.) );
#2597 = ( NAMED_UNIT(*) SI_UNIT($,.STERADIAN.) SOLID_ANGLE_UNIT() );
#2598 = UNCERTAINTY_MEASURE_WITH_UNIT(LENGTH_MEASURE(1.E-07),#2595,
  'distance_accuracy_value','confusion accuracy');
#2599 = CONTEXT_DEPENDENT_SHAPE_REPRESENTATION(#2600,#2602);
#2600 = ( REPRESENTATION_RELATIONSHIP('','',#2443,#10) 
REPRESENTATION_RELATIONSHIP_WITH_TRANSFORMATION(#2601) 
SHAPE_REPRESENTATION_RELATIONSHIP() );
#2601 = ITEM_DEFINED_TRANSFORMATION('','',#11,#59);
#2602 = PRODUCT_DEFINITION_SHAPE('Placement','Placement of an item',
  #2603);
#2603 = NEXT_ASSEMBLY_USAGE_OCCURRENCE('934','Pad_10_1','',#5,#2438,$);
#2604 = PRODUCT_RELATED_PRODUCT_CATEGORY('part',$,(#2440));
#2605 = MECHANICAL_DESIGN_GEOMETRIC_PRESENTATION_REPRESENTATION('',(
    #2606),#2017);
#2606 = STYLED_ITEM('color',(#2607),#1797);
#2607 = PRESENTATION_STYLE_ASSIGNMENT((#2608,#2614));
#2608 = SURFACE_STYLE_USAGE(.BOTH.,#2609);
#2609 = SURFACE_SIDE_STYLE('',(#2610));
#2610 = SURFACE_STYLE_FILL_AREA(#2611);
#2611 = FILL_AREA_STYLE('',(#2612));
#2612 = FILL_AREA_STYLE_COLOUR('',#2613);
#2613 = COLOUR_RGB('',0.796078452645,0.823529417451,0.937254901616);
#2614 = CURVE_STYLE('',#2615,POSITIVE_LENGTH_MEASURE(0.1),#2616);
#2615 = DRAUGHTING_PRE_DEFINED_CURVE_FONT('continuous');
#2616 = COLOUR_RGB('',9.803921802644E-02,9.803921802644E-02,
  9.803921802644E-02);
#2617 = MECHANICAL_DESIGN_GEOMETRIC_PRESENTATION_REPRESENTATION('',(
    #2618),#1539);
#2618 = STYLED_ITEM('color',(#2619),#1319);
#2619 = PRESENTATION_STYLE_ASSIGNMENT((#2620,#2625));
#2620 = SURFACE_STYLE_USAGE(.BOTH.,#2621);
#2621 = SURFACE_SIDE_STYLE('',(#2622));
#2622 = SURFACE_STYLE_FILL_AREA(#2623);
#2623 = FILL_AREA_STYLE('',(#2624));
#2624 = FILL_AREA_STYLE_COLOUR('',#2613);
#2625 = CURVE_STYLE('',#2626,POSITIVE_LENGTH_MEASURE(0.1),#2616);
#2626 = DRAUGHTING_PRE_DEFINED_CURVE_FONT('continuous');
#2627 = MECHANICAL_DESIGN_GEOMETRIC_PRESENTATION_REPRESENTATION('',(
    #2628),#2594);
#2628 = STYLED_ITEM('color',(#2629),#2444);
#2629 = PRESENTATION_STYLE_ASSIGNMENT((#2630,#2635));
#2630 = SURFACE_STYLE_USAGE(.BOTH.,#2631);
#2631 = SURFACE_SIDE_STYLE('',(#2632));
#2632 = SURFACE_STYLE_FILL_AREA(#2633);
#2633 = FILL_AREA_STYLE('',(#2634));
#2634 = FILL_AREA_STYLE_COLOUR('',#2613);
#2635 = CURVE_STYLE('',#2636,POSITIVE_LENGTH_MEASURE(0.1),#2616);
#2636 = DRAUGHTING_PRE_DEFINED_CURVE_FONT('continuous');
#2637 = MECHANICAL_DESIGN_GEOMETRIC_PRESENTATION_REPRESENTATION('',(
    #2638),#1778);
#2638 = STYLED_ITEM('color',(#2639),#1558);
#2639 = PRESENTATION_STYLE_ASSIGNMENT((#2640,#2645));
#2640 = SURFACE_STYLE_USAGE(.BOTH.,#2641);
#2641 = SURFACE_SIDE_STYLE('',(#2642));
#2642 = SURFACE_STYLE_FILL_AREA(#2643);
#2643 = FILL_AREA_STYLE('',(#2644));
#2644 = FILL_AREA_STYLE_COLOUR('',#2613);
#2645 = CURVE_STYLE('',#2646,POSITIVE_LENGTH_MEASURE(0.1),#2616);
#2646 = DRAUGHTING_PRE_DEFINED_CURVE_FONT('continuous');
#2647 = MECHANICAL_DESIGN_GEOMETRIC_PRESENTATION_REPRESENTATION('',(
    #2648),#1300);
#2648 = STYLED_ITEM('color',(#2649),#1080);
#2649 = PRESENTATION_STYLE_ASSIGNMENT((#2650,#2655));
#2650 = SURFACE_STYLE_USAGE(.BOTH.,#2651);
#2651 = SURFACE_SIDE_STYLE('',(#2652));
#2652 = SURFACE_STYLE_FILL_AREA(#2653);
#2653 = FILL_AREA_STYLE('',(#2654));
#2654 = FILL_AREA_STYLE_COLOUR('',#2613);
#2655 = CURVE_STYLE('',#2656,POSITIVE_LENGTH_MEASURE(0.1),#2616);
#2656 = DRAUGHTING_PRE_DEFINED_CURVE_FONT('continuous');
#2657 = MECHANICAL_DESIGN_GEOMETRIC_PRESENTATION_REPRESENTATION('',(
    #2658),#2425);
#2658 = STYLED_ITEM('color',(#2659),#2275);
#2659 = PRESENTATION_STYLE_ASSIGNMENT((#2660,#2665));
#2660 = SURFACE_STYLE_USAGE(.BOTH.,#2661);
#2661 = SURFACE_SIDE_STYLE('',(#2662));
#2662 = SURFACE_STYLE_FILL_AREA(#2663);
#2663 = FILL_AREA_STYLE('',(#2664));
#2664 = FILL_AREA_STYLE_COLOUR('',#2613);
#2665 = CURVE_STYLE('',#2666,POSITIVE_LENGTH_MEASURE(0.1),#2616);
#2666 = DRAUGHTING_PRE_DEFINED_CURVE_FONT('continuous');
#2667 = MECHANICAL_DESIGN_GEOMETRIC_PRESENTATION_REPRESENTATION('',(
    #2668),#583);
#2668 = STYLED_ITEM('color',(#2669),#363);
#2669 = PRESENTATION_STYLE_ASSIGNMENT((#2670,#2675));
#2670 = SURFACE_STYLE_USAGE(.BOTH.,#2671);
#2671 = SURFACE_SIDE_STYLE('',(#2672));
#2672 = SURFACE_STYLE_FILL_AREA(#2673);
#2673 = FILL_AREA_STYLE('',(#2674));
#2674 = FILL_AREA_STYLE_COLOUR('',#2613);
#2675 = CURVE_STYLE('',#2676,POSITIVE_LENGTH_MEASURE(0.1),#2616);
#2676 = DRAUGHTING_PRE_DEFINED_CURVE_FONT('continuous');
#2677 = MECHANICAL_DESIGN_GEOMETRIC_PRESENTATION_REPRESENTATION('',(
    #2678),#2256);
#2678 = STYLED_ITEM('color',(#2679),#2036);
#2679 = PRESENTATION_STYLE_ASSIGNMENT((#2680,#2685));
#2680 = SURFACE_STYLE_USAGE(.BOTH.,#2681);
#2681 = SURFACE_SIDE_STYLE('',(#2682));
#2682 = SURFACE_STYLE_FILL_AREA(#2683);
#2683 = FILL_AREA_STYLE('',(#2684));
#2684 = FILL_AREA_STYLE_COLOUR('',#2613);
#2685 = CURVE_STYLE('',#2686,POSITIVE_LENGTH_MEASURE(0.1),#2616);
#2686 = DRAUGHTING_PRE_DEFINED_CURVE_FONT('continuous');
#2687 = MECHANICAL_DESIGN_GEOMETRIC_PRESENTATION_REPRESENTATION('',(
    #2688),#822);
#2688 = STYLED_ITEM('color',(#2689),#602);
#2689 = PRESENTATION_STYLE_ASSIGNMENT((#2690,#2695));
#2690 = SURFACE_STYLE_USAGE(.BOTH.,#2691);
#2691 = SURFACE_SIDE_STYLE('',(#2692));
#2692 = SURFACE_STYLE_FILL_AREA(#2693);
#2693 = FILL_AREA_STYLE('',(#2694));
#2694 = FILL_AREA_STYLE_COLOUR('',#2613);
#2695 = CURVE_STYLE('',#2696,POSITIVE_LENGTH_MEASURE(0.1),#2616);
#2696 = DRAUGHTING_PRE_DEFINED_CURVE_FONT('continuous');
#2697 = MECHANICAL_DESIGN_GEOMETRIC_PRESENTATION_REPRESENTATION('',(
    #2698),#344);
#2698 = STYLED_ITEM('color',(#2699),#291);
#2699 = PRESENTATION_STYLE_ASSIGNMENT((#2700,#2706));
#2700 = SURFACE_STYLE_USAGE(.BOTH.,#2701);
#2701 = SURFACE_SIDE_STYLE('',(#2702));
#2702 = SURFACE_STYLE_FILL_AREA(#2703);
#2703 = FILL_AREA_STYLE('',(#2704));
#2704 = FILL_AREA_STYLE_COLOUR('',#2705);
#2705 = DRAUGHTING_PRE_DEFINED_COLOUR('white');
#2706 = CURVE_STYLE('',#2707,POSITIVE_LENGTH_MEASURE(0.1),#2616);
#2707 = DRAUGHTING_PRE_DEFINED_CURVE_FONT('continuous');
#2708 = MECHANICAL_DESIGN_GEOMETRIC_PRESENTATION_REPRESENTATION('',(
    #2709),#1061);
#2709 = STYLED_ITEM('color',(#2710),#841);
#2710 = PRESENTATION_STYLE_ASSIGNMENT((#2711,#2716));
#2711 = SURFACE_STYLE_USAGE(.BOTH.,#2712);
#2712 = SURFACE_SIDE_STYLE('',(#2713));
#2713 = SURFACE_STYLE_FILL_AREA(#2714);
#2714 = FILL_AREA_STYLE('',(#2715));
#2715 = FILL_AREA_STYLE_COLOUR('',#2613);
#2716 = CURVE_STYLE('',#2717,POSITIVE_LENGTH_MEASURE(0.1),#2616);
#2717 = DRAUGHTING_PRE_DEFINED_CURVE_FONT('continuous');
#2718 = MECHANICAL_DESIGN_GEOMETRIC_PRESENTATION_REPRESENTATION('',(
    #2719),#272);
#2719 = STYLED_ITEM('color',(#2720),#77);
#2720 = PRESENTATION_STYLE_ASSIGNMENT((#2721,#2727));
#2721 = SURFACE_STYLE_USAGE(.BOTH.,#2722);
#2722 = SURFACE_SIDE_STYLE('',(#2723));
#2723 = SURFACE_STYLE_FILL_AREA(#2724);
#2724 = FILL_AREA_STYLE('',(#2725));
#2725 = FILL_AREA_STYLE_COLOUR('',#2726);
#2726 = COLOUR_RGB('',0.250980406631,0.250980406631,0.250980406631);
#2727 = CURVE_STYLE('',#2728,POSITIVE_LENGTH_MEASURE(0.1),#2616);
#2728 = DRAUGHTING_PRE_DEFINED_CURVE_FONT('continuous');
ENDSEC;
END-ISO-10303-21;
